16/12/2006	17:25:00	5.36	0.436	233.63	23.0	0.0	1.0	16.0
16/12/2006	17:26:00	5.374	0.498	233.29	23.0	0.0	2.0	17.0
16/12/2006	17:27:00	5.388	0.502	233.74	23.0	0.0	1.0	17.0
16/12/2006	17:35:00	5.412	0.47	232.78	23.2	0.0	1.0	17.0
16/12/2006	17:36:00	5.224	0.478	232.99	22.4	0.0	1.0	16.0
16/12/2006	17:37:00	5.268	0.398	232.91	22.6	0.0	2.0	17.0
16/12/2006	17:44:00	5.894	0.0	232.69	25.4	0.0	0.0	16.0
16/12/2006	17:45:00	7.706	0.0	230.98	33.2	0.0	0.0	17.0
16/12/2006	17:46:00	7.026	0.0	232.21	30.6	0.0	0.0	16.0
16/12/2006	17:47:00	5.174	0.0	234.19	22.0	0.0	0.0	17.0
16/12/2006	18:05:00	6.052	0.192	232.93	26.2	0.0	37.0	17.0
16/12/2006	18:06:00	6.752	0.186	232.12	29.0	0.0	36.0	17.0
16/12/2006	18:07:00	6.474	0.144	231.85	27.8	0.0	37.0	16.0
16/12/2006	18:08:00	6.308	0.116	232.25	27.0	0.0	36.0	17.0
16/12/2006	18:35:00	6.072	0.0	232.48	26.4	0.0	27.0	17.0
17/12/2006	01:05:00	5.282	0.15	237.38	22.4	0.0	35.0	0.0
17/12/2006	01:09:00	5.242	0.178	239.49	21.8	0.0	37.0	0.0
17/12/2006	01:13:00	5.254	0.214	238.15	22.0	0.0	35.0	0.0
17/12/2006	01:14:00	5.246	0.23	237.91	22.0	0.0	36.0	0.0
17/12/2006	01:15:00	5.216	0.21	237.44	22.0	0.0	36.0	0.0
17/12/2006	09:02:00	5.908	0.134	237.9	25.4	0.0	38.0	0.0
17/12/2006	09:03:00	7.064	0.124	235.57	30.0	0.0	37.0	0.0
17/12/2006	09:04:00	6.926	0.118	235.35	29.4	0.0	37.0	0.0
17/12/2006	09:05:00	6.58	0.056	235.15	28.2	0.0	38.0	0.0
17/12/2006	09:06:00	6.05	0.0	235.22	26.2	0.0	37.0	0.0
17/12/2006	09:07:00	6.104	0.05	235.32	25.8	0.0	37.0	0.0
17/12/2006	10:35:00	5.776	0.266	232.89	24.8	37.0	36.0	17.0
17/12/2006	10:36:00	5.718	0.244	232.07	24.6	37.0	35.0	16.0
17/12/2006	10:37:00	5.738	0.26	232.13	24.6	36.0	35.0	17.0
17/12/2006	10:38:00	5.714	0.242	231.99	24.6	37.0	36.0	16.0
17/12/2006	10:39:00	5.732	0.268	231.88	24.6	36.0	35.0	17.0
17/12/2006	10:40:00	5.73	0.272	231.61	24.6	36.0	35.0	16.0
17/12/2006	10:41:00	5.848	0.396	232.11	25.2	37.0	36.0	17.0
17/12/2006	10:42:00	5.842	0.38	232.47	25.0	36.0	35.0	16.0
17/12/2006	10:43:00	5.88	0.4	233.05	25.2	37.0	36.0	17.0
17/12/2006	10:44:00	5.872	0.384	233.26	25.2	36.0	35.0	17.0
17/12/2006	10:45:00	5.07	0.416	234.44	21.8	37.0	23.0	17.0
17/12/2006	10:46:00	5.488	0.396	234.81	23.4	38.0	27.0	16.0
17/12/2006	10:47:00	5.898	0.404	233.85	25.2	36.0	36.0	17.0
17/12/2006	10:48:00	5.026	0.382	232.73	22.0	25.0	35.0	17.0
17/12/2006	10:56:00	5.568	0.106	234.01	23.8	1.0	71.0	17.0
17/12/2006	10:58:00	5.066	0.112	234.54	21.6	1.0	62.0	17.0
17/12/2006	10:59:00	5.57	0.154	232.91	23.8	1.0	70.0	17.0
17/12/2006	15:29:00	5.57	0.076	237.77	23.4	1.0	0.0	17.0
17/12/2006	18:17:00	6.254	0.118	233.69	26.6	0.0	0.0	17.0
17/12/2006	18:18:00	6.204	0.116	232.7	26.6	0.0	0.0	16.0
18/12/2006	07:44:00	5.166	0.174	237.5	21.8	0.0	0.0	17.0
18/12/2006	19:30:00	5.436	0.408	230.94	23.8	0.0	36.0	0.0
18/12/2006	19:31:00	6.158	0.442	229.08	27.0	0.0	36.0	0.0
19/12/2006	06:48:00	5.244	0.0	238.33	22.0	0.0	0.0	0.0
19/12/2006	08:42:00	5.808	0.156	234.22	24.8	37.0	33.0	17.0
19/12/2006	08:43:00	5.354	0.106	234.17	23.0	37.0	34.0	17.0
19/12/2006	08:44:00	5.47	0.09	235.16	23.4	38.0	31.0	17.0
19/12/2006	08:45:00	5.536	0.094	234.52	23.6	37.0	36.0	16.0
19/12/2006	08:46:00	6.662	0.068	233.58	29.2	37.0	49.0	17.0
19/12/2006	08:47:00	7.828	0.182	232.2	33.6	36.0	72.0	17.0
19/12/2006	08:48:00	7.84	0.188	232.55	33.6	36.0	71.0	16.0
19/12/2006	08:49:00	7.818	0.202	232.22	33.6	37.0	71.0	17.0
19/12/2006	08:50:00	7.816	0.184	232.39	33.6	36.0	71.0	16.0
19/12/2006	08:51:00	6.498	0.238	234.4	28.0	15.0	73.0	17.0
19/12/2006	08:52:00	5.768	0.228	234.62	24.6	0.0	72.0	17.0
19/12/2006	08:53:00	5.774	0.222	233.74	24.6	2.0	72.0	17.0
19/12/2006	08:54:00	6.964	0.188	231.97	30.2	20.0	71.0	16.0
19/12/2006	08:55:00	7.746	0.194	231.24	33.4	37.0	71.0	17.0
19/12/2006	08:56:00	6.78	0.198	232.85	29.4	21.0	71.0	16.0
19/12/2006	08:57:00	5.814	0.256	235.9	24.6	0.0	73.0	17.0
19/12/2006	08:59:00	5.024	0.238	236.68	21.6	23.0	36.0	18.0
19/12/2006	09:00:00	5.994	0.208	235.95	25.8	38.0	38.0	17.0
19/12/2006	09:01:00	5.828	0.164	235.74	24.6	37.0	39.0	17.0
19/12/2006	09:02:00	5.68	0.124	234.79	24.2	37.0	37.0	17.0
19/12/2006	09:03:00	5.494	0.124	235.34	23.4	37.0	34.0	17.0
19/12/2006	09:05:00	5.698	0.098	234.29	24.2	37.0	37.0	17.0
19/12/2006	09:06:00	5.668	0.0	235.42	24.0	37.0	36.0	17.0
19/12/2006	20:18:00	5.342	0.406	236.75	23.0	0.0	35.0	0.0
19/12/2006	20:19:00	5.586	0.424	236.01	23.8	0.0	35.0	0.0
19/12/2006	20:24:00	5.15	0.578	238.97	21.8	0.0	37.0	0.0
20/12/2006	08:01:00	5.166	0.18	236.46	22.2	0.0	27.0	17.0
20/12/2006	08:02:00	5.646	0.058	237.3	23.8	0.0	38.0	17.0
20/12/2006	08:03:00	5.892	0.052	236.69	24.8	0.0	37.0	17.0
20/12/2006	08:04:00	5.974	0.048	235.81	25.2	0.0	38.0	18.0
20/12/2006	08:05:00	5.988	0.05	236.46	25.2	0.0	37.0	17.0
20/12/2006	08:06:00	5.924	0.0	234.51	25.2	0.0	38.0	17.0
20/12/2006	08:07:00	5.768	0.0	236.37	24.4	0.0	37.0	17.0
20/12/2006	08:08:00	5.718	0.05	236.46	24.2	0.0	38.0	17.0
20/12/2006	08:09:00	5.758	0.13	236.49	24.2	0.0	38.0	17.0
20/12/2006	08:10:00	5.756	0.13	236.63	24.2	0.0	38.0	17.0
20/12/2006	08:11:00	5.728	0.128	236.17	24.2	0.0	38.0	17.0
20/12/2006	08:12:00	5.416	0.136	237.44	22.8	0.0	38.0	17.0
20/12/2006	08:13:00	5.26	0.136	237.0	22.2	0.0	38.0	18.0
20/12/2006	08:14:00	5.32	0.138	237.34	22.4	0.0	38.0	17.0
20/12/2006	19:50:00	5.672	0.0	233.81	24.2	0.0	0.0	17.0
20/12/2006	19:51:00	5.742	0.066	233.43	24.6	0.0	0.0	16.0
20/12/2006	19:52:00	5.76	0.098	233.53	24.6	0.0	0.0	17.0
21/12/2006	07:37:00	5.276	0.076	238.01	22.0	0.0	0.0	0.0
21/12/2006	19:59:00	5.854	0.572	232.59	25.4	37.0	0.0	0.0
21/12/2006	20:00:00	5.406	0.512	233.13	23.4	37.0	0.0	0.0
21/12/2006	20:07:00	5.614	0.424	230.04	24.4	37.0	0.0	0.0
21/12/2006	20:08:00	5.296	0.346	228.91	23.2	35.0	1.0	0.0
22/12/2006	06:58:00	5.17	0.176	238.88	22.2	0.0	0.0	0.0
22/12/2006	06:59:00	5.208	0.128	239.02	21.8	0.0	0.0	0.0
22/12/2006	20:42:00	5.148	0.162	233.31	22.2	32.0	2.0	16.0
22/12/2006	20:43:00	5.032	0.162	233.07	21.6	37.0	1.0	17.0
22/12/2006	20:48:00	5.168	0.16	232.68	22.2	36.0	1.0	17.0
22/12/2006	20:49:00	5.362	0.16	232.75	23.0	37.0	1.0	17.0
22/12/2006	20:50:00	5.504	0.158	232.5	23.6	36.0	2.0	16.0
22/12/2006	20:51:00	5.408	0.214	232.56	23.2	37.0	1.0	17.0
22/12/2006	20:52:00	5.39	0.252	232.11	23.2	36.0	1.0	16.0
22/12/2006	20:53:00	5.388	0.252	232.36	23.2	36.0	1.0	17.0
22/12/2006	21:27:00	6.906	0.078	231.03	30.4	20.0	0.0	16.0
22/12/2006	21:28:00	7.884	0.136	230.39	34.2	36.0	0.0	16.0
22/12/2006	21:29:00	7.698	0.144	231.4	33.2	36.0	0.0	17.0
22/12/2006	21:30:00	7.62	0.148	231.61	32.8	36.0	0.0	16.0
22/12/2006	21:31:00	7.602	0.148	231.24	32.8	36.0	0.0	17.0
22/12/2006	21:32:00	7.62	0.15	231.59	32.8	36.0	0.0	16.0
22/12/2006	21:33:00	7.684	0.134	232.22	33.0	36.0	0.0	17.0
22/12/2006	21:34:00	7.738	0.128	232.43	33.2	36.0	0.0	16.0
22/12/2006	21:35:00	7.564	0.124	231.67	32.6	36.0	0.0	17.0
22/12/2006	21:36:00	7.524	0.12	230.9	32.6	36.0	0.0	16.0
22/12/2006	21:37:00	7.612	0.12	230.54	33.0	36.0	0.0	16.0
22/12/2006	21:38:00	7.552	0.084	231.18	32.6	36.0	0.0	17.0
22/12/2006	21:39:00	7.322	0.068	230.76	31.6	35.0	0.0	16.0
22/12/2006	21:40:00	7.05	0.0	232.33	30.2	36.0	0.0	17.0
22/12/2006	21:41:00	6.608	0.0	232.31	28.6	31.0	0.0	16.0
22/12/2006	21:55:00	5.062	0.0	234.57	21.6	0.0	0.0	17.0
22/12/2006	21:56:00	5.01	0.07	234.7	21.2	0.0	0.0	16.0
23/12/2006	07:03:00	6.808	0.0	235.01	29.0	0.0	0.0	0.0
23/12/2006	07:04:00	6.008	0.0	236.33	25.4	0.0	0.0	0.0
23/12/2006	07:55:00	5.032	0.078	237.88	21.0	0.0	0.0	18.0
23/12/2006	07:56:00	5.034	0.078	237.97	21.0	0.0	0.0	17.0
23/12/2006	07:57:00	5.076	0.08	238.84	21.2	0.0	0.0	18.0
23/12/2006	07:58:00	5.084	0.084	239.28	21.2	0.0	0.0	17.0
23/12/2006	08:12:00	5.13	0.15	237.67	21.6	0.0	2.0	17.0
23/12/2006	08:22:00	5.078	0.0	235.8	21.4	0.0	1.0	17.0
23/12/2006	08:23:00	5.286	0.0	235.53	22.4	0.0	1.0	17.0
23/12/2006	08:24:00	5.36	0.0	237.47	22.4	0.0	1.0	17.0
23/12/2006	08:25:00	5.534	0.07	238.47	23.2	0.0	2.0	18.0
23/12/2006	08:26:00	5.722	0.12	239.41	23.8	0.0	1.0	17.0
23/12/2006	08:27:00	5.706	0.122	239.88	23.8	0.0	1.0	18.0
23/12/2006	08:28:00	5.632	0.068	240.24	23.4	0.0	0.0	18.0
23/12/2006	08:29:00	5.198	0.074	239.59	21.6	0.0	0.0	17.0
23/12/2006	08:34:00	5.28	0.178	238.27	22.2	0.0	0.0	17.0
23/12/2006	14:47:00	5.268	0.348	239.49	22.2	0.0	0.0	17.0
23/12/2006	15:32:00	5.982	0.262	239.16	25.6	0.0	1.0	17.0
23/12/2006	15:33:00	7.282	0.394	239.29	30.4	0.0	1.0	18.0
23/12/2006	16:58:00	6.67	0.066	238.12	28.2	23.0	0.0	17.0
23/12/2006	16:59:00	7.314	0.054	235.82	31.0	38.0	0.0	17.0
23/12/2006	17:00:00	6.958	0.058	235.92	29.4	37.0	0.0	17.0
23/12/2006	17:01:00	6.73	0.068	235.86	28.4	38.0	0.0	17.0
23/12/2006	17:02:00	6.69	0.058	235.69	28.2	37.0	0.0	17.0
23/12/2006	17:03:00	6.634	0.078	235.79	28.0	38.0	0.0	17.0
23/12/2006	17:04:00	7.01	0.246	233.59	30.0	37.0	0.0	17.0
23/12/2006	17:05:00	6.69	0.15	234.18	28.4	37.0	0.0	17.0
23/12/2006	17:06:00	6.308	0.15	233.73	27.2	36.0	0.0	17.0
23/12/2006	17:07:00	5.148	0.23	234.59	22.0	37.0	0.0	16.0
23/12/2006	17:08:00	5.788	0.254	234.43	25.0	37.0	0.0	17.0
23/12/2006	17:09:00	7.04	0.236	232.17	30.2	37.0	0.0	17.0
23/12/2006	17:10:00	6.89	0.234	231.27	29.8	35.0	0.0	16.0
23/12/2006	17:11:00	5.036	0.246	232.36	21.8	6.0	0.0	17.0
23/12/2006	17:30:00	5.006	0.266	233.77	21.4	1.0	2.0	17.0
23/12/2006	17:44:00	6.374	0.352	232.28	28.0	31.0	1.0	17.0
23/12/2006	17:45:00	7.022	0.344	232.01	30.2	36.0	1.0	17.0
23/12/2006	17:46:00	7.024	0.346	232.36	30.2	36.0	2.0	16.0
23/12/2006	17:47:00	7.072	0.352	233.43	30.2	37.0	1.0	17.0
23/12/2006	17:48:00	7.054	0.352	233.11	30.2	37.0	1.0	16.0
23/12/2006	17:49:00	6.926	0.24	232.07	29.8	36.0	0.0	17.0
23/12/2006	17:50:00	6.934	0.234	232.2	29.8	36.0	0.0	16.0
23/12/2006	17:51:00	7.006	0.238	233.14	30.0	36.0	0.0	17.0
23/12/2006	17:52:00	6.966	0.236	232.8	29.8	37.0	0.0	17.0
23/12/2006	17:53:00	6.492	0.246	234.25	27.8	36.0	0.0	17.0
23/12/2006	17:54:00	5.148	0.262	236.21	21.8	38.0	0.0	17.0
23/12/2006	17:55:00	6.638	0.248	235.24	28.4	37.0	0.0	17.0
23/12/2006	17:56:00	7.164	0.172	234.7	30.4	36.0	0.0	17.0
23/12/2006	17:57:00	6.95	0.082	234.57	29.6	37.0	0.0	16.0
23/12/2006	17:58:00	5.472	0.048	236.01	23.6	16.0	0.0	18.0
23/12/2006	18:47:00	5.022	0.078	237.34	21.0	0.0	0.0	18.0
23/12/2006	18:56:00	5.218	0.252	236.94	22.0	0.0	0.0	18.0
23/12/2006	18:57:00	5.262	0.264	237.71	22.0	0.0	0.0	17.0
23/12/2006	18:58:00	5.258	0.306	236.29	22.2	0.0	0.0	17.0
23/12/2006	18:59:00	5.27	0.372	235.57	22.4	0.0	1.0	17.0
23/12/2006	19:00:00	5.314	0.376	236.46	22.4	0.0	1.0	17.0
23/12/2006	19:01:00	5.312	0.38	236.7	22.4	0.0	2.0	17.0
23/12/2006	19:02:00	5.14	0.386	237.42	21.8	0.0	1.0	18.0
23/12/2006	19:05:00	5.298	0.378	236.34	22.4	0.0	2.0	17.0
23/12/2006	19:06:00	5.28	0.374	235.69	22.4	0.0	1.0	17.0
23/12/2006	19:07:00	5.392	0.296	235.93	22.8	0.0	1.0	17.0
23/12/2006	20:10:00	6.056	0.464	237.25	25.8	0.0	0.0	17.0
23/12/2006	20:11:00	6.23	0.428	237.58	26.2	0.0	0.0	18.0
23/12/2006	20:12:00	5.536	0.332	238.56	23.4	0.0	0.0	17.0
23/12/2006	20:13:00	5.428	0.2	238.42	23.0	0.0	0.0	17.0
23/12/2006	21:53:00	5.352	0.502	235.35	22.8	0.0	0.0	0.0
23/12/2006	21:54:00	5.304	0.456	234.89	22.6	0.0	0.0	0.0
23/12/2006	21:55:00	5.282	0.428	235.23	22.4	0.0	0.0	0.0
23/12/2006	22:24:00	5.162	0.332	238.03	22.0	39.0	0.0	0.0
23/12/2006	22:25:00	6.074	0.318	236.64	25.6	38.0	0.0	0.0
23/12/2006	22:26:00	6.272	0.32	237.39	26.4	38.0	0.0	0.0
23/12/2006	22:27:00	6.15	0.318	237.12	25.8	38.0	0.0	0.0
23/12/2006	22:28:00	6.086	0.318	237.02	25.6	39.0	0.0	0.0
23/12/2006	22:29:00	6.11	0.32	237.51	25.6	38.0	0.0	0.0
23/12/2006	22:30:00	6.096	0.318	237.25	25.6	39.0	0.0	0.0
23/12/2006	22:31:00	6.098	0.32	237.3	25.6	38.0	0.0	0.0
23/12/2006	22:32:00	5.006	0.332	238.74	21.4	39.0	0.0	0.0
23/12/2006	22:35:00	6.772	0.312	236.71	29.0	39.0	0.0	0.0
23/12/2006	22:36:00	8.698	0.296	234.37	37.0	37.0	0.0	0.0
23/12/2006	22:37:00	8.632	0.288	234.02	36.8	38.0	1.0	0.0
23/12/2006	22:38:00	7.548	0.394	235.02	32.4	19.0	1.0	0.0
23/12/2006	22:39:00	5.33	0.416	237.54	23.2	1.0	2.0	0.0
23/12/2006	22:41:00	5.246	0.42	238.25	22.6	21.0	2.0	0.0
23/12/2006	22:47:00	5.37	0.322	238.18	23.0	25.0	1.0	0.0
23/12/2006	22:48:00	6.144	0.408	237.35	25.8	38.0	1.0	0.0
23/12/2006	22:49:00	5.892	0.37	238.38	24.8	36.0	2.0	0.0
23/12/2006	23:07:00	5.34	0.226	238.59	22.4	0.0	0.0	18.0
23/12/2006	23:08:00	5.334	0.226	238.81	22.2	0.0	0.0	18.0
23/12/2006	23:09:00	5.328	0.228	238.99	22.2	0.0	0.0	18.0
23/12/2006	23:12:00	5.12	0.096	238.69	21.4	0.0	0.0	18.0
23/12/2006	23:13:00	5.152	0.098	239.69	21.4	0.0	0.0	17.0
23/12/2006	23:14:00	5.172	0.1	240.29	21.4	0.0	0.0	18.0
23/12/2006	23:15:00	5.162	0.1	240.04	21.4	0.0	0.0	18.0
23/12/2006	23:16:00	5.15	0.1	239.79	21.4	0.0	0.0	17.0
23/12/2006	23:17:00	5.224	0.202	239.42	21.8	0.0	0.0	18.0
23/12/2006	23:20:00	6.012	0.058	239.43	25.4	39.0	0.0	17.0
23/12/2006	23:21:00	6.932	0.05	238.71	29.0	38.0	0.0	18.0
23/12/2006	23:22:00	6.958	0.054	238.35	29.2	38.0	0.0	17.0
23/12/2006	23:23:00	6.972	0.048	238.38	29.2	39.0	0.0	17.0
23/12/2006	23:24:00	6.936	0.082	238.36	29.0	38.0	0.0	18.0
23/12/2006	23:25:00	7.018	0.18	238.71	29.4	38.0	0.0	17.0
23/12/2006	23:26:00	7.01	0.18	238.59	29.4	38.0	0.0	18.0
23/12/2006	23:27:00	6.944	0.13	238.1	29.0	38.0	0.0	17.0
23/12/2006	23:28:00	5.578	0.086	238.58	23.6	39.0	0.0	18.0
23/12/2006	23:33:00	5.032	0.102	240.29	21.0	2.0	0.0	17.0
23/12/2006	23:34:00	6.954	0.086	238.78	29.0	39.0	0.0	18.0
23/12/2006	23:35:00	7.144	0.078	239.24	29.8	38.0	0.0	17.0
23/12/2006	23:38:00	6.504	0.084	239.62	27.4	5.0	0.0	17.0
23/12/2006	23:39:00	8.334	0.064	237.95	35.0	38.0	0.0	17.0
23/12/2006	23:40:00	8.304	0.066	238.75	34.8	39.0	0.0	18.0
23/12/2006	23:41:00	8.284	0.064	238.17	34.8	38.0	0.0	17.0
23/12/2006	23:42:00	7.714	0.07	238.66	32.2	38.0	0.0	18.0
23/12/2006	23:43:00	7.232	0.074	238.88	30.2	38.0	0.0	17.0
23/12/2006	23:44:00	7.232	0.072	238.49	30.2	38.0	0.0	18.0
23/12/2006	23:45:00	6.138	0.086	239.95	26.0	38.0	0.0	17.0
23/12/2006	23:48:00	8.24	0.06	237.63	35.2	0.0	0.0	18.0
23/12/2006	23:49:00	8.57	0.096	237.24	36.2	1.0	0.0	17.0
23/12/2006	23:50:00	7.946	0.054	237.87	33.4	0.0	0.0	17.0
23/12/2006	23:51:00	7.97	0.052	237.75	33.4	0.0	0.0	17.0
23/12/2006	23:52:00	6.978	0.086	239.18	29.4	0.0	0.0	18.0
23/12/2006	23:53:00	5.49	0.076	240.66	23.2	0.0	0.0	18.0
23/12/2006	23:57:00	5.574	0.054	242.28	23.0	0.0	0.0	18.0
23/12/2006	23:58:00	5.48	0.046	240.06	22.8	0.0	0.0	18.0
23/12/2006	23:59:00	5.458	0.046	239.62	22.6	0.0	0.0	17.0
24/12/2006	00:00:00	5.376	0.046	237.57	22.6	0.0	0.0	18.0
24/12/2006	00:01:00	5.34	0.0	236.81	22.4	0.0	0.0	17.0
24/12/2006	00:04:00	5.388	0.0	236.98	22.6	0.0	0.0	17.0
24/12/2006	00:05:00	5.248	0.046	237.47	22.0	0.0	0.0	17.0
24/12/2006	00:07:00	5.124	0.056	237.53	22.0	0.0	0.0	17.0
24/12/2006	01:15:00	5.768	0.0	235.01	24.4	38.0	0.0	16.0
24/12/2006	01:17:00	5.254	0.0	234.69	22.6	37.0	0.0	16.0
24/12/2006	01:18:00	5.592	0.0	234.68	23.8	37.0	0.0	17.0
24/12/2006	01:20:00	5.034	0.0	235.36	21.6	38.0	0.0	17.0
24/12/2006	01:21:00	5.476	0.0	235.54	23.2	37.0	0.0	17.0
24/12/2006	02:01:00	5.474	0.056	235.97	23.2	37.0	0.0	17.0
24/12/2006	02:02:00	5.046	0.048	238.38	21.4	38.0	0.0	17.0
24/12/2006	02:04:00	5.502	0.054	236.77	23.2	37.0	0.0	17.0
24/12/2006	02:05:00	5.394	0.054	236.76	22.8	38.0	0.0	17.0
24/12/2006	02:07:00	5.346	0.076	237.48	22.6	37.0	0.0	17.0
24/12/2006	02:08:00	5.694	0.08	238.97	23.8	39.0	0.0	17.0
24/12/2006	02:11:00	5.766	0.086	240.8	23.8	38.0	0.0	18.0
24/12/2006	09:09:00	6.14	0.0	239.44	26.0	0.0	0.0	0.0
24/12/2006	11:51:00	5.05	0.178	235.11	21.4	0.0	6.0	17.0
24/12/2006	12:57:00	5.162	0.0	233.59	22.2	0.0	67.0	0.0
24/12/2006	12:58:00	5.29	0.14	233.16	22.6	0.0	71.0	0.0
24/12/2006	12:59:00	5.394	0.228	232.35	23.2	0.0	71.0	0.0
24/12/2006	13:00:00	5.368	0.15	232.66	23.0	0.0	71.0	0.0
24/12/2006	13:01:00	5.418	0.13	233.68	23.2	0.0	71.0	0.0
24/12/2006	13:02:00	5.636	0.146	234.9	24.0	0.0	72.0	0.0
24/12/2006	13:03:00	5.526	0.124	234.69	23.4	0.0	72.0	0.0
24/12/2006	13:04:00	5.426	0.14	234.7	23.0	0.0	73.0	0.0
24/12/2006	13:05:00	5.704	0.216	233.85	24.6	0.0	71.0	0.0
24/12/2006	13:06:00	6.824	0.35	231.13	29.6	0.0	70.0	0.0
24/12/2006	13:07:00	6.498	0.296	231.08	28.2	0.0	70.0	0.0
24/12/2006	13:08:00	6.49	0.28	231.37	28.0	0.0	70.0	0.0
24/12/2006	13:09:00	5.47	0.206	232.79	24.4	0.0	63.0	0.0
24/12/2006	15:52:00	5.104	0.304	242.65	21.2	40.0	35.0	0.0
24/12/2006	15:54:00	5.148	0.31	243.37	21.2	40.0	35.0	0.0
24/12/2006	16:11:00	5.096	0.104	241.34	21.6	20.0	2.0	0.0
24/12/2006	16:12:00	6.142	0.09	240.44	25.4	38.0	1.0	0.0
25/12/2006	07:55:00	5.678	0.05	238.28	23.8	0.0	1.0	0.0
25/12/2006	11:46:00	5.252	0.246	236.93	22.2	38.0	0.0	18.0
25/12/2006	11:47:00	5.34	0.258	236.92	22.4	38.0	0.0	17.0
25/12/2006	11:48:00	5.346	0.252	237.15	22.4	38.0	0.0	17.0
25/12/2006	11:49:00	5.4	0.244	238.44	22.6	39.0	0.0	17.0
25/12/2006	11:50:00	5.398	0.244	238.88	22.6	39.0	0.0	18.0
25/12/2006	11:52:00	5.2	0.212	237.95	21.8	39.0	0.0	18.0
25/12/2006	11:53:00	5.538	0.4	237.74	23.4	38.0	0.0	17.0
25/12/2006	11:54:00	5.174	0.364	237.0	21.8	39.0	0.0	17.0
25/12/2006	11:55:00	5.282	0.204	237.15	22.2	38.0	0.0	17.0
25/12/2006	11:57:00	5.052	0.208	238.02	21.2	38.0	0.0	17.0
25/12/2006	12:02:00	5.002	0.2	237.67	21.0	39.0	0.0	18.0
25/12/2006	12:05:00	5.454	0.312	238.36	22.8	39.0	0.0	17.0
25/12/2006	12:07:00	5.044	0.34	238.9	21.2	39.0	0.0	17.0
25/12/2006	13:35:00	5.524	0.142	236.08	23.4	76.0	0.0	0.0
25/12/2006	13:36:00	5.646	0.144	235.83	23.8	75.0	0.0	0.0
25/12/2006	13:37:00	5.674	0.146	236.36	24.0	75.0	0.0	0.0
25/12/2006	13:38:00	5.694	0.15	237.46	24.0	76.0	0.0	0.0
25/12/2006	13:39:00	5.708	0.15	237.76	24.0	77.0	0.0	0.0
25/12/2006	13:40:00	5.76	0.154	238.78	24.0	77.0	0.0	0.0
25/12/2006	13:41:00	5.416	0.072	238.71	22.8	74.0	0.0	0.0
25/12/2006	16:06:00	6.064	0.444	239.61	25.4	0.0	1.0	0.0
25/12/2006	16:07:00	5.416	0.694	239.86	23.8	0.0	1.0	0.0
25/12/2006	16:16:00	5.862	0.64	237.39	24.8	39.0	0.0	0.0
25/12/2006	16:17:00	5.892	0.656	238.42	24.8	38.0	0.0	0.0
25/12/2006	16:18:00	6.426	0.634	238.31	27.2	39.0	0.0	0.0
25/12/2006	16:19:00	5.862	0.644	238.6	24.6	39.0	0.0	0.0
25/12/2006	16:40:00	6.168	0.358	239.02	26.0	68.0	0.0	0.0
25/12/2006	16:41:00	6.54	0.354	238.49	27.4	77.0	0.0	0.0
25/12/2006	16:42:00	5.718	0.352	238.81	24.0	76.0	0.0	0.0
25/12/2006	16:58:00	5.092	0.386	239.72	21.8	62.0	0.0	0.0
25/12/2006	16:59:00	5.864	0.368	239.4	24.4	77.0	0.0	0.0
25/12/2006	17:00:00	5.79	0.366	238.94	24.2	76.0	0.0	0.0
25/12/2006	17:56:00	6.122	0.312	235.07	26.0	0.0	0.0	17.0
25/12/2006	17:57:00	6.124	0.308	235.43	26.0	0.0	0.0	17.0
25/12/2006	21:33:00	5.02	0.172	234.76	21.4	1.0	35.0	17.0
25/12/2006	21:46:00	6.702	0.0	236.45	28.2	38.0	36.0	17.0
25/12/2006	21:47:00	6.082	0.05	236.98	25.6	38.0	26.0	17.0
25/12/2006	21:48:00	5.992	0.0	236.8	25.4	38.0	23.0	18.0
25/12/2006	21:49:00	6.362	0.0	235.59	27.0	37.0	32.0	17.0
25/12/2006	21:50:00	5.692	0.102	236.52	24.0	38.0	17.0	17.0
25/12/2006	21:51:00	6.694	0.16	234.39	28.4	37.0	35.0	17.0
25/12/2006	21:52:00	6.086	0.142	234.66	26.0	37.0	26.0	16.0
25/12/2006	21:53:00	5.82	0.17	235.58	24.8	37.0	20.0	17.0
25/12/2006	21:54:00	6.428	0.132	234.19	27.6	37.0	26.0	17.0
25/12/2006	21:55:00	6.15	0.158	234.36	26.6	33.0	27.0	17.0
25/12/2006	21:56:00	5.666	0.14	235.42	24.2	36.0	18.0	17.0
25/12/2006	22:30:00	6.314	0.126	235.24	26.8	37.0	0.0	0.0
25/12/2006	22:31:00	6.244	0.084	235.14	26.4	37.0	1.0	0.0
25/12/2006	22:32:00	6.176	0.078	235.18	26.2	37.0	0.0	0.0
25/12/2006	22:33:00	6.17	0.082	235.04	26.2	37.0	0.0	0.0
25/12/2006	22:34:00	6.144	0.078	234.93	26.0	37.0	0.0	0.0
25/12/2006	22:35:00	6.216	0.088	236.17	26.2	38.0	0.0	0.0
25/12/2006	22:36:00	6.194	0.082	236.1	26.2	37.0	0.0	0.0
25/12/2006	22:37:00	6.14	0.07	236.02	26.0	37.0	1.0	0.0
25/12/2006	22:38:00	6.032	0.058	236.96	25.4	38.0	0.0	0.0
25/12/2006	22:39:00	5.416	0.056	236.67	22.8	37.0	0.0	0.0
25/12/2006	22:40:00	5.466	0.056	237.17	23.0	38.0	0.0	0.0
25/12/2006	22:41:00	5.35	0.066	237.81	22.4	37.0	0.0	0.0
25/12/2006	22:42:00	5.316	0.062	238.14	22.2	38.0	0.0	0.0
26/12/2006	07:08:00	6.378	0.238	237.14	27.4	0.0	1.0	0.0
26/12/2006	07:09:00	6.496	0.318	237.02	27.4	0.0	1.0	0.0
26/12/2006	07:18:00	5.094	0.094	237.75	21.4	0.0	0.0	0.0
26/12/2006	16:16:00	5.042	0.67	241.62	21.2	0.0	0.0	18.0
26/12/2006	18:13:00	5.262	0.0	237.13	22.6	0.0	0.0	18.0
26/12/2006	18:14:00	5.808	0.0	236.91	24.4	0.0	1.0	17.0
26/12/2006	18:15:00	5.018	0.0	237.65	21.8	0.0	0.0	17.0
26/12/2006	20:47:00	5.364	0.0	240.83	22.2	39.0	0.0	18.0
26/12/2006	20:48:00	5.168	0.0	241.16	21.6	38.0	0.0	17.0
26/12/2006	20:50:00	5.214	0.0	241.22	21.6	39.0	0.0	18.0
26/12/2006	20:51:00	5.196	0.0	241.19	21.6	40.0	0.0	18.0
26/12/2006	20:52:00	5.018	0.0	241.12	20.8	38.0	0.0	18.0
27/12/2006	07:09:00	5.56	0.0	239.17	23.2	0.0	0.0	0.0
28/12/2006	18:58:00	5.428	0.18	235.41	23.0	0.0	38.0	17.0
28/12/2006	18:59:00	5.384	0.178	235.01	22.8	0.0	39.0	17.0
28/12/2006	19:00:00	5.388	0.176	234.95	22.8	0.0	38.0	17.0
28/12/2006	19:01:00	5.342	0.168	233.65	22.8	0.0	38.0	16.0
28/12/2006	19:02:00	5.378	0.17	233.97	23.0	0.0	38.0	17.0
28/12/2006	19:03:00	5.4	0.17	234.37	23.0	0.0	39.0	17.0
28/12/2006	19:04:00	5.348	0.17	234.1	22.8	0.0	38.0	17.0
28/12/2006	19:05:00	5.324	0.166	233.61	22.8	0.0	38.0	16.0
28/12/2006	19:06:00	5.362	0.128	234.76	22.8	0.0	37.0	17.0
28/12/2006	19:07:00	5.388	0.182	234.53	23.0	0.0	37.0	17.0
28/12/2006	20:58:00	6.386	0.374	236.63	27.0	1.0	36.0	17.0
28/12/2006	21:00:00	6.376	0.252	235.94	27.4	1.0	53.0	17.0
28/12/2006	21:01:00	7.062	0.27	235.76	30.2	2.0	65.0	17.0
28/12/2006	21:02:00	8.088	0.262	235.5	34.4	1.0	72.0	17.0
28/12/2006	21:03:00	7.906	0.286	235.93	33.6	1.0	73.0	17.0
28/12/2006	21:04:00	7.376	0.238	234.67	31.4	1.0	72.0	17.0
28/12/2006	21:05:00	7.23	0.152	235.22	30.6	1.0	73.0	17.0
28/12/2006	21:06:00	7.184	0.0	235.7	30.4	2.0	73.0	17.0
28/12/2006	21:07:00	7.248	0.0	235.34	30.8	1.0	72.0	17.0
28/12/2006	21:08:00	7.352	0.0	235.45	31.2	1.0	73.0	17.0
28/12/2006	21:09:00	7.21	0.0	236.14	30.4	1.0	73.0	17.0
28/12/2006	21:10:00	7.16	0.0	235.49	30.4	1.0	73.0	18.0
28/12/2006	21:11:00	9.048	0.0	231.48	39.0	34.0	71.0	16.0
28/12/2006	21:12:00	9.108	0.0	232.08	39.2	37.0	71.0	17.0
28/12/2006	21:13:00	9.132	0.084	231.27	39.4	36.0	71.0	16.0
28/12/2006	21:14:00	9.118	0.108	231.18	39.4	36.0	72.0	16.0
28/12/2006	21:15:00	9.088	0.112	230.7	39.4	36.0	71.0	17.0
28/12/2006	21:16:00	8.046	0.114	231.77	35.0	36.0	52.0	16.0
28/12/2006	21:17:00	7.04	0.13	233.27	30.2	37.0	38.0	17.0
28/12/2006	21:18:00	7.864	0.126	232.46	34.2	36.0	56.0	16.0
28/12/2006	21:19:00	5.714	0.188	234.79	24.2	37.0	18.0	17.0
28/12/2006	21:20:00	6.774	0.178	234.4	28.8	37.0	34.0	17.0
28/12/2006	21:21:00	7.124	0.148	234.33	30.4	37.0	38.0	17.0
28/12/2006	21:22:00	6.674	0.13	234.47	28.6	37.0	30.0	17.0
28/12/2006	21:23:00	5.098	0.106	236.61	21.8	15.0	24.0	17.0
29/12/2006	07:17:00	6.332	0.21	236.56	27.4	0.0	2.0	0.0
29/12/2006	07:18:00	6.892	0.202	236.54	29.2	0.0	1.0	0.0
29/12/2006	07:19:00	7.206	0.104	235.34	30.6	0.0	2.0	15.0
29/12/2006	07:20:00	7.238	0.106	235.81	30.6	0.0	1.0	18.0
29/12/2006	07:22:00	5.02	0.194	239.32	21.0	0.0	2.0	17.0
29/12/2006	07:23:00	5.626	0.226	238.22	23.8	0.0	1.0	18.0
29/12/2006	07:24:00	6.218	0.23	237.53	26.2	0.0	2.0	17.0
29/12/2006	08:46:00	5.07	0.178	238.67	21.2	0.0	0.0	17.0
29/12/2006	20:21:00	5.27	0.126	231.43	22.6	0.0	0.0	17.0
29/12/2006	20:25:00	6.618	0.074	230.54	29.0	24.0	0.0	16.0
29/12/2006	20:26:00	7.166	0.064	229.06	31.2	36.0	0.0	16.0
29/12/2006	20:27:00	6.422	0.076	230.13	28.4	36.0	0.0	17.0
29/12/2006	21:14:00	5.522	0.152	233.57	24.0	0.0	52.0	0.0
29/12/2006	21:15:00	5.79	0.134	231.1	25.4	0.0	62.0	0.0
29/12/2006	21:16:00	6.146	0.116	230.53	26.6	0.0	70.0	0.0
29/12/2006	21:17:00	6.18	0.136	231.12	26.6	0.0	70.0	0.0
29/12/2006	21:18:00	6.15	0.118	230.77	26.6	0.0	70.0	0.0
29/12/2006	21:19:00	6.184	0.138	231.57	26.6	0.0	70.0	0.0
29/12/2006	21:20:00	6.424	0.116	229.89	27.8	0.0	69.0	0.0
29/12/2006	21:21:00	6.412	0.136	230.49	27.8	0.0	70.0	0.0
29/12/2006	21:22:00	6.214	0.12	230.53	26.8	0.0	70.0	0.0
29/12/2006	21:23:00	6.148	0.052	230.2	26.6	0.0	70.0	0.0
29/12/2006	21:24:00	6.15	0.0	230.71	26.6	0.0	70.0	0.0
29/12/2006	21:25:00	6.086	0.0	229.04	26.6	0.0	69.0	0.0
29/12/2006	21:26:00	5.928	0.0	228.94	25.8	0.0	69.0	0.0
29/12/2006	21:27:00	6.664	0.0	228.2	29.2	0.0	69.0	15.0
29/12/2006	21:28:00	6.692	0.0	228.77	29.2	0.0	69.0	17.0
29/12/2006	21:29:00	6.66	0.0	229.0	29.0	0.0	69.0	17.0
29/12/2006	21:30:00	5.328	0.0	230.71	23.4	0.0	48.0	16.0
29/12/2006	21:49:00	5.454	0.254	232.37	23.4	0.0	40.0	16.0
29/12/2006	21:51:00	5.334	0.242	232.53	23.0	0.0	37.0	17.0
29/12/2006	22:26:00	6.004	0.406	236.08	26.4	0.0	56.0	17.0
29/12/2006	22:27:00	6.976	0.376	235.12	29.6	0.0	74.0	17.0
29/12/2006	22:28:00	6.3	0.294	236.08	26.8	0.0	65.0	17.0
29/12/2006	22:29:00	6.742	0.28	235.03	28.6	0.0	73.0	17.0
29/12/2006	22:30:00	6.638	0.262	234.23	28.2	0.0	73.0	17.0
29/12/2006	22:31:00	6.426	0.282	234.8	27.4	0.0	73.0	17.0
29/12/2006	22:32:00	6.382	0.268	234.84	27.2	0.0	73.0	17.0
29/12/2006	22:33:00	6.3	0.282	235.02	26.8	0.0	73.0	17.0
29/12/2006	22:34:00	6.238	0.268	235.12	26.4	0.0	73.0	17.0
30/12/2006	09:53:00	6.808	0.046	235.95	28.8	0.0	73.0	17.0
30/12/2006	09:54:00	6.826	0.074	235.86	28.8	0.0	72.0	17.0
30/12/2006	09:55:00	6.9	0.21	235.19	29.2	0.0	73.0	17.0
30/12/2006	09:56:00	6.898	0.266	234.32	29.4	0.0	71.0	17.0
30/12/2006	09:57:00	6.92	0.258	234.6	29.4	0.0	73.0	17.0
30/12/2006	09:58:00	6.94	0.266	235.01	29.4	0.0	72.0	17.0
30/12/2006	09:59:00	6.938	0.262	235.14	29.4	0.0	72.0	17.0
30/12/2006	10:00:00	7.016	0.302	236.0	29.6	0.0	73.0	17.0
30/12/2006	10:01:00	7.07	0.29	236.07	29.8	1.0	73.0	17.0
30/12/2006	10:02:00	8.024	0.276	234.53	34.4	16.0	72.0	17.0
30/12/2006	10:03:00	9.078	0.252	233.69	38.8	38.0	71.0	16.0
30/12/2006	10:04:00	8.176	0.274	234.27	35.2	37.0	58.0	17.0
30/12/2006	10:05:00	7.068	0.284	236.3	29.8	37.0	37.0	17.0
30/12/2006	10:06:00	6.698	0.298	237.01	28.4	38.0	32.0	17.0
30/12/2006	10:07:00	6.218	0.414	237.4	26.2	38.0	19.0	18.0
30/12/2006	10:10:00	6.816	0.378	236.89	28.8	37.0	28.0	17.0
30/12/2006	10:11:00	7.026	0.384	234.45	30.0	37.0	35.0	17.0
30/12/2006	10:12:00	6.074	0.388	235.13	25.8	38.0	17.0	17.0
30/12/2006	10:13:00	6.962	0.394	234.31	29.8	34.0	36.0	17.0
30/12/2006	10:16:00	5.188	0.398	235.01	22.2	2.0	34.0	17.0
30/12/2006	10:17:00	7.132	0.36	232.86	30.6	36.0	36.0	17.0
30/12/2006	10:18:00	7.076	0.29	232.3	30.4	37.0	36.0	16.0
30/12/2006	10:21:00	5.028	0.282	234.09	21.6	3.0	34.0	17.0
30/12/2006	10:22:00	6.916	0.312	232.47	29.8	37.0	21.0	17.0
30/12/2006	10:23:00	7.932	0.276	231.96	34.2	36.0	39.0	16.0
30/12/2006	10:24:00	6.776	0.306	233.64	29.0	37.0	32.0	17.0
30/12/2006	10:25:00	6.426	0.292	233.99	27.6	36.0	24.0	17.0
30/12/2006	10:26:00	7.938	0.32	232.3	34.2	37.0	36.0	16.0
30/12/2006	10:27:00	6.814	0.23	233.89	29.0	36.0	35.0	17.0
30/12/2006	10:28:00	6.272	0.254	235.12	26.8	37.0	29.0	17.0
30/12/2006	10:29:00	5.638	0.246	235.29	24.0	37.0	17.0	17.0
30/12/2006	11:06:00	5.718	0.302	231.45	25.0	0.0	56.0	17.0
30/12/2006	11:07:00	6.656	0.312	231.33	28.8	0.0	71.0	16.0
30/12/2006	11:08:00	6.668	0.298	231.69	28.8	0.0	71.0	17.0
30/12/2006	11:09:00	6.714	0.312	231.73	29.0	0.0	71.0	16.0
30/12/2006	11:10:00	6.754	0.388	231.02	29.2	0.0	71.0	17.0
30/12/2006	11:11:00	6.788	0.4	229.7	29.6	0.0	70.0	16.0
30/12/2006	11:12:00	6.86	0.382	229.29	29.8	0.0	69.0	16.0
30/12/2006	11:13:00	6.702	0.312	229.36	29.2	0.0	69.0	16.0
30/12/2006	11:14:00	6.656	0.298	229.11	29.0	0.0	68.0	16.0
30/12/2006	11:15:00	6.32	0.314	230.34	27.6	0.0	67.0	16.0
30/12/2006	11:17:00	6.176	0.32	231.11	26.8	0.0	64.0	16.0
30/12/2006	12:44:00	5.634	0.408	235.97	24.2	0.0	63.0	17.0
30/12/2006	12:45:00	6.126	0.418	235.11	26.0	0.0	74.0	17.0
30/12/2006	12:46:00	6.136	0.4	235.38	26.0	0.0	73.0	17.0
30/12/2006	12:47:00	6.284	0.416	235.62	26.6	0.0	74.0	17.0
30/12/2006	12:48:00	6.206	0.396	235.24	26.4	0.0	74.0	17.0
30/12/2006	12:49:00	6.192	0.416	235.77	26.2	0.0	73.0	17.0
30/12/2006	12:50:00	6.13	0.392	235.54	26.0	0.0	74.0	17.0
30/12/2006	12:51:00	6.12	0.406	235.15	26.0	0.0	74.0	17.0
30/12/2006	12:52:00	6.086	0.386	234.74	25.8	0.0	73.0	17.0
30/12/2006	12:53:00	6.086	0.4	234.52	26.0	0.0	74.0	17.0
30/12/2006	12:54:00	6.082	0.384	234.71	25.8	0.0	73.0	17.0
30/12/2006	12:55:00	6.116	0.434	235.26	26.0	0.0	74.0	17.0
30/12/2006	12:56:00	6.114	0.59	235.89	26.0	0.0	74.0	17.0
30/12/2006	12:57:00	6.198	0.604	237.3	26.2	0.0	74.0	17.0
30/12/2006	13:04:00	5.148	0.554	237.67	22.0	0.0	38.0	17.0
30/12/2006	13:08:00	5.38	0.664	236.72	22.8	0.0	38.0	17.0
30/12/2006	17:28:00	5.172	0.51	231.41	22.4	0.0	2.0	17.0
30/12/2006	18:51:00	5.504	0.226	231.18	23.8	37.0	0.0	16.0
30/12/2006	18:52:00	5.472	0.234	230.72	23.6	36.0	0.0	17.0
30/12/2006	18:53:00	5.448	0.232	230.19	23.6	36.0	0.0	16.0
30/12/2006	18:54:00	5.498	0.322	229.26	24.0	36.0	0.0	16.0
30/12/2006	18:55:00	5.658	0.414	229.39	24.6	36.0	0.0	16.0
30/12/2006	18:56:00	5.796	0.408	229.54	25.2	36.0	0.0	16.0
30/12/2006	18:57:00	5.87	0.466	229.51	25.6	36.0	0.0	16.0
30/12/2006	18:58:00	5.902	0.512	229.49	25.8	36.0	0.0	17.0
30/12/2006	18:59:00	5.68	0.518	230.48	24.6	36.0	0.0	16.0
30/12/2006	19:00:00	5.808	0.46	230.04	25.2	36.0	0.0	16.0
30/12/2006	19:01:00	5.512	0.414	229.77	24.0	36.0	0.0	16.0
30/12/2006	19:02:00	5.356	0.41	229.04	23.4	36.0	0.0	16.0
30/12/2006	19:03:00	5.356	0.408	228.99	23.4	36.0	0.0	17.0
30/12/2006	19:04:00	5.428	0.412	230.1	23.6	36.0	0.0	16.0
30/12/2006	19:05:00	5.44	0.414	230.94	23.6	36.0	0.0	16.0
30/12/2006	19:06:00	5.48	0.412	230.92	23.8	36.0	0.0	17.0
30/12/2006	19:07:00	5.498	0.416	231.96	23.6	37.0	0.0	16.0
30/12/2006	19:08:00	5.508	0.42	232.7	23.6	37.0	0.0	17.0
30/12/2006	19:13:00	5.174	0.342	232.05	22.2	37.0	0.0	17.0
30/12/2006	19:14:00	5.166	0.34	231.78	22.2	37.0	0.0	16.0
30/12/2006	19:19:00	5.006	0.226	234.06	21.4	38.0	0.0	17.0
30/12/2006	19:25:00	5.508	0.582	231.88	24.4	18.0	1.0	16.0
30/12/2006	19:26:00	6.476	0.5	230.04	28.2	36.0	1.0	17.0
30/12/2006	19:27:00	5.57	0.386	231.45	24.2	36.0	2.0	16.0
30/12/2006	19:28:00	5.786	0.422	231.07	25.2	37.0	1.0	17.0
30/12/2006	19:29:00	6.076	0.408	230.36	26.4	36.0	2.0	16.0
30/12/2006	19:30:00	5.094	0.336	231.27	22.2	36.0	1.0	16.0
30/12/2006	20:28:00	5.12	0.178	232.49	22.8	25.0	0.0	16.0
30/12/2006	20:29:00	6.428	0.164	230.96	27.8	36.0	0.0	17.0
30/12/2006	20:30:00	5.198	0.194	232.3	22.4	37.0	0.0	16.0
30/12/2006	20:31:00	6.164	0.2	232.04	26.6	36.0	0.0	17.0
30/12/2006	20:32:00	5.198	0.162	232.97	22.2	37.0	0.0	16.0
30/12/2006	20:33:00	5.036	0.168	233.0	21.6	36.0	0.0	17.0
30/12/2006	20:34:00	5.074	0.168	233.3	21.6	37.0	0.0	17.0
30/12/2006	20:35:00	5.026	0.094	233.2	21.6	37.0	0.0	16.0
31/12/2006	06:59:00	6.722	0.076	236.88	28.4	0.0	0.0	0.0
31/12/2006	07:00:00	6.17	0.082	237.99	26.0	0.0	0.0	0.0
31/12/2006	07:51:00	5.128	0.15	237.88	21.4	0.0	1.0	18.0
31/12/2006	07:52:00	5.076	0.0	238.4	21.2	0.0	0.0	17.0
31/12/2006	07:54:00	5.008	0.326	237.99	21.0	0.0	0.0	17.0
31/12/2006	07:55:00	5.08	0.154	238.47	21.2	0.0	0.0	17.0
31/12/2006	07:56:00	5.194	0.25	239.15	21.6	0.0	0.0	18.0
31/12/2006	07:58:00	5.01	0.302	239.63	20.8	0.0	0.0	17.0
31/12/2006	08:01:00	5.098	0.286	238.32	21.4	0.0	0.0	18.0
31/12/2006	08:02:00	5.01	0.294	239.34	20.8	0.0	0.0	17.0
31/12/2006	08:03:00	5.262	0.408	238.3	22.2	0.0	0.0	18.0
31/12/2006	08:26:00	5.088	0.164	239.34	21.4	0.0	0.0	18.0
31/12/2006	08:27:00	6.188	0.16	238.74	26.0	0.0	0.0	17.0
31/12/2006	08:28:00	5.004	0.166	239.11	20.8	0.0	0.0	18.0
3/1/2007	23:19:00	5.068	0.06	243.49	20.8	0.0	0.0	18.0
3/1/2007	23:20:00	5.182	0.05	243.5	21.2	0.0	0.0	18.0
3/1/2007	23:21:00	5.19	0.064	243.71	21.2	0.0	2.0	18.0
4/1/2007	00:19:00	5.756	0.104	240.32	23.8	2.0	38.0	0.0
4/1/2007	00:20:00	5.886	0.108	240.34	24.4	1.0	39.0	0.0
4/1/2007	00:21:00	5.922	0.11	240.21	24.6	1.0	39.0	0.0
4/1/2007	00:22:00	5.85	0.11	239.87	24.4	1.0	39.0	0.0
4/1/2007	00:23:00	5.738	0.112	239.63	23.8	1.0	38.0	0.0
4/1/2007	00:24:00	5.692	0.112	239.6	23.6	2.0	39.0	0.0
4/1/2007	00:25:00	5.554	0.116	239.79	23.0	1.0	38.0	0.0
4/1/2007	00:26:00	5.464	0.122	239.73	22.8	1.0	39.0	0.0
4/1/2007	00:27:00	5.36	0.118	239.14	22.4	1.0	38.0	0.0
4/1/2007	00:28:00	5.164	0.122	240.13	21.4	1.0	39.0	0.0
4/1/2007	00:30:00	5.16	0.12	239.76	21.4	39.0	2.0	0.0
4/1/2007	00:31:00	5.85	0.136	239.51	24.8	38.0	13.0	0.0
4/1/2007	00:32:00	5.118	0.168	239.84	21.2	39.0	0.0	0.0
4/1/2007	00:33:00	5.126	0.15	240.85	21.2	39.0	1.0	0.0
4/1/2007	00:34:00	5.088	0.0	241.26	21.0	39.0	1.0	0.0
4/1/2007	00:35:00	5.106	0.0	241.28	21.0	39.0	1.0	0.0
4/1/2007	00:36:00	5.106	0.0	240.8	21.2	39.0	1.0	0.0
4/1/2007	00:37:00	5.018	0.0	238.73	21.0	38.0	2.0	0.0
4/1/2007	00:38:00	5.01	0.0	238.58	21.0	38.0	1.0	0.0
4/1/2007	12:09:00	5.752	0.164	235.72	24.4	0.0	72.0	17.0
4/1/2007	12:10:00	5.742	0.146	236.0	24.2	0.0	73.0	17.0
4/1/2007	12:11:00	5.74	0.164	235.77	24.2	0.0	73.0	17.0
4/1/2007	12:12:00	5.734	0.146	235.98	24.2	0.0	73.0	17.0
4/1/2007	12:13:00	5.778	0.17	236.8	24.4	0.0	73.0	17.0
4/1/2007	12:14:00	5.756	0.146	236.28	24.2	0.0	73.0	17.0
4/1/2007	12:15:00	5.76	0.162	236.11	24.4	0.0	73.0	17.0
4/1/2007	12:16:00	5.768	0.146	236.58	24.2	0.0	73.0	17.0
4/1/2007	12:17:00	5.772	0.164	236.41	24.4	0.0	74.0	17.0
4/1/2007	12:18:00	5.754	0.144	236.25	24.2	0.0	73.0	18.0
4/1/2007	12:19:00	5.736	0.16	235.68	24.2	0.0	72.0	17.0
4/1/2007	12:20:00	5.728	0.142	235.87	24.2	0.0	73.0	17.0
4/1/2007	12:21:00	5.73	0.16	235.74	24.2	0.0	73.0	17.0
4/1/2007	12:23:00	5.236	0.532	236.13	22.4	0.0	37.0	17.0
4/1/2007	13:25:00	5.386	0.13	238.78	22.8	0.0	64.0	17.0
4/1/2007	13:26:00	5.952	0.186	237.02	25.0	0.0	75.0	17.0
4/1/2007	13:27:00	5.976	0.264	236.45	25.2	0.0	74.0	17.0
4/1/2007	13:28:00	5.976	0.268	235.95	25.2	0.0	74.0	17.0
4/1/2007	13:29:00	5.948	0.258	235.83	25.2	0.0	74.0	18.0
4/1/2007	13:30:00	5.93	0.258	235.38	25.2	0.0	74.0	16.0
4/1/2007	13:31:00	5.948	0.258	235.82	25.2	0.0	74.0	18.0
4/1/2007	13:32:00	5.948	0.262	235.95	25.2	0.0	74.0	17.0
4/1/2007	13:33:00	5.952	0.26	236.2	25.2	0.0	74.0	17.0
4/1/2007	13:34:00	5.932	0.262	235.69	25.2	0.0	74.0	17.0
4/1/2007	13:35:00	5.93	0.256	235.75	25.0	0.0	74.0	17.0
4/1/2007	13:36:00	5.944	0.264	236.05	25.2	0.0	74.0	17.0
4/1/2007	13:37:00	5.94	0.258	236.06	25.0	0.0	74.0	17.0
4/1/2007	13:38:00	5.194	0.274	236.69	22.4	0.0	63.0	17.0
4/1/2007	16:59:00	5.034	0.498	233.93	21.8	0.0	32.0	17.0
4/1/2007	17:06:00	5.078	0.704	234.36	22.0	0.0	32.0	17.0
4/1/2007	17:08:00	5.222	0.682	231.83	22.8	0.0	30.0	16.0
4/1/2007	19:39:00	5.324	0.0	232.67	22.8	0.0	0.0	16.0
4/1/2007	19:40:00	5.318	0.0	232.29	22.8	0.0	0.0	17.0
4/1/2007	19:41:00	5.384	0.0	233.06	23.0	0.0	0.0	17.0
4/1/2007	19:42:00	5.448	0.078	233.54	23.2	0.0	0.0	16.0
5/1/2007	19:14:00	5.662	0.262	230.48	24.6	0.0	0.0	16.0
5/1/2007	19:15:00	5.73	0.26	230.83	24.8	0.0	0.0	16.0
5/1/2007	19:16:00	5.17	0.242	231.17	22.4	0.0	0.0	17.0
5/1/2007	20:38:00	5.248	0.0	234.97	22.2	37.0	0.0	17.0
5/1/2007	20:39:00	5.236	0.0	234.73	22.2	37.0	0.0	17.0
5/1/2007	20:40:00	5.286	0.046	234.98	22.4	37.0	0.0	17.0
5/1/2007	20:41:00	5.33	0.11	235.31	22.6	37.0	0.0	17.0
5/1/2007	20:42:00	5.346	0.112	235.65	22.6	37.0	0.0	17.0
5/1/2007	20:43:00	5.32	0.11	235.12	22.6	37.0	0.0	17.0
5/1/2007	20:44:00	5.354	0.114	235.9	22.6	37.0	0.0	17.0
5/1/2007	21:48:00	5.53	0.13	235.25	23.4	37.0	0.0	17.0
5/1/2007	21:49:00	5.514	0.13	235.04	23.4	37.0	0.0	17.0
5/1/2007	21:50:00	5.518	0.13	235.17	23.4	37.0	0.0	17.0
5/1/2007	21:51:00	5.514	0.13	235.21	23.4	37.0	0.0	17.0
5/1/2007	21:52:00	5.51	0.13	235.11	23.4	37.0	0.0	17.0
5/1/2007	21:53:00	5.476	0.13	235.55	23.2	37.0	0.0	17.0
5/1/2007	22:04:00	5.694	0.188	233.91	24.2	0.0	1.0	17.0
5/1/2007	22:05:00	5.662	0.184	233.26	24.2	0.0	2.0	16.0
6/1/2007	12:14:00	5.752	0.382	228.92	25.8	36.0	2.0	16.0
6/1/2007	12:15:00	7.452	0.534	226.81	32.8	35.0	1.0	15.0
6/1/2007	12:16:00	8.044	0.546	226.32	35.6	35.0	1.0	16.0
6/1/2007	12:17:00	7.15	0.552	227.62	32.0	35.0	2.0	16.0
6/1/2007	12:18:00	5.096	0.574	230.08	22.2	36.0	1.0	16.0
6/1/2007	12:19:00	5.056	0.574	230.21	22.0	36.0	1.0	17.0
6/1/2007	12:20:00	5.458	0.638	229.84	24.0	36.0	2.0	16.0
6/1/2007	12:21:00	5.322	0.606	230.53	23.4	36.0	1.0	16.0
6/1/2007	12:22:00	5.052	0.566	230.38	22.0	36.0	1.0	16.0
6/1/2007	12:23:00	5.054	0.564	230.46	22.0	37.0	1.0	17.0
6/1/2007	12:24:00	5.054	0.562	230.51	22.0	36.0	2.0	16.0
6/1/2007	12:25:00	5.042	0.556	230.04	22.0	36.0	1.0	16.0
6/1/2007	19:37:00	5.528	0.426	229.36	24.4	0.0	0.0	0.0
7/1/2007	13:16:00	5.746	0.134	232.97	24.6	37.0	34.0	17.0
7/1/2007	13:17:00	5.71	0.068	233.42	24.4	37.0	35.0	17.0
7/1/2007	13:18:00	5.682	0.0	233.02	24.4	37.0	35.0	16.0
7/1/2007	13:19:00	5.684	0.054	233.22	24.2	37.0	35.0	17.0
7/1/2007	13:20:00	5.654	0.048	233.73	24.0	36.0	35.0	17.0
7/1/2007	13:21:00	5.618	0.06	234.02	24.0	37.0	35.0	17.0
7/1/2007	13:22:00	5.624	0.05	234.21	24.0	37.0	35.0	17.0
7/1/2007	13:23:00	5.744	0.056	234.46	24.4	37.0	35.0	16.0
7/1/2007	13:24:00	5.786	0.0	233.93	24.6	37.0	35.0	17.0
7/1/2007	13:25:00	5.806	0.052	234.19	24.8	37.0	36.0	17.0
7/1/2007	13:26:00	5.792	0.0	234.12	24.6	36.0	35.0	17.0
7/1/2007	15:08:00	6.106	0.18	239.64	25.4	0.0	74.0	18.0
7/1/2007	15:09:00	6.044	0.13	239.05	25.2	0.0	75.0	17.0
7/1/2007	15:10:00	5.994	0.0	239.38	25.0	0.0	74.0	18.0
7/1/2007	15:11:00	5.964	0.0	238.8	25.0	0.0	74.0	17.0
7/1/2007	15:12:00	5.924	0.0	237.66	24.8	0.0	74.0	17.0
7/1/2007	15:13:00	5.968	0.0	238.91	25.0	0.0	74.0	18.0
7/1/2007	15:14:00	5.982	0.0	239.05	25.0	0.0	74.0	17.0
7/1/2007	15:15:00	6.048	0.114	238.99	25.2	0.0	75.0	18.0
7/1/2007	15:16:00	5.382	0.192	239.7	22.8	0.0	65.0	18.0
7/1/2007	15:27:00	5.478	0.324	239.87	23.6	0.0	28.0	17.0
7/1/2007	15:28:00	6.364	0.328	239.26	26.6	0.0	26.0	18.0
7/1/2007	15:29:00	5.382	0.3	240.02	23.4	0.0	39.0	17.0
7/1/2007	18:00:00	6.448	0.048	230.79	27.8	0.0	67.0	16.0
7/1/2007	18:01:00	6.392	0.0	229.54	27.8	0.0	69.0	17.0
7/1/2007	18:02:00	6.466	0.048	230.83	28.0	0.0	70.0	16.0
7/1/2007	18:03:00	6.458	0.0	230.85	27.8	0.0	69.0	16.0
7/1/2007	18:04:00	6.608	0.0	230.91	28.6	0.0	70.0	17.0
7/1/2007	18:05:00	6.828	0.0	230.9	29.4	0.0	70.0	16.0
7/1/2007	18:06:00	6.676	0.0	230.88	28.8	0.0	69.0	16.0
7/1/2007	18:07:00	6.516	0.048	230.88	28.2	0.0	70.0	17.0
7/1/2007	18:08:00	6.74	0.0	230.78	29.2	0.0	70.0	16.0
7/1/2007	18:09:00	6.326	0.15	231.77	27.6	0.0	62.0	17.0
7/1/2007	18:14:00	5.032	0.608	233.97	21.6	0.0	37.0	17.0
7/1/2007	18:15:00	7.002	0.55	231.83	30.8	0.0	36.0	17.0
7/1/2007	18:16:00	7.77	0.556	230.79	33.6	0.0	37.0	16.0
7/1/2007	18:17:00	7.774	0.534	230.49	33.8	0.0	37.0	16.0
7/1/2007	18:18:00	5.572	0.592	232.49	24.4	0.0	37.0	17.0
7/1/2007	18:21:00	5.168	0.568	232.98	22.2	0.0	36.0	17.0
7/1/2007	18:22:00	5.286	0.526	232.48	22.8	0.0	37.0	17.0
7/1/2007	18:23:00	5.202	0.438	230.41	22.6	0.0	37.0	16.0
7/1/2007	18:24:00	5.264	0.454	230.89	22.8	0.0	37.0	16.0
7/1/2007	18:25:00	5.202	0.44	231.18	22.4	0.0	36.0	17.0
7/1/2007	18:26:00	5.08	0.492	231.42	22.0	0.0	37.0	16.0
7/1/2007	18:27:00	5.094	0.482	232.29	22.0	0.0	37.0	17.0
7/1/2007	18:30:00	5.194	0.408	231.81	22.4	0.0	40.0	16.0
7/1/2007	18:35:00	7.208	0.3	227.85	31.6	0.0	35.0	16.0
7/1/2007	18:44:00	5.51	0.338	230.11	24.0	0.0	35.0	17.0
7/1/2007	18:46:00	5.146	0.352	230.75	22.4	0.0	29.0	16.0
7/1/2007	18:54:00	6.232	0.45	228.93	27.2	0.0	4.0	16.0
7/1/2007	18:55:00	6.196	0.476	228.92	27.0	0.0	3.0	16.0
7/1/2007	18:56:00	6.112	0.498	229.07	26.8	0.0	2.0	16.0
7/1/2007	18:57:00	6.124	0.498	228.97	26.8	0.0	1.0	16.0
7/1/2007	19:01:00	5.592	0.496	228.77	25.0	0.0	1.0	16.0
7/1/2007	19:02:00	5.55	0.496	228.72	24.8	0.0	2.0	16.0
7/1/2007	20:29:00	5.242	0.092	232.18	22.6	37.0	0.0	17.0
7/1/2007	20:30:00	5.524	0.1	232.31	23.8	36.0	1.0	16.0
7/1/2007	20:31:00	5.426	0.0	233.53	23.2	37.0	0.0	17.0
7/1/2007	20:32:00	5.46	0.0	233.94	23.4	36.0	0.0	17.0
7/1/2007	20:34:00	5.904	0.074	233.03	25.4	34.0	0.0	17.0
7/1/2007	21:08:00	5.136	0.282	233.77	22.2	37.0	9.0	16.0
7/1/2007	21:09:00	6.49	0.308	232.07	28.0	36.0	36.0	17.0
7/1/2007	21:10:00	6.138	0.414	233.77	26.6	37.0	29.0	17.0
7/1/2007	21:11:00	6.582	0.218	233.51	28.2	36.0	36.0	16.0
7/1/2007	21:12:00	6.222	0.164	234.85	26.8	37.0	28.0	17.0
7/1/2007	21:13:00	6.654	0.144	233.52	28.4	36.0	37.0	17.0
7/1/2007	21:14:00	6.624	0.16	232.88	28.4	37.0	36.0	17.0
7/1/2007	21:15:00	6.568	0.136	231.73	28.2	36.0	36.0	16.0
7/1/2007	21:16:00	6.762	0.158	232.8	29.0	36.0	36.0	17.0
7/1/2007	21:17:00	6.686	0.164	233.41	28.6	36.0	36.0	16.0
7/1/2007	21:18:00	6.626	0.36	233.92	28.2	37.0	36.0	17.0
7/1/2007	21:19:00	6.774	0.324	233.6	29.0	36.0	36.0	17.0
7/1/2007	21:20:00	6.78	0.336	234.14	29.0	37.0	37.0	17.0
7/1/2007	21:21:00	6.014	0.332	235.53	25.8	28.0	36.0	17.0
7/1/2007	21:24:00	5.852	0.182	234.83	24.8	0.0	37.0	17.0
7/1/2007	21:25:00	5.786	0.184	234.78	24.6	0.0	36.0	17.0
7/1/2007	21:26:00	5.94	0.206	233.95	25.4	0.0	37.0	17.0
7/1/2007	21:27:00	5.664	0.168	234.39	24.2	0.0	36.0	17.0
7/1/2007	21:28:00	5.676	0.184	234.22	24.2	0.0	36.0	16.0
7/1/2007	21:29:00	5.622	0.162	233.51	24.0	0.0	36.0	17.0
7/1/2007	21:30:00	5.526	0.162	233.37	23.6	0.0	37.0	17.0
7/1/2007	21:31:00	5.532	0.144	233.46	23.6	0.0	36.0	17.0
7/1/2007	21:32:00	5.572	0.162	233.52	23.8	0.0	36.0	16.0
7/1/2007	21:33:00	5.71	0.158	234.75	24.2	0.0	36.0	17.0
7/1/2007	21:34:00	5.402	0.31	237.38	22.8	0.0	30.0	17.0
7/1/2007	21:42:00	5.3	0.314	234.92	22.6	0.0	37.0	17.0
7/1/2007	21:46:00	5.326	0.318	235.76	22.6	0.0	37.0	17.0
7/1/2007	21:48:00	5.19	0.106	235.64	22.0	0.0	35.0	17.0
9/1/2007	06:55:00	5.042	0.0	237.57	21.2	0.0	0.0	17.0
9/1/2007	06:56:00	5.074	0.0	237.79	21.2	0.0	0.0	17.0
9/1/2007	19:58:00	5.654	0.778	237.17	24.0	38.0	3.0	0.0
9/1/2007	20:49:00	6.112	0.116	233.81	26.2	0.0	36.0	18.0
9/1/2007	20:50:00	7.538	0.088	231.92	32.6	0.0	63.0	17.0
9/1/2007	20:51:00	7.996	0.1	231.55	34.4	0.0	70.0	16.0
9/1/2007	20:52:00	8.278	0.088	231.5	35.6	0.0	71.0	17.0
9/1/2007	20:53:00	8.116	0.096	230.61	35.2	0.0	70.0	16.0
9/1/2007	20:54:00	7.732	0.098	231.55	33.4	0.0	70.0	17.0
9/1/2007	20:55:00	7.654	0.158	233.82	32.6	0.0	72.0	17.0
9/1/2007	20:56:00	8.39	0.106	233.83	36.0	0.0	72.0	17.0
9/1/2007	20:57:00	8.67	0.114	232.89	37.2	0.0	71.0	16.0
9/1/2007	20:58:00	7.946	0.23	233.14	34.0	0.0	72.0	17.0
9/1/2007	20:59:00	8.104	0.18	233.16	34.8	0.0	71.0	17.0
9/1/2007	21:00:00	7.54	0.152	233.88	32.2	0.0	72.0	16.0
9/1/2007	21:01:00	7.336	0.15	234.22	31.2	0.0	72.0	17.0
9/1/2007	21:02:00	7.332	0.138	234.38	31.2	0.0	72.0	17.0
9/1/2007	21:03:00	6.726	0.154	234.28	29.0	0.0	64.0	17.0
9/1/2007	21:04:00	5.222	0.148	234.9	22.2	0.0	36.0	17.0
9/1/2007	21:07:00	5.164	0.206	234.77	22.0	0.0	36.0	17.0
9/1/2007	21:08:00	5.156	0.174	234.82	21.8	0.0	36.0	17.0
9/1/2007	21:09:00	5.14	0.168	234.14	21.8	0.0	37.0	17.0
10/1/2007	06:53:00	6.81	0.352	238.82	28.4	0.0	2.0	18.0
10/1/2007	06:54:00	6.632	0.596	238.93	28.0	0.0	1.0	18.0
10/1/2007	06:55:00	5.406	0.394	239.59	22.8	0.0	2.0	17.0
10/1/2007	11:18:00	5.694	0.104	234.61	24.2	0.0	73.0	17.0
10/1/2007	11:19:00	5.688	0.088	234.96	24.2	0.0	74.0	17.0
10/1/2007	11:20:00	5.692	0.106	234.92	24.2	0.0	73.0	16.0
10/1/2007	11:21:00	5.724	0.086	235.57	24.2	0.0	74.0	17.0
10/1/2007	11:22:00	5.758	0.106	236.12	24.2	0.0	74.0	18.0
10/1/2007	11:23:00	5.752	0.102	236.1	24.2	0.0	74.0	17.0
10/1/2007	11:24:00	5.828	0.136	235.96	24.6	0.0	74.0	17.0
10/1/2007	11:25:00	6.038	0.098	234.83	25.8	4.0	73.0	17.0
10/1/2007	11:26:00	6.836	0.098	233.17	29.6	37.0	58.0	16.0
10/1/2007	11:27:00	5.746	0.09	234.25	24.4	37.0	37.0	17.0
10/1/2007	11:28:00	5.808	0.132	234.67	24.6	37.0	38.0	17.0
10/1/2007	11:29:00	5.802	0.236	234.82	24.6	37.0	37.0	17.0
10/1/2007	11:30:00	5.812	0.258	234.91	24.6	38.0	38.0	17.0
10/1/2007	11:31:00	5.774	0.21	234.27	24.6	37.0	37.0	17.0
10/1/2007	11:32:00	5.82	0.218	234.57	24.8	37.0	37.0	16.0
10/1/2007	11:33:00	5.808	0.194	234.36	24.8	37.0	38.0	17.0
10/1/2007	11:34:00	5.82	0.212	234.38	24.8	36.0	37.0	17.0
10/1/2007	11:35:00	5.786	0.218	234.12	24.6	37.0	38.0	17.0
10/1/2007	11:40:00	5.848	0.222	235.3	24.8	37.0	37.0	17.0
10/1/2007	11:41:00	5.25	0.198	237.8	22.2	38.0	29.0	17.0
10/1/2007	11:45:00	5.64	0.328	237.68	23.8	38.0	32.0	17.0
10/1/2007	11:46:00	6.104	0.328	237.25	25.6	37.0	42.0	17.0
10/1/2007	11:48:00	6.026	0.334	237.34	25.4	38.0	39.0	17.0
10/1/2007	11:50:00	5.452	0.266	237.17	23.0	37.0	30.0	17.0
10/1/2007	11:51:00	5.694	0.27	238.76	23.8	38.0	35.0	18.0
10/1/2007	20:15:00	5.108	0.262	234.41	21.8	0.0	2.0	17.0
11/1/2007	06:52:00	5.79	0.0	236.77	24.4	0.0	0.0	17.0
11/1/2007	08:12:00	5.256	0.07	236.89	22.2	38.0	0.0	17.0
11/1/2007	08:13:00	5.698	0.068	236.18	24.0	38.0	0.0	18.0
11/1/2007	16:33:00	5.068	0.238	238.18	21.2	0.0	39.0	18.0
11/1/2007	16:34:00	5.064	0.238	238.3	21.2	0.0	39.0	17.0
11/1/2007	16:35:00	5.062	0.238	238.23	21.2	0.0	39.0	18.0
11/1/2007	16:36:00	6.624	0.218	235.78	28.6	0.0	39.0	17.0
11/1/2007	16:37:00	7.574	0.206	234.28	32.2	0.0	37.0	16.0
11/1/2007	16:38:00	6.39	0.218	235.97	27.6	0.0	39.0	17.0
11/1/2007	18:04:00	5.014	0.458	235.99	21.4	0.0	0.0	17.0
11/1/2007	18:05:00	5.194	0.492	236.15	22.2	0.0	0.0	17.0
11/1/2007	19:42:00	5.688	0.404	234.67	24.2	0.0	34.0	17.0
11/1/2007	19:43:00	7.184	0.492	232.93	31.2	30.0	30.0	17.0
11/1/2007	19:44:00	7.6	0.478	232.2	32.8	37.0	31.0	16.0
11/1/2007	19:45:00	7.48	0.492	232.09	32.4	36.0	33.0	17.0
11/1/2007	19:46:00	7.518	0.564	231.76	32.6	37.0	28.0	16.0
11/1/2007	19:47:00	7.71	0.574	230.66	33.4	36.0	34.0	16.0
11/1/2007	19:48:00	7.658	0.548	229.89	33.4	36.0	34.0	17.0
11/1/2007	19:49:00	7.646	0.56	229.54	33.4	36.0	34.0	16.0
11/1/2007	19:50:00	7.636	0.544	229.56	33.2	36.0	34.0	16.0
11/1/2007	19:51:00	7.666	0.628	229.51	33.4	36.0	34.0	16.0
11/1/2007	19:52:00	7.702	0.704	229.31	33.6	36.0	34.0	16.0
11/1/2007	19:53:00	7.628	0.556	229.38	33.2	36.0	34.0	16.0
11/1/2007	19:54:00	7.626	0.538	229.37	33.2	36.0	33.0	17.0
11/1/2007	19:55:00	7.752	0.552	229.27	33.8	35.0	34.0	16.0
11/1/2007	19:56:00	7.754	0.532	228.76	34.0	36.0	34.0	16.0
11/1/2007	19:57:00	6.978	0.552	229.03	30.6	36.0	22.0	16.0
11/1/2007	19:58:00	5.098	0.498	231.45	22.2	2.0	25.0	16.0
11/1/2007	19:59:00	5.606	0.496	231.7	24.2	0.0	34.0	17.0
11/1/2007	20:01:00	5.038	0.492	232.3	21.8	0.0	25.0	17.0
11/1/2007	20:02:00	5.21	0.418	232.48	22.6	0.0	34.0	17.0
12/1/2007	06:57:00	6.478	0.0	236.52	27.4	0.0	0.0	17.0
12/1/2007	06:58:00	6.34	0.0	237.55	26.6	0.0	0.0	18.0
12/1/2007	06:59:00	6.268	0.0	238.01	26.2	0.0	0.0	17.0
12/1/2007	07:00:00	5.348	0.0	238.86	22.8	0.0	0.0	17.0
12/1/2007	07:02:00	5.108	0.0	239.1	21.4	0.0	0.0	18.0
13/1/2007	07:13:00	5.226	0.0	238.02	22.0	0.0	0.0	8.0
13/1/2007	07:14:00	5.244	0.0	236.88	22.0	0.0	0.0	18.0
13/1/2007	07:15:00	5.194	0.0	236.36	21.8	0.0	0.0	18.0
13/1/2007	08:38:00	5.61	0.236	236.91	23.6	1.0	39.0	18.0
13/1/2007	08:39:00	7.334	0.23	234.79	31.2	36.0	37.0	18.0
13/1/2007	08:40:00	6.95	0.254	235.0	29.8	37.0	33.0	17.0
13/1/2007	08:41:00	5.354	0.372	236.78	22.6	38.0	2.0	17.0
13/1/2007	08:42:00	6.456	0.342	235.44	27.8	37.0	20.0	17.0
13/1/2007	08:43:00	5.656	0.236	235.83	24.2	38.0	13.0	18.0
13/1/2007	08:44:00	5.06	0.252	235.45	21.4	37.0	1.0	17.0
13/1/2007	10:56:00	5.374	0.512	235.46	22.8	38.0	2.0	18.0
13/1/2007	10:57:00	6.57	0.498	234.39	28.4	38.0	21.0	17.0
13/1/2007	10:58:00	7.42	0.492	233.5	31.8	37.0	38.0	17.0
13/1/2007	10:59:00	7.352	0.43	233.1	31.6	37.0	38.0	17.0
13/1/2007	11:00:00	8.492	0.348	231.5	36.6	37.0	37.0	17.0
13/1/2007	11:01:00	7.568	0.354	231.84	32.6	36.0	38.0	16.0
13/1/2007	11:02:00	7.142	0.364	231.59	30.8	37.0	37.0	17.0
13/1/2007	11:03:00	7.992	0.38	229.62	34.8	36.0	37.0	16.0
13/1/2007	11:04:00	7.084	0.348	230.96	30.6	36.0	37.0	17.0
13/1/2007	11:05:00	7.07	0.348	230.65	30.6	36.0	37.0	16.0
13/1/2007	11:06:00	7.058	0.348	230.3	30.6	37.0	37.0	16.0
13/1/2007	11:07:00	7.344	0.348	230.81	31.8	36.0	37.0	17.0
13/1/2007	11:08:00	5.544	0.372	233.3	23.8	7.0	38.0	16.0
13/1/2007	11:09:00	5.736	0.374	233.77	24.8	5.0	38.0	17.0
13/1/2007	11:10:00	6.164	0.366	233.1	26.8	37.0	18.0	17.0
13/1/2007	11:11:00	5.384	0.376	234.09	23.0	37.0	2.0	16.0
13/1/2007	11:12:00	5.064	0.374	234.5	21.8	34.0	2.0	17.0
13/1/2007	11:15:00	5.058	0.27	235.21	21.4	37.0	1.0	17.0
13/1/2007	11:16:00	5.048	0.294	234.31	21.4	38.0	1.0	17.0
13/1/2007	20:13:00	5.07	0.304	233.41	22.0	31.0	0.0	17.0
13/1/2007	20:14:00	5.406	0.308	232.92	23.2	37.0	0.0	17.0
13/1/2007	20:15:00	5.486	0.304	232.46	23.6	37.0	0.0	16.0
13/1/2007	20:16:00	5.778	0.31	233.56	24.6	37.0	0.0	17.0
13/1/2007	20:17:00	5.728	0.312	233.83	24.4	37.0	0.0	17.0
13/1/2007	20:18:00	5.68	0.294	233.34	24.2	38.0	0.0	17.0
13/1/2007	20:19:00	5.68	0.186	234.05	24.2	37.0	0.0	16.0
13/1/2007	20:20:00	5.724	0.184	233.64	24.4	37.0	0.0	17.0
13/1/2007	20:21:00	5.65	0.18	232.7	24.2	37.0	0.0	17.0
13/1/2007	20:22:00	5.486	0.158	233.02	23.4	37.0	0.0	16.0
13/1/2007	20:23:00	5.39	0.172	232.52	23.2	37.0	0.0	17.0
13/1/2007	20:24:00	5.412	0.244	232.08	23.2	37.0	0.0	16.0
13/1/2007	20:25:00	5.606	0.242	232.18	24.0	37.0	0.0	17.0
13/1/2007	20:26:00	5.752	0.24	232.2	24.8	36.0	0.0	17.0
13/1/2007	20:27:00	5.78	0.242	232.86	24.8	37.0	0.0	16.0
13/1/2007	20:28:00	5.658	0.242	232.39	24.2	37.0	0.0	17.0
13/1/2007	20:29:00	5.562	0.24	231.87	24.0	37.0	0.0	16.0
13/1/2007	20:30:00	5.592	0.244	232.6	24.0	37.0	0.0	17.0
13/1/2007	20:31:00	5.576	0.242	232.25	24.0	37.0	0.0	16.0
13/1/2007	20:32:00	5.6	0.246	232.83	24.0	37.0	0.0	17.0
13/1/2007	20:33:00	5.602	0.246	232.89	24.0	37.0	0.0	17.0
13/1/2007	20:38:00	5.556	0.246	232.03	23.8	37.0	0.0	17.0
13/1/2007	20:39:00	5.536	0.244	231.46	23.8	37.0	0.0	16.0
13/1/2007	20:54:00	5.62	0.28	232.59	24.2	37.0	0.0	16.0
13/1/2007	20:55:00	5.628	0.282	233.15	24.0	37.0	0.0	17.0
13/1/2007	20:56:00	5.52	0.204	231.75	23.8	36.0	0.0	17.0
13/1/2007	20:57:00	5.46	0.15	231.21	23.6	37.0	0.0	16.0
13/1/2007	20:58:00	5.51	0.154	232.36	23.6	37.0	0.0	17.0
13/1/2007	20:59:00	5.49	0.152	231.88	23.6	36.0	0.0	16.0
13/1/2007	21:00:00	5.486	0.152	231.81	23.6	37.0	0.0	17.0
13/1/2007	21:01:00	5.524	0.154	232.67	23.6	37.0	0.0	16.0
13/1/2007	21:02:00	5.524	0.156	232.66	23.6	37.0	0.0	17.0
13/1/2007	21:03:00	5.462	0.15	231.22	23.6	36.0	0.0	16.0
13/1/2007	21:04:00	5.488	0.152	231.81	23.6	37.0	0.0	17.0
13/1/2007	21:05:00	5.208	0.156	232.75	22.6	30.0	0.0	16.0
13/1/2007	21:08:00	6.332	0.154	233.31	27.0	37.0	0.0	17.0
13/1/2007	21:09:00	6.446	0.154	233.2	27.6	37.0	0.0	16.0
13/1/2007	21:10:00	6.32	0.158	233.9	27.0	37.0	0.0	17.0
13/1/2007	21:11:00	6.092	0.174	234.03	26.0	37.0	0.0	17.0
13/1/2007	21:14:00	5.642	0.176	232.04	24.2	36.0	0.0	16.0
13/1/2007	21:15:00	5.788	0.172	231.46	25.0	37.0	0.0	17.0
13/1/2007	21:16:00	5.698	0.158	232.04	24.6	35.0	0.0	16.0
13/1/2007	21:19:00	5.83	0.604	231.65	25.6	27.0	0.0	16.0
13/1/2007	21:20:00	6.434	0.492	230.94	27.8	36.0	0.0	17.0
13/1/2007	21:21:00	6.23	0.366	231.32	26.8	36.0	0.0	16.0
13/1/2007	21:22:00	5.948	0.372	231.95	25.8	36.0	0.0	16.0
13/1/2007	21:39:00	5.928	0.244	231.86	25.6	0.0	0.0	17.0
13/1/2007	21:40:00	6.116	0.228	231.12	26.4	0.0	0.0	16.0
13/1/2007	21:41:00	6.116	0.226	230.42	26.4	0.0	0.0	16.0
13/1/2007	21:42:00	6.116	0.226	230.43	26.4	0.0	0.0	17.0
13/1/2007	21:43:00	6.094	0.226	230.39	26.4	0.0	0.0	16.0
13/1/2007	21:44:00	5.826	0.226	229.99	25.2	0.0	0.0	16.0
13/1/2007	21:45:00	5.816	0.224	229.77	25.2	0.0	0.0	16.0
13/1/2007	21:46:00	5.796	0.224	229.37	25.2	0.0	0.0	17.0
13/1/2007	21:51:00	5.864	0.244	230.49	25.4	0.0	1.0	16.0
13/1/2007	21:52:00	5.884	0.246	231.01	25.4	0.0	2.0	16.0
13/1/2007	21:56:00	5.964	0.364	230.51	25.8	0.0	1.0	16.0
13/1/2007	21:57:00	5.964	0.364	230.67	25.8	0.0	2.0	17.0
13/1/2007	22:01:00	5.792	0.36	229.46	25.2	0.0	2.0	16.0
13/1/2007	22:02:00	5.764	0.338	228.79	25.2	0.0	1.0	16.0
13/1/2007	22:04:00	5.18	0.36	229.51	23.0	24.0	1.0	16.0
13/1/2007	22:05:00	5.694	0.378	228.8	24.8	36.0	2.0	16.0
13/1/2007	22:06:00	6.632	0.362	226.8	29.4	35.0	1.0	16.0
13/1/2007	22:07:00	7.434	0.358	226.53	32.8	35.0	1.0	16.0
13/1/2007	22:08:00	7.464	0.36	227.05	32.8	35.0	1.0	16.0
13/1/2007	22:09:00	6.13	0.37	230.33	26.8	36.0	1.0	16.0
13/1/2007	22:10:00	5.692	0.266	231.07	24.6	36.0	2.0	16.0
13/1/2007	22:11:00	5.892	0.264	230.56	25.6	36.0	1.0	17.0
13/1/2007	22:12:00	7.518	0.252	229.33	32.8	36.0	1.0	16.0
13/1/2007	22:13:00	6.584	0.26	230.25	28.8	22.0	1.0	16.0
13/1/2007	22:17:00	6.828	0.246	228.71	30.2	25.0	1.0	16.0
13/1/2007	22:18:00	7.45	0.296	227.81	32.6	35.0	1.0	16.0
13/1/2007	22:19:00	6.124	0.286	229.6	27.6	31.0	0.0	16.0
13/1/2007	22:22:00	5.308	0.25	231.62	23.0	1.0	0.0	17.0
13/1/2007	22:23:00	5.994	0.246	231.78	26.0	7.0	0.0	16.0
13/1/2007	22:24:00	6.52	0.238	230.55	28.6	36.0	0.0	16.0
13/1/2007	22:25:00	5.652	0.244	230.82	24.4	36.0	0.0	17.0
13/1/2007	22:27:00	5.25	0.246	230.73	22.8	1.0	0.0	17.0
13/1/2007	22:28:00	5.484	0.248	231.56	23.6	1.0	0.0	16.0
13/1/2007	22:30:00	5.238	0.264	231.9	22.8	26.0	0.0	16.0
13/1/2007	22:31:00	5.792	0.368	231.71	25.0	37.0	0.0	17.0
13/1/2007	22:32:00	6.754	0.36	231.08	29.6	26.0	0.0	16.0
13/1/2007	22:33:00	5.606	0.37	232.17	24.2	1.0	0.0	17.0
13/1/2007	22:37:00	7.502	0.266	231.94	32.4	36.0	0.0	16.0
13/1/2007	22:38:00	7.68	0.266	232.27	33.0	37.0	0.0	17.0
13/1/2007	22:42:00	7.488	0.262	230.75	32.4	35.0	0.0	16.0
13/1/2007	22:43:00	7.52	0.254	229.98	32.6	37.0	0.0	16.0
13/1/2007	22:44:00	6.364	0.188	231.65	27.6	37.0	0.0	17.0
13/1/2007	22:45:00	5.602	0.19	233.07	24.0	38.0	0.0	16.0
13/1/2007	22:46:00	7.202	0.138	231.33	31.2	64.0	0.0	17.0
13/1/2007	22:47:00	9.25	0.0	228.79	40.4	71.0	0.0	16.0
13/1/2007	22:48:00	9.254	0.0	228.56	40.4	71.0	0.0	16.0
13/1/2007	22:49:00	7.262	0.046	230.41	32.4	58.0	0.0	16.0
13/1/2007	22:50:00	5.456	0.058	232.75	23.4	38.0	0.0	17.0
13/1/2007	22:51:00	5.57	0.058	232.61	24.0	37.0	0.0	16.0
13/1/2007	22:52:00	8.536	0.0	229.44	37.4	56.0	0.0	16.0
13/1/2007	22:53:00	9.272	0.0	229.07	40.4	71.0	0.0	17.0
13/1/2007	22:54:00	7.904	0.0	230.55	34.4	72.0	0.0	16.0
13/1/2007	22:57:00	5.314	0.072	233.77	22.6	2.0	0.0	16.0
13/1/2007	22:58:00	5.234	0.0	233.5	22.4	1.0	0.0	17.0
13/1/2007	23:00:00	5.05	0.076	233.46	21.8	27.0	0.0	17.0
13/1/2007	23:01:00	6.4	0.062	232.56	27.8	37.0	0.0	16.0
13/1/2007	23:02:00	6.082	0.112	233.33	26.4	15.0	0.0	17.0
13/1/2007	23:05:00	5.186	0.112	234.77	22.2	29.0	0.0	17.0
13/1/2007	23:06:00	6.632	0.094	232.71	28.8	37.0	0.0	17.0
13/1/2007	23:07:00	7.366	0.148	230.31	32.0	36.0	0.0	16.0
13/1/2007	23:08:00	6.962	0.208	231.0	30.2	36.0	0.0	16.0
13/1/2007	23:09:00	5.608	0.226	233.5	24.0	37.0	0.0	17.0
13/1/2007	23:10:00	5.594	0.224	233.16	24.0	37.0	0.0	17.0
13/1/2007	23:11:00	6.374	0.214	231.71	27.8	36.0	0.0	16.0
13/1/2007	23:12:00	6.662	0.218	232.22	29.0	25.0	0.0	17.0
13/1/2007	23:17:00	5.362	0.182	233.66	22.8	0.0	0.0	16.0
13/1/2007	23:22:00	5.406	0.188	234.93	23.0	0.0	0.0	17.0
13/1/2007	23:26:00	5.238	0.056	232.83	22.4	0.0	0.0	17.0
13/1/2007	23:27:00	5.214	0.068	233.04	22.4	0.0	0.0	16.0
13/1/2007	23:30:00	6.022	0.062	232.63	26.4	30.0	0.0	17.0
13/1/2007	23:31:00	7.332	0.048	231.28	31.6	36.0	0.0	16.0
13/1/2007	23:32:00	6.506	0.06	231.78	28.2	36.0	0.0	17.0
13/1/2007	23:33:00	5.186	0.068	233.65	22.2	37.0	0.0	17.0
13/1/2007	23:34:00	5.252	0.074	235.36	22.2	37.0	0.0	17.0
13/1/2007	23:35:00	7.082	0.056	233.27	30.4	37.0	0.0	16.0
13/1/2007	23:36:00	5.47	0.07	235.37	23.4	9.0	0.0	17.0
13/1/2007	23:40:00	5.116	0.078	236.11	21.6	1.0	0.0	18.0
13/1/2007	23:44:00	6.886	0.194	234.2	29.6	30.0	0.0	17.0
13/1/2007	23:45:00	7.256	0.186	233.72	31.0	37.0	0.0	16.0
13/1/2007	23:49:00	6.864	0.174	231.17	29.8	30.0	0.0	16.0
13/1/2007	23:50:00	7.1	0.17	231.25	30.6	36.0	0.0	17.0
13/1/2007	23:51:00	5.38	0.184	232.6	23.2	36.0	0.0	16.0
13/1/2007	23:52:00	5.222	0.184	232.34	22.4	37.0	0.0	17.0
13/1/2007	23:53:00	6.312	0.174	231.36	27.6	35.0	0.0	16.0
13/1/2007	23:54:00	7.088	0.17	231.16	30.6	36.0	0.0	17.0
13/1/2007	23:55:00	6.146	0.182	232.77	26.6	36.0	0.0	16.0
13/1/2007	23:58:00	5.362	0.192	233.5	22.8	0.0	0.0	16.0
13/1/2007	23:59:00	5.698	0.112	233.39	24.4	1.0	0.0	17.0
14/1/2007	00:02:00	7.274	0.05	233.43	31.2	0.0	0.0	17.0
14/1/2007	00:03:00	7.64	0.0	232.38	32.8	0.0	0.0	16.0
14/1/2007	00:04:00	7.384	0.07	232.92	31.8	0.0	0.0	17.0
14/1/2007	00:05:00	6.302	0.06	234.98	27.0	0.0	0.0	17.0
14/1/2007	02:01:00	5.824	0.098	238.48	24.4	1.0	0.0	18.0
14/1/2007	02:02:00	5.462	0.096	239.94	22.8	16.0	0.0	18.0
14/1/2007	02:03:00	5.266	0.082	240.24	21.8	39.0	0.0	17.0
14/1/2007	02:05:00	5.782	0.212	239.29	24.2	39.0	0.0	18.0
14/1/2007	02:06:00	6.248	0.272	239.12	26.0	38.0	0.0	17.0
14/1/2007	02:09:00	5.508	0.294	239.58	23.2	38.0	0.0	18.0
14/1/2007	02:22:00	5.09	0.122	241.55	21.4	39.0	0.0	18.0
14/1/2007	02:23:00	5.94	0.108	239.54	24.8	39.0	0.0	17.0
14/1/2007	02:27:00	5.758	0.098	239.26	24.0	38.0	0.0	18.0
14/1/2007	08:33:00	5.208	0.182	237.15	22.4	0.0	0.0	0.0
14/1/2007	08:34:00	5.686	0.174	236.09	24.0	0.0	0.0	0.0
14/1/2007	16:06:00	6.22	0.144	237.21	26.2	1.0	74.0	17.0
14/1/2007	16:07:00	6.31	0.184	237.08	26.6	2.0	75.0	17.0
14/1/2007	16:08:00	5.298	0.302	238.11	22.2	1.0	57.0	18.0
14/1/2007	16:09:00	6.234	0.316	238.21	26.2	1.0	71.0	17.0
14/1/2007	16:10:00	6.296	0.29	237.28	26.6	1.0	69.0	17.0
14/1/2007	16:11:00	5.718	0.306	236.96	24.2	1.0	57.0	17.0
14/1/2007	16:12:00	6.656	0.278	236.53	28.0	1.0	74.0	18.0
14/1/2007	16:13:00	5.564	0.31	237.38	23.4	2.0	57.0	17.0
14/1/2007	16:14:00	6.422	0.278	236.12	27.2	1.0	70.0	17.0
14/1/2007	16:15:00	5.748	0.304	236.98	24.2	1.0	60.0	17.0
14/1/2007	16:16:00	6.234	0.278	236.34	26.4	1.0	66.0	17.0
14/1/2007	16:17:00	5.764	0.302	236.85	24.4	1.0	61.0	17.0
14/1/2007	16:18:00	5.596	0.284	236.64	23.8	2.0	58.0	18.0
14/1/2007	17:18:00	5.04	0.332	233.66	21.6	0.0	35.0	18.0
14/1/2007	17:19:00	5.134	0.35	233.16	22.0	0.0	35.0	17.0
14/1/2007	17:20:00	5.09	0.33	232.58	21.8	0.0	35.0	17.0
14/1/2007	17:21:00	5.064	0.34	232.03	21.8	0.0	35.0	16.0
14/1/2007	17:23:00	5.034	0.336	231.78	21.6	0.0	34.0	17.0
14/1/2007	17:24:00	5.062	0.332	232.67	21.8	0.0	35.0	16.0
14/1/2007	17:25:00	5.118	0.352	234.07	21.8	0.0	36.0	17.0
14/1/2007	17:26:00	5.064	0.334	232.92	21.8	0.0	34.0	17.0
14/1/2007	17:27:00	5.072	0.344	232.88	21.8	0.0	36.0	16.0
14/1/2007	17:28:00	5.05	0.332	232.59	21.6	0.0	34.0	17.0
14/1/2007	17:29:00	5.064	0.356	232.13	21.8	0.0	35.0	17.0
14/1/2007	17:30:00	5.08	0.374	232.68	21.8	0.0	37.0	16.0
14/1/2007	17:38:00	5.54	0.218	231.56	24.0	0.0	36.0	17.0
14/1/2007	17:39:00	6.208	0.212	229.87	27.0	0.0	35.0	16.0
14/1/2007	17:40:00	5.876	0.196	230.13	25.4	0.0	36.0	16.0
14/1/2007	17:41:00	5.57	0.16	231.03	24.0	0.0	36.0	17.0
14/1/2007	17:42:00	5.486	0.142	230.84	23.6	0.0	35.0	16.0
14/1/2007	17:43:00	5.488	0.146	230.86	23.6	0.0	36.0	16.0
14/1/2007	17:44:00	5.626	0.142	230.92	24.2	0.0	36.0	17.0
14/1/2007	17:46:00	5.128	0.17	231.65	22.2	0.0	27.0	17.0
14/1/2007	17:47:00	5.396	0.146	231.07	23.2	0.0	35.0	16.0
14/1/2007	17:48:00	5.392	0.144	231.0	23.2	0.0	36.0	17.0
14/1/2007	17:51:00	5.514	0.246	231.67	23.8	0.0	36.0	16.0
14/1/2007	17:52:00	5.154	0.274	232.0	22.2	0.0	30.0	17.0
14/1/2007	17:54:00	5.742	0.262	231.15	24.8	0.0	36.0	17.0
14/1/2007	17:55:00	5.538	0.258	230.29	24.0	0.0	35.0	16.0
14/1/2007	17:56:00	5.322	0.266	231.52	23.0	0.0	28.0	16.0
14/1/2007	17:57:00	5.13	0.27	232.36	22.2	0.0	22.0	17.0
14/1/2007	17:58:00	5.53	0.266	232.3	23.8	0.0	33.0	16.0
14/1/2007	18:01:00	5.812	0.246	231.48	25.0	0.0	35.0	16.0
14/1/2007	18:03:00	5.32	0.254	232.65	23.0	0.0	25.0	16.0
14/1/2007	18:04:00	5.3	0.22	232.31	23.0	0.0	28.0	17.0
14/1/2007	18:06:00	5.418	0.134	232.52	23.4	0.0	31.0	16.0
14/1/2007	18:07:00	5.262	0.13	232.86	22.8	0.0	25.0	17.0
14/1/2007	19:09:00	5.162	0.676	231.47	22.6	0.0	1.0	17.0
14/1/2007	19:10:00	5.138	0.628	231.2	22.4	0.0	2.0	16.0
14/1/2007	19:11:00	5.104	0.592	231.4	22.2	0.0	1.0	16.0
14/1/2007	19:12:00	5.11	0.59	232.72	22.0	0.0	2.0	17.0
15/1/2007	19:31:00	5.032	0.316	235.08	21.4	0.0	39.0	17.0
15/1/2007	19:32:00	5.272	0.308	234.69	22.4	0.0	38.0	17.0
15/1/2007	19:33:00	5.368	0.214	234.56	22.8	0.0	39.0	16.0
15/1/2007	19:34:00	5.624	0.232	233.98	24.0	0.0	38.0	17.0
15/1/2007	19:35:00	5.896	0.27	233.04	25.2	0.0	38.0	17.0
16/1/2007	06:56:00	5.57	0.194	239.99	23.2	0.0	0.0	0.0
16/1/2007	17:55:00	5.02	0.832	236.07	21.6	0.0	1.0	17.0
16/1/2007	17:56:00	5.232	0.842	234.92	22.6	0.0	1.0	17.0
16/1/2007	17:57:00	5.248	0.744	235.01	22.6	0.0	1.0	17.0
17/1/2007	10:11:00	5.168	0.394	235.77	22.4	22.0	38.0	17.0
17/1/2007	10:12:00	6.146	0.348	234.4	27.0	38.0	38.0	17.0
17/1/2007	10:13:00	8.0	0.33	233.2	34.2	37.0	72.0	17.0
17/1/2007	10:14:00	7.902	0.29	232.16	34.0	36.0	72.0	16.0
17/1/2007	10:15:00	7.856	0.304	231.43	33.8	36.0	72.0	17.0
17/1/2007	10:16:00	7.9	0.288	231.59	34.0	37.0	71.0	16.0
17/1/2007	10:17:00	7.296	0.312	232.43	31.6	36.0	64.0	17.0
17/1/2007	10:18:00	5.938	0.324	235.78	25.2	37.0	38.0	17.0
17/1/2007	10:19:00	7.59	0.322	234.13	32.6	37.0	63.0	17.0
17/1/2007	10:20:00	6.198	0.324	235.94	26.4	37.0	43.0	17.0
17/1/2007	10:21:00	5.934	0.342	235.81	25.2	38.0	38.0	17.0
17/1/2007	10:22:00	7.248	0.28	234.84	31.2	36.0	58.0	17.0
17/1/2007	10:23:00	6.09	0.21	235.82	26.0	38.0	44.0	17.0
17/1/2007	15:03:00	6.948	0.248	240.73	29.0	0.0	78.0	18.0
17/1/2007	15:04:00	7.138	0.224	240.37	29.8	0.0	77.0	17.0
17/1/2007	15:05:00	6.612	0.222	240.91	27.4	0.0	77.0	18.0
17/1/2007	15:06:00	6.57	0.216	240.19	27.2	0.0	77.0	18.0
17/1/2007	15:07:00	6.572	0.22	240.31	27.2	0.0	76.0	17.0
17/1/2007	15:08:00	5.106	0.346	242.36	21.4	0.0	53.0	18.0
17/1/2007	15:10:00	5.542	0.36	241.02	23.4	0.0	56.0	18.0
17/1/2007	15:11:00	5.024	0.364	240.7	21.2	0.0	51.0	18.0
17/1/2007	17:11:00	5.082	0.244	237.46	22.2	0.0	36.0	17.0
17/1/2007	17:12:00	6.154	0.216	236.96	26.2	0.0	27.0	17.0
17/1/2007	17:13:00	6.678	0.236	236.99	28.2	0.0	37.0	17.0
17/1/2007	20:35:00	5.07	0.36	235.61	21.8	0.0	0.0	17.0
17/1/2007	20:36:00	5.13	0.31	234.47	22.0	0.0	0.0	17.0
17/1/2007	20:39:00	5.036	0.412	234.83	21.6	0.0	0.0	17.0
17/1/2007	21:57:00	5.588	0.072	236.62	23.6	38.0	0.0	17.0
17/1/2007	21:58:00	5.526	0.0	235.88	23.4	38.0	0.0	17.0
17/1/2007	21:59:00	5.468	0.0	235.57	23.2	37.0	0.0	17.0
17/1/2007	22:00:00	5.488	0.0	235.28	23.2	38.0	0.0	17.0
17/1/2007	22:01:00	5.65	0.0	235.52	24.0	37.0	0.0	17.0
17/1/2007	22:02:00	5.532	0.0	235.3	23.4	37.0	0.0	17.0
17/1/2007	22:03:00	5.55	0.0	235.91	23.4	37.0	0.0	17.0
17/1/2007	22:04:00	5.52	0.0	235.53	23.4	38.0	0.0	17.0
17/1/2007	22:05:00	5.494	0.0	235.03	23.2	37.0	0.0	17.0
17/1/2007	22:06:00	5.47	0.0	234.29	23.2	36.0	0.0	17.0
17/1/2007	22:07:00	5.468	0.0	234.28	23.2	37.0	0.0	17.0
18/1/2007	06:58:00	6.808	0.104	238.53	28.6	0.0	0.0	17.0
18/1/2007	06:59:00	6.37	0.182	239.51	26.6	0.0	0.0	18.0
18/1/2007	07:00:00	5.922	0.208	239.61	24.6	0.0	0.0	17.0
18/1/2007	07:06:00	5.004	0.27	238.21	21.0	0.0	0.0	17.0
18/1/2007	20:23:00	5.344	0.21	237.07	22.6	0.0	0.0	17.0
18/1/2007	20:24:00	5.028	0.214	237.32	21.4	0.0	0.0	17.0
19/1/2007	06:58:00	6.132	0.078	237.51	25.8	0.0	1.0	7.0
19/1/2007	06:59:00	5.896	0.076	237.22	25.0	0.0	1.0	18.0
19/1/2007	22:23:00	5.344	0.0	236.13	22.8	28.0	0.0	17.0
19/1/2007	22:28:00	5.452	0.058	235.95	23.2	37.0	0.0	17.0
20/1/2007	07:42:00	6.436	0.0	236.41	27.4	0.0	0.0	17.0
20/1/2007	07:43:00	7.494	0.0	235.36	31.8	0.0	0.0	17.0
20/1/2007	07:44:00	5.186	0.0	236.87	23.0	0.0	0.0	2.0
20/1/2007	12:56:00	5.496	0.246	235.9	23.2	38.0	0.0	17.0
20/1/2007	12:57:00	5.496	0.314	236.39	23.2	38.0	0.0	18.0
20/1/2007	13:25:00	5.652	0.342	235.38	24.2	38.0	25.0	17.0
20/1/2007	13:28:00	5.52	0.246	235.71	23.6	0.0	63.0	17.0
20/1/2007	13:29:00	5.402	0.232	235.07	23.2	0.0	64.0	17.0
20/1/2007	13:30:00	6.05	0.278	234.88	25.8	0.0	72.0	17.0
20/1/2007	13:31:00	6.248	0.274	235.19	26.6	1.0	73.0	17.0
20/1/2007	13:32:00	6.244	0.282	235.04	26.6	0.0	72.0	17.0
20/1/2007	13:33:00	6.232	0.27	234.87	26.4	1.0	72.0	17.0
20/1/2007	13:34:00	6.264	0.28	235.1	26.6	0.0	72.0	17.0
20/1/2007	13:35:00	6.242	0.268	234.9	26.6	0.0	73.0	17.0
20/1/2007	13:36:00	6.242	0.278	234.82	26.6	1.0	72.0	17.0
20/1/2007	13:37:00	6.27	0.27	235.57	26.6	0.0	72.0	17.0
20/1/2007	13:38:00	6.252	0.28	235.08	26.6	1.0	73.0	17.0
20/1/2007	13:39:00	6.294	0.312	235.17	26.8	0.0	72.0	17.0
20/1/2007	13:40:00	6.346	0.404	234.91	27.0	1.0	72.0	16.0
20/1/2007	13:41:00	5.498	0.402	236.03	23.8	0.0	60.0	17.0
20/1/2007	13:43:00	5.682	0.252	236.57	24.2	0.0	64.0	17.0
20/1/2007	13:56:00	5.354	0.252	236.99	22.6	0.0	39.0	17.0
20/1/2007	18:31:00	5.952	0.056	228.32	26.0	0.0	1.0	16.0
20/1/2007	18:32:00	6.124	0.062	228.13	26.8	0.0	0.0	16.0
20/1/2007	18:33:00	6.14	0.058	228.14	26.8	0.0	0.0	16.0
20/1/2007	18:34:00	6.108	0.064	227.98	26.8	0.0	0.0	16.0
20/1/2007	18:43:00	5.578	0.27	230.2	24.4	0.0	25.0	16.0
20/1/2007	18:44:00	5.836	0.28	229.99	25.4	0.0	35.0	16.0
20/1/2007	18:45:00	5.436	0.272	230.08	23.8	0.0	26.0	17.0
20/1/2007	18:46:00	5.822	0.268	229.43	25.4	0.0	34.0	16.0
20/1/2007	18:47:00	5.326	0.254	229.56	23.4	0.0	26.0	16.0
20/1/2007	18:48:00	5.812	0.264	229.28	25.2	0.0	34.0	16.0
20/1/2007	18:49:00	5.768	0.248	228.57	25.2	0.0	34.0	16.0
20/1/2007	18:50:00	5.83	0.264	229.17	25.4	0.0	34.0	16.0
20/1/2007	18:51:00	5.824	0.254	229.63	25.4	0.0	34.0	16.0
20/1/2007	18:52:00	5.806	0.264	229.42	25.2	0.0	34.0	17.0
20/1/2007	18:53:00	5.768	0.25	228.87	25.2	0.0	34.0	16.0
20/1/2007	18:54:00	5.772	0.258	228.67	25.2	0.0	34.0	16.0
20/1/2007	18:55:00	5.734	0.238	227.73	25.2	0.0	33.0	16.0
20/1/2007	18:56:00	5.724	0.252	227.54	25.0	0.0	34.0	16.0
20/1/2007	18:57:00	5.7	0.184	228.33	24.8	0.0	33.0	16.0
20/1/2007	18:58:00	5.658	0.138	228.18	24.8	0.0	34.0	16.0
20/1/2007	18:59:00	5.664	0.124	228.57	24.8	0.0	34.0	16.0
20/1/2007	19:00:00	5.742	0.212	228.55	25.0	0.0	35.0	16.0
20/1/2007	19:01:00	5.75	0.228	228.84	25.0	0.0	35.0	16.0
20/1/2007	19:02:00	5.758	0.244	228.85	25.2	0.0	35.0	16.0
20/1/2007	19:03:00	5.818	0.298	228.75	25.4	0.0	35.0	16.0
20/1/2007	19:04:00	5.87	0.336	229.08	25.6	0.0	35.0	16.0
20/1/2007	19:05:00	5.868	0.322	229.77	25.4	0.0	35.0	16.0
20/1/2007	19:06:00	5.87	0.34	229.63	25.6	0.0	35.0	16.0
20/1/2007	19:07:00	5.836	0.318	229.09	25.4	0.0	35.0	16.0
20/1/2007	19:08:00	5.846	0.336	229.15	25.4	0.0	36.0	17.0
20/1/2007	19:09:00	5.832	0.314	229.0	25.4	0.0	35.0	16.0
20/1/2007	19:10:00	5.84	0.326	228.85	25.4	0.0	35.0	16.0
20/1/2007	19:11:00	5.84	0.312	229.13	25.4	0.0	35.0	16.0
20/1/2007	19:12:00	5.848	0.326	229.11	25.4	0.0	35.0	16.0
20/1/2007	19:13:00	5.848	0.312	229.43	25.4	0.0	35.0	16.0
20/1/2007	19:14:00	5.828	0.332	228.84	25.4	0.0	36.0	16.0
20/1/2007	19:15:00	6.252	0.414	229.16	27.2	0.0	35.0	16.0
20/1/2007	19:16:00	6.23	0.45	228.98	27.2	0.0	35.0	16.0
20/1/2007	19:17:00	6.21	0.432	228.85	27.2	0.0	35.0	16.0
20/1/2007	19:18:00	6.238	0.45	229.29	27.2	0.0	35.0	17.0
20/1/2007	19:19:00	6.24	0.436	229.62	27.2	0.0	35.0	16.0
20/1/2007	19:20:00	7.202	0.44	228.37	32.0	0.0	35.0	16.0
20/1/2007	19:21:00	8.658	0.402	226.33	38.2	0.0	34.0	15.0
20/1/2007	19:22:00	8.242	0.406	227.3	36.4	0.0	27.0	16.0
20/1/2007	19:23:00	7.602	0.374	228.07	33.4	0.0	21.0	16.0
20/1/2007	19:24:00	6.586	0.536	229.44	28.8	0.0	35.0	16.0
20/1/2007	19:25:00	6.238	0.36	231.32	27.0	0.0	36.0	17.0
20/1/2007	19:26:00	6.198	0.384	232.22	26.6	0.0	36.0	16.0
20/1/2007	19:27:00	5.084	0.278	232.98	21.8	0.0	16.0	17.0
20/1/2007	19:28:00	6.11	0.272	232.12	26.4	0.0	32.0	17.0
20/1/2007	19:29:00	5.45	0.26	232.32	23.6	0.0	26.0	16.0
20/1/2007	19:30:00	5.088	0.274	231.52	22.0	0.0	21.0	17.0
20/1/2007	19:31:00	5.602	0.242	229.73	24.4	0.0	31.0	16.0
20/1/2007	19:32:00	5.604	0.306	230.31	24.4	0.0	28.0	16.0
20/1/2007	19:33:00	7.204	0.236	229.82	32.0	0.0	15.0	16.0
20/1/2007	19:34:00	8.306	0.146	228.59	36.2	0.0	34.0	16.0
20/1/2007	19:35:00	7.332	0.116	230.56	32.2	0.0	26.0	17.0
20/1/2007	19:37:00	5.212	0.132	232.77	22.6	0.0	23.0	17.0
20/1/2007	19:38:00	5.268	0.154	232.16	22.8	0.0	27.0	16.0
20/1/2007	19:40:00	5.584	0.154	232.78	24.0	0.0	32.0	17.0
20/1/2007	20:52:00	5.56	0.232	234.75	23.6	37.0	4.0	17.0
20/1/2007	20:53:00	5.542	0.224	235.09	23.6	37.0	5.0	17.0
20/1/2007	20:54:00	5.386	0.246	234.9	22.8	37.0	5.0	17.0
20/1/2007	20:55:00	5.374	0.242	234.23	22.8	37.0	4.0	17.0
20/1/2007	20:56:00	5.322	0.226	234.71	22.6	37.0	4.0	16.0
20/1/2007	20:57:00	5.164	0.178	234.86	22.0	37.0	1.0	17.0
20/1/2007	20:58:00	5.178	0.182	234.67	22.0	37.0	2.0	17.0
20/1/2007	21:29:00	5.232	0.0	235.97	22.2	1.0	1.0	17.0
21/1/2007	13:32:00	5.164	0.638	233.96	22.4	38.0	0.0	17.0
21/1/2007	13:58:00	6.0	0.212	235.61	25.4	75.0	0.0	17.0
21/1/2007	13:59:00	5.978	0.212	235.66	25.2	75.0	0.0	17.0
21/1/2007	14:05:00	5.636	0.228	238.68	23.8	66.0	0.0	17.0
21/1/2007	15:33:00	5.052	0.076	237.72	21.2	38.0	38.0	0.0
21/1/2007	17:35:00	5.96	0.198	234.17	25.6	0.0	61.0	17.0
21/1/2007	17:36:00	6.392	0.18	232.93	27.4	0.0	71.0	17.0
21/1/2007	17:37:00	6.362	0.18	232.5	27.2	0.0	70.0	17.0
21/1/2007	17:38:00	6.384	0.092	234.35	27.2	0.0	72.0	17.0
21/1/2007	17:39:00	6.356	0.104	233.69	27.2	0.0	71.0	17.0
21/1/2007	17:40:00	6.284	0.08	232.3	27.0	0.0	70.0	16.0
21/1/2007	17:41:00	6.268	0.092	232.1	27.0	0.0	71.0	17.0
21/1/2007	17:42:00	6.236	0.08	232.34	26.8	0.0	70.0	16.0
21/1/2007	17:43:00	6.182	0.088	231.01	26.6	0.0	70.0	17.0
21/1/2007	17:44:00	6.17	0.072	230.98	26.6	0.0	70.0	16.0
21/1/2007	17:45:00	6.168	0.084	230.73	26.6	0.0	69.0	16.0
21/1/2007	17:46:00	6.122	0.07	229.99	26.6	0.0	69.0	17.0
21/1/2007	17:47:00	5.674	0.086	230.55	24.8	0.0	63.0	16.0
21/1/2007	18:50:00	5.528	0.172	232.58	23.8	37.0	0.0	16.0
21/1/2007	18:51:00	5.602	0.346	230.88	24.2	36.0	1.0	17.0
21/1/2007	18:52:00	5.542	0.328	229.97	24.0	36.0	0.0	16.0
21/1/2007	18:53:00	5.526	0.322	229.22	24.0	36.0	0.0	16.0
21/1/2007	18:54:00	5.566	0.32	230.61	24.0	36.0	0.0	16.0
21/1/2007	18:55:00	5.614	0.346	230.45	24.4	37.0	0.0	17.0
21/1/2007	18:56:00	5.628	0.402	230.41	24.4	36.0	0.0	16.0
21/1/2007	18:57:00	5.68	0.404	230.8	24.6	36.0	1.0	16.0
21/1/2007	18:58:00	5.628	0.396	230.41	24.4	36.0	0.0	17.0
21/1/2007	18:59:00	5.646	0.396	230.54	24.4	36.0	0.0	16.0
21/1/2007	19:00:00	5.602	0.386	229.83	24.4	37.0	0.0	16.0
21/1/2007	19:01:00	5.598	0.388	229.77	24.4	36.0	0.0	16.0
21/1/2007	19:02:00	5.566	0.388	230.58	24.2	36.0	0.0	17.0
21/1/2007	19:05:00	5.692	0.4	230.8	24.6	36.0	0.0	16.0
21/1/2007	19:06:00	5.526	0.286	229.05	24.0	36.0	0.0	16.0
21/1/2007	19:07:00	5.502	0.268	228.38	24.0	36.0	0.0	16.0
21/1/2007	19:12:00	5.412	0.224	227.12	23.8	35.0	0.0	16.0
21/1/2007	19:13:00	5.392	0.22	227.01	23.6	35.0	0.0	16.0
21/1/2007	19:18:00	5.656	0.336	226.18	25.8	21.0	7.0	15.0
21/1/2007	19:19:00	7.504	0.244	225.17	33.2	35.0	34.0	16.0
21/1/2007	19:20:00	7.378	0.278	225.44	33.2	34.0	26.0	15.0
21/1/2007	19:21:00	6.32	0.228	226.03	28.2	16.0	34.0	16.0
21/1/2007	19:22:00	5.058	0.226	226.73	22.6	1.0	27.0	16.0
21/1/2007	19:23:00	6.5	0.14	225.72	29.0	0.0	49.0	16.0
21/1/2007	19:24:00	7.48	0.18	225.52	33.2	0.0	67.0	15.0
21/1/2007	19:25:00	7.532	0.25	225.25	33.4	0.0	67.0	16.0
21/1/2007	19:26:00	7.54	0.268	224.77	33.6	0.0	67.0	15.0
21/1/2007	19:27:00	7.552	0.25	225.17	33.4	0.0	66.0	16.0
21/1/2007	19:28:00	7.598	0.266	226.29	33.6	0.0	68.0	16.0
21/1/2007	19:29:00	7.186	0.276	227.35	31.6	0.0	68.0	15.0
21/1/2007	19:30:00	7.532	0.416	226.97	33.4	0.0	68.0	16.0
21/1/2007	19:31:00	8.018	0.394	225.53	35.6	0.0	67.0	16.0
21/1/2007	19:32:00	7.948	0.354	224.68	35.4	0.0	67.0	15.0
21/1/2007	19:33:00	7.374	0.326	226.03	33.0	1.0	59.0	16.0
21/1/2007	19:51:00	5.08	0.244	231.55	22.0	0.0	41.0	17.0
21/1/2007	20:17:00	5.936	0.328	232.02	25.8	33.0	0.0	17.0
21/1/2007	20:18:00	6.112	0.354	230.68	26.4	42.0	0.0	16.0
21/1/2007	20:19:00	6.352	0.346	229.83	27.6	41.0	0.0	16.0
21/1/2007	20:20:00	6.394	0.338	229.0	27.8	41.0	0.0	16.0
21/1/2007	20:21:00	6.408	0.338	229.51	27.8	42.0	1.0	17.0
21/1/2007	20:22:00	6.364	0.342	229.85	27.6	41.0	0.0	16.0
21/1/2007	20:23:00	6.326	0.34	230.16	27.4	42.0	0.0	16.0
21/1/2007	20:24:00	6.36	0.344	230.47	27.6	41.0	0.0	16.0
21/1/2007	20:25:00	6.308	0.416	230.33	27.4	42.0	0.0	17.0
21/1/2007	20:26:00	6.03	0.234	230.87	26.0	42.0	1.0	16.0
21/1/2007	20:27:00	6.09	0.228	231.8	26.2	42.0	0.0	16.0
21/1/2007	20:28:00	6.322	0.208	231.37	27.2	42.0	0.0	17.0
21/1/2007	20:29:00	6.568	0.124	231.38	28.4	42.0	0.0	16.0
21/1/2007	20:30:00	6.544	0.128	231.86	28.2	42.0	0.0	17.0
21/1/2007	20:31:00	6.394	0.128	231.38	27.6	42.0	0.0	16.0
21/1/2007	20:32:00	6.426	0.13	232.18	27.6	43.0	0.0	17.0
21/1/2007	20:33:00	6.486	0.168	232.38	27.8	42.0	1.0	16.0
21/1/2007	20:34:00	7.97	0.16	230.45	34.6	42.0	30.0	17.0
21/1/2007	20:35:00	7.912	0.176	230.29	34.4	41.0	33.0	16.0
21/1/2007	20:36:00	7.71	0.162	230.61	33.4	42.0	27.0	16.0
21/1/2007	20:37:00	7.938	0.18	231.06	34.4	42.0	35.0	17.0
21/1/2007	20:38:00	7.604	0.164	231.75	33.0	43.0	26.0	16.0
21/1/2007	20:39:00	7.98	0.18	230.77	34.6	41.0	34.0	16.0
21/1/2007	20:40:00	7.99	0.166	231.09	34.6	42.0	35.0	17.0
21/1/2007	20:41:00	7.956	0.18	230.37	34.4	42.0	34.0	16.0
21/1/2007	20:42:00	7.946	0.162	230.39	34.4	42.0	34.0	16.0
21/1/2007	20:43:00	7.796	0.18	230.39	33.8	41.0	34.0	17.0
21/1/2007	20:44:00	7.738	0.272	229.46	33.6	42.0	34.0	16.0
21/1/2007	20:45:00	7.728	0.292	229.2	33.6	41.0	34.0	16.0
21/1/2007	20:46:00	7.008	0.282	229.7	30.6	41.0	22.0	16.0
21/1/2007	20:47:00	7.152	0.294	229.13	31.2	42.0	24.0	16.0
21/1/2007	20:48:00	7.7	0.274	229.0	33.6	41.0	34.0	16.0
21/1/2007	20:49:00	7.564	0.292	229.36	33.0	41.0	32.0	16.0
21/1/2007	20:50:00	6.68	0.288	231.04	28.8	42.0	15.0	17.0
21/1/2007	20:51:00	7.776	0.298	230.29	33.8	42.0	33.0	16.0
21/1/2007	20:52:00	7.192	0.286	230.28	31.2	41.0	29.0	16.0
21/1/2007	20:53:00	6.672	0.3	228.84	29.2	41.0	18.0	16.0
21/1/2007	20:54:00	7.74	0.272	227.86	34.0	41.0	33.0	16.0
21/1/2007	20:55:00	6.978	0.296	228.94	30.6	41.0	22.0	16.0
21/1/2007	20:56:00	7.198	0.284	229.79	31.4	42.0	24.0	17.0
21/1/2007	20:57:00	7.854	0.298	230.01	34.0	41.0	35.0	16.0
21/1/2007	20:58:00	6.8	0.294	231.62	29.4	42.0	16.0	16.0
21/1/2007	20:59:00	7.684	0.302	230.26	33.4	42.0	30.0	17.0
21/1/2007	21:00:00	6.946	0.296	231.65	30.0	42.0	20.0	16.0
21/1/2007	21:01:00	7.63	0.392	230.58	33.2	42.0	27.0	16.0
21/1/2007	21:02:00	7.038	0.284	230.9	30.6	41.0	22.0	17.0
21/1/2007	21:03:00	7.382	0.276	230.3	32.0	42.0	25.0	16.0
21/1/2007	21:04:00	7.064	0.264	231.31	30.6	42.0	22.0	16.0
21/1/2007	21:05:00	7.374	0.286	231.89	31.8	42.0	24.0	17.0
21/1/2007	21:06:00	6.938	0.272	233.45	29.8	43.0	18.0	17.0
21/1/2007	21:07:00	7.55	0.292	233.4	32.4	43.0	26.0	16.0
21/1/2007	21:08:00	6.806	0.284	235.54	29.0	43.0	18.0	17.0
21/1/2007	21:09:00	7.476	0.302	234.92	31.8	43.0	27.0	17.0
21/1/2007	21:10:00	6.57	0.286	235.75	27.8	44.0	14.0	17.0
21/1/2007	21:11:00	7.496	0.298	234.37	32.0	43.0	29.0	17.0
21/1/2007	21:12:00	6.502	0.28	234.8	27.6	43.0	12.0	17.0
21/1/2007	21:13:00	7.44	0.298	234.36	31.8	43.0	29.0	17.0
21/1/2007	21:14:00	6.254	0.284	235.37	26.6	44.0	8.0	17.0
21/1/2007	21:15:00	6.062	0.344	235.82	25.6	43.0	5.0	17.0
21/1/2007	21:16:00	5.95	0.3	234.65	25.4	43.0	4.0	17.0
21/1/2007	21:17:00	6.008	0.326	235.04	25.6	44.0	5.0	17.0
21/1/2007	21:18:00	5.976	0.306	235.76	25.4	43.0	5.0	17.0
21/1/2007	21:19:00	5.832	0.34	236.71	24.6	44.0	5.0	17.0
21/1/2007	21:20:00	5.816	0.32	237.19	24.4	44.0	5.0	17.0
21/1/2007	21:21:00	5.84	0.34	237.44	24.6	45.0	5.0	17.0
21/1/2007	21:22:00	5.714	0.296	237.14	24.0	44.0	3.0	18.0
21/1/2007	21:23:00	5.73	0.388	237.28	24.2	44.0	1.0	17.0
21/1/2007	21:24:00	5.738	0.406	237.15	24.2	44.0	2.0	17.0
21/1/2007	21:25:00	5.656	0.394	235.81	24.0	43.0	1.0	17.0
21/1/2007	21:26:00	5.658	0.394	235.44	24.0	44.0	2.0	17.0
21/1/2007	21:27:00	5.652	0.394	235.91	24.0	44.0	1.0	17.0
21/1/2007	21:28:00	5.668	0.396	235.86	24.0	43.0	2.0	17.0
21/1/2007	21:29:00	5.646	0.394	235.95	24.0	44.0	1.0	17.0
21/1/2007	21:30:00	5.634	0.394	235.21	24.0	43.0	2.0	17.0
21/1/2007	21:33:00	5.64	0.394	235.7	24.0	44.0	1.0	17.0
21/1/2007	21:34:00	5.696	0.404	236.79	24.0	44.0	2.0	17.0
21/1/2007	21:35:00	5.712	0.406	237.13	24.0	44.0	1.0	17.0
21/1/2007	21:36:00	5.684	0.402	236.86	24.0	44.0	1.0	17.0
21/1/2007	21:37:00	5.672	0.292	237.99	23.8	44.0	1.0	18.0
21/1/2007	21:38:00	5.63	0.286	237.47	23.6	44.0	0.0	17.0
21/1/2007	21:39:00	5.66	0.29	237.74	23.8	45.0	0.0	17.0
21/1/2007	21:40:00	5.596	0.256	236.99	23.6	44.0	0.0	18.0
21/1/2007	21:41:00	5.548	0.154	236.77	23.4	44.0	0.0	17.0
21/1/2007	21:42:00	5.56	0.154	237.26	23.4	44.0	0.0	17.0
21/1/2007	21:43:00	6.93	0.142	235.45	29.4	43.0	1.0	17.0
21/1/2007	21:44:00	6.478	0.138	234.92	27.6	44.0	0.0	17.0
21/1/2007	21:45:00	6.102	0.176	235.33	26.0	43.0	0.0	17.0
21/1/2007	21:46:00	5.496	0.184	235.51	23.2	43.0	0.0	17.0
21/1/2007	21:49:00	5.342	0.244	236.68	22.6	41.0	1.0	17.0
21/1/2007	21:50:00	5.336	0.234	236.48	22.6	44.0	0.0	17.0
21/1/2007	21:51:00	5.338	0.236	236.11	22.6	44.0	0.0	17.0
21/1/2007	21:52:00	5.334	0.236	236.53	22.4	44.0	0.0	17.0
21/1/2007	21:53:00	5.354	0.238	236.63	22.6	44.0	0.0	17.0
21/1/2007	21:54:00	5.358	0.238	237.24	22.6	44.0	0.0	18.0
21/1/2007	21:55:00	5.39	0.242	237.49	22.6	44.0	1.0	17.0
21/1/2007	21:56:00	5.376	0.24	237.65	22.6	44.0	0.0	17.0
21/1/2007	21:57:00	5.378	0.24	237.08	22.6	44.0	0.0	17.0
21/1/2007	21:58:00	5.276	0.236	236.5	22.2	44.0	0.0	17.0
21/1/2007	21:59:00	5.248	0.234	235.45	22.2	44.0	0.0	17.0
21/1/2007	22:00:00	5.298	0.24	237.18	22.2	44.0	0.0	18.0
21/1/2007	22:01:00	5.272	0.148	237.66	22.2	44.0	0.0	17.0
22/1/2007	07:05:00	6.212	0.05	236.96	26.2	0.0	0.0	0.0
22/1/2007	07:06:00	5.458	0.054	237.77	22.8	0.0	0.0	0.0
22/1/2007	07:07:00	5.492	0.054	237.61	23.0	0.0	0.0	0.0
22/1/2007	19:32:00	6.25	0.582	234.02	26.8	0.0	2.0	17.0
22/1/2007	19:33:00	5.45	0.446	234.14	23.6	0.0	1.0	17.0
22/1/2007	20:19:00	5.266	0.092	232.88	22.6	0.0	35.0	17.0
22/1/2007	20:20:00	5.782	0.172	233.12	25.0	0.0	43.0	17.0
22/1/2007	20:21:00	7.356	0.194	231.35	31.8	0.0	67.0	16.0
22/1/2007	20:22:00	7.144	0.21	231.77	31.0	0.0	66.0	17.0
22/1/2007	20:23:00	7.502	0.19	231.81	32.4	0.0	65.0	16.0
22/1/2007	20:24:00	7.696	0.208	231.3	33.2	0.0	70.0	16.0
22/1/2007	20:25:00	7.608	0.194	231.98	32.8	0.0	69.0	17.0
22/1/2007	20:26:00	7.722	0.22	233.22	33.0	0.0	71.0	17.0
22/1/2007	20:27:00	6.896	0.2	233.21	29.8	0.0	57.0	16.0
22/1/2007	20:28:00	5.58	0.228	233.84	24.0	0.0	36.0	17.0
22/1/2007	20:29:00	6.976	0.2	232.7	30.2	0.0	63.0	17.0
22/1/2007	20:30:00	5.48	0.282	235.1	23.4	0.0	36.0	17.0
22/1/2007	20:31:00	5.486	0.264	234.34	23.4	0.0	36.0	17.0
22/1/2007	21:04:00	5.09	0.254	235.07	21.8	0.0	49.0	0.0
22/1/2007	21:05:00	5.426	0.224	234.24	23.4	0.0	55.0	0.0
22/1/2007	21:06:00	6.184	0.246	234.93	26.4	0.0	69.0	0.0
22/1/2007	21:07:00	5.16	0.24	236.84	21.8	0.0	52.0	0.0
22/1/2007	21:08:00	6.13	0.246	234.75	26.2	0.0	66.0	0.0
22/1/2007	21:09:00	5.078	0.222	233.0	21.8	0.0	51.0	0.0
23/1/2007	19:19:00	5.006	0.202	237.09	21.0	0.0	0.0	0.0
23/1/2007	19:25:00	5.028	0.21	238.39	21.0	0.0	0.0	0.0
23/1/2007	20:32:00	5.47	0.0	236.07	23.4	0.0	0.0	18.0
23/1/2007	20:33:00	6.036	0.0	236.05	25.4	0.0	0.0	17.0
23/1/2007	20:34:00	6.0	0.0	235.37	25.4	0.0	0.0	18.0
23/1/2007	20:35:00	5.076	0.0	236.37	21.8	0.0	0.0	17.0
23/1/2007	20:46:00	5.064	0.174	234.34	21.6	0.0	0.0	17.0
23/1/2007	20:47:00	5.078	0.176	234.88	21.6	0.0	0.0	17.0
23/1/2007	20:48:00	5.064	0.176	234.59	21.6	0.0	0.0	17.0
23/1/2007	20:53:00	5.016	0.054	235.59	21.2	0.0	0.0	17.0
24/1/2007	07:30:00	5.772	0.09	236.28	24.4	0.0	0.0	17.0
24/1/2007	07:31:00	7.248	0.07	234.83	31.0	0.0	0.0	17.0
24/1/2007	07:32:00	6.588	0.046	235.97	28.4	0.0	0.0	17.0
24/1/2007	07:33:00	5.408	0.0	236.96	22.8	0.0	0.0	18.0
24/1/2007	07:45:00	5.35	0.1	235.57	22.6	0.0	0.0	17.0
24/1/2007	07:46:00	5.162	0.0	236.21	21.8	0.0	0.0	17.0
24/1/2007	07:47:00	5.054	0.0	237.0	21.2	0.0	0.0	17.0
24/1/2007	07:51:00	5.992	0.0	235.36	25.6	0.0	0.0	17.0
24/1/2007	07:52:00	6.204	0.0	235.87	26.2	0.0	0.0	17.0
24/1/2007	07:53:00	6.156	0.0	236.27	26.0	0.0	0.0	17.0
24/1/2007	07:54:00	6.678	0.062	235.85	28.4	0.0	0.0	17.0
24/1/2007	07:55:00	6.29	0.062	235.99	26.8	0.0	0.0	17.0
24/1/2007	07:57:00	5.368	0.0	237.82	22.6	0.0	0.0	18.0
24/1/2007	07:58:00	5.018	0.106	237.64	21.2	0.0	0.0	17.0
24/1/2007	07:59:00	5.682	0.078	236.93	24.2	0.0	0.0	17.0
24/1/2007	08:00:00	6.238	0.078	235.92	26.4	0.0	0.0	17.0
24/1/2007	08:01:00	5.884	0.088	235.68	25.2	0.0	0.0	17.0
24/1/2007	08:02:00	5.032	0.068	236.97	21.2	0.0	0.0	18.0
24/1/2007	08:03:00	5.046	0.07	237.21	21.2	0.0	0.0	17.0
24/1/2007	08:45:00	6.512	0.158	235.53	27.6	0.0	37.0	17.0
24/1/2007	08:46:00	6.342	0.158	235.32	26.8	0.0	38.0	17.0
24/1/2007	08:47:00	6.378	0.16	235.78	27.0	0.0	39.0	17.0
24/1/2007	08:48:00	6.586	0.174	236.65	27.8	0.0	38.0	18.0
24/1/2007	08:49:00	5.438	0.206	237.61	23.2	1.0	39.0	17.0
24/1/2007	09:10:00	5.598	0.0	235.65	24.0	29.0	2.0	17.0
24/1/2007	09:11:00	5.05	0.0	236.07	21.8	37.0	2.0	17.0
25/1/2007	07:06:00	5.708	0.0	238.64	23.8	0.0	0.0	18.0
25/1/2007	07:07:00	5.634	0.0	238.85	23.4	0.0	0.0	17.0
25/1/2007	07:08:00	5.426	0.0	238.02	22.8	0.0	0.0	17.0
25/1/2007	19:22:00	5.39	0.098	235.55	23.0	37.0	0.0	17.0
25/1/2007	19:23:00	5.202	0.078	234.46	22.6	37.0	0.0	17.0
25/1/2007	19:24:00	5.832	0.098	232.82	25.2	36.0	0.0	17.0
25/1/2007	19:25:00	5.768	0.09	234.08	24.8	37.0	0.0	16.0
25/1/2007	19:26:00	5.434	0.0	233.23	23.6	36.0	0.0	17.0
25/1/2007	19:27:00	5.566	0.118	233.14	24.0	37.0	0.0	17.0
25/1/2007	19:28:00	5.608	0.132	234.16	24.0	37.0	0.0	17.0
25/1/2007	19:29:00	5.43	0.09	233.67	23.4	36.0	0.0	16.0
26/1/2007	06:57:00	5.024	0.0	240.27	20.8	0.0	0.0	17.0
27/1/2007	07:43:00	5.688	0.0	235.63	24.0	0.0	0.0	0.0
27/1/2007	14:43:00	5.88	0.148	238.24	24.6	38.0	36.0	17.0
27/1/2007	14:44:00	5.834	0.126	237.76	24.4	38.0	36.0	18.0
27/1/2007	14:45:00	5.83	0.144	237.5	24.4	38.0	37.0	17.0
27/1/2007	14:46:00	5.83	0.128	238.07	24.4	38.0	36.0	17.0
27/1/2007	14:47:00	5.814	0.142	237.48	24.4	38.0	36.0	18.0
27/1/2007	14:48:00	5.792	0.122	237.33	24.4	38.0	36.0	17.0
27/1/2007	14:49:00	5.866	0.18	237.78	24.6	38.0	37.0	17.0
27/1/2007	14:50:00	5.898	0.244	237.98	24.8	38.0	37.0	18.0
27/1/2007	14:51:00	5.89	0.26	237.61	24.8	37.0	38.0	17.0
27/1/2007	14:52:00	5.908	0.246	238.33	24.8	39.0	37.0	17.0
27/1/2007	14:53:00	5.922	0.264	238.42	24.8	38.0	38.0	18.0
27/1/2007	14:54:00	5.868	0.192	238.38	24.6	37.0	37.0	17.0
27/1/2007	14:55:00	5.61	0.236	238.99	23.6	35.0	38.0	18.0
27/1/2007	23:40:00	5.036	0.092	240.12	21.2	0.0	28.0	0.0
27/1/2007	23:41:00	5.428	0.118	239.75	22.6	0.0	37.0	0.0
27/1/2007	23:47:00	5.314	0.206	239.56	22.4	0.0	37.0	0.0
27/1/2007	23:48:00	6.03	0.164	239.29	25.2	0.0	37.0	0.0
27/1/2007	23:49:00	5.968	0.146	239.4	24.8	0.0	36.0	0.0
27/1/2007	23:50:00	5.802	0.0	238.99	24.2	0.0	37.0	0.0
27/1/2007	23:55:00	5.392	0.0	239.88	22.6	0.0	37.0	18.0
27/1/2007	23:56:00	6.142	0.0	239.53	25.6	0.0	37.0	18.0
27/1/2007	23:57:00	6.204	0.0	239.66	25.8	0.0	37.0	17.0
27/1/2007	23:58:00	6.106	0.0	239.6	25.4	0.0	37.0	18.0
28/1/2007	00:03:00	5.272	0.134	240.88	22.2	0.0	37.0	17.0
28/1/2007	00:04:00	5.798	0.142	240.61	24.0	0.0	37.0	18.0
28/1/2007	00:05:00	5.772	0.128	240.23	24.0	0.0	37.0	18.0
28/1/2007	00:06:00	5.736	0.134	239.33	23.8	0.0	37.0	18.0
28/1/2007	00:12:00	5.754	0.078	240.24	23.8	0.0	38.0	18.0
28/1/2007	00:13:00	5.768	0.146	240.09	24.0	0.0	38.0	18.0
28/1/2007	00:14:00	5.794	0.154	240.64	24.0	0.0	38.0	17.0
28/1/2007	00:15:00	5.232	0.156	241.21	22.0	0.0	38.0	18.0
28/1/2007	00:20:00	5.934	0.266	241.63	24.4	0.0	38.0	18.0
28/1/2007	00:21:00	5.094	0.276	242.42	21.2	0.0	27.0	18.0
28/1/2007	00:22:00	5.288	0.274	242.09	22.0	0.0	28.0	18.0
28/1/2007	00:23:00	5.828	0.26	240.92	24.2	0.0	38.0	17.0
28/1/2007	08:55:00	7.552	0.08	233.03	33.0	0.0	0.0	16.0
28/1/2007	08:56:00	5.956	0.07	234.24	25.4	0.0	0.0	17.0
28/1/2007	08:57:00	5.864	0.072	233.71	25.0	0.0	0.0	17.0
28/1/2007	08:58:00	5.914	0.07	234.77	25.2	0.0	0.0	17.0
28/1/2007	09:02:00	5.54	0.0	235.51	23.6	0.0	0.0	18.0
28/1/2007	09:03:00	5.212	0.0	235.39	22.2	0.0	0.0	16.0
28/1/2007	12:02:00	6.474	0.418	233.4	27.8	38.0	38.0	17.0
28/1/2007	12:03:00	6.462	0.41	233.41	27.6	37.0	38.0	17.0
28/1/2007	12:04:00	6.51	0.412	234.62	27.8	37.0	39.0	17.0
28/1/2007	12:05:00	6.482	0.402	234.11	27.6	38.0	39.0	16.0
28/1/2007	12:06:00	6.466	0.396	233.83	27.6	37.0	38.0	17.0
28/1/2007	12:07:00	6.334	0.392	233.95	27.0	37.0	39.0	17.0
28/1/2007	12:08:00	6.264	0.386	233.44	26.8	37.0	39.0	17.0
28/1/2007	12:09:00	6.4	0.51	233.71	27.4	38.0	38.0	17.0
28/1/2007	12:10:00	6.286	0.432	232.41	27.0	37.0	39.0	16.0
28/1/2007	12:11:00	6.336	0.394	232.86	27.2	37.0	38.0	17.0
28/1/2007	12:12:00	6.37	0.396	233.57	27.2	37.0	39.0	16.0
28/1/2007	12:13:00	6.386	0.396	233.88	27.2	37.0	39.0	17.0
28/1/2007	12:14:00	6.286	0.384	231.99	27.0	37.0	38.0	17.0
28/1/2007	12:15:00	6.454	0.382	232.02	27.8	36.0	38.0	16.0
28/1/2007	12:45:00	5.32	0.306	231.6	23.2	36.0	20.0	16.0
28/1/2007	12:46:00	5.558	0.28	231.61	24.2	29.0	34.0	17.0
28/1/2007	17:43:00	5.306	0.0	231.52	22.8	0.0	0.0	16.0
28/1/2007	17:44:00	5.294	0.0	231.0	22.8	0.0	0.0	17.0
28/1/2007	17:45:00	5.318	0.0	232.08	22.8	0.0	0.0	16.0
28/1/2007	17:46:00	5.326	0.0	232.25	22.8	0.0	0.0	17.0
28/1/2007	20:19:00	5.716	0.0	231.11	24.6	36.0	0.0	16.0
28/1/2007	20:20:00	5.246	0.0	232.25	22.6	36.0	0.0	17.0
28/1/2007	20:24:00	5.352	0.192	231.64	23.0	37.0	0.0	17.0
28/1/2007	20:25:00	5.324	0.19	231.04	23.0	35.0	0.0	16.0
28/1/2007	20:26:00	5.172	0.168	231.41	22.4	36.0	0.0	17.0
28/1/2007	20:28:00	5.102	0.142	232.25	22.0	36.0	0.0	17.0
28/1/2007	20:29:00	5.962	0.192	232.11	25.8	36.0	0.0	16.0
30/1/2007	07:00:00	6.166	0.0	238.67	25.8	0.0	0.0	17.0
30/1/2007	07:01:00	5.466	0.046	239.29	22.8	0.0	0.0	18.0
30/1/2007	07:02:00	5.492	0.128	238.71	23.0	0.0	0.0	17.0
30/1/2007	07:06:00	5.348	0.176	237.0	22.4	0.0	0.0	17.0
30/1/2007	18:57:00	5.216	0.12	235.02	22.2	0.0	37.0	17.0
30/1/2007	18:58:00	5.282	0.118	235.03	22.4	0.0	37.0	17.0
30/1/2007	18:59:00	5.16	0.118	234.83	21.8	0.0	37.0	17.0
30/1/2007	19:00:00	5.16	0.12	234.95	21.8	0.0	37.0	16.0
30/1/2007	19:01:00	5.162	0.12	234.96	21.8	0.0	37.0	17.0
30/1/2007	19:02:00	5.216	0.116	234.86	22.2	0.0	37.0	17.0
30/1/2007	19:03:00	5.336	0.112	234.62	22.6	0.0	38.0	17.0
30/1/2007	19:04:00	5.24	0.11	233.83	22.4	0.0	37.0	17.0
30/1/2007	19:05:00	5.096	0.114	234.26	21.6	0.0	37.0	17.0
30/1/2007	19:06:00	5.004	0.116	235.02	21.2	0.0	37.0	17.0
30/1/2007	19:07:00	5.03	0.12	235.76	21.2	0.0	37.0	17.0
30/1/2007	19:08:00	5.036	0.12	235.98	21.2	0.0	38.0	17.0
30/1/2007	19:09:00	5.018	0.12	235.48	21.2	0.0	37.0	17.0
30/1/2007	19:10:00	5.16	0.118	235.37	21.8	0.0	38.0	17.0
30/1/2007	20:53:00	5.764	0.0	236.91	24.4	35.0	0.0	18.0
30/1/2007	20:54:00	5.816	0.0	236.98	24.4	38.0	0.0	17.0
30/1/2007	20:55:00	5.802	0.0	236.74	24.4	37.0	0.0	17.0
30/1/2007	20:56:00	5.714	0.0	234.72	24.2	38.0	0.0	17.0
30/1/2007	20:57:00	5.706	0.0	234.52	24.2	37.0	0.0	17.0
30/1/2007	20:58:00	5.688	0.0	234.29	24.2	36.0	0.0	17.0
30/1/2007	20:59:00	5.528	0.0	234.08	23.6	37.0	0.0	16.0
30/1/2007	21:00:00	5.394	0.0	233.97	23.0	37.0	0.0	17.0
30/1/2007	21:01:00	5.218	0.0	233.25	22.4	37.0	0.0	17.0
30/1/2007	21:02:00	5.252	0.0	234.23	22.4	36.0	0.0	17.0
30/1/2007	21:03:00	5.222	0.0	233.67	22.4	37.0	0.0	16.0
30/1/2007	21:04:00	5.136	0.118	232.98	22.0	36.0	0.0	17.0
30/1/2007	21:05:00	5.138	0.122	233.09	22.0	37.0	0.0	17.0
31/1/2007	11:53:00	6.59	0.524	233.0	28.2	0.0	71.0	17.0
31/1/2007	11:54:00	6.528	0.47	232.78	28.0	0.0	71.0	16.0
31/1/2007	11:55:00	6.52	0.432	233.22	28.0	0.0	71.0	17.0
31/1/2007	11:56:00	6.484	0.428	232.42	27.8	0.0	71.0	17.0
31/1/2007	11:57:00	6.52	0.426	233.06	28.0	0.0	71.0	16.0
31/1/2007	11:58:00	6.52	0.426	233.04	28.0	0.0	71.0	17.0
31/1/2007	11:59:00	6.576	0.434	234.15	28.0	0.0	72.0	17.0
31/1/2007	12:00:00	6.562	0.432	233.74	28.0	0.0	72.0	17.0
31/1/2007	12:01:00	6.548	0.376	234.4	27.8	0.0	71.0	17.0
31/1/2007	12:02:00	6.484	0.312	234.07	27.6	0.0	72.0	16.0
31/1/2007	12:03:00	6.472	0.308	233.83	27.6	0.0	72.0	17.0
31/1/2007	12:04:00	6.456	0.31	233.85	27.6	0.0	71.0	17.0
31/1/2007	12:05:00	6.456	0.314	234.22	27.6	0.0	72.0	17.0
31/1/2007	12:06:00	5.81	0.314	234.0	25.2	0.0	63.0	16.0
31/1/2007	21:36:00	5.008	0.0	233.78	21.4	0.0	0.0	17.0
1/2/2007	06:39:00	6.536	0.188	236.9	27.6	0.0	2.0	17.0
1/2/2007	06:40:00	5.292	0.202	238.44	22.2	0.0	1.0	17.0
1/2/2007	06:41:00	5.81	0.208	237.64	24.4	0.0	1.0	18.0
1/2/2007	06:42:00	5.606	0.262	237.63	23.8	0.0	1.0	17.0
1/2/2007	07:38:00	5.268	0.102	236.55	23.4	0.0	0.0	17.0
1/2/2007	07:39:00	7.482	0.0	233.62	32.0	0.0	0.0	17.0
1/2/2007	07:40:00	5.024	0.0	236.41	21.6	0.0	0.0	17.0
1/2/2007	08:32:00	5.02	0.0	235.42	21.2	37.0	0.0	17.0
1/2/2007	08:37:00	5.176	0.0	234.84	22.0	37.0	0.0	17.0
2/2/2007	06:40:00	5.448	0.0	236.49	23.0	0.0	0.0	18.0
3/2/2007	08:41:00	5.238	0.174	236.72	22.6	0.0	0.0	0.0
3/2/2007	14:13:00	5.544	0.198	240.45	23.2	1.0	37.0	18.0
3/2/2007	14:22:00	6.478	0.0	240.05	27.0	39.0	37.0	18.0
3/2/2007	14:23:00	5.306	0.048	240.99	22.0	39.0	20.0	18.0
3/2/2007	14:24:00	6.008	0.0	238.93	25.2	38.0	30.0	17.0
3/2/2007	14:25:00	6.196	0.0	238.92	26.0	38.0	36.0	18.0
3/2/2007	14:26:00	5.172	0.062	240.23	21.4	39.0	17.0	18.0
3/2/2007	14:27:00	6.36	0.168	239.3	26.6	38.0	34.0	17.0
3/2/2007	14:28:00	5.858	0.158	240.01	24.4	39.0	28.0	18.0
3/2/2007	14:29:00	5.666	0.182	240.71	23.6	39.0	23.0	18.0
3/2/2007	14:30:00	6.316	0.16	240.37	26.2	38.0	34.0	17.0
3/2/2007	14:31:00	5.822	0.184	240.83	24.2	39.0	17.0	18.0
3/2/2007	14:32:00	6.984	0.174	238.73	29.2	38.0	36.0	17.0
3/2/2007	14:33:00	5.576	0.382	239.82	23.2	39.0	19.0	18.0
3/2/2007	14:34:00	6.396	0.332	238.56	26.8	37.0	31.0	18.0
3/2/2007	18:37:00	5.51	0.2	231.9	23.6	36.0	0.0	17.0
3/2/2007	18:38:00	5.526	0.204	232.81	23.6	37.0	0.0	16.0
3/2/2007	18:39:00	5.572	0.218	232.81	23.8	37.0	0.0	17.0
3/2/2007	18:40:00	6.816	0.24	231.06	29.8	37.0	21.0	16.0
3/2/2007	18:41:00	7.554	0.302	229.59	32.8	35.0	34.0	17.0
3/2/2007	18:42:00	7.48	0.424	229.76	32.6	36.0	26.0	16.0
3/2/2007	18:43:00	7.826	0.416	229.99	34.0	36.0	35.0	16.0
3/2/2007	18:44:00	7.362	0.408	230.17	32.2	37.0	26.0	16.0
3/2/2007	18:45:00	7.886	0.404	229.42	34.4	35.0	34.0	16.0
3/2/2007	18:46:00	7.832	0.404	230.13	34.0	36.0	35.0	17.0
3/2/2007	18:47:00	7.87	0.398	230.14	34.2	37.0	34.0	16.0
3/2/2007	18:48:00	7.83	0.39	229.24	34.2	35.0	34.0	16.0
3/2/2007	18:49:00	7.904	0.498	228.61	34.6	36.0	34.0	16.0
3/2/2007	18:50:00	7.85	0.492	227.95	34.4	36.0	34.0	16.0
3/2/2007	18:51:00	7.818	0.488	227.5	34.4	35.0	34.0	16.0
3/2/2007	18:52:00	7.198	0.494	228.45	31.8	26.0	34.0	16.0
3/2/2007	18:53:00	5.908	0.52	230.67	25.6	1.0	34.0	16.0
3/2/2007	18:54:00	5.812	0.522	231.21	25.2	1.0	35.0	17.0
3/2/2007	18:55:00	7.05	0.51	230.09	30.8	27.0	34.0	16.0
3/2/2007	18:56:00	7.462	0.498	229.56	32.4	36.0	34.0	16.0
3/2/2007	18:57:00	7.484	0.504	229.99	32.6	36.0	35.0	16.0
3/2/2007	18:58:00	7.504	0.502	230.36	32.6	36.0	34.0	17.0
3/2/2007	18:59:00	7.476	0.502	229.82	32.6	36.0	34.0	16.0
3/2/2007	19:00:00	7.272	0.49	229.05	31.8	35.0	34.0	16.0
3/2/2007	19:01:00	5.44	0.526	231.23	23.6	1.0	35.0	16.0
3/2/2007	19:02:00	5.404	0.524	231.84	23.4	1.0	34.0	17.0
3/2/2007	19:03:00	6.844	0.57	229.27	30.2	24.0	34.0	16.0
3/2/2007	19:04:00	7.32	0.496	228.83	32.0	36.0	34.0	16.0
3/2/2007	19:05:00	7.322	0.462	228.12	32.0	35.0	34.0	16.0
3/2/2007	19:06:00	7.438	0.458	228.8	32.4	36.0	34.0	16.0
3/2/2007	19:07:00	5.442	0.498	231.39	23.6	3.0	34.0	17.0
3/2/2007	19:08:00	5.418	0.488	231.44	23.4	1.0	35.0	16.0
3/2/2007	19:09:00	6.264	0.482	229.95	27.6	14.0	34.0	16.0
3/2/2007	19:10:00	7.424	0.462	229.52	32.4	36.0	34.0	16.0
3/2/2007	19:11:00	7.454	0.474	229.8	32.4	36.0	34.0	17.0
3/2/2007	19:12:00	7.422	0.454	228.9	32.4	35.0	34.0	16.0
3/2/2007	19:13:00	5.578	0.488	230.47	24.4	7.0	34.0	16.0
3/2/2007	19:14:00	5.38	0.478	230.7	23.4	0.0	34.0	16.0
3/2/2007	19:15:00	5.938	0.486	230.47	26.0	7.0	35.0	17.0
3/2/2007	19:16:00	7.576	0.462	230.14	32.8	36.0	34.0	16.0
3/2/2007	19:17:00	7.752	0.5	230.61	33.6	36.0	34.0	16.0
3/2/2007	19:18:00	7.846	0.528	230.19	34.0	36.0	36.0	16.0
3/2/2007	19:19:00	6.408	0.704	231.89	27.8	9.0	36.0	17.0
3/2/2007	19:20:00	5.968	0.732	232.56	25.8	1.0	36.0	17.0
3/2/2007	19:21:00	5.964	0.722	231.34	26.0	8.0	29.0	16.0
3/2/2007	19:22:00	7.164	0.688	230.23	31.2	36.0	20.0	16.0
3/2/2007	19:23:00	7.848	0.692	229.23	34.2	36.0	36.0	16.0
3/2/2007	19:24:00	7.82	0.676	229.23	34.2	35.0	35.0	17.0
3/2/2007	19:25:00	5.818	0.722	231.2	25.4	5.0	36.0	16.0
3/2/2007	19:27:00	5.71	0.732	232.05	25.4	6.0	26.0	16.0
3/2/2007	19:28:00	7.834	0.68	229.82	34.2	36.0	36.0	16.0
3/2/2007	19:29:00	7.8	0.686	228.89	34.2	36.0	35.0	16.0
3/2/2007	19:30:00	7.174	0.674	228.92	31.4	35.0	27.0	16.0
3/2/2007	19:31:00	5.394	0.72	231.06	23.8	9.0	22.0	17.0
3/2/2007	19:32:00	5.55	0.696	230.79	24.2	1.0	33.0	16.0
3/2/2007	19:33:00	5.526	0.71	230.29	24.2	1.0	34.0	16.0
3/2/2007	19:34:00	6.426	0.674	229.39	28.2	34.0	14.0	17.0
3/2/2007	19:35:00	7.744	0.682	228.52	34.0	35.0	33.0	16.0
3/2/2007	19:36:00	7.238	0.646	229.28	31.8	36.0	28.0	16.0
3/2/2007	19:37:00	5.414	0.612	232.51	23.8	17.0	18.0	16.0
3/2/2007	19:38:00	5.104	0.596	233.25	22.2	1.0	25.0	17.0
3/2/2007	19:39:00	5.208	0.62	233.01	22.6	1.0	28.0	17.0
3/2/2007	19:40:00	6.276	0.58	231.95	27.8	26.0	18.0	16.0
3/2/2007	19:41:00	7.648	0.592	229.85	33.2	35.0	36.0	16.0
3/2/2007	19:42:00	5.972	0.76	231.17	26.0	37.0	5.0	17.0
3/2/2007	19:46:00	5.094	0.6	233.44	22.4	20.0	4.0	16.0
3/2/2007	19:47:00	5.532	0.528	234.19	24.0	30.0	5.0	17.0
3/2/2007	19:59:00	5.104	0.418	232.42	22.0	37.0	2.0	17.0
3/2/2007	20:00:00	5.1	0.416	232.81	21.8	37.0	1.0	16.0
3/2/2007	20:01:00	5.25	0.484	232.76	22.6	37.0	2.0	17.0
3/2/2007	20:06:00	5.26	0.42	232.56	22.8	33.0	1.0	16.0
3/2/2007	20:07:00	5.34	0.412	230.83	23.2	36.0	1.0	17.0
3/2/2007	20:21:00	5.046	0.29	233.26	21.6	37.0	1.0	16.0
3/2/2007	20:22:00	5.084	0.288	232.98	21.8	37.0	0.0	17.0
3/2/2007	20:28:00	5.062	0.408	232.8	21.8	34.0	0.0	16.0
3/2/2007	20:29:00	5.052	0.404	232.47	21.8	37.0	0.0	17.0
3/2/2007	21:36:00	5.222	0.046	234.6	22.2	37.0	1.0	17.0
3/2/2007	21:37:00	5.218	0.078	234.75	22.2	37.0	0.0	16.0
3/2/2007	21:38:00	5.236	0.088	234.68	22.2	38.0	0.0	17.0
3/2/2007	21:39:00	5.246	0.078	234.64	22.2	37.0	0.0	17.0
3/2/2007	21:40:00	5.238	0.084	234.9	22.2	37.0	0.0	17.0
3/2/2007	21:41:00	5.25	0.084	235.8	22.2	37.0	0.0	17.0
3/2/2007	21:42:00	5.262	0.088	235.72	22.2	37.0	1.0	17.0
3/2/2007	21:50:00	5.344	0.088	235.58	22.6	38.0	0.0	17.0
3/2/2007	21:51:00	5.338	0.086	235.36	22.6	37.0	0.0	17.0
3/2/2007	21:55:00	5.258	0.0	235.73	22.2	37.0	1.0	17.0
3/2/2007	21:56:00	5.174	0.0	235.74	21.8	38.0	0.0	17.0
3/2/2007	21:57:00	5.262	0.0	235.71	22.2	37.0	0.0	17.0
3/2/2007	21:58:00	5.338	0.0	236.15	22.6	37.0	1.0	17.0
3/2/2007	21:59:00	5.292	0.078	235.67	22.4	37.0	2.0	17.0
3/2/2007	22:00:00	5.266	0.072	235.44	22.2	37.0	1.0	17.0
3/2/2007	22:07:00	6.562	0.476	233.36	28.2	38.0	1.0	17.0
3/2/2007	22:08:00	5.918	0.358	234.29	25.4	37.0	2.0	16.0
3/2/2007	22:09:00	5.014	0.234	234.69	21.4	37.0	1.0	17.0
3/2/2007	22:10:00	5.066	0.278	235.11	21.6	38.0	2.0	17.0
3/2/2007	22:11:00	5.068	0.36	234.72	21.6	37.0	1.0	17.0
3/2/2007	22:12:00	5.08	0.368	236.08	21.4	38.0	2.0	17.0
3/2/2007	22:13:00	5.084	0.368	235.74	21.6	38.0	1.0	17.0
3/2/2007	22:14:00	5.022	0.352	234.66	21.4	38.0	2.0	17.0
3/2/2007	22:15:00	5.042	0.36	234.78	21.4	37.0	1.0	17.0
3/2/2007	22:21:00	5.088	0.374	236.93	21.4	38.0	2.0	17.0
3/2/2007	22:27:00	5.092	0.236	238.23	21.4	35.0	1.0	17.0
3/2/2007	23:10:00	5.482	0.0	236.86	23.2	0.0	0.0	18.0
3/2/2007	23:11:00	5.352	0.07	236.32	22.8	0.0	1.0	17.0
3/2/2007	23:12:00	5.496	0.048	236.1	23.4	0.0	0.0	17.0
4/2/2007	00:08:00	5.266	0.094	239.5	22.0	35.0	0.0	17.0
4/2/2007	00:09:00	5.128	0.0	238.99	21.4	38.0	0.0	18.0
4/2/2007	00:10:00	5.086	0.0	238.71	21.2	38.0	0.0	17.0
4/2/2007	00:11:00	5.11	0.0	239.13	21.2	39.0	1.0	18.0
4/2/2007	00:12:00	5.134	0.0	238.7	21.4	38.0	0.0	17.0
4/2/2007	00:13:00	5.266	0.0	238.78	22.0	38.0	0.0	18.0
4/2/2007	00:14:00	5.4	0.0	238.87	22.6	38.0	0.0	17.0
4/2/2007	00:15:00	5.368	0.0	239.19	22.4	39.0	0.0	18.0
4/2/2007	00:16:00	5.284	0.0	239.4	22.0	38.0	0.0	17.0
4/2/2007	00:17:00	5.316	0.0	239.0	22.2	38.0	1.0	18.0
4/2/2007	00:18:00	5.14	0.074	239.92	21.6	2.0	0.0	17.0
4/2/2007	00:19:00	5.33	0.11	240.15	22.2	1.0	0.0	18.0
4/2/2007	00:20:00	5.332	0.096	240.14	22.2	0.0	0.0	18.0
4/2/2007	00:21:00	5.348	0.082	240.37	22.2	2.0	0.0	17.0
4/2/2007	00:22:00	7.33	0.068	238.38	30.8	33.0	1.0	18.0
4/2/2007	00:23:00	7.498	0.18	238.22	31.4	38.0	1.0	17.0
4/2/2007	00:24:00	5.832	0.226	240.18	24.6	11.0	2.0	18.0
4/2/2007	00:25:00	5.31	0.22	240.2	22.0	1.0	1.0	18.0
4/2/2007	00:26:00	5.336	0.204	239.29	22.2	1.0	2.0	17.0
4/2/2007	00:27:00	7.456	0.244	237.06	31.4	34.0	2.0	17.0
4/2/2007	00:28:00	7.698	0.296	236.48	32.4	38.0	1.0	18.0
4/2/2007	00:29:00	7.63	0.296	237.03	32.2	37.0	2.0	17.0
4/2/2007	00:30:00	7.612	0.282	237.46	32.0	38.0	1.0	17.0
4/2/2007	00:31:00	7.522	0.204	237.94	31.6	38.0	2.0	17.0
4/2/2007	00:32:00	7.482	0.208	237.61	31.4	37.0	2.0	18.0
4/2/2007	00:33:00	7.222	0.206	237.74	30.4	38.0	1.0	17.0
4/2/2007	00:34:00	6.754	0.212	237.9	28.6	32.0	2.0	17.0
4/2/2007	00:35:00	5.016	0.246	239.74	20.8	1.0	1.0	18.0
4/2/2007	00:36:00	5.024	0.236	239.61	21.0	0.0	2.0	18.0
4/2/2007	00:37:00	5.032	0.24	240.35	20.8	0.0	1.0	17.0
4/2/2007	00:38:00	5.088	0.256	241.01	21.0	1.0	2.0	18.0
4/2/2007	00:39:00	5.016	0.216	240.39	20.8	0.0	1.0	18.0
4/2/2007	00:40:00	5.016	0.218	239.97	20.8	0.0	2.0	17.0
4/2/2007	00:44:00	5.05	0.084	239.97	21.0	0.0	1.0	18.0
4/2/2007	00:45:00	5.046	0.076	239.14	21.0	0.0	1.0	18.0
4/2/2007	01:13:00	5.564	0.196	234.58	24.0	21.0	1.0	17.0
4/2/2007	01:14:00	6.36	0.18	233.5	27.2	36.0	0.0	17.0
4/2/2007	01:15:00	6.362	0.184	232.73	27.2	37.0	0.0	16.0
4/2/2007	01:16:00	6.418	0.14	233.21	27.4	37.0	0.0	17.0
4/2/2007	01:17:00	6.412	0.086	233.58	27.4	36.0	0.0	17.0
4/2/2007	01:18:00	6.424	0.0	233.73	27.4	37.0	0.0	17.0
4/2/2007	01:19:00	6.434	0.0	233.81	27.4	37.0	0.0	16.0
4/2/2007	01:33:00	5.36	0.0	234.33	22.8	36.0	0.0	17.0
4/2/2007	01:35:00	5.31	0.0	233.27	22.8	36.0	0.0	17.0
4/2/2007	01:36:00	5.42	0.0	233.07	23.2	37.0	0.0	16.0
4/2/2007	01:37:00	5.494	0.068	233.26	23.4	36.0	0.0	17.0
4/2/2007	01:38:00	5.558	0.112	233.98	23.6	36.0	1.0	17.0
4/2/2007	01:39:00	5.518	0.106	233.51	23.6	37.0	0.0	16.0
4/2/2007	01:40:00	5.5	0.098	233.09	23.6	36.0	0.0	17.0
4/2/2007	01:41:00	5.216	0.07	233.5	22.4	34.0	0.0	17.0
4/2/2007	06:05:00	6.332	0.048	238.01	26.6	0.0	0.0	0.0
4/2/2007	06:06:00	5.872	0.052	238.61	25.0	0.0	0.0	0.0
4/2/2007	08:54:00	5.656	0.194	241.47	23.4	0.0	0.0	0.0
4/2/2007	08:55:00	5.73	0.196	241.96	23.6	0.0	0.0	0.0
4/2/2007	08:56:00	5.692	0.19	241.21	23.6	0.0	0.0	0.0
4/2/2007	10:08:00	5.714	0.07	235.86	24.2	0.0	38.0	17.0
4/2/2007	10:09:00	5.724	0.068	235.81	24.2	0.0	37.0	17.0
4/2/2007	10:10:00	5.718	0.068	235.71	24.2	0.0	38.0	17.0
4/2/2007	10:13:00	5.7	0.058	237.86	23.8	0.0	38.0	17.0
4/2/2007	10:14:00	5.698	0.058	237.95	23.8	0.0	38.0	17.0
4/2/2007	10:15:00	5.636	0.052	238.32	23.6	0.0	38.0	18.0
4/2/2007	10:16:00	5.248	0.068	238.34	22.2	0.0	39.0	17.0
4/2/2007	16:25:00	5.282	0.588	237.75	23.2	0.0	49.0	17.0
4/2/2007	16:26:00	6.48	0.574	236.26	27.4	0.0	73.0	18.0
4/2/2007	16:27:00	6.032	0.588	237.82	25.6	0.0	65.0	17.0
4/2/2007	16:28:00	6.568	0.594	238.17	27.6	0.0	73.0	17.0
4/2/2007	16:29:00	6.59	0.602	238.64	27.6	0.0	74.0	18.0
4/2/2007	16:30:00	6.538	0.588	237.95	27.4	0.0	73.0	17.0
4/2/2007	16:31:00	6.418	0.564	237.23	27.0	0.0	73.0	17.0
4/2/2007	16:32:00	6.524	0.544	236.03	27.6	0.0	72.0	17.0
4/2/2007	18:56:00	5.048	0.112	231.22	21.8	0.0	36.0	17.0
4/2/2007	18:57:00	5.602	0.134	230.81	24.2	0.0	36.0	16.0
4/2/2007	18:58:00	5.538	0.13	231.56	23.8	0.0	36.0	16.0
4/2/2007	18:59:00	5.404	0.224	231.0	23.4	0.0	36.0	17.0
4/2/2007	19:00:00	5.3	0.246	230.19	23.0	0.0	35.0	16.0
4/2/2007	19:01:00	5.302	0.244	230.2	23.0	0.0	36.0	16.0
4/2/2007	20:41:00	5.202	0.056	233.21	22.2	0.0	0.0	17.0
5/2/2007	06:57:00	5.104	0.09	238.11	21.4	0.0	0.0	0.0
5/2/2007	19:28:00	5.076	0.146	234.28	21.6	0.0	37.0	0.0
5/2/2007	19:29:00	5.158	0.14	234.06	22.0	0.0	37.0	0.0
5/2/2007	19:30:00	5.144	0.138	233.71	22.0	0.0	37.0	0.0
5/2/2007	19:31:00	5.326	0.126	233.52	22.8	0.0	36.0	0.0
5/2/2007	19:32:00	5.334	0.126	235.08	22.6	0.0	38.0	0.0
5/2/2007	20:25:00	5.816	0.088	238.67	24.2	0.0	37.0	17.0
5/2/2007	20:26:00	5.154	0.122	238.43	22.0	0.0	27.0	18.0
5/2/2007	20:27:00	5.426	0.112	237.87	22.8	0.0	37.0	17.0
5/2/2007	20:33:00	5.302	0.242	237.05	22.4	0.0	35.0	17.0
5/2/2007	20:53:00	5.734	0.162	238.3	24.2	0.0	36.0	18.0
7/2/2007	06:46:00	6.694	0.0	236.87	28.2	0.0	0.0	17.0
7/2/2007	06:47:00	6.294	0.126	237.21	26.4	0.0	0.0	17.0
7/2/2007	06:48:00	6.206	0.13	237.74	26.2	0.0	0.0	17.0
7/2/2007	11:56:00	6.332	0.174	233.09	27.4	0.0	37.0	16.0
7/2/2007	11:57:00	6.558	0.17	232.43	28.2	0.0	36.0	17.0
7/2/2007	11:58:00	6.596	0.172	233.2	28.2	0.0	37.0	17.0
7/2/2007	11:59:00	5.124	0.286	234.44	22.6	0.0	37.0	17.0
7/2/2007	15:45:00	5.2	0.056	243.05	21.4	40.0	38.0	0.0
7/2/2007	15:46:00	5.178	0.054	242.71	21.2	39.0	38.0	0.0
7/2/2007	15:47:00	5.19	0.058	243.17	21.2	40.0	37.0	0.0
7/2/2007	15:48:00	5.152	0.052	242.28	21.2	39.0	38.0	0.0
7/2/2007	15:49:00	5.188	0.058	243.05	21.2	39.0	37.0	0.0
7/2/2007	15:50:00	5.176	0.056	242.99	21.2	40.0	38.0	0.0
7/2/2007	15:51:00	5.236	0.13	242.65	21.6	39.0	38.0	0.0
7/2/2007	21:18:00	5.814	0.06	231.76	25.2	0.0	0.0	16.0
7/2/2007	21:19:00	5.908	0.058	231.29	25.4	0.0	0.0	17.0
7/2/2007	21:20:00	6.526	0.068	230.38	28.4	0.0	0.0	16.0
7/2/2007	21:21:00	5.92	0.076	231.2	25.6	0.0	0.0	16.0
7/2/2007	22:09:00	5.792	0.084	232.47	24.8	37.0	1.0	16.0
7/2/2007	22:10:00	5.902	0.082	232.45	25.4	37.0	2.0	17.0
7/2/2007	22:11:00	5.844	0.082	232.47	25.0	36.0	1.0	16.0
7/2/2007	22:12:00	5.772	0.086	233.86	24.6	37.0	1.0	17.0
8/2/2007	19:26:00	5.052	0.226	236.86	21.4	38.0	0.0	0.0
8/2/2007	19:27:00	5.294	0.332	235.49	22.6	38.0	0.0	0.0
8/2/2007	19:28:00	5.23	0.318	235.11	22.4	37.0	0.0	0.0
8/2/2007	19:29:00	5.436	0.318	234.97	23.2	38.0	0.0	0.0
8/2/2007	19:30:00	5.3	0.326	236.91	22.6	38.0	0.0	0.0
8/2/2007	19:31:00	5.084	0.32	236.76	21.6	39.0	0.0	0.0
8/2/2007	19:43:00	5.066	0.394	235.64	21.4	38.0	0.0	0.0
8/2/2007	21:08:00	5.548	0.16	234.77	23.6	37.0	2.0	17.0
8/2/2007	21:09:00	5.58	0.166	235.79	23.6	38.0	1.0	17.0
8/2/2007	21:10:00	5.578	0.164	235.76	23.6	37.0	1.0	17.0
8/2/2007	21:11:00	5.56	0.162	235.23	23.6	38.0	1.0	17.0
8/2/2007	21:12:00	5.474	0.156	233.56	23.4	36.0	2.0	17.0
8/2/2007	21:13:00	5.576	0.162	235.23	23.6	37.0	1.0	17.0
8/2/2007	21:14:00	5.388	0.172	236.56	22.8	38.0	1.0	17.0
9/2/2007	06:47:00	6.146	0.0	241.78	25.4	0.0	0.0	18.0
9/2/2007	22:31:00	5.106	0.25	236.23	21.6	0.0	36.0	17.0
10/2/2007	07:25:00	5.892	0.0	237.37	24.8	0.0	0.0	0.0
10/2/2007	07:26:00	5.746	0.0	236.5	24.2	0.0	0.0	0.0
10/2/2007	07:27:00	5.348	0.0	236.16	22.6	0.0	0.0	0.0
10/2/2007	19:23:00	5.362	0.306	233.06	23.2	28.0	0.0	17.0
10/2/2007	19:24:00	5.936	0.308	232.86	25.4	37.0	0.0	17.0
10/2/2007	19:25:00	6.01	0.312	232.69	25.8	37.0	0.0	16.0
10/2/2007	19:26:00	5.974	0.308	231.86	25.8	36.0	0.0	17.0
10/2/2007	19:27:00	5.91	0.302	230.94	25.6	36.0	0.0	16.0
10/2/2007	19:28:00	5.69	0.308	231.94	24.4	37.0	0.0	17.0
10/2/2007	19:29:00	5.674	0.308	231.78	24.4	37.0	0.0	16.0
10/2/2007	19:30:00	5.65	0.304	231.31	24.4	36.0	0.0	17.0
10/2/2007	19:31:00	5.668	0.304	231.49	24.4	37.0	0.0	16.0
10/2/2007	19:32:00	5.894	0.294	230.0	25.6	36.0	0.0	16.0
10/2/2007	19:33:00	6.336	0.372	229.92	27.8	36.0	0.0	17.0
10/2/2007	19:34:00	6.88	0.4	229.44	30.2	36.0	0.0	16.0
10/2/2007	19:35:00	6.332	0.422	230.57	27.6	36.0	0.0	16.0
10/2/2007	19:36:00	5.72	0.338	230.61	24.8	36.0	0.0	16.0
10/2/2007	19:37:00	5.698	0.326	231.13	24.6	36.0	0.0	17.0
10/2/2007	19:38:00	5.73	0.328	231.91	24.6	37.0	0.0	16.0
10/2/2007	19:39:00	5.764	0.332	232.7	24.8	37.0	0.0	17.0
10/2/2007	19:40:00	5.748	0.326	232.4	24.6	37.0	0.0	17.0
10/2/2007	19:41:00	5.892	0.566	230.99	25.6	36.0	0.0	16.0
10/2/2007	19:42:00	5.572	0.434	230.96	24.2	37.0	0.0	16.0
10/2/2007	19:43:00	5.404	0.324	232.03	23.2	36.0	0.0	17.0
10/2/2007	19:44:00	5.388	0.322	231.68	23.2	37.0	0.0	16.0
10/2/2007	19:45:00	5.502	0.32	231.41	23.8	36.0	0.0	17.0
10/2/2007	19:46:00	5.376	0.324	232.0	23.4	34.0	0.0	16.0
10/2/2007	19:49:00	5.672	0.324	232.44	24.4	36.0	0.0	16.0
10/2/2007	19:50:00	5.696	0.326	233.06	24.4	37.0	0.0	17.0
10/2/2007	19:51:00	5.698	0.326	233.07	24.4	37.0	0.0	17.0
10/2/2007	19:52:00	5.602	0.222	232.57	24.0	37.0	0.0	16.0
10/2/2007	19:55:00	5.284	0.21	234.39	22.8	25.0	0.0	17.0
10/2/2007	19:56:00	5.47	0.208	233.36	23.4	37.0	0.0	17.0
10/2/2007	19:57:00	5.446	0.206	233.02	23.2	37.0	0.0	17.0
10/2/2007	19:58:00	5.472	0.206	233.6	23.4	37.0	0.0	16.0
10/2/2007	19:59:00	5.534	0.206	233.28	23.6	38.0	0.0	17.0
10/2/2007	20:00:00	5.504	0.206	233.47	23.6	37.0	0.0	17.0
10/2/2007	20:01:00	5.462	0.206	233.37	23.4	37.0	0.0	17.0
10/2/2007	20:02:00	5.456	0.206	233.26	23.4	37.0	0.0	16.0
10/2/2007	20:03:00	5.402	0.2	231.97	23.2	37.0	0.0	17.0
10/2/2007	20:04:00	5.516	0.27	233.11	23.6	37.0	0.0	16.0
10/2/2007	20:05:00	5.516	0.3	232.96	23.6	36.0	0.0	17.0
10/2/2007	20:09:00	5.548	0.302	233.76	23.6	38.0	0.0	17.0
10/2/2007	20:10:00	5.61	0.406	232.91	24.0	36.0	0.0	17.0
10/2/2007	20:11:00	5.168	0.412	233.58	22.2	38.0	0.0	16.0
10/2/2007	20:12:00	5.26	0.408	233.17	22.6	37.0	0.0	17.0
10/2/2007	20:16:00	5.566	0.424	233.51	23.8	34.0	0.0	17.0
10/2/2007	20:17:00	5.652	0.394	233.09	24.2	37.0	0.0	16.0
10/2/2007	20:18:00	5.672	0.396	233.51	24.2	37.0	0.0	17.0
10/2/2007	20:19:00	5.672	0.396	233.51	24.2	38.0	0.0	17.0
10/2/2007	20:25:00	5.004	0.402	236.1	21.2	38.0	0.0	17.0
10/2/2007	20:49:00	5.064	0.172	234.91	21.4	38.0	0.0	17.0
10/2/2007	20:50:00	5.072	0.232	233.55	21.6	37.0	0.0	16.0
10/2/2007	22:04:00	5.97	0.196	233.34	25.6	37.0	0.0	16.0
10/2/2007	22:12:00	5.41	0.0	233.78	23.0	36.0	0.0	17.0
10/2/2007	22:15:00	5.066	0.068	233.32	21.6	1.0	0.0	16.0
10/2/2007	22:16:00	5.11	0.05	233.22	21.8	1.0	0.0	17.0
10/2/2007	22:17:00	5.872	0.0	231.91	25.6	14.0	0.0	17.0
10/2/2007	22:18:00	6.8	0.0	232.88	29.2	37.0	0.0	16.0
10/2/2007	22:19:00	6.372	0.0	234.48	27.4	29.0	0.0	17.0
10/2/2007	22:22:00	5.758	0.0	236.51	24.6	16.0	0.0	17.0
10/2/2007	22:23:00	6.682	0.054	235.51	28.2	37.0	0.0	17.0
10/2/2007	22:24:00	6.602	0.052	236.12	27.8	37.0	0.0	17.0
10/2/2007	22:25:00	6.53	0.05	236.5	27.6	38.0	0.0	17.0
10/2/2007	22:26:00	6.52	0.05	236.47	27.4	37.0	0.0	17.0
10/2/2007	22:27:00	6.5	0.052	236.1	27.4	37.0	0.0	17.0
10/2/2007	22:28:00	6.494	0.052	236.01	27.4	37.0	0.0	17.0
10/2/2007	22:29:00	6.536	0.06	234.7	27.8	37.0	0.0	17.0
10/2/2007	22:30:00	5.062	0.088	236.28	21.8	14.0	0.0	17.0
11/2/2007	05:56:00	6.376	0.174	235.86	27.0	0.0	1.0	0.0
11/2/2007	07:41:00	6.722	0.048	235.69	28.6	0.0	0.0	0.0
11/2/2007	07:42:00	7.054	0.048	236.82	29.8	0.0	0.0	0.0
11/2/2007	07:43:00	6.842	0.046	237.2	28.8	0.0	0.0	0.0
11/2/2007	07:44:00	5.838	0.0	237.61	25.0	0.0	0.0	0.0
11/2/2007	11:26:00	5.176	0.756	239.61	22.0	0.0	1.0	18.0
11/2/2007	11:31:00	7.37	0.778	237.39	31.2	0.0	39.0	17.0
11/2/2007	11:32:00	7.334	0.776	237.03	31.2	0.0	39.0	18.0
11/2/2007	11:33:00	7.426	0.646	237.72	31.4	0.0	39.0	17.0
11/2/2007	11:34:00	7.368	0.384	239.19	30.8	0.0	39.0	17.0
11/2/2007	11:35:00	6.038	0.154	239.51	25.4	0.0	39.0	18.0
11/2/2007	11:36:00	5.76	0.208	239.08	24.0	0.0	38.0	17.0
11/2/2007	11:37:00	5.324	0.058	239.61	22.2	0.0	39.0	18.0
11/2/2007	11:38:00	5.244	0.064	240.61	21.8	0.0	39.0	18.0
11/2/2007	12:05:00	5.372	0.198	237.05	23.0	0.0	30.0	17.0
11/2/2007	13:48:00	5.168	0.314	236.85	22.2	0.0	60.0	17.0
11/2/2007	13:49:00	5.992	0.33	237.17	25.2	0.0	74.0	17.0
11/2/2007	13:50:00	6.0	0.314	237.71	25.2	0.0	75.0	17.0
11/2/2007	13:51:00	5.982	0.328	237.17	25.2	0.0	75.0	18.0
11/2/2007	13:52:00	6.102	0.306	237.44	25.6	0.0	75.0	17.0
11/2/2007	13:53:00	7.26	0.308	236.26	30.6	0.0	74.0	17.0
11/2/2007	13:54:00	6.226	0.304	237.38	26.2	0.0	74.0	17.0
11/2/2007	13:55:00	6.258	0.342	236.36	26.6	0.0	75.0	17.0
11/2/2007	13:56:00	5.938	0.298	236.39	25.0	0.0	74.0	18.0
11/2/2007	13:57:00	5.944	0.316	236.42	25.0	0.0	74.0	17.0
11/2/2007	13:58:00	5.914	0.28	236.27	25.0	0.0	74.0	17.0
11/2/2007	14:25:00	5.236	0.362	238.72	22.0	38.0	25.0	18.0
11/2/2007	14:26:00	5.078	0.346	238.24	21.6	39.0	19.0	17.0
11/2/2007	14:27:00	6.054	0.34	236.71	25.6	37.0	37.0	17.0
11/2/2007	14:29:00	5.634	0.26	237.45	23.8	38.0	30.0	17.0
11/2/2007	14:30:00	5.228	0.24	237.27	22.2	38.0	26.0	17.0
11/2/2007	14:31:00	5.192	0.244	236.76	22.0	37.0	22.0	17.0
11/2/2007	14:32:00	5.244	0.232	235.37	22.4	38.0	26.0	17.0
11/2/2007	14:33:00	5.148	0.238	235.87	22.0	37.0	21.0	17.0
11/2/2007	14:34:00	5.294	0.244	237.07	22.6	37.0	27.0	18.0
11/2/2007	14:58:00	5.476	0.14	239.6	23.2	2.0	65.0	17.0
11/2/2007	14:59:00	6.106	0.23	239.97	25.4	1.0	74.0	18.0
11/2/2007	15:00:00	6.17	0.246	239.41	25.8	1.0	73.0	18.0
11/2/2007	15:01:00	6.034	0.218	236.8	25.4	1.0	72.0	17.0
11/2/2007	15:02:00	6.082	0.234	237.74	25.6	2.0	72.0	17.0
11/2/2007	15:03:00	6.082	0.224	238.06	25.4	1.0	73.0	17.0
11/2/2007	15:04:00	5.188	0.246	238.97	22.2	1.0	59.0	18.0
11/2/2007	15:06:00	5.798	0.24	238.38	24.8	1.0	37.0	17.0
11/2/2007	15:07:00	5.662	0.242	239.8	24.2	2.0	36.0	18.0
11/2/2007	15:08:00	6.034	0.254	239.99	25.6	1.0	37.0	17.0
11/2/2007	15:09:00	5.602	0.25	240.7	23.8	1.0	37.0	18.0
11/2/2007	15:10:00	5.97	0.244	239.23	24.8	1.0	72.0	18.0
11/2/2007	20:34:00	5.004	0.1	238.1	21.0	0.0	0.0	18.0
12/2/2007	06:51:00	6.514	0.0	236.95	27.4	0.0	0.0	17.0
12/2/2007	06:52:00	5.774	0.0	236.48	24.4	0.0	0.0	18.0
12/2/2007	19:36:00	5.64	0.318	233.09	24.4	0.0	0.0	0.0
12/2/2007	20:44:00	5.796	0.0	231.09	25.4	26.0	0.0	16.0
12/2/2007	20:45:00	6.178	0.086	231.21	26.6	36.0	0.0	16.0
12/2/2007	20:46:00	6.05	0.112	231.85	26.0	36.0	0.0	17.0
12/2/2007	20:47:00	5.728	0.0	232.84	24.6	37.0	0.0	17.0
12/2/2007	20:48:00	5.688	0.0	233.16	24.4	36.0	0.0	16.0
12/2/2007	20:49:00	5.78	0.0	233.76	24.6	37.0	0.0	17.0
12/2/2007	20:50:00	5.762	0.0	233.57	24.6	37.0	0.0	17.0
12/2/2007	20:51:00	5.714	0.0	234.26	24.4	36.0	0.0	17.0
12/2/2007	20:52:00	5.734	0.0	234.7	24.4	37.0	0.0	16.0
12/2/2007	20:53:00	5.716	0.0	234.42	24.4	37.0	0.0	17.0
12/2/2007	20:54:00	5.716	0.0	234.29	24.4	37.0	0.0	17.0
12/2/2007	20:55:00	5.668	0.0	232.96	24.2	36.0	0.0	17.0
14/2/2007	06:41:00	5.136	0.108	240.52	22.4	0.0	0.0	18.0
14/2/2007	06:42:00	6.008	0.096	239.11	25.2	0.0	0.0	17.0
14/2/2007	15:05:00	5.69	0.076	241.17	23.6	0.0	37.0	18.0
14/2/2007	15:07:00	5.228	0.164	240.22	21.8	0.0	37.0	18.0
14/2/2007	15:08:00	5.194	0.186	240.41	21.6	0.0	37.0	17.0
14/2/2007	15:09:00	5.082	0.168	240.51	21.2	0.0	37.0	18.0
14/2/2007	21:02:00	5.378	0.07	230.53	23.2	36.0	0.0	17.0
14/2/2007	21:03:00	5.26	0.0	231.07	22.6	36.0	0.0	16.0
14/2/2007	21:04:00	5.378	0.0	231.53	23.2	36.0	0.0	16.0
14/2/2007	21:05:00	5.31	0.0	231.86	22.8	37.0	0.0	17.0
14/2/2007	21:06:00	5.454	0.0	232.78	23.4	36.0	0.0	17.0
14/2/2007	21:07:00	5.454	0.0	234.45	23.2	37.0	0.0	16.0
14/2/2007	21:08:00	5.312	0.0	234.54	22.6	37.0	0.0	17.0
14/2/2007	21:12:00	5.006	0.0	233.85	21.4	36.0	0.0	16.0
15/2/2007	06:52:00	5.252	0.0	238.85	22.0	0.0	0.0	18.0
15/2/2007	06:53:00	6.358	0.0	238.31	27.0	0.0	0.0	17.0
15/2/2007	06:54:00	7.234	0.0	235.48	30.8	0.0	0.0	17.0
15/2/2007	06:59:00	5.082	0.168	237.52	21.6	0.0	0.0	18.0
15/2/2007	18:43:00	5.124	0.0	231.69	22.0	0.0	36.0	17.0
15/2/2007	18:44:00	5.144	0.06	230.95	22.2	0.0	36.0	16.0
15/2/2007	18:45:00	5.124	0.07	230.7	22.2	0.0	35.0	17.0
15/2/2007	18:46:00	5.368	0.182	230.66	23.2	0.0	36.0	16.0
15/2/2007	18:47:00	5.456	0.224	229.89	23.6	0.0	36.0	16.0
15/2/2007	18:48:00	5.39	0.222	230.46	23.4	0.0	36.0	17.0
15/2/2007	18:49:00	5.176	0.22	230.72	22.4	0.0	36.0	16.0
15/2/2007	18:50:00	5.322	0.216	231.61	23.0	0.0	36.0	16.0
15/2/2007	19:29:00	5.578	0.434	233.22	24.0	0.0	36.0	17.0
15/2/2007	19:33:00	5.09	0.36	234.86	21.8	0.0	36.0	17.0
15/2/2007	19:34:00	5.758	0.448	235.25	24.6	0.0	37.0	17.0
15/2/2007	19:35:00	6.926	0.6	233.35	29.8	0.0	36.0	17.0
15/2/2007	19:36:00	6.61	0.646	233.86	28.6	0.0	36.0	16.0
15/2/2007	19:37:00	6.906	0.608	233.8	29.6	0.0	37.0	17.0
15/2/2007	19:38:00	5.548	0.376	236.37	23.6	0.0	37.0	17.0
15/2/2007	19:39:00	6.634	0.472	234.05	28.4	0.0	36.0	17.0
15/2/2007	19:40:00	6.36	0.448	234.94	27.2	0.0	37.0	17.0
15/2/2007	19:41:00	5.318	0.332	234.3	22.6	0.0	36.0	17.0
15/2/2007	19:42:00	5.35	0.354	234.87	22.8	0.0	37.0	17.0
15/2/2007	19:43:00	5.398	0.344	236.41	22.8	0.0	37.0	17.0
15/2/2007	19:44:00	5.858	0.432	235.66	25.0	0.0	37.0	17.0
15/2/2007	19:45:00	6.688	0.432	233.0	28.8	0.0	36.0	17.0
15/2/2007	19:46:00	5.388	0.358	234.96	23.0	0.0	37.0	17.0
15/2/2007	19:47:00	5.324	0.336	234.63	22.6	0.0	37.0	16.0
15/2/2007	19:48:00	5.312	0.348	234.11	22.6	0.0	36.0	17.0
15/2/2007	19:50:00	5.072	0.358	235.25	21.6	0.0	31.0	17.0
15/2/2007	19:51:00	6.408	0.46	234.07	27.6	0.0	36.0	17.0
15/2/2007	19:52:00	5.302	0.41	236.93	22.8	0.0	30.0	17.0
15/2/2007	19:54:00	5.368	0.354	235.55	22.8	0.0	37.0	17.0
15/2/2007	19:57:00	5.014	0.336	235.21	21.4	0.0	37.0	17.0
15/2/2007	20:09:00	5.32	0.334	236.81	22.6	0.0	35.0	17.0
15/2/2007	20:11:00	5.098	0.324	235.3	21.8	0.0	32.0	17.0
15/2/2007	20:13:00	5.416	0.348	236.08	23.0	0.0	34.0	17.0
15/2/2007	20:20:00	5.004	0.218	236.45	21.2	0.0	5.0	17.0
16/2/2007	06:03:00	5.356	0.068	235.37	23.8	0.0	0.0	17.0
16/2/2007	06:04:00	6.316	0.058	234.23	27.0	0.0	0.0	17.0
16/2/2007	06:05:00	5.166	0.066	234.51	22.0	0.0	0.0	17.0
16/2/2007	06:46:00	5.336	0.252	239.79	22.2	38.0	1.0	17.0
16/2/2007	06:52:00	5.084	0.212	240.13	21.2	38.0	1.0	18.0
16/2/2007	06:53:00	5.164	0.222	241.25	21.4	39.0	1.0	18.0
17/2/2007	07:17:00	5.508	0.21	238.11	23.0	0.0	1.0	0.0
17/2/2007	23:03:00	7.33	0.058	234.09	31.6	0.0	0.0	0.0
17/2/2007	23:04:00	7.246	0.058	234.38	31.0	0.0	0.0	0.0
17/2/2007	23:05:00	7.27	0.092	234.89	31.0	0.0	0.0	0.0
17/2/2007	23:06:00	6.012	0.07	236.08	26.2	0.0	0.0	0.0
18/2/2007	00:18:00	5.046	0.316	237.89	21.2	1.0	1.0	18.0
18/2/2007	00:28:00	5.068	0.22	239.11	21.4	7.0	0.0	18.0
18/2/2007	00:29:00	6.708	0.2	237.46	28.2	38.0	0.0	17.0
18/2/2007	00:30:00	6.288	0.188	236.95	26.4	38.0	0.0	18.0
18/2/2007	00:31:00	6.136	0.194	237.8	25.8	38.0	0.0	17.0
18/2/2007	00:32:00	5.97	0.222	237.74	25.0	38.0	0.0	17.0
18/2/2007	00:33:00	5.928	0.23	237.07	25.0	38.0	0.0	17.0
18/2/2007	00:34:00	5.928	0.23	237.21	25.0	37.0	0.0	18.0
18/2/2007	00:35:00	6.046	0.236	238.35	25.2	38.0	0.0	17.0
18/2/2007	00:36:00	5.894	0.158	238.03	24.6	38.0	0.0	17.0
18/2/2007	00:37:00	5.712	0.1	238.3	23.8	38.0	0.0	18.0
18/2/2007	00:38:00	5.68	0.072	238.88	23.6	38.0	0.0	17.0
18/2/2007	00:39:00	5.688	0.074	239.04	23.8	38.0	0.0	18.0
18/2/2007	00:46:00	5.7	0.074	239.39	23.8	38.0	0.0	18.0
18/2/2007	00:47:00	5.736	0.078	240.17	23.8	39.0	0.0	17.0
18/2/2007	00:48:00	5.768	0.08	240.95	23.8	38.0	0.0	18.0
18/2/2007	01:43:00	5.502	0.09	235.54	23.4	34.0	0.0	17.0
18/2/2007	01:44:00	5.514	0.084	234.45	23.4	37.0	0.0	16.0
18/2/2007	01:45:00	5.638	0.188	235.22	24.0	37.0	0.0	17.0
18/2/2007	01:46:00	5.642	0.188	235.81	23.8	37.0	0.0	17.0
18/2/2007	01:47:00	5.616	0.186	235.19	23.8	37.0	0.0	17.0
18/2/2007	01:48:00	5.66	0.19	236.3	23.8	37.0	0.0	18.0
18/2/2007	01:49:00	5.576	0.084	236.07	23.6	37.0	0.0	17.0
18/2/2007	01:50:00	5.52	0.062	235.67	23.4	37.0	0.0	17.0
18/2/2007	05:56:00	5.502	0.196	237.07	23.8	0.0	0.0	0.0
18/2/2007	05:57:00	6.3	0.19	236.77	26.6	0.0	0.0	0.0
18/2/2007	05:58:00	6.354	0.194	237.28	26.8	0.0	0.0	0.0
18/2/2007	05:59:00	6.354	0.194	237.23	26.8	0.0	0.0	0.0
18/2/2007	06:00:00	6.102	0.194	236.87	25.8	0.0	0.0	0.0
18/2/2007	08:28:00	6.096	0.09	237.64	25.6	0.0	0.0	0.0
18/2/2007	08:29:00	6.068	0.086	236.69	25.6	0.0	0.0	0.0
18/2/2007	08:30:00	5.456	0.086	236.04	23.6	0.0	0.0	0.0
18/2/2007	08:32:00	5.51	0.118	236.41	23.4	0.0	0.0	18.0
18/2/2007	10:00:00	5.86	0.052	236.22	24.8	0.0	37.0	17.0
18/2/2007	10:01:00	5.852	0.052	236.23	24.6	0.0	38.0	17.0
18/2/2007	10:02:00	5.768	0.052	235.87	24.4	0.0	38.0	17.0
18/2/2007	10:03:00	5.784	0.046	234.45	24.6	0.0	38.0	17.0
18/2/2007	10:04:00	5.64	0.046	234.8	24.0	0.0	39.0	17.0
18/2/2007	10:05:00	5.68	0.0	234.72	24.2	0.0	38.0	17.0
18/2/2007	10:06:00	5.758	0.0	233.97	24.6	0.0	38.0	17.0
18/2/2007	10:07:00	5.802	0.0	234.9	24.6	0.0	38.0	17.0
18/2/2007	10:10:00	5.206	0.142	233.65	22.6	0.0	30.0	16.0
18/2/2007	10:53:00	5.526	0.058	234.74	23.4	37.0	0.0	17.0
18/2/2007	10:54:00	5.528	0.06	234.89	23.4	38.0	0.0	17.0
18/2/2007	10:55:00	5.484	0.056	233.92	23.4	36.0	0.0	17.0
18/2/2007	10:56:00	5.512	0.058	234.62	23.4	37.0	0.0	17.0
18/2/2007	10:57:00	5.522	0.06	234.95	23.4	38.0	0.0	17.0
18/2/2007	10:58:00	5.51	0.058	234.72	23.4	36.0	0.0	17.0
18/2/2007	10:59:00	5.54	0.062	235.46	23.4	38.0	0.0	17.0
18/2/2007	11:00:00	5.56	0.102	234.94	23.6	37.0	0.0	17.0
18/2/2007	11:01:00	5.624	0.186	235.06	23.8	37.0	0.0	17.0
18/2/2007	12:06:00	5.402	0.0	236.26	23.0	0.0	66.0	17.0
18/2/2007	12:07:00	5.628	0.0	235.09	23.8	0.0	73.0	17.0
18/2/2007	12:08:00	5.58	0.0	234.39	23.8	0.0	71.0	17.0
18/2/2007	12:09:00	5.616	0.0	234.93	23.8	0.0	72.0	17.0
18/2/2007	12:10:00	5.616	0.0	235.0	23.8	0.0	72.0	17.0
18/2/2007	12:11:00	5.656	0.0	235.79	23.8	0.0	72.0	17.0
18/2/2007	12:12:00	5.66	0.0	236.14	23.8	0.0	73.0	17.0
18/2/2007	12:13:00	5.652	0.0	235.8	23.8	0.0	72.0	17.0
18/2/2007	12:14:00	5.62	0.0	235.37	23.8	0.0	72.0	17.0
18/2/2007	12:17:00	5.226	0.0	236.3	22.4	0.0	63.0	17.0
18/2/2007	13:02:00	5.126	0.168	237.44	23.6	0.0	39.0	18.0
18/2/2007	13:03:00	7.16	0.202	233.17	30.8	0.0	73.0	16.0
18/2/2007	13:04:00	6.232	0.204	233.99	26.6	0.0	72.0	17.0
18/2/2007	13:05:00	6.324	0.232	235.39	26.8	0.0	74.0	17.0
18/2/2007	13:06:00	7.11	0.466	234.7	30.6	0.0	63.0	17.0
18/2/2007	13:07:00	6.882	0.368	234.25	29.6	0.0	61.0	17.0
18/2/2007	13:08:00	6.336	0.3	234.46	27.0	0.0	73.0	17.0
18/2/2007	13:09:00	5.408	0.334	236.9	22.8	0.0	59.0	17.0
18/2/2007	13:10:00	6.098	0.312	236.16	25.8	0.0	67.0	17.0
18/2/2007	13:11:00	6.162	0.318	235.34	26.2	0.0	72.0	17.0
18/2/2007	13:12:00	5.306	0.328	237.72	22.4	0.0	55.0	17.0
18/2/2007	13:15:00	5.026	0.376	238.47	21.4	0.0	52.0	18.0
18/2/2007	14:17:00	5.196	0.128	239.4	22.2	0.0	59.0	18.0
18/2/2007	14:18:00	6.012	0.102	238.23	25.2	0.0	75.0	17.0
18/2/2007	14:19:00	6.034	0.12	238.56	25.2	0.0	75.0	17.0
18/2/2007	14:20:00	5.992	0.1	237.89	25.2	0.0	75.0	18.0
18/2/2007	14:21:00	6.02	0.114	237.94	25.2	0.0	75.0	17.0
18/2/2007	14:22:00	6.112	0.096	238.31	25.6	0.0	75.0	17.0
18/2/2007	14:23:00	6.054	0.108	237.24	25.4	0.0	75.0	18.0
18/2/2007	14:24:00	5.974	0.094	237.45	25.0	0.0	74.0	17.0
18/2/2007	14:25:00	6.038	0.224	238.33	25.2	0.0	75.0	17.0
18/2/2007	14:26:00	6.056	0.232	238.76	25.2	0.0	76.0	18.0
18/2/2007	14:27:00	5.456	0.264	240.09	23.0	0.0	68.0	17.0
18/2/2007	18:02:00	5.202	0.552	231.38	22.6	37.0	4.0	17.0
18/2/2007	18:03:00	5.194	0.536	231.26	22.4	36.0	5.0	16.0
18/2/2007	18:04:00	5.37	0.544	230.69	23.4	36.0	4.0	17.0
18/2/2007	18:05:00	5.436	0.53	230.98	23.6	37.0	5.0	16.0
18/2/2007	18:06:00	5.316	0.504	230.7	23.0	36.0	3.0	16.0
18/2/2007	18:07:00	5.218	0.486	230.63	22.6	36.0	1.0	17.0
18/2/2007	19:04:00	5.064	0.27	232.42	21.8	37.0	1.0	0.0
18/2/2007	19:17:00	6.132	0.294	232.97	26.2	37.0	0.0	17.0
18/2/2007	19:18:00	5.7	0.298	232.96	24.8	32.0	1.0	17.0
18/2/2007	19:24:00	5.454	0.314	234.71	23.6	27.0	0.0	17.0
18/2/2007	19:25:00	6.03	0.316	234.42	25.6	37.0	0.0	17.0
18/2/2007	19:26:00	6.106	0.324	234.58	26.0	38.0	0.0	17.0
18/2/2007	19:27:00	6.038	0.332	234.62	25.6	37.0	0.0	17.0
18/2/2007	19:28:00	5.856	0.31	234.21	25.0	38.0	0.0	17.0
18/2/2007	19:29:00	6.046	0.312	234.83	25.8	37.0	1.0	17.0
18/2/2007	19:30:00	5.954	0.306	234.6	25.4	38.0	0.0	17.0
18/2/2007	19:31:00	5.598	0.31	234.25	23.8	37.0	0.0	17.0
18/2/2007	19:32:00	5.458	0.318	235.72	23.2	38.0	0.0	17.0
18/2/2007	19:33:00	5.502	0.276	236.82	23.2	38.0	0.0	17.0
18/2/2007	19:34:00	5.402	0.194	236.46	22.8	39.0	0.0	17.0
18/2/2007	19:35:00	5.798	0.202	234.48	24.6	37.0	1.0	17.0
18/2/2007	19:36:00	5.538	0.198	233.88	23.6	38.0	0.0	17.0
18/2/2007	20:38:00	5.616	0.15	230.96	24.4	32.0	1.0	17.0
18/2/2007	20:39:00	5.526	0.148	230.41	24.0	36.0	1.0	16.0
18/2/2007	20:40:00	5.538	0.144	230.09	24.0	35.0	2.0	16.0
18/2/2007	20:41:00	5.66	0.236	230.73	24.6	36.0	1.0	17.0
18/2/2007	20:42:00	6.282	0.296	230.55	27.4	36.0	1.0	16.0
18/2/2007	20:43:00	6.574	0.292	229.74	28.8	36.0	2.0	16.0
18/2/2007	20:44:00	5.7	0.284	231.21	24.6	35.0	1.0	17.0
18/2/2007	20:45:00	5.546	0.294	232.57	23.8	37.0	1.0	16.0
18/2/2007	20:46:00	5.41	0.294	232.54	23.2	36.0	2.0	17.0
18/2/2007	20:47:00	5.434	0.296	233.16	23.2	36.0	1.0	16.0
18/2/2007	20:48:00	5.406	0.294	232.74	23.2	37.0	1.0	17.0
19/2/2007	06:46:00	5.338	0.114	239.08	22.2	0.0	0.0	18.0
19/2/2007	18:40:00	5.246	0.28	230.56	22.8	0.0	36.0	16.0
19/2/2007	18:41:00	5.252	0.234	231.61	22.6	0.0	36.0	16.0
19/2/2007	18:42:00	6.016	0.224	231.0	26.0	0.0	35.0	17.0
19/2/2007	18:43:00	5.838	0.218	230.75	25.2	0.0	36.0	16.0
19/2/2007	18:44:00	5.788	0.25	231.81	25.0	0.0	36.0	17.0
19/2/2007	18:45:00	5.79	0.142	232.0	25.0	0.0	37.0	16.0
19/2/2007	18:46:00	5.7	0.12	232.07	24.6	0.0	36.0	17.0
19/2/2007	18:47:00	5.544	0.12	232.26	23.8	0.0	36.0	16.0
19/2/2007	18:48:00	5.584	0.118	232.43	24.0	0.0	37.0	17.0
19/2/2007	18:49:00	5.088	0.118	231.89	22.0	0.0	36.0	16.0
19/2/2007	19:19:00	5.402	0.258	230.08	24.0	37.0	0.0	16.0
19/2/2007	19:20:00	5.784	0.226	228.62	25.2	48.0	0.0	16.0
19/2/2007	19:21:00	5.804	0.22	228.65	25.4	48.0	0.0	16.0
19/2/2007	19:22:00	5.83	0.22	229.05	25.4	48.0	0.0	16.0
19/2/2007	19:30:00	6.058	0.184	229.19	26.6	45.0	0.0	16.0
19/2/2007	19:36:00	6.28	0.064	228.44	27.4	45.0	0.0	16.0
19/2/2007	19:42:00	5.624	0.052	229.9	25.0	33.0	0.0	16.0
19/2/2007	19:43:00	6.322	0.048	229.27	27.4	48.0	0.0	16.0
19/2/2007	19:45:00	5.286	0.164	230.76	23.2	1.0	23.0	17.0
19/2/2007	19:46:00	5.802	0.196	229.77	25.2	0.0	34.0	16.0
19/2/2007	19:47:00	7.682	0.174	227.73	34.0	43.0	26.0	16.0
19/2/2007	19:48:00	5.642	0.172	230.2	24.8	8.0	34.0	16.0
19/2/2007	19:50:00	5.554	0.27	231.05	24.2	0.0	35.0	16.0
19/2/2007	19:51:00	6.532	0.364	230.11	28.4	0.0	34.0	16.0
19/2/2007	19:52:00	6.04	0.28	230.41	26.4	0.0	34.0	16.0
19/2/2007	19:53:00	5.02	0.166	231.88	21.6	0.0	35.0	17.0
19/2/2007	19:54:00	5.042	0.254	230.08	21.8	0.0	34.0	16.0
19/2/2007	19:55:00	5.076	0.272	231.56	21.8	0.0	35.0	17.0
19/2/2007	21:02:00	5.214	0.184	231.51	22.6	37.0	2.0	17.0
19/2/2007	21:03:00	5.028	0.086	232.63	21.6	36.0	1.0	16.0
19/2/2007	21:04:00	5.176	0.086	232.42	22.2	37.0	1.0	17.0
19/2/2007	21:05:00	5.176	0.084	232.18	22.2	36.0	1.0	17.0
19/2/2007	21:06:00	5.158	0.08	232.08	22.2	36.0	2.0	16.0
19/2/2007	21:07:00	5.16	0.082	231.83	22.2	36.0	1.0	17.0
19/2/2007	21:08:00	5.178	0.084	233.32	22.2	37.0	1.0	16.0
19/2/2007	21:09:00	5.062	0.09	233.52	21.6	37.0	2.0	17.0
19/2/2007	21:10:00	5.014	0.084	232.97	21.4	36.0	1.0	17.0
19/2/2007	21:11:00	5.022	0.088	232.8	21.6	36.0	1.0	16.0
19/2/2007	21:12:00	5.014	0.086	233.05	21.4	37.0	2.0	17.0
19/2/2007	21:13:00	5.038	0.09	233.28	21.6	36.0	1.0	17.0
19/2/2007	21:14:00	5.03	0.05	234.41	21.4	37.0	1.0	17.0
19/2/2007	21:15:00	5.08	0.0	234.03	21.6	37.0	2.0	16.0
19/2/2007	21:16:00	5.022	0.0	234.22	21.4	37.0	1.0	17.0
20/2/2007	06:55:00	5.106	0.11	238.42	21.6	0.0	1.0	18.0
20/2/2007	06:56:00	7.736	0.08	235.52	33.2	0.0	1.0	18.0
20/2/2007	06:57:00	7.384	0.084	236.31	31.2	0.0	2.0	17.0
20/2/2007	06:58:00	7.676	0.096	236.89	32.4	0.0	1.0	17.0
20/2/2007	06:59:00	7.662	0.1	236.33	32.4	0.0	1.0	18.0
20/2/2007	07:00:00	5.92	0.11	237.47	25.4	0.0	1.0	17.0
20/2/2007	07:01:00	5.026	0.118	238.87	21.0	0.0	1.0	18.0
20/2/2007	07:02:00	5.32	0.132	238.6	22.4	0.0	1.0	17.0
20/2/2007	07:03:00	6.272	0.15	236.05	26.4	0.0	2.0	17.0
20/2/2007	07:49:00	5.388	0.0	235.54	22.8	0.0	0.0	17.0
20/2/2007	07:50:00	6.464	0.0	235.03	27.4	0.0	0.0	17.0
20/2/2007	07:51:00	5.656	0.0	234.81	24.2	0.0	0.0	17.0
20/2/2007	07:52:00	6.188	0.0	234.39	26.4	0.0	0.0	17.0
20/2/2007	07:53:00	6.264	0.0	234.64	26.6	0.0	0.0	17.0
20/2/2007	07:54:00	6.354	0.0	234.24	27.0	0.0	0.0	16.0
20/2/2007	07:55:00	5.25	0.0	234.62	22.4	0.0	0.0	17.0
20/2/2007	07:57:00	5.042	0.112	235.42	21.4	0.0	0.0	17.0
20/2/2007	07:58:00	5.064	0.118	236.17	21.4	0.0	0.0	17.0
20/2/2007	07:59:00	5.036	0.12	236.45	21.2	0.0	0.0	18.0
20/2/2007	20:23:00	5.006	0.098	235.41	21.2	0.0	37.0	17.0
20/2/2007	20:25:00	5.516	0.09	235.56	23.6	0.0	43.0	17.0
20/2/2007	20:26:00	6.756	0.084	234.93	29.0	0.0	64.0	17.0
20/2/2007	20:27:00	7.8	0.078	234.85	33.2	0.0	73.0	17.0
20/2/2007	20:28:00	8.374	0.082	234.12	35.8	0.0	72.0	17.0
20/2/2007	20:29:00	7.182	0.084	234.33	30.6	0.0	72.0	17.0
20/2/2007	20:30:00	7.824	0.124	232.19	33.8	0.0	70.0	17.0
20/2/2007	20:31:00	7.204	0.09	231.78	31.0	0.0	71.0	16.0
20/2/2007	20:32:00	6.894	0.092	231.43	29.8	0.0	71.0	16.0
20/2/2007	20:33:00	6.892	0.088	231.36	29.8	0.0	70.0	17.0
20/2/2007	20:34:00	6.91	0.146	230.68	30.0	0.0	71.0	16.0
20/2/2007	20:35:00	6.932	0.194	230.81	30.0	0.0	71.0	17.0
20/2/2007	20:36:00	6.956	0.182	231.43	30.0	0.0	71.0	16.0
20/2/2007	20:37:00	7.13	0.11	231.74	30.8	0.0	72.0	16.0
20/2/2007	20:38:00	5.774	0.148	232.99	25.0	0.0	45.0	17.0
20/2/2007	20:39:00	5.502	0.15	233.51	23.6	0.0	37.0	17.0
20/2/2007	20:40:00	5.626	0.184	233.36	24.0	0.0	38.0	17.0
20/2/2007	20:41:00	5.656	0.344	233.03	24.2	0.0	37.0	16.0
20/2/2007	20:42:00	5.376	0.334	233.23	23.0	2.0	36.0	17.0
20/2/2007	20:57:00	5.108	0.358	232.65	22.0	1.0	42.0	16.0
20/2/2007	21:02:00	6.504	0.168	231.6	28.2	33.0	34.0	16.0
20/2/2007	21:03:00	5.656	0.19	233.19	24.2	36.0	17.0	17.0
20/2/2007	21:04:00	6.682	0.166	231.61	28.8	37.0	34.0	16.0
20/2/2007	21:05:00	6.736	0.178	231.81	29.0	36.0	36.0	17.0
20/2/2007	21:06:00	5.2	0.184	233.57	22.4	36.0	20.0	8.0
20/2/2007	21:07:00	5.61	0.258	233.66	24.0	37.0	31.0	0.0
20/2/2007	21:08:00	5.89	0.278	234.05	25.2	37.0	36.0	0.0
20/2/2007	21:09:00	5.342	0.296	234.74	22.8	37.0	28.0	0.0
20/2/2007	21:11:00	5.594	0.284	235.46	23.8	37.0	37.0	0.0
20/2/2007	21:12:00	5.024	0.272	235.02	21.6	32.0	34.0	0.0
21/2/2007	06:55:00	5.812	0.18	235.11	24.8	0.0	1.0	11.0
21/2/2007	19:44:00	6.32	0.298	232.3	27.4	0.0	35.0	0.0
21/2/2007	19:45:00	6.14	0.304	232.72	26.6	0.0	26.0	0.0
21/2/2007	19:46:00	6.694	0.292	232.04	28.8	0.0	35.0	0.0
21/2/2007	19:47:00	6.76	0.302	232.18	29.0	0.0	35.0	0.0
21/2/2007	20:00:00	5.038	0.598	233.48	22.0	23.0	20.0	0.0
21/2/2007	20:01:00	8.274	0.596	230.8	36.4	37.0	27.0	0.0
21/2/2007	20:02:00	8.246	0.586	230.4	36.2	36.0	34.0	0.0
21/2/2007	20:03:00	5.864	0.608	232.24	25.4	37.0	23.0	0.0
21/2/2007	20:04:00	6.138	0.6	231.96	26.6	36.0	25.0	0.0
21/2/2007	20:05:00	8.974	0.576	230.04	39.2	36.0	34.0	0.0
21/2/2007	20:06:00	7.676	0.59	231.17	33.6	37.0	22.0	0.0
21/2/2007	20:07:00	6.054	0.6	232.15	26.2	37.0	25.0	0.0
21/2/2007	20:08:00	6.67	0.594	232.05	28.8	36.0	35.0	0.0
21/2/2007	20:09:00	5.592	0.602	232.33	24.2	37.0	16.0	0.0
21/2/2007	20:10:00	6.638	0.596	232.49	28.6	37.0	31.0	0.0
21/2/2007	20:11:00	6.11	0.604	233.3	26.4	37.0	24.0	0.0
21/2/2007	20:12:00	6.268	0.61	233.82	27.0	37.0	24.0	0.0
21/2/2007	20:13:00	6.374	0.616	234.25	27.4	38.0	28.0	0.0
21/2/2007	20:14:00	6.136	0.61	233.76	26.4	37.0	21.0	0.0
21/2/2007	20:15:00	6.712	0.588	232.98	29.0	37.0	32.0	0.0
21/2/2007	20:20:00	5.998	0.428	233.85	25.8	35.0	33.0	0.0
21/2/2007	20:21:00	5.046	0.428	235.05	21.6	37.0	14.0	0.0
21/2/2007	20:22:00	5.094	0.446	235.9	22.6	22.0	32.0	0.0
22/2/2007	06:43:00	5.074	0.046	235.24	21.4	0.0	0.0	17.0
22/2/2007	06:57:00	5.028	0.0	238.43	21.6	0.0	0.0	18.0
22/2/2007	06:58:00	7.652	0.0	235.66	32.6	0.0	0.0	17.0
22/2/2007	06:59:00	8.244	0.0	235.21	35.0	0.0	0.0	17.0
22/2/2007	07:00:00	7.184	0.0	236.11	30.6	0.0	0.0	17.0
22/2/2007	07:01:00	5.236	0.0	237.6	22.0	0.0	0.0	17.0
22/2/2007	07:02:00	5.202	0.0	236.92	21.8	0.0	0.0	17.0
22/2/2007	07:04:00	5.38	0.0	235.71	22.8	0.0	0.0	17.0
22/2/2007	07:58:00	5.516	0.078	235.61	23.4	0.0	0.0	17.0
22/2/2007	07:59:00	5.232	0.08	236.01	22.2	0.0	0.0	17.0
22/2/2007	08:00:00	5.534	0.078	236.09	23.4	0.0	0.0	17.0
22/2/2007	19:20:00	5.21	0.35	229.5	22.6	0.0	0.0	16.0
22/2/2007	19:21:00	5.214	0.35	229.8	22.6	0.0	0.0	17.0
22/2/2007	19:22:00	5.144	0.334	230.4	22.4	0.0	0.0	16.0
22/2/2007	19:32:00	6.068	0.2	231.3	26.2	0.0	35.0	16.0
22/2/2007	19:33:00	6.178	0.166	231.73	26.6	0.0	36.0	17.0
22/2/2007	19:34:00	6.16	0.08	232.71	26.4	0.0	36.0	16.0
22/2/2007	19:35:00	6.02	0.078	233.27	25.8	0.0	36.0	17.0
22/2/2007	19:36:00	5.982	0.078	232.88	25.6	0.0	37.0	17.0
22/2/2007	19:37:00	5.966	0.076	232.62	25.6	0.0	36.0	16.0
22/2/2007	19:38:00	5.982	0.076	232.98	25.6	0.0	36.0	17.0
22/2/2007	19:39:00	5.97	0.072	232.59	25.6	0.0	36.0	17.0
22/2/2007	19:40:00	5.94	0.074	232.02	25.6	0.0	36.0	16.0
22/2/2007	19:42:00	5.394	0.174	230.91	23.6	0.0	25.0	16.0
22/2/2007	20:59:00	5.814	0.102	230.72	25.2	1.0	33.0	16.0
22/2/2007	21:00:00	5.354	0.108	231.5	23.4	1.0	30.0	16.0
22/2/2007	21:01:00	5.468	0.088	231.04	23.6	1.0	32.0	17.0
22/2/2007	21:02:00	5.05	0.108	230.77	22.0	1.0	33.0	16.0
22/2/2007	21:03:00	6.284	0.08	229.42	28.0	21.0	29.0	16.0
22/2/2007	21:04:00	8.616	0.086	227.4	38.0	35.0	55.0	16.0
22/2/2007	21:05:00	9.16	0.0	226.94	40.2	35.0	68.0	16.0
22/2/2007	21:06:00	9.116	0.0	226.46	40.2	34.0	67.0	16.0
22/2/2007	21:07:00	9.316	0.0	226.72	41.0	35.0	67.0	16.0
22/2/2007	21:08:00	9.374	0.0	226.47	41.4	35.0	68.0	15.0
22/2/2007	21:09:00	9.392	0.0	226.35	41.4	34.0	67.0	16.0
22/2/2007	21:10:00	9.244	0.0	224.24	41.2	34.0	66.0	16.0
22/2/2007	21:11:00	9.248	0.0	224.48	41.2	34.0	66.0	15.0
22/2/2007	21:12:00	9.246	0.0	224.32	41.2	34.0	66.0	15.0
22/2/2007	21:13:00	9.26	0.0	224.76	41.2	35.0	66.0	16.0
22/2/2007	21:14:00	9.338	0.0	223.49	41.8	33.0	66.0	15.0
22/2/2007	21:15:00	9.41	0.0	224.19	41.8	34.0	66.0	16.0
22/2/2007	21:16:00	7.79	0.0	227.04	34.6	35.0	43.0	16.0
22/2/2007	21:17:00	5.52	0.0	230.38	23.8	2.0	35.0	16.0
22/2/2007	21:18:00	5.502	0.0	230.36	23.8	1.0	35.0	16.0
22/2/2007	21:19:00	5.524	0.0	231.65	23.8	1.0	35.0	17.0
22/2/2007	21:20:00	5.558	0.068	232.42	23.8	1.0	35.0	16.0
22/2/2007	21:21:00	5.68	0.0	233.27	24.4	1.0	36.0	17.0
22/2/2007	21:22:00	7.638	0.076	230.43	33.0	35.0	35.0	16.0
22/2/2007	21:23:00	7.688	0.12	230.64	33.2	36.0	35.0	17.0
22/2/2007	21:24:00	7.734	0.138	231.39	33.4	36.0	36.0	16.0
22/2/2007	21:25:00	7.72	0.138	230.65	33.4	36.0	35.0	16.0
22/2/2007	21:26:00	6.376	0.164	231.28	27.8	30.0	21.0	17.0
22/2/2007	21:27:00	5.278	0.132	232.5	22.8	1.0	28.0	16.0
22/2/2007	21:28:00	5.706	0.136	232.83	24.4	2.0	36.0	17.0
22/2/2007	21:29:00	5.386	0.118	232.79	23.2	1.0	31.0	17.0
22/2/2007	21:31:00	5.708	0.112	232.67	24.4	1.0	36.0	17.0
22/2/2007	21:32:00	5.722	0.154	232.88	24.4	1.0	36.0	17.0
22/2/2007	21:34:00	5.746	0.212	232.66	24.8	1.0	34.0	17.0
22/2/2007	21:35:00	6.67	0.2	230.71	28.8	1.0	39.0	16.0
22/2/2007	21:36:00	6.206	0.22	229.67	27.0	1.0	28.0	16.0
22/2/2007	21:37:00	6.222	0.192	229.33	27.2	1.0	27.0	17.0
22/2/2007	21:38:00	6.55	0.172	229.38	28.4	2.0	34.0	16.0
22/2/2007	21:39:00	5.6	0.15	230.58	24.2	1.0	20.0	16.0
22/2/2007	21:40:00	6.048	0.158	230.88	26.4	1.0	24.0	16.0
22/2/2007	21:41:00	5.568	0.12	230.76	24.2	1.0	20.0	17.0
22/2/2007	21:42:00	5.814	0.13	230.83	25.4	1.0	19.0	16.0
22/2/2007	21:43:00	6.346	0.114	230.16	27.6	2.0	35.0	16.0
22/2/2007	21:44:00	5.124	0.136	231.51	22.2	1.0	13.0	17.0
22/2/2007	21:45:00	6.288	0.114	230.22	27.2	1.0	30.0	16.0
22/2/2007	21:46:00	5.582	0.134	231.37	24.2	1.0	23.0	17.0
22/2/2007	21:47:00	5.686	0.118	231.48	24.6	1.0	21.0	16.0
22/2/2007	21:48:00	5.726	0.142	233.09	24.6	2.0	25.0	17.0
22/2/2007	21:49:00	5.622	0.128	233.16	24.2	1.0	20.0	16.0
22/2/2007	21:50:00	5.516	0.146	233.35	23.8	1.0	21.0	17.0
22/2/2007	22:21:00	5.15	0.164	235.35	21.8	37.0	1.0	17.0
22/2/2007	22:22:00	5.046	0.164	236.05	21.2	38.0	2.0	17.0
22/2/2007	22:23:00	5.032	0.1	236.76	21.2	37.0	1.0	17.0
22/2/2007	23:02:00	5.134	0.138	236.3	21.6	0.0	36.0	17.0
22/2/2007	23:04:00	5.006	0.138	236.75	21.0	0.0	36.0	18.0
23/2/2007	07:04:00	5.35	0.222	233.73	22.8	0.0	1.0	0.0
23/2/2007	07:05:00	5.044	0.248	233.56	21.6	0.0	2.0	0.0
23/2/2007	07:06:00	5.01	0.244	232.82	21.4	0.0	1.0	0.0
23/2/2007	07:51:00	5.094	0.064	232.54	22.4	0.0	0.0	17.0
23/2/2007	07:52:00	5.468	0.06	232.08	23.6	0.0	0.0	16.0
4/3/2007	16:31:00	6.284	0.31	236.91	26.4	0.0	72.0	17.0
4/3/2007	16:32:00	6.314	0.35	236.8	26.6	0.0	74.0	18.0
4/3/2007	16:33:00	6.486	0.364	236.35	27.4	0.0	74.0	17.0
4/3/2007	16:34:00	6.5	0.352	236.62	27.4	0.0	74.0	17.0
4/3/2007	16:35:00	6.51	0.37	236.3	27.6	0.0	74.0	17.0
4/3/2007	16:36:00	6.344	0.264	237.18	26.6	0.0	74.0	17.0
4/3/2007	16:37:00	6.264	0.274	236.59	26.4	0.0	74.0	17.0
4/3/2007	16:38:00	5.982	0.14	236.36	25.2	0.0	74.0	17.0
4/3/2007	16:39:00	5.472	0.102	236.96	23.4	0.0	69.0	18.0
4/3/2007	16:41:00	5.564	0.096	235.74	23.8	0.0	68.0	17.0
4/3/2007	17:20:00	5.468	0.572	236.83	23.2	34.0	19.0	17.0
4/3/2007	17:45:00	5.048	0.182	236.04	21.4	38.0	0.0	17.0
4/3/2007	17:49:00	5.952	0.24	234.83	25.6	22.0	35.0	16.0
4/3/2007	17:50:00	6.402	0.242	234.64	27.4	37.0	27.0	17.0
4/3/2007	17:51:00	6.536	0.398	235.05	27.8	38.0	35.0	17.0
4/3/2007	18:25:00	5.04	0.192	235.22	21.6	0.0	32.0	17.0
4/3/2007	18:28:00	5.512	0.0	236.18	24.0	0.0	42.0	17.0
4/3/2007	18:29:00	6.426	0.0	234.7	27.4	0.0	61.0	17.0
4/3/2007	18:30:00	5.974	0.0	232.73	25.8	0.0	54.0	16.0
4/3/2007	18:31:00	6.398	0.0	233.21	27.4	0.0	58.0	17.0
4/3/2007	18:32:00	5.55	0.0	234.5	23.6	0.0	44.0	17.0
4/3/2007	18:33:00	5.106	0.0	234.05	21.8	0.0	40.0	17.0
4/3/2007	18:34:00	5.23	0.0	234.53	22.2	0.0	40.0	16.0
4/3/2007	18:35:00	5.098	0.0	233.92	21.8	0.0	40.0	17.0
4/3/2007	18:36:00	5.082	0.0	234.15	21.6	0.0	40.0	17.0
4/3/2007	18:37:00	5.178	0.124	233.82	22.2	0.0	41.0	17.0
4/3/2007	18:38:00	5.174	0.15	233.83	22.2	0.0	39.0	16.0
4/3/2007	18:39:00	5.274	0.226	233.78	22.6	0.0	41.0	17.0
4/3/2007	19:20:00	6.072	0.28	233.76	26.6	24.0	1.0	17.0
4/3/2007	19:21:00	6.614	0.344	231.72	28.6	37.0	2.0	16.0
4/3/2007	19:22:00	6.976	0.566	230.93	30.4	36.0	1.0	16.0
4/3/2007	19:23:00	6.892	0.628	232.01	29.8	37.0	1.0	17.0
4/3/2007	19:24:00	6.918	0.616	231.07	30.2	36.0	2.0	16.0
4/3/2007	19:25:00	6.89	0.582	232.2	29.8	37.0	1.0	17.0
4/3/2007	19:26:00	7.054	0.516	233.78	30.4	37.0	0.0	17.0
4/3/2007	19:27:00	6.964	0.526	234.47	29.8	37.0	0.0	17.0
4/3/2007	19:28:00	7.776	0.538	231.01	34.0	37.0	14.0	16.0
4/3/2007	19:29:00	8.776	0.512	229.9	38.2	36.0	35.0	16.0
4/3/2007	19:30:00	7.856	0.43	232.27	34.0	37.0	27.0	17.0
4/3/2007	19:31:00	8.862	0.45	231.32	38.6	36.0	40.0	16.0
4/3/2007	19:32:00	10.154	0.502	229.72	44.4	36.0	61.0	16.0
4/3/2007	19:33:00	10.65	0.5	229.97	46.4	36.0	70.0	17.0
4/3/2007	19:34:00	10.67	0.516	230.2	46.4	37.0	69.0	16.0
4/3/2007	19:35:00	9.922	0.414	230.17	43.2	34.0	70.0	16.0
4/3/2007	19:36:00	6.844	0.414	232.6	29.4	1.0	70.0	17.0
4/3/2007	19:37:00	6.99	0.38	232.51	30.2	4.0	71.0	16.0
4/3/2007	19:38:00	6.772	0.376	233.88	29.0	0.0	72.0	17.0
4/3/2007	19:39:00	6.6	0.36	234.37	28.2	1.0	72.0	17.0
4/3/2007	19:40:00	6.504	0.256	234.0	27.8	0.0	71.0	17.0
4/3/2007	19:41:00	6.45	0.192	234.04	27.4	1.0	72.0	16.0
4/3/2007	19:42:00	6.378	0.15	233.2	27.2	0.0	71.0	17.0
4/3/2007	19:43:00	6.346	0.138	232.78	27.2	1.0	71.0	17.0
4/3/2007	19:44:00	6.312	0.144	231.98	27.2	0.0	71.0	16.0
4/3/2007	19:45:00	6.372	0.142	233.3	27.2	0.0	71.0	17.0
4/3/2007	19:48:00	5.702	0.172	234.26	24.6	1.0	62.0	17.0
4/3/2007	20:08:00	5.008	0.22	233.2	21.4	0.0	35.0	17.0
4/3/2007	20:14:00	5.248	0.264	233.62	22.4	0.0	35.0	17.0
4/3/2007	20:15:00	5.11	0.362	234.0	22.0	0.0	20.0	17.0
4/3/2007	20:16:00	5.37	0.25	233.78	23.2	0.0	25.0	17.0
4/3/2007	20:17:00	5.74	0.264	234.59	24.4	0.0	31.0	16.0
4/3/2007	20:19:00	6.092	0.248	232.57	26.2	0.0	35.0	17.0
4/3/2007	20:21:00	5.67	0.254	233.46	24.4	0.0	30.0	17.0
4/3/2007	20:23:00	5.388	0.228	234.71	23.0	0.0	28.0	16.0
4/3/2007	20:25:00	5.428	0.23	235.4	23.2	0.0	28.0	17.0
4/3/2007	20:46:00	5.046	0.066	234.79	21.4	0.0	2.0	17.0
4/3/2007	21:21:00	5.604	0.0	235.76	23.6	0.0	36.0	17.0
4/3/2007	21:22:00	5.128	0.0	236.91	22.0	0.0	27.0	17.0
4/3/2007	21:23:00	5.54	0.0	236.49	23.4	0.0	36.0	17.0
4/3/2007	21:28:00	6.568	0.0	234.14	28.2	0.0	64.0	17.0
4/3/2007	21:29:00	6.854	0.0	233.34	29.2	0.0	71.0	16.0
4/3/2007	21:30:00	6.89	0.0	233.03	29.4	0.0	70.0	17.0
4/3/2007	21:31:00	6.9	0.0	233.56	29.4	0.0	71.0	17.0
4/3/2007	21:32:00	6.918	0.0	233.6	29.6	0.0	71.0	16.0
4/3/2007	21:33:00	6.75	0.0	233.09	28.8	0.0	71.0	17.0
4/3/2007	21:34:00	5.924	0.0	234.81	25.2	0.0	57.0	17.0
4/3/2007	21:35:00	6.504	0.0	234.58	27.8	0.0	64.0	17.0
4/3/2007	21:36:00	6.27	0.0	234.82	27.0	0.0	62.0	17.0
4/3/2007	21:38:00	6.12	0.0	234.38	26.6	0.0	57.0	17.0
5/3/2007	07:09:00	5.698	0.1	236.46	24.4	0.0	60.0	18.0
5/3/2007	07:10:00	6.492	0.102	235.05	27.6	0.0	72.0	17.0
5/3/2007	07:11:00	8.574	0.076	232.72	37.2	0.0	71.0	16.0
5/3/2007	07:12:00	9.178	0.078	231.2	39.8	0.0	69.0	17.0
5/3/2007	07:13:00	9.486	0.094	231.85	40.8	0.0	71.0	16.0
5/3/2007	07:14:00	8.0	0.328	234.17	34.6	0.0	73.0	17.0
5/3/2007	07:15:00	7.062	0.324	234.77	30.0	0.0	73.0	17.0
5/3/2007	07:16:00	7.144	0.326	234.42	30.4	0.0	73.0	17.0
5/3/2007	07:17:00	7.042	0.346	233.04	30.2	0.0	61.0	16.0
5/3/2007	07:18:00	8.078	0.35	232.21	34.8	0.0	61.0	17.0
5/3/2007	07:19:00	6.934	0.236	233.15	29.8	0.0	72.0	17.0
5/3/2007	07:20:00	5.51	0.246	234.83	23.6	0.0	63.0	16.0
5/3/2007	07:21:00	5.516	0.238	235.4	23.6	0.0	62.0	17.0
5/3/2007	14:38:00	5.28	0.102	237.25	22.4	0.0	42.0	17.0
5/3/2007	14:39:00	5.412	0.118	237.12	23.0	0.0	66.0	17.0
5/3/2007	14:40:00	6.376	0.122	236.04	27.0	0.0	73.0	17.0
5/3/2007	14:41:00	5.91	0.116	237.15	24.8	0.0	74.0	18.0
5/3/2007	14:42:00	5.526	0.1	237.53	23.2	0.0	74.0	11.0
5/3/2007	16:48:00	5.188	0.458	236.93	21.8	38.0	37.0	0.0
5/3/2007	18:29:00	5.076	0.52	234.01	22.0	37.0	23.0	0.0
5/3/2007	18:31:00	5.392	0.644	234.47	23.0	38.0	5.0	17.0
5/3/2007	18:32:00	5.408	0.618	234.64	23.2	37.0	4.0	18.0
5/3/2007	18:33:00	5.254	0.416	233.84	22.4	37.0	3.0	17.0
5/3/2007	18:34:00	5.256	0.286	234.84	22.4	38.0	4.0	17.0
5/3/2007	18:35:00	5.208	0.282	233.95	22.2	37.0	3.0	17.0
5/3/2007	18:36:00	5.316	0.404	233.91	22.8	38.0	4.0	17.0
5/3/2007	18:37:00	5.208	0.372	232.77	22.4	37.0	3.0	16.0
5/3/2007	19:03:00	6.46	0.256	235.49	27.4	37.0	1.0	17.0
5/3/2007	19:04:00	6.406	0.25	235.57	27.2	38.0	0.0	17.0
5/3/2007	19:05:00	6.54	0.326	234.18	28.0	37.0	0.0	17.0
5/3/2007	19:06:00	6.458	0.342	235.03	27.4	38.0	0.0	17.0
5/3/2007	19:07:00	6.476	0.344	234.99	27.6	38.0	0.0	17.0
5/3/2007	19:08:00	5.594	0.346	235.42	23.8	38.0	0.0	3.0
5/3/2007	19:09:00	5.622	0.414	235.31	24.0	37.0	1.0	0.0
5/3/2007	19:10:00	5.542	0.364	235.08	23.6	38.0	0.0	0.0
5/3/2007	19:11:00	5.45	0.348	234.41	23.2	37.0	0.0	0.0
5/3/2007	19:12:00	5.316	0.342	234.22	22.6	38.0	0.0	0.0
5/3/2007	19:13:00	5.57	0.332	233.19	23.8	37.0	0.0	0.0
5/3/2007	19:14:00	5.56	0.338	234.32	23.8	37.0	0.0	0.0
5/3/2007	19:15:00	6.182	0.392	234.99	26.6	38.0	11.0	0.0
5/3/2007	19:16:00	7.41	0.378	234.37	31.6	38.0	35.0	0.0
5/3/2007	19:17:00	6.946	0.504	232.9	30.0	37.0	27.0	0.0
5/3/2007	19:18:00	7.47	0.494	233.53	32.0	37.0	36.0	0.0
5/3/2007	19:19:00	6.946	0.502	233.18	30.0	37.0	27.0	0.0
5/3/2007	19:20:00	7.42	0.488	232.86	31.8	37.0	35.0	0.0
5/3/2007	19:21:00	7.454	0.51	233.4	32.0	37.0	35.0	0.0
5/3/2007	19:22:00	7.43	0.494	233.31	31.8	37.0	35.0	0.0
5/3/2007	19:23:00	7.436	0.508	233.2	31.8	37.0	36.0	0.0
5/3/2007	19:24:00	7.444	0.474	234.06	31.8	37.0	35.0	0.0
5/3/2007	19:25:00	6.612	0.424	234.32	28.6	26.0	35.0	0.0
5/3/2007	19:26:00	5.402	0.426	236.24	23.0	1.0	36.0	0.0
5/3/2007	19:27:00	7.398	0.416	233.84	31.6	37.0	36.0	0.0
5/3/2007	19:28:00	7.356	0.398	233.27	31.6	37.0	35.0	0.0
5/3/2007	19:29:00	7.566	0.414	234.12	32.2	38.0	35.0	0.0
5/3/2007	19:30:00	7.43	0.394	233.32	31.8	37.0	35.0	0.0
5/3/2007	19:31:00	5.264	0.442	236.46	22.6	8.0	37.0	0.0
5/3/2007	19:36:00	5.86	0.22	233.39	25.0	37.0	35.0	0.0
5/3/2007	19:37:00	5.87	0.236	233.6	25.0	37.0	35.0	0.0
5/3/2007	19:38:00	5.848	0.222	233.25	25.0	37.0	35.0	0.0
5/3/2007	19:39:00	5.524	0.244	234.68	23.8	33.0	36.0	0.0
5/3/2007	19:43:00	6.112	0.226	232.05	26.2	37.0	35.0	0.0
5/3/2007	19:44:00	6.14	0.218	232.9	26.4	37.0	35.0	0.0
5/3/2007	19:45:00	6.208	0.298	232.66	26.6	37.0	36.0	0.0
5/3/2007	19:49:00	6.04	0.34	232.84	26.0	36.0	37.0	0.0
5/3/2007	19:50:00	6.44	0.322	231.64	27.8	36.0	36.0	0.0
5/3/2007	19:51:00	6.492	0.338	232.81	27.8	37.0	36.0	0.0
5/3/2007	20:14:00	5.476	0.44	235.97	23.8	16.0	37.0	0.0
5/3/2007	20:15:00	6.516	0.41	233.52	27.8	37.0	37.0	0.0
5/3/2007	20:16:00	5.438	0.348	236.35	23.0	38.0	19.0	0.0
5/3/2007	20:17:00	6.268	0.326	234.35	26.8	37.0	32.0	0.0
5/3/2007	20:18:00	6.53	0.334	235.2	27.8	38.0	37.0	0.0
5/3/2007	20:19:00	5.678	0.334	235.82	24.2	38.0	26.0	0.0
5/3/2007	20:20:00	5.144	0.352	238.11	21.8	39.0	25.0	0.0
5/3/2007	20:21:00	5.814	0.338	237.63	24.4	38.0	38.0	0.0
5/3/2007	20:22:00	5.53	0.356	238.92	23.2	39.0	33.0	0.0
5/3/2007	20:24:00	5.89	0.356	239.19	24.6	39.0	38.0	0.0
5/3/2007	20:25:00	5.632	0.34	237.91	23.8	39.0	36.0	0.0
5/3/2007	20:27:00	5.732	0.318	234.76	24.4	38.0	36.0	0.0
5/3/2007	20:28:00	5.312	0.332	235.12	22.6	37.0	31.0	0.0
5/3/2007	20:54:00	5.674	0.456	232.95	24.4	0.0	30.0	0.0
5/3/2007	20:55:00	5.102	0.454	234.19	22.0	0.0	15.0	0.0
5/3/2007	20:56:00	6.544	0.47	233.11	28.2	0.0	30.0	0.0
5/3/2007	20:57:00	5.662	0.43	234.21	24.2	0.0	14.0	0.0
5/3/2007	21:02:00	5.686	0.264	235.09	24.6	0.0	27.0	0.0
5/3/2007	21:41:00	5.288	0.064	236.6	22.2	38.0	0.0	17.0
5/3/2007	21:42:00	5.194	0.0	236.62	21.8	37.0	0.0	18.0
5/3/2007	21:44:00	5.196	0.0	236.68	21.8	37.0	0.0	17.0
5/3/2007	21:45:00	5.146	0.0	235.6	21.8	37.0	0.0	17.0
5/3/2007	21:46:00	5.12	0.0	235.16	21.6	38.0	0.0	17.0
5/3/2007	21:47:00	5.136	0.0	235.61	21.8	37.0	0.0	17.0
5/3/2007	21:48:00	5.164	0.0	236.52	21.8	37.0	0.0	17.0
5/3/2007	21:49:00	5.04	0.0	236.18	21.2	38.0	0.0	17.0
6/3/2007	06:45:00	6.432	0.166	236.84	27.2	0.0	0.0	18.0
6/3/2007	06:46:00	5.638	0.176	238.25	23.6	0.0	0.0	17.0
6/3/2007	06:47:00	5.522	0.172	237.07	23.2	0.0	0.0	17.0
6/3/2007	06:55:00	5.96	0.2	237.71	25.0	0.0	0.0	17.0
6/3/2007	20:48:00	5.124	0.148	234.47	21.8	0.0	37.0	17.0
6/3/2007	20:51:00	5.266	0.154	233.2	22.6	0.0	37.0	17.0
6/3/2007	20:54:00	5.81	0.14	235.21	24.8	0.0	37.0	17.0
6/3/2007	20:55:00	6.508	0.124	234.85	27.6	0.0	38.0	17.0
6/3/2007	20:56:00	5.568	0.154	234.46	23.8	0.0	37.0	17.0
6/3/2007	20:57:00	5.678	0.142	234.0	24.4	0.0	37.0	17.0
6/3/2007	20:58:00	5.054	0.134	235.79	21.4	0.0	38.0	17.0
6/3/2007	20:59:00	5.064	0.134	235.62	21.4	0.0	38.0	17.0
7/3/2007	06:36:00	5.874	0.188	238.0	24.6	0.0	0.0	17.0
7/3/2007	18:53:00	5.186	0.328	232.63	22.2	0.0	37.0	18.0
7/3/2007	18:54:00	5.194	0.328	233.36	22.2	0.0	37.0	17.0
7/3/2007	18:55:00	5.284	0.33	233.08	22.6	0.0	36.0	17.0
7/3/2007	18:56:00	5.488	0.322	233.11	23.4	0.0	37.0	17.0
7/3/2007	18:57:00	5.438	0.336	234.21	23.2	0.0	37.0	17.0
7/3/2007	18:58:00	5.208	0.334	234.77	22.2	0.0	37.0	16.0
7/3/2007	18:59:00	5.264	0.34	234.67	22.4	0.0	37.0	17.0
7/3/2007	19:00:00	5.324	0.32	233.56	22.8	0.0	36.0	17.0
7/3/2007	19:01:00	5.222	0.338	235.11	22.2	0.0	38.0	17.0
7/3/2007	19:02:00	5.248	0.326	234.53	22.4	0.0	37.0	17.0
7/3/2007	19:03:00	5.368	0.338	235.05	22.8	0.0	37.0	17.0
7/3/2007	19:04:00	5.604	0.322	234.47	23.8	0.0	37.0	17.0
7/3/2007	19:05:00	5.612	0.272	235.3	23.8	0.0	37.0	17.0
7/3/2007	19:06:00	5.27	0.178	234.88	22.4	0.0	37.0	17.0
7/3/2007	19:23:00	5.274	0.122	233.47	22.6	0.0	37.0	17.0
7/3/2007	19:24:00	5.388	0.114	234.22	23.0	0.0	36.0	17.0
7/3/2007	19:25:00	5.228	0.132	234.2	22.2	0.0	37.0	16.0
7/3/2007	19:43:00	5.444	0.34	232.94	23.4	0.0	36.0	17.0
7/3/2007	19:44:00	5.66	0.314	231.7	24.4	0.0	36.0	16.0
7/3/2007	19:46:00	5.544	0.286	231.94	24.0	0.0	32.0	16.0
7/3/2007	19:47:00	5.704	0.208	232.32	24.4	0.0	37.0	17.0
7/3/2007	19:49:00	5.062	0.124	233.74	21.8	0.0	25.0	16.0
7/3/2007	19:50:00	5.478	0.106	234.26	23.4	0.0	33.0	17.0
7/3/2007	19:52:00	5.594	0.104	233.8	23.8	0.0	36.0	17.0
7/3/2007	19:55:00	5.334	0.12	234.0	22.8	0.0	33.0	17.0
7/3/2007	19:57:00	5.852	0.512	235.14	25.4	0.0	25.0	17.0
7/3/2007	19:58:00	5.904	0.528	233.95	25.4	0.0	27.0	16.0
7/3/2007	19:59:00	5.458	0.538	233.72	23.8	0.0	19.0	17.0
7/3/2007	20:00:00	5.98	0.518	233.08	25.8	0.0	31.0	17.0
7/3/2007	20:01:00	5.248	0.55	234.67	22.6	0.0	16.0	17.0
7/3/2007	20:02:00	5.928	0.518	233.97	25.6	0.0	30.0	17.0
7/3/2007	20:06:00	5.456	0.098	233.59	23.4	0.0	30.0	17.0
7/3/2007	20:08:00	5.412	0.1	233.74	23.2	0.0	29.0	16.0
7/3/2007	20:10:00	5.534	0.096	232.86	23.8	0.0	30.0	17.0
7/3/2007	20:12:00	5.528	0.212	234.45	23.8	0.0	27.0	17.0
7/3/2007	20:14:00	5.318	0.22	232.91	23.0	0.0	25.0	16.0
7/3/2007	20:21:00	5.474	0.59	233.31	23.6	0.0	5.0	17.0
7/3/2007	20:22:00	5.694	0.672	233.34	24.6	0.0	4.0	17.0
7/3/2007	20:23:00	5.34	0.66	233.44	23.0	0.0	3.0	16.0
7/3/2007	20:24:00	5.338	0.63	233.01	23.0	0.0	2.0	17.0
8/3/2007	07:04:00	5.256	0.188	239.81	22.4	0.0	2.0	18.0
8/3/2007	07:05:00	5.998	0.18	238.9	25.0	0.0	1.0	18.0
8/3/2007	07:06:00	6.012	0.184	238.13	25.2	0.0	1.0	17.0
8/3/2007	07:07:00	5.964	0.186	238.81	25.0	0.0	2.0	18.0
8/3/2007	19:00:00	6.028	0.102	230.65	26.2	37.0	36.0	0.0
8/3/2007	19:01:00	5.816	0.0	233.09	24.8	37.0	37.0	0.0
8/3/2007	19:02:00	6.066	0.276	233.39	26.0	37.0	36.0	0.0
8/3/2007	19:03:00	6.176	0.366	233.37	26.4	37.0	37.0	0.0
8/3/2007	19:04:00	6.172	0.414	232.83	26.4	37.0	36.0	0.0
8/3/2007	19:05:00	6.19	0.402	232.9	26.6	37.0	37.0	0.0
8/3/2007	19:06:00	6.224	0.396	233.55	26.6	37.0	37.0	0.0
8/3/2007	19:07:00	6.194	0.388	233.01	26.6	37.0	37.0	0.0
8/3/2007	19:08:00	6.178	0.384	232.71	26.6	37.0	36.0	0.0
8/3/2007	19:09:00	6.146	0.38	231.98	26.4	36.0	37.0	0.0
8/3/2007	19:10:00	6.182	0.372	231.05	26.8	37.0	36.0	0.0
8/3/2007	19:11:00	5.93	0.388	232.0	25.8	32.0	36.0	0.0
8/3/2007	20:29:00	6.354	0.102	235.0	27.0	0.0	36.0	18.0
8/3/2007	20:31:00	5.096	0.116	234.75	21.6	0.0	36.0	18.0
8/3/2007	20:32:00	5.356	0.192	234.28	22.8	0.0	35.0	17.0
8/3/2007	20:33:00	5.862	0.234	234.67	25.0	0.0	36.0	17.0
8/3/2007	20:34:00	5.282	0.252	234.41	22.6	0.0	35.0	17.0
9/3/2007	06:50:00	5.444	0.162	235.08	23.2	0.0	0.0	9.0
10/3/2007	10:59:00	5.988	0.256	232.83	25.6	37.0	36.0	17.0
10/3/2007	11:00:00	5.916	0.254	232.43	25.4	37.0	35.0	16.0
10/3/2007	14:11:00	5.038	0.328	237.81	21.2	0.0	38.0	17.0
10/3/2007	15:40:00	5.032	0.228	236.05	22.4	0.0	52.0	17.0
10/3/2007	15:41:00	5.99	0.394	234.01	26.0	0.0	64.0	16.0
10/3/2007	15:42:00	5.964	0.166	234.34	25.4	0.0	72.0	17.0
10/3/2007	15:43:00	5.778	0.082	234.92	24.6	0.0	72.0	17.0
10/3/2007	15:44:00	5.716	0.0	235.04	24.2	0.0	72.0	17.0
10/3/2007	15:45:00	5.694	0.0	234.51	24.2	0.0	72.0	17.0
10/3/2007	15:46:00	5.692	0.062	235.39	24.0	0.0	73.0	17.0
10/3/2007	15:47:00	5.79	0.062	235.11	24.6	0.0	73.0	17.0
10/3/2007	15:48:00	5.774	0.06	234.99	24.4	0.0	72.0	17.0
10/3/2007	15:49:00	5.79	0.074	235.29	24.6	0.0	73.0	17.0
10/3/2007	15:50:00	5.778	0.06	235.2	24.4	0.0	72.0	17.0
10/3/2007	15:51:00	5.784	0.074	235.29	24.4	0.0	73.0	17.0
10/3/2007	15:52:00	5.796	0.064	235.83	24.4	0.0	73.0	17.0
10/3/2007	16:08:00	5.006	0.41	237.53	21.2	0.0	38.0	17.0
10/3/2007	20:04:00	5.266	0.268	233.19	22.8	0.0	0.0	17.0
10/3/2007	20:05:00	5.552	0.268	232.99	23.8	0.0	0.0	16.0
10/3/2007	20:06:00	5.52	0.364	232.38	23.8	0.0	0.0	17.0
10/3/2007	20:07:00	5.226	0.386	233.01	22.6	0.0	1.0	17.0
10/3/2007	21:38:00	5.838	0.0	236.18	25.0	28.0	0.0	17.0
10/3/2007	21:39:00	6.164	0.0	235.91	26.0	37.0	0.0	17.0
10/3/2007	21:40:00	6.028	0.052	236.48	25.4	38.0	0.0	17.0
10/3/2007	21:41:00	5.198	0.142	238.01	21.8	37.0	0.0	7.0
10/3/2007	22:45:00	5.414	0.0	233.84	23.0	37.0	0.0	0.0
10/3/2007	22:46:00	5.274	0.064	234.39	22.4	37.0	0.0	0.0
10/3/2007	22:47:00	5.246	0.066	234.97	22.2	37.0	0.0	0.0
10/3/2007	22:48:00	5.242	0.064	234.71	22.2	37.0	0.0	0.0
10/3/2007	22:49:00	5.362	0.06	234.27	22.8	36.0	0.0	0.0
10/3/2007	22:50:00	5.484	0.06	234.09	23.4	37.0	0.0	1.0
10/3/2007	22:51:00	6.35	0.07	233.93	27.0	37.0	0.0	18.0
10/3/2007	22:52:00	6.31	0.048	234.6	26.8	36.0	0.0	17.0
10/3/2007	22:53:00	5.728	0.06	234.35	24.4	37.0	0.0	17.0
10/3/2007	22:54:00	5.7	0.058	233.5	24.4	36.0	0.0	17.0
10/3/2007	22:55:00	5.734	0.0	234.95	24.4	37.0	0.0	17.0
10/3/2007	22:56:00	5.694	0.0	234.59	24.2	37.0	0.0	17.0
10/3/2007	22:57:00	5.616	0.0	234.19	23.8	36.0	0.0	17.0
10/3/2007	22:58:00	5.608	0.0	235.05	23.8	37.0	0.0	17.0
11/3/2007	06:04:00	5.758	0.062	239.36	24.4	0.0	0.0	0.0
11/3/2007	06:05:00	6.072	0.068	237.65	25.4	0.0	0.0	0.0
11/3/2007	06:06:00	6.11	0.068	237.86	25.6	0.0	0.0	0.0
11/3/2007	07:36:00	7.142	0.136	236.69	30.6	0.0	2.0	17.0
11/3/2007	07:37:00	6.706	0.0	237.28	28.2	0.0	0.0	17.0
11/3/2007	07:38:00	6.552	0.046	237.44	27.6	0.0	0.0	18.0
11/3/2007	07:39:00	6.58	0.046	236.7	28.0	0.0	0.0	17.0
11/3/2007	07:45:00	5.262	0.0	237.1	22.2	0.0	0.0	17.0
11/3/2007	13:10:00	5.306	0.744	233.78	23.0	37.0	0.0	17.0
11/3/2007	13:17:00	6.62	0.346	233.68	28.4	37.0	36.0	16.0
11/3/2007	13:18:00	5.882	0.36	235.24	25.4	26.0	37.0	17.0
11/3/2007	13:20:00	5.288	0.246	237.56	22.6	12.0	38.0	17.0
11/3/2007	13:21:00	6.6	0.23	235.67	28.0	38.0	36.0	17.0
11/3/2007	13:22:00	6.522	0.214	235.37	27.6	37.0	37.0	17.0
11/3/2007	13:23:00	6.374	0.188	236.38	27.0	39.0	37.0	17.0
11/3/2007	13:27:00	5.698	0.526	236.07	24.4	37.0	1.0	17.0
11/3/2007	13:28:00	5.64	0.428	237.17	24.0	39.0	1.0	17.0
11/3/2007	13:29:00	5.604	0.38	237.32	23.8	38.0	0.0	18.0
11/3/2007	15:48:00	5.622	0.116	237.12	24.0	11.0	73.0	0.0
11/3/2007	15:49:00	6.938	0.082	234.15	29.6	38.0	72.0	0.0
11/3/2007	15:50:00	7.034	0.106	236.02	29.8	37.0	72.0	0.0
11/3/2007	15:51:00	7.08	0.078	236.5	29.8	38.0	72.0	0.0
11/3/2007	15:52:00	7.04	0.088	235.49	29.8	37.0	72.0	0.0
11/3/2007	15:53:00	6.322	0.078	236.21	27.0	37.0	63.0	0.0
11/3/2007	18:55:00	5.66	0.32	236.87	24.0	32.0	0.0	17.0
11/3/2007	18:56:00	5.764	0.34	237.32	24.2	39.0	0.0	17.0
11/3/2007	18:57:00	5.728	0.328	237.31	24.2	38.0	0.0	18.0
11/3/2007	18:58:00	5.748	0.326	236.96	24.2	38.0	0.0	17.0
11/3/2007	18:59:00	5.668	0.31	235.45	24.0	38.0	0.0	17.0
11/3/2007	19:00:00	5.706	0.312	236.04	24.2	38.0	0.0	17.0
11/3/2007	19:01:00	5.662	0.302	235.48	24.0	38.0	0.0	17.0
11/3/2007	19:02:00	5.692	0.304	235.76	24.2	38.0	1.0	17.0
11/3/2007	19:03:00	5.712	0.302	236.68	24.0	38.0	0.0	17.0
11/3/2007	19:04:00	5.686	0.292	236.67	24.0	38.0	0.0	17.0
11/3/2007	19:05:00	5.654	0.226	236.38	23.8	38.0	0.0	18.0
11/3/2007	19:06:00	5.588	0.18	235.5	23.6	38.0	0.0	17.0
11/3/2007	19:07:00	5.502	0.17	234.86	23.4	38.0	0.0	17.0
11/3/2007	19:08:00	5.266	0.166	234.66	22.6	35.0	1.0	16.0
11/3/2007	19:13:00	5.694	0.298	237.13	24.0	38.0	1.0	17.0
11/3/2007	19:14:00	5.52	0.298	236.51	23.4	38.0	0.0	17.0
11/3/2007	19:19:00	5.806	0.358	233.49	24.8	37.0	3.0	16.0
11/3/2007	19:20:00	5.852	0.378	234.05	25.0	38.0	3.0	17.0
11/3/2007	19:25:00	5.584	0.346	235.19	24.0	31.0	4.0	17.0
11/3/2007	19:26:00	5.786	0.26	235.51	24.6	38.0	3.0	17.0
11/3/2007	19:32:00	5.57	0.29	235.72	23.6	38.0	0.0	17.0
11/3/2007	19:33:00	5.338	0.296	236.75	22.6	38.0	1.0	17.0
11/3/2007	19:36:00	5.338	0.352	235.93	22.6	37.0	0.0	17.0
11/3/2007	19:37:00	5.256	0.278	236.38	22.2	38.0	0.0	17.0
11/3/2007	19:38:00	5.346	0.276	235.6	22.6	38.0	1.0	17.0
11/3/2007	19:39:00	5.336	0.264	234.07	22.8	38.0	0.0	17.0
11/3/2007	19:40:00	5.276	0.268	234.22	22.4	37.0	0.0	17.0
11/3/2007	19:44:00	5.192	0.27	234.55	22.0	38.0	0.0	16.0
11/3/2007	19:45:00	5.304	0.262	234.05	22.6	37.0	0.0	17.0
11/3/2007	19:46:00	5.042	0.264	234.47	21.8	33.0	0.0	17.0
11/3/2007	19:56:00	5.01	0.398	234.37	21.4	37.0	0.0	16.0
11/3/2007	19:57:00	5.044	0.404	235.3	21.4	38.0	0.0	17.0
11/3/2007	19:58:00	5.032	0.402	235.06	21.4	38.0	0.0	17.0
11/3/2007	20:02:00	5.01	0.396	233.82	21.4	37.0	0.0	16.0
11/3/2007	20:05:00	5.032	0.396	235.28	21.4	37.0	2.0	17.0
11/3/2007	20:06:00	5.018	0.394	235.04	21.4	38.0	1.0	17.0
12/3/2007	07:01:00	5.136	0.058	240.17	21.4	0.0	0.0	18.0
12/3/2007	07:03:00	6.078	0.268	238.37	25.6	0.0	0.0	18.0
12/3/2007	19:23:00	5.018	0.082	233.56	21.4	0.0	37.0	17.0
12/3/2007	19:24:00	5.024	0.082	233.86	21.4	0.0	37.0	17.0
12/3/2007	19:31:00	5.226	0.282	231.48	22.6	0.0	36.0	17.0
12/3/2007	19:32:00	5.216	0.272	231.61	22.4	0.0	36.0	16.0
12/3/2007	19:34:00	5.094	0.184	230.3	22.0	0.0	36.0	16.0
12/3/2007	21:53:00	5.49	0.0	235.44	23.2	0.0	36.0	18.0
12/3/2007	21:54:00	5.106	0.0	234.89	21.8	0.0	31.0	17.0
12/3/2007	21:56:00	5.414	0.0	234.59	23.0	0.0	35.0	17.0
13/3/2007	18:59:00	5.682	0.078	232.13	24.8	37.0	21.0	16.0
13/3/2007	19:00:00	5.77	0.0	232.0	24.8	36.0	36.0	17.0
13/3/2007	19:01:00	5.704	0.052	231.13	24.6	36.0	36.0	16.0
13/3/2007	19:02:00	5.632	0.05	230.93	24.4	36.0	36.0	16.0
13/3/2007	19:44:00	5.008	0.0	231.44	21.6	2.0	70.0	0.0
13/3/2007	19:50:00	5.182	0.0	231.31	22.4	1.0	70.0	0.0
13/3/2007	19:51:00	5.578	0.0	231.06	24.2	1.0	70.0	0.0
14/3/2007	06:39:00	5.062	0.198	238.2	21.6	0.0	0.0	18.0
14/3/2007	06:41:00	6.044	0.206	237.48	25.6	0.0	0.0	18.0
14/3/2007	06:42:00	6.114	0.204	236.82	25.8	0.0	0.0	17.0
14/3/2007	19:06:00	5.25	0.082	227.75	23.0	0.0	0.0	0.0
14/3/2007	19:07:00	5.232	0.078	226.98	23.0	0.0	0.0	0.0
14/3/2007	19:38:00	5.158	0.444	232.2	22.2	37.0	0.0	0.0
14/3/2007	21:37:00	5.838	0.052	231.59	25.2	36.0	0.0	16.0
14/3/2007	21:38:00	5.856	0.052	231.68	25.2	36.0	0.0	17.0
14/3/2007	21:39:00	5.862	0.0	231.07	25.2	36.0	0.0	16.0
14/3/2007	21:40:00	5.858	0.0	231.62	25.2	36.0	0.0	16.0
14/3/2007	21:41:00	5.886	0.0	232.11	25.2	36.0	0.0	17.0
14/3/2007	21:42:00	5.9	0.0	232.42	25.2	37.0	0.0	17.0
14/3/2007	21:43:00	5.904	0.048	232.33	25.4	36.0	0.0	16.0
14/3/2007	21:44:00	5.916	0.082	232.32	25.4	36.0	0.0	17.0
14/3/2007	21:45:00	5.704	0.084	232.27	24.6	36.0	0.0	16.0
14/3/2007	21:46:00	5.682	0.082	232.21	24.4	37.0	0.0	17.0
14/3/2007	21:47:00	5.572	0.08	232.5	24.0	36.0	0.0	16.0
16/3/2007	18:34:00	5.142	0.21	231.41	22.2	0.0	34.0	17.0
16/3/2007	18:38:00	5.28	0.136	232.0	22.6	0.0	35.0	17.0
16/3/2007	18:39:00	5.228	0.098	231.29	22.6	0.0	35.0	16.0
16/3/2007	18:40:00	5.224	0.054	231.76	22.4	0.0	35.0	16.0
16/3/2007	18:41:00	5.342	0.148	233.57	22.8	0.0	37.0	17.0
16/3/2007	18:42:00	5.296	0.126	232.82	22.6	0.0	36.0	17.0
16/3/2007	18:43:00	5.278	0.142	232.02	22.6	0.0	37.0	16.0
17/3/2007	20:23:00	5.472	0.14	234.26	23.2	0.0	0.0	17.0
17/3/2007	20:24:00	5.45	0.14	234.02	23.2	0.0	0.0	17.0
17/3/2007	20:25:00	5.408	0.138	233.33	23.2	0.0	0.0	17.0
17/3/2007	20:26:00	5.362	0.134	233.45	23.0	0.0	0.0	17.0
17/3/2007	20:27:00	5.212	0.118	233.26	22.2	0.0	0.0	17.0
17/3/2007	20:28:00	5.354	0.134	233.49	22.8	0.0	0.0	16.0
17/3/2007	20:29:00	5.192	0.13	233.97	22.2	0.0	0.0	17.0
17/3/2007	20:30:00	5.248	0.134	233.13	22.4	0.0	0.0	17.0
17/3/2007	20:31:00	5.172	0.13	233.73	22.0	0.0	0.0	17.0
17/3/2007	20:35:00	5.118	0.11	233.58	21.8	0.0	0.0	17.0
17/3/2007	20:36:00	5.226	0.108	233.73	22.2	0.0	0.0	17.0
17/3/2007	20:37:00	5.036	0.112	234.17	21.4	0.0	0.0	16.0
17/3/2007	20:42:00	5.004	0.09	235.07	21.2	0.0	0.0	17.0
17/3/2007	20:43:00	5.03	0.09	235.59	21.2	0.0	0.0	17.0
17/3/2007	20:44:00	5.024	0.09	235.39	21.2	0.0	0.0	17.0
17/3/2007	20:46:00	5.008	0.088	235.04	21.2	0.0	0.0	17.0
17/3/2007	20:47:00	5.03	0.092	235.67	21.2	0.0	0.0	17.0
17/3/2007	20:48:00	5.056	0.094	236.55	21.4	0.0	0.0	17.0
17/3/2007	20:51:00	5.532	0.082	236.07	23.4	0.0	0.0	17.0
17/3/2007	20:52:00	5.642	0.082	236.19	23.8	0.0	0.0	17.0
17/3/2007	20:53:00	5.254	0.0	236.98	22.2	0.0	0.0	17.0
18/3/2007	07:20:00	7.028	0.16	237.24	29.6	0.0	37.0	0.0
18/3/2007	07:21:00	5.608	0.38	238.94	24.2	0.0	39.0	0.0
18/3/2007	07:23:00	5.018	0.406	237.72	21.6	6.0	38.0	0.0
18/3/2007	07:24:00	6.756	0.45	237.28	28.4	39.0	38.0	0.0
18/3/2007	07:25:00	6.558	0.268	237.94	27.4	38.0	38.0	0.0
18/3/2007	07:26:00	6.642	0.268	238.02	27.8	39.0	38.0	0.0
18/3/2007	07:27:00	6.358	0.272	238.47	26.6	39.0	39.0	0.0
18/3/2007	07:28:00	6.318	0.268	237.99	26.4	38.0	38.0	0.0
18/3/2007	07:29:00	6.27	0.264	237.17	26.4	39.0	38.0	0.0
18/3/2007	07:30:00	6.244	0.254	236.81	26.4	38.0	38.0	0.0
18/3/2007	08:06:00	5.286	0.348	237.82	22.4	39.0	1.0	0.0
18/3/2007	08:07:00	5.628	0.358	237.24	23.8	38.0	2.0	0.0
18/3/2007	09:28:00	6.232	0.236	238.82	26.0	0.0	75.0	17.0
18/3/2007	09:29:00	5.028	0.244	239.87	21.0	0.0	58.0	18.0
18/3/2007	09:30:00	5.956	0.23	237.94	25.0	0.0	71.0	17.0
18/3/2007	09:31:00	5.126	0.224	237.26	21.6	0.0	59.0	18.0
18/3/2007	10:56:00	5.066	0.388	236.49	21.4	38.0	36.0	0.0
18/3/2007	10:57:00	5.04	0.366	235.98	21.4	38.0	36.0	0.0
18/3/2007	10:58:00	5.078	0.388	236.42	21.4	38.0	36.0	0.0
18/3/2007	10:59:00	5.06	0.37	236.33	21.4	38.0	35.0	0.0
18/3/2007	18:21:00	5.222	0.616	236.15	22.2	0.0	38.0	17.0
18/3/2007	18:22:00	5.182	0.61	235.9	22.0	0.0	39.0	18.0
18/3/2007	18:53:00	5.284	0.296	234.0	22.6	37.0	0.0	17.0
18/3/2007	18:54:00	5.422	0.466	233.27	23.2	38.0	0.0	17.0
18/3/2007	18:55:00	5.538	0.6	233.46	23.8	37.0	0.0	16.0
18/3/2007	18:56:00	5.558	0.586	233.89	23.8	37.0	0.0	17.0
18/3/2007	18:57:00	5.51	0.496	233.92	23.6	37.0	0.0	17.0
18/3/2007	18:58:00	5.374	0.412	234.12	23.0	38.0	0.0	17.0
18/3/2007	18:59:00	5.412	0.414	235.3	23.0	37.0	0.0	17.0
18/3/2007	19:00:00	5.538	0.406	234.4	23.6	38.0	0.0	17.0
18/3/2007	19:01:00	5.788	0.418	234.24	24.6	37.0	0.0	16.0
18/3/2007	19:08:00	5.044	0.424	234.77	21.4	38.0	0.0	0.0
18/3/2007	19:11:00	5.25	0.318	233.64	22.4	37.0	0.0	0.0
18/3/2007	19:12:00	5.91	0.312	233.58	25.4	37.0	0.0	9.0
18/3/2007	19:13:00	5.686	0.316	233.86	24.6	30.0	0.0	17.0
18/3/2007	19:14:00	6.122	0.314	233.88	26.2	32.0	0.0	17.0
18/3/2007	19:15:00	6.242	0.284	233.35	26.6	37.0	0.0	17.0
18/3/2007	19:16:00	6.11	0.182	232.45	26.2	37.0	0.0	17.0
18/3/2007	19:17:00	6.13	0.184	232.59	26.2	37.0	0.0	16.0
18/3/2007	19:18:00	6.102	0.184	232.3	26.2	37.0	0.0	17.0
18/3/2007	19:19:00	6.144	0.184	233.22	26.2	37.0	0.0	17.0
18/3/2007	19:20:00	6.24	0.264	232.54	26.8	37.0	0.0	16.0
18/3/2007	19:21:00	6.46	0.296	231.38	28.0	36.0	0.0	17.0
18/3/2007	19:22:00	6.41	0.218	233.59	27.4	38.0	1.0	16.0
18/3/2007	19:23:00	7.554	0.228	232.0	32.8	36.0	22.0	17.0
18/3/2007	19:24:00	7.994	0.222	231.42	34.4	37.0	35.0	16.0
18/3/2007	19:25:00	7.048	0.222	231.78	30.6	36.0	26.0	17.0
18/3/2007	19:26:00	6.514	0.228	232.7	28.2	29.0	35.0	17.0
18/3/2007	19:30:00	5.37	0.226	232.43	23.6	16.0	34.0	16.0
18/3/2007	19:31:00	6.504	0.238	232.34	28.0	37.0	35.0	17.0
18/3/2007	19:32:00	6.514	0.316	231.57	28.0	37.0	34.0	16.0
18/3/2007	19:33:00	6.538	0.314	232.1	28.2	36.0	35.0	17.0
18/3/2007	19:34:00	5.048	0.292	233.96	22.0	13.0	35.0	17.0
18/3/2007	20:27:00	5.028	0.578	235.97	21.4	38.0	1.0	0.0
18/3/2007	20:28:00	5.042	0.576	235.94	21.4	38.0	1.0	0.0
18/3/2007	20:29:00	5.09	0.576	236.55	21.6	38.0	2.0	0.0
18/3/2007	20:36:00	5.068	0.572	235.37	21.8	38.0	1.0	0.0
18/3/2007	20:41:00	5.874	0.558	235.29	25.8	18.0	36.0	0.0
18/3/2007	20:42:00	6.622	0.518	233.13	28.4	37.0	34.0	0.0
18/3/2007	20:43:00	6.054	0.534	232.77	26.4	37.0	30.0	0.0
18/3/2007	20:51:00	5.212	0.5	233.53	22.6	0.0	28.0	0.0
19/3/2007	06:42:00	5.428	0.076	239.88	22.8	0.0	0.0	0.0
19/3/2007	06:43:00	5.844	0.078	239.48	24.4	0.0	0.0	12.0
19/3/2007	06:44:00	6.07	0.08	239.42	25.2	0.0	0.0	18.0
19/3/2007	19:28:00	5.46	0.234	232.74	23.4	0.0	37.0	17.0
19/3/2007	19:29:00	5.364	0.204	230.96	23.2	0.0	37.0	16.0
19/3/2007	19:30:00	5.394	0.206	231.84	23.2	0.0	37.0	17.0
19/3/2007	19:31:00	5.368	0.204	231.85	23.0	0.0	37.0	16.0
19/3/2007	19:32:00	5.242	0.196	231.92	22.6	0.0	38.0	17.0
19/3/2007	19:33:00	5.226	0.098	232.82	22.4	0.0	36.0	16.0
19/3/2007	19:34:00	5.368	0.126	233.65	22.8	0.0	37.0	17.0
19/3/2007	19:36:00	5.284	0.194	233.93	22.8	0.0	37.0	17.0
19/3/2007	20:38:00	5.166	0.388	234.55	22.0	2.0	36.0	17.0
19/3/2007	20:40:00	5.53	0.394	233.91	23.6	1.0	35.0	16.0
19/3/2007	20:41:00	5.144	0.402	234.46	22.2	1.0	27.0	17.0
19/3/2007	20:42:00	5.686	0.408	235.26	24.2	1.0	36.0	17.0
19/3/2007	20:43:00	5.628	0.35	234.87	24.0	2.0	35.0	17.0
19/3/2007	20:44:00	5.574	0.28	235.04	23.6	1.0	35.0	17.0
19/3/2007	20:45:00	5.54	0.282	234.04	23.6	1.0	35.0	17.0
19/3/2007	20:46:00	5.554	0.276	234.99	23.6	1.0	36.0	17.0
19/3/2007	20:47:00	5.048	0.258	235.78	21.4	2.0	35.0	17.0
19/3/2007	20:49:00	5.128	0.294	237.03	21.6	1.0	35.0	17.0
19/3/2007	20:50:00	5.334	0.266	236.79	22.4	1.0	36.0	17.0
19/3/2007	20:51:00	5.968	0.256	235.63	25.6	10.0	36.0	17.0
19/3/2007	20:52:00	7.452	0.23	233.98	31.8	37.0	35.0	17.0
19/3/2007	20:53:00	7.166	0.238	234.38	30.6	37.0	35.0	17.0
19/3/2007	20:54:00	7.192	0.236	234.87	30.6	37.0	35.0	17.0
19/3/2007	20:55:00	7.24	0.24	235.2	30.8	37.0	36.0	17.0
19/3/2007	20:56:00	7.262	0.232	235.2	30.8	37.0	35.0	17.0
19/3/2007	20:57:00	7.254	0.144	236.19	30.6	38.0	36.0	17.0
19/3/2007	20:58:00	7.234	0.142	235.78	30.6	37.0	35.0	17.0
19/3/2007	20:59:00	7.236	0.144	235.89	30.6	37.0	36.0	17.0
19/3/2007	21:00:00	7.24	0.144	235.88	30.6	38.0	35.0	17.0
19/3/2007	21:01:00	7.258	0.144	236.36	30.6	37.0	36.0	17.0
19/3/2007	21:02:00	6.916	0.15	236.58	29.2	37.0	31.0	17.0
19/3/2007	21:03:00	6.254	0.152	236.88	26.4	38.0	18.0	18.0
19/3/2007	21:04:00	6.112	0.15	235.69	26.2	20.0	35.0	17.0
19/3/2007	21:11:00	5.016	0.24	235.9	21.2	1.0	36.0	17.0
19/3/2007	21:12:00	5.066	0.254	236.72	21.4	1.0	37.0	17.0
19/3/2007	21:17:00	5.08	0.246	237.22	21.4	1.0	38.0	17.0
20/3/2007	06:42:00	5.346	0.068	240.81	22.2	0.0	0.0	6.0
20/3/2007	06:43:00	5.188	0.23	241.05	22.0	0.0	0.0	19.0
20/3/2007	19:37:00	5.008	0.532	233.19	22.4	16.0	38.0	0.0
20/3/2007	19:41:00	5.922	0.392	231.85	25.6	36.0	38.0	0.0
20/3/2007	19:42:00	5.93	0.392	231.97	25.6	37.0	37.0	0.0
20/3/2007	19:47:00	5.894	0.374	231.21	25.4	36.0	36.0	0.0
20/3/2007	19:48:00	5.896	0.374	231.25	25.4	37.0	36.0	0.0
20/3/2007	21:03:00	5.8	0.278	235.84	24.6	38.0	0.0	17.0
20/3/2007	21:04:00	5.738	0.224	235.92	24.2	37.0	0.0	17.0
20/3/2007	21:05:00	5.764	0.216	234.2	24.6	37.0	0.0	17.0
20/3/2007	21:06:00	5.642	0.214	233.34	24.2	37.0	0.0	17.0
20/3/2007	21:07:00	5.628	0.21	232.43	24.2	36.0	0.0	16.0
20/3/2007	21:08:00	5.592	0.128	233.47	23.8	37.0	0.0	17.0
20/3/2007	21:09:00	5.566	0.114	232.71	23.8	37.0	0.0	17.0
20/3/2007	21:10:00	5.56	0.114	232.77	23.8	36.0	0.0	16.0
20/3/2007	21:11:00	5.57	0.114	232.91	23.8	36.0	0.0	17.0
20/3/2007	21:12:00	5.576	0.114	233.18	23.8	37.0	0.0	17.0
20/3/2007	21:13:00	5.584	0.114	233.33	23.8	36.0	0.0	16.0
20/3/2007	21:14:00	5.566	0.114	233.05	23.8	37.0	0.0	17.0
20/3/2007	21:15:00	5.592	0.114	233.68	23.8	36.0	0.0	17.0
20/3/2007	21:27:00	5.428	0.0	235.86	23.0	1.0	32.0	17.0
20/3/2007	21:28:00	5.212	0.07	234.99	22.4	1.0	33.0	17.0
20/3/2007	21:29:00	5.29	0.132	233.95	22.8	2.0	30.0	17.0
20/3/2007	21:30:00	5.404	0.156	235.04	23.0	1.0	35.0	17.0
20/3/2007	21:31:00	5.472	0.15	235.55	23.6	1.0	27.0	17.0
20/3/2007	21:32:00	6.262	0.162	234.59	26.6	1.0	36.0	17.0
20/3/2007	21:33:00	6.244	0.142	234.56	26.6	2.0	35.0	17.0
20/3/2007	21:34:00	6.338	0.23	234.3	27.0	1.0	36.0	17.0
20/3/2007	21:35:00	6.11	0.242	234.55	26.0	1.0	35.0	16.0
20/3/2007	21:36:00	6.086	0.262	234.45	26.0	1.0	36.0	17.0
20/3/2007	21:37:00	6.054	0.24	233.91	25.8	2.0	35.0	17.0
20/3/2007	21:38:00	6.052	0.26	233.59	25.8	1.0	35.0	17.0
20/3/2007	21:39:00	5.918	0.33	234.45	25.2	1.0	36.0	17.0
20/3/2007	21:41:00	5.12	0.354	233.51	22.0	1.0	37.0	17.0
20/3/2007	21:42:00	6.154	0.376	231.51	26.6	2.0	35.0	16.0
20/3/2007	21:43:00	6.176	0.364	231.84	26.6	1.0	36.0	16.0
20/3/2007	21:44:00	6.134	0.374	230.76	26.6	1.0	36.0	17.0
20/3/2007	21:45:00	6.134	0.28	232.25	26.4	1.0	36.0	16.0
20/3/2007	21:46:00	6.142	0.262	232.82	26.4	2.0	36.0	17.0
20/3/2007	21:47:00	6.026	0.246	232.11	26.0	1.0	36.0	17.0
20/3/2007	21:48:00	5.818	0.246	232.36	25.0	1.0	36.0	16.0
20/3/2007	21:49:00	5.924	0.236	233.96	25.2	1.0	37.0	17.0
20/3/2007	21:50:00	5.946	0.254	234.19	25.4	1.0	36.0	17.0
20/3/2007	21:51:00	5.916	0.232	233.65	25.2	2.0	37.0	16.0
20/3/2007	21:52:00	6.302	0.248	233.75	27.0	1.0	36.0	17.0
20/3/2007	21:53:00	6.55	0.232	233.95	28.0	1.0	37.0	17.0
20/3/2007	21:54:00	5.95	0.248	234.57	25.2	1.0	36.0	17.0
20/3/2007	21:55:00	5.954	0.232	234.85	25.2	2.0	37.0	17.0
20/3/2007	21:56:00	5.958	0.248	234.75	25.4	1.0	37.0	17.0
20/3/2007	21:57:00	5.808	0.228	235.11	24.6	1.0	36.0	17.0
20/3/2007	21:58:00	5.658	0.23	233.99	24.2	1.0	37.0	17.0
20/3/2007	22:00:00	5.286	0.234	233.77	22.6	2.0	30.0	17.0
20/3/2007	22:01:00	5.602	0.21	232.97	24.0	1.0	36.0	17.0
20/3/2007	22:02:00	5.588	0.224	232.37	24.0	1.0	36.0	16.0
20/3/2007	22:03:00	5.476	0.208	232.65	23.6	1.0	35.0	17.0
20/3/2007	22:05:00	5.464	0.142	232.26	23.4	1.0	34.0	17.0
20/3/2007	22:06:00	5.546	0.128	232.84	23.8	1.0	36.0	16.0
20/3/2007	22:07:00	5.254	0.116	233.46	22.6	1.0	32.0	17.0
20/3/2007	22:09:00	5.508	0.152	233.11	23.6	1.0	36.0	16.0
20/3/2007	22:10:00	5.452	0.174	233.0	23.4	0.0	36.0	17.0
20/3/2007	22:12:00	5.496	0.264	232.17	23.6	0.0	33.0	17.0
20/3/2007	22:13:00	5.172	0.252	231.6	22.4	1.0	31.0	16.0
20/3/2007	22:15:00	5.318	0.226	231.33	23.0	1.0	36.0	16.0
20/3/2007	22:16:00	5.356	0.224	231.09	23.2	2.0	32.0	16.0
21/3/2007	12:52:00	5.188	0.604	234.1	22.6	37.0	2.0	17.0
21/3/2007	12:53:00	5.738	0.638	233.83	24.6	37.0	1.0	17.0
21/3/2007	23:55:00	5.07	0.0	240.74	21.2	39.0	22.0	18.0
21/3/2007	23:56:00	5.536	0.0	240.17	23.0	38.0	33.0	18.0
21/3/2007	23:58:00	5.88	0.0	240.6	24.4	39.0	37.0	18.0
22/3/2007	00:00:00	5.544	0.104	240.68	23.2	39.0	30.0	18.0
22/3/2007	00:02:00	5.028	0.106	241.1	21.0	39.0	21.0	18.0
22/3/2007	00:03:00	5.55	0.128	240.73	23.2	39.0	33.0	18.0
22/3/2007	00:05:00	5.642	0.124	239.93	23.6	38.0	35.0	17.0
22/3/2007	00:07:00	5.628	0.12	239.25	23.6	37.0	35.0	18.0
22/3/2007	06:41:00	5.574	0.048	237.44	23.4	0.0	1.0	0.0
22/3/2007	21:13:00	5.224	0.076	230.39	23.6	0.0	0.0	10.0
22/3/2007	21:14:00	5.744	0.062	229.3	25.0	0.0	0.0	16.0
22/3/2007	21:15:00	5.396	0.0	230.42	24.4	0.0	0.0	17.0
24/3/2007	07:34:00	5.14	0.116	235.17	22.0	0.0	0.0	0.0
24/3/2007	15:47:00	5.29	0.604	238.65	22.4	38.0	0.0	17.0
24/3/2007	18:51:00	5.076	0.154	233.42	22.4	0.0	2.0	17.0
24/3/2007	18:52:00	7.186	0.178	232.02	31.4	0.0	23.0	16.0
24/3/2007	18:53:00	6.524	0.186	231.84	28.6	0.0	36.0	17.0
24/3/2007	18:55:00	5.456	0.154	233.2	23.4	0.0	37.0	17.0
24/3/2007	18:56:00	5.002	0.164	234.08	21.8	0.0	28.0	17.0
24/3/2007	18:57:00	5.632	0.21	233.64	24.0	0.0	36.0	17.0
24/3/2007	18:58:00	6.196	0.302	232.6	26.8	0.0	35.0	16.0
24/3/2007	18:59:00	6.978	0.286	231.41	30.6	0.0	34.0	17.0
24/3/2007	19:00:00	5.732	0.29	233.23	24.6	0.0	35.0	16.0
24/3/2007	19:01:00	5.614	0.282	231.91	24.2	0.0	35.0	17.0
24/3/2007	19:02:00	5.694	0.284	232.16	24.4	0.0	34.0	16.0
24/3/2007	19:03:00	5.976	0.298	232.46	25.6	0.0	35.0	17.0
24/3/2007	19:04:00	5.796	0.266	231.57	25.0	0.0	34.0	16.0
24/3/2007	19:05:00	5.54	0.268	230.9	24.0	0.0	35.0	17.0
24/3/2007	19:06:00	5.458	0.262	231.17	23.6	0.0	34.0	16.0
24/3/2007	19:07:00	5.462	0.268	231.26	23.6	0.0	34.0	17.0
24/3/2007	19:08:00	5.442	0.258	230.88	23.6	0.0	34.0	16.0
24/3/2007	19:09:00	5.458	0.266	231.19	23.6	0.0	35.0	16.0
24/3/2007	19:10:00	5.498	0.26	232.33	23.6	0.0	34.0	17.0
24/3/2007	19:11:00	5.074	0.26	233.37	21.6	0.0	35.0	17.0
24/3/2007	19:12:00	5.072	0.252	234.06	21.6	0.0	35.0	16.0
24/3/2007	19:13:00	5.09	0.26	234.16	21.6	0.0	35.0	17.0
24/3/2007	19:14:00	5.056	0.206	234.44	21.6	0.0	36.0	17.0
24/3/2007	19:15:00	5.016	0.132	234.14	21.4	0.0	35.0	17.0
24/3/2007	19:20:00	5.46	0.104	231.05	23.6	0.0	34.0	16.0
24/3/2007	19:21:00	5.452	0.116	230.75	23.6	0.0	34.0	17.0
24/3/2007	19:22:00	5.408	0.1	229.88	23.4	0.0	34.0	16.0
24/3/2007	19:23:00	5.374	0.11	228.81	23.4	0.0	34.0	16.0
24/3/2007	19:26:00	5.53	0.148	228.42	24.2	0.0	33.0	16.0
24/3/2007	19:27:00	5.442	0.2	228.75	23.8	0.0	34.0	16.0
24/3/2007	19:29:00	5.224	0.204	229.35	22.8	0.0	29.0	16.0
24/3/2007	19:30:00	5.206	0.19	229.76	22.6	0.0	34.0	16.0
24/3/2007	19:33:00	5.742	0.22	229.53	25.0	0.0	34.0	17.0
24/3/2007	19:34:00	5.67	0.204	229.61	24.6	0.0	33.0	16.0
24/3/2007	19:36:00	5.716	0.238	230.3	24.8	0.0	31.0	16.0
24/3/2007	19:37:00	5.396	0.338	230.4	23.6	0.0	27.0	17.0
24/3/2007	19:39:00	5.302	0.276	229.14	23.4	0.0	26.0	16.0
24/3/2007	19:40:00	5.076	0.232	230.17	22.2	0.0	23.0	16.0
24/3/2007	19:41:00	5.098	0.248	231.5	22.2	0.0	20.0	17.0
24/3/2007	19:42:00	5.428	0.234	231.23	23.6	0.0	29.0	16.0
24/3/2007	19:44:00	5.46	0.23	230.34	23.8	0.0	31.0	16.0
24/3/2007	19:46:00	5.462	0.232	231.03	23.6	0.0	31.0	17.0
24/3/2007	19:59:00	6.304	0.21	229.39	27.4	36.0	0.0	16.0
24/3/2007	20:00:00	6.2	0.21	229.68	27.0	36.0	1.0	17.0
24/3/2007	20:01:00	5.93	0.174	230.15	25.8	36.0	0.0	16.0
24/3/2007	20:02:00	5.872	0.172	229.41	25.6	36.0	0.0	16.0
24/3/2007	20:03:00	5.96	0.248	230.31	25.8	36.0	0.0	16.0
24/3/2007	20:04:00	5.972	0.272	231.05	25.8	37.0	0.0	17.0
24/3/2007	20:05:00	5.664	0.27	231.31	24.4	36.0	0.0	16.0
24/3/2007	20:06:00	5.49	0.268	231.33	23.6	37.0	1.0	17.0
24/3/2007	20:07:00	5.324	0.254	231.0	23.0	36.0	0.0	16.0
24/3/2007	20:08:00	5.33	0.258	230.76	23.0	36.0	0.0	16.0
24/3/2007	20:09:00	5.326	0.254	231.15	23.0	37.0	0.0	17.0
24/3/2007	20:10:00	5.384	0.26	231.63	23.2	36.0	0.0	16.0
24/3/2007	20:11:00	5.194	0.262	232.95	22.2	37.0	0.0	17.0
24/3/2007	20:12:00	5.308	0.266	233.28	22.8	37.0	1.0	17.0
24/3/2007	20:13:00	5.288	0.438	233.1	22.6	37.0	0.0	16.0
24/3/2007	20:14:00	5.294	0.496	232.33	22.8	37.0	2.0	17.0
24/3/2007	20:15:00	5.488	0.494	232.28	23.6	37.0	2.0	16.0
24/3/2007	20:16:00	5.114	0.494	232.08	22.4	34.0	1.0	17.0
24/3/2007	20:20:00	5.206	0.402	232.37	22.4	37.0	2.0	17.0
24/3/2007	20:21:00	5.19	0.396	232.44	22.4	37.0	1.0	16.0
24/3/2007	21:47:00	5.194	0.216	234.81	22.0	37.0	1.0	17.0
24/3/2007	21:48:00	5.186	0.218	235.01	22.0	37.0	0.0	16.0
24/3/2007	21:49:00	5.128	0.212	233.13	22.0	37.0	0.0	17.0
24/3/2007	21:50:00	5.102	0.206	233.09	21.8	36.0	0.0	17.0
24/3/2007	21:51:00	5.142	0.212	233.57	22.0	37.0	0.0	17.0
24/3/2007	21:52:00	5.118	0.208	233.6	21.8	36.0	0.0	16.0
24/3/2007	21:53:00	5.134	0.21	233.45	22.0	37.0	0.0	17.0
24/3/2007	22:04:00	5.058	0.088	233.66	21.6	37.0	0.0	16.0
24/3/2007	22:11:00	5.276	0.08	233.54	23.2	36.0	0.0	0.0
24/3/2007	22:12:00	7.024	0.12	232.18	30.2	36.0	1.0	0.0
24/3/2007	22:13:00	7.092	0.442	231.78	30.8	36.0	0.0	0.0
24/3/2007	22:14:00	5.014	0.28	234.47	21.4	37.0	0.0	0.0
24/3/2007	22:15:00	6.24	0.244	233.62	26.8	36.0	0.0	0.0
24/3/2007	22:16:00	5.956	0.36	233.43	25.6	37.0	0.0	0.0
24/3/2007	22:17:00	5.592	0.438	234.1	24.0	36.0	0.0	0.0
24/3/2007	22:18:00	5.038	0.386	235.1	21.4	37.0	0.0	0.0
24/3/2007	22:46:00	5.192	0.24	237.52	21.8	0.0	1.0	0.0
24/3/2007	22:58:00	5.832	0.0	236.49	24.8	32.0	0.0	18.0
24/3/2007	22:59:00	6.148	0.088	237.53	25.8	38.0	0.0	17.0
24/3/2007	23:00:00	6.188	0.162	237.58	26.0	38.0	0.0	17.0
24/3/2007	23:01:00	6.204	0.152	237.13	26.0	38.0	0.0	18.0
24/3/2007	23:02:00	6.258	0.154	237.19	26.4	37.0	1.0	17.0
24/3/2007	23:03:00	6.184	0.15	237.12	26.0	38.0	0.0	17.0
24/3/2007	23:04:00	5.344	0.162	237.6	22.8	29.0	0.0	18.0
24/3/2007	23:12:00	5.616	0.106	237.98	23.6	32.0	0.0	17.0
24/3/2007	23:13:00	5.73	0.09	236.22	24.2	38.0	0.0	17.0
24/3/2007	23:17:00	5.64	0.096	238.2	23.8	33.0	0.0	17.0
24/3/2007	23:18:00	5.82	0.098	237.88	24.4	38.0	0.0	18.0
24/3/2007	23:19:00	5.826	0.094	238.4	24.4	38.0	0.0	17.0
24/3/2007	23:20:00	5.804	0.096	237.63	24.4	38.0	0.0	17.0
24/3/2007	23:21:00	5.792	0.092	237.94	24.2	37.0	0.0	18.0
24/3/2007	23:22:00	5.826	0.098	238.25	24.4	38.0	1.0	17.0
24/3/2007	23:23:00	5.784	0.092	237.86	24.2	38.0	0.0	17.0
24/3/2007	23:24:00	5.836	0.1	238.51	24.4	38.0	0.0	18.0
24/3/2007	23:25:00	5.818	0.096	238.43	24.4	37.0	0.0	17.0
25/3/2007	09:22:00	5.432	0.0	237.23	22.8	0.0	0.0	0.0
25/3/2007	09:23:00	6.408	0.0	236.3	27.2	0.0	0.0	0.0
25/3/2007	14:52:00	6.248	0.22	238.46	26.2	38.0	38.0	17.0
25/3/2007	14:53:00	6.25	0.22	238.73	26.2	38.0	38.0	17.0
25/3/2007	14:54:00	6.266	0.214	237.87	26.2	38.0	38.0	18.0
25/3/2007	14:55:00	6.398	0.216	239.33	26.6	38.0	39.0	17.0
25/3/2007	14:56:00	5.26	0.226	240.19	22.4	22.0	39.0	18.0
25/3/2007	18:53:00	5.254	0.772	233.0	23.2	0.0	25.0	17.0
25/3/2007	18:54:00	5.658	0.674	233.27	24.4	0.0	36.0	16.0
25/3/2007	19:22:00	5.262	0.426	234.56	22.4	37.0	6.0	17.0
25/3/2007	19:23:00	5.346	0.42	234.08	22.8	38.0	5.0	17.0
25/3/2007	19:24:00	5.42	0.416	233.74	23.2	37.0	6.0	17.0
25/3/2007	19:25:00	5.408	0.412	233.21	23.2	37.0	6.0	16.0
25/3/2007	19:26:00	5.212	0.384	233.76	22.2	37.0	3.0	17.0
25/3/2007	19:27:00	5.064	0.32	233.06	21.6	37.0	0.0	17.0
25/3/2007	19:28:00	5.012	0.32	232.5	21.6	37.0	0.0	16.0
25/3/2007	19:29:00	5.002	0.324	232.29	21.6	37.0	0.0	17.0
25/3/2007	19:30:00	5.008	0.348	232.1	21.6	37.0	0.0	17.0
25/3/2007	19:31:00	5.062	0.356	233.65	21.6	37.0	0.0	16.0
25/3/2007	19:32:00	5.07	0.356	233.95	21.6	37.0	0.0	17.0
25/3/2007	19:36:00	5.056	0.402	232.29	21.8	36.0	0.0	16.0
25/3/2007	19:37:00	5.058	0.402	232.45	21.8	37.0	0.0	17.0
25/3/2007	19:38:00	5.062	0.4	232.42	21.8	37.0	0.0	16.0
25/3/2007	19:42:00	5.164	0.416	230.93	23.0	30.0	0.0	16.0
25/3/2007	19:44:00	5.58	0.412	233.62	24.2	37.0	0.0	17.0
25/3/2007	20:33:00	5.056	0.33	235.24	21.8	1.0	27.0	17.0
25/3/2007	20:34:00	5.098	0.282	235.67	21.6	1.0	37.0	17.0
25/3/2007	20:39:00	6.088	0.248	235.53	26.2	15.0	37.0	17.0
25/3/2007	20:40:00	7.918	0.23	232.83	34.2	37.0	36.0	16.0
25/3/2007	20:41:00	7.858	0.104	232.73	33.8	36.0	35.0	17.0
25/3/2007	20:42:00	7.752	0.118	233.04	33.2	37.0	34.0	17.0
25/3/2007	20:43:00	7.69	0.1	232.18	33.0	36.0	35.0	16.0
25/3/2007	20:44:00	7.704	0.116	232.25	33.0	36.0	34.0	17.0
25/3/2007	20:45:00	7.648	0.098	231.63	33.0	36.0	35.0	16.0
25/3/2007	20:46:00	7.652	0.114	231.51	33.0	36.0	34.0	17.0
25/3/2007	20:47:00	7.342	0.068	231.33	31.6	36.0	34.0	16.0
25/3/2007	20:48:00	7.322	0.076	231.32	31.6	36.0	34.0	16.0
25/3/2007	20:49:00	7.368	0.06	231.5	31.8	36.0	35.0	17.0
25/3/2007	20:50:00	7.296	0.082	232.59	31.4	34.0	34.0	17.0
25/3/2007	20:51:00	5.604	0.082	235.1	23.8	2.0	35.0	16.0
25/3/2007	20:52:00	5.616	0.1	235.28	23.8	1.0	36.0	17.0
25/3/2007	20:53:00	5.444	0.084	235.23	23.0	1.0	35.0	17.0
25/3/2007	20:54:00	5.238	0.206	235.36	22.2	1.0	35.0	17.0
25/3/2007	20:55:00	5.776	0.198	233.88	24.8	2.0	35.0	17.0
25/3/2007	20:57:00	5.1	0.2	233.52	21.8	1.0	32.0	17.0
25/3/2007	21:00:00	5.222	0.22	233.71	22.2	2.0	35.0	16.0
25/3/2007	21:55:00	5.048	0.182	237.15	21.2	38.0	1.0	17.0
26/3/2007	06:57:00	5.804	0.0	240.08	24.2	0.0	0.0	18.0
27/3/2007	20:38:00	5.636	0.296	229.81	24.6	0.0	34.0	16.0
27/3/2007	20:40:00	5.354	0.192	229.21	23.4	0.0	34.0	16.0
27/3/2007	20:42:00	5.348	0.192	230.3	23.2	0.0	35.0	16.0
27/3/2007	20:43:00	5.346	0.2	230.17	23.2	0.0	34.0	16.0
27/3/2007	20:44:00	5.938	0.188	230.19	25.8	0.0	34.0	16.0
27/3/2007	20:45:00	5.378	0.204	231.14	23.2	0.0	35.0	17.0
27/3/2007	20:46:00	5.424	0.206	232.53	23.2	0.0	34.0	16.0
27/3/2007	20:47:00	5.412	0.212	232.2	23.2	0.0	35.0	17.0
27/3/2007	20:48:00	5.364	0.204	232.24	23.0	0.0	35.0	16.0
27/3/2007	20:51:00	5.132	0.0	231.32	22.2	0.0	34.0	17.0
27/3/2007	20:52:00	5.372	0.0	231.3	23.2	0.0	34.0	16.0
27/3/2007	20:53:00	5.012	0.0	231.85	21.6	0.0	35.0	17.0
27/3/2007	20:56:00	5.108	0.0	231.76	22.0	0.0	34.0	16.0
27/3/2007	20:57:00	5.118	0.0	231.67	22.0	0.0	35.0	17.0
27/3/2007	20:58:00	5.116	0.0	231.7	22.0	0.0	34.0	16.0
27/3/2007	20:59:00	5.47	0.0	231.4	23.8	0.0	35.0	17.0
27/3/2007	21:00:00	5.058	0.0	231.82	21.8	0.0	34.0	16.0
27/3/2007	21:02:00	5.466	0.0	232.11	23.6	0.0	34.0	16.0
28/3/2007	07:01:00	5.334	0.0	234.5	22.8	0.0	0.0	17.0
28/3/2007	07:02:00	5.264	0.0	233.66	22.6	0.0	0.0	17.0
28/3/2007	13:49:00	5.124	0.152	238.04	22.0	0.0	60.0	17.0
28/3/2007	13:50:00	5.34	0.134	237.91	22.8	0.0	65.0	17.0
28/3/2007	13:51:00	5.846	0.148	237.41	24.6	0.0	74.0	18.0
28/3/2007	13:52:00	6.132	0.148	237.03	26.0	0.0	74.0	17.0
28/3/2007	13:53:00	6.714	0.176	236.31	28.4	0.0	73.0	17.0
28/3/2007	13:54:00	5.848	0.136	237.75	24.6	0.0	74.0	17.0
28/3/2007	13:55:00	5.874	0.15	237.73	24.6	0.0	74.0	18.0
28/3/2007	13:56:00	5.986	0.136	238.25	25.0	0.0	74.0	17.0
28/3/2007	13:57:00	5.926	0.0	238.39	24.8	0.0	75.0	17.0
28/3/2007	13:58:00	5.774	0.0	238.05	24.2	0.0	74.0	18.0
28/3/2007	13:59:00	5.778	0.0	237.94	24.2	0.0	74.0	17.0
28/3/2007	14:00:00	5.78	0.0	238.3	24.2	0.0	74.0	17.0
28/3/2007	14:01:00	5.87	0.0	240.04	24.4	0.0	75.0	18.0
28/3/2007	21:21:00	5.316	0.174	234.2	22.8	0.0	2.0	17.0
28/3/2007	21:26:00	5.572	0.22	234.7	23.8	0.0	31.0	17.0
28/3/2007	21:27:00	5.7	0.228	234.1	24.4	0.0	36.0	17.0
28/3/2007	21:28:00	5.304	0.118	234.31	22.8	0.0	28.0	17.0
28/3/2007	21:29:00	5.636	0.136	233.37	24.0	0.0	37.0	17.0
28/3/2007	21:31:00	5.862	0.254	232.42	25.4	0.0	36.0	17.0
28/3/2007	21:32:00	5.446	0.246	233.63	23.4	0.0	36.0	17.0
28/3/2007	21:35:00	5.02	0.27	235.98	21.2	0.0	36.0	17.0
28/3/2007	21:40:00	5.326	0.266	234.84	22.8	0.0	37.0	17.0
28/3/2007	21:41:00	5.33	0.286	234.03	22.8	0.0	23.0	17.0
29/3/2007	06:51:00	6.49	0.172	234.85	27.6	0.0	0.0	17.0
29/3/2007	06:52:00	5.876	0.174	234.41	25.0	0.0	0.0	17.0
29/3/2007	06:53:00	6.11	0.172	234.42	26.0	0.0	0.0	17.0
29/3/2007	06:54:00	5.572	0.186	236.56	23.4	0.0	0.0	17.0
29/3/2007	21:05:00	5.218	0.342	236.04	22.4	31.0	0.0	17.0
29/3/2007	21:06:00	5.544	0.328	236.16	23.4	37.0	0.0	17.0
29/3/2007	21:07:00	5.512	0.326	235.53	23.4	38.0	0.0	17.0
29/3/2007	21:08:00	5.318	0.318	235.66	22.6	37.0	0.0	17.0
29/3/2007	21:14:00	5.018	0.094	234.41	21.4	37.0	0.0	17.0
29/3/2007	21:15:00	5.036	0.094	234.87	21.4	37.0	0.0	16.0
29/3/2007	21:16:00	5.086	0.12	235.41	21.6	37.0	0.0	17.0
29/3/2007	21:17:00	5.132	0.214	235.44	21.8	37.0	0.0	17.0
29/3/2007	22:30:00	5.138	0.212	237.08	21.6	37.0	0.0	18.0
30/3/2007	06:38:00	5.098	0.118	239.09	21.2	0.0	0.0	0.0
31/3/2007	07:18:00	7.098	0.0	235.26	30.2	0.0	0.0	0.0
31/3/2007	07:19:00	6.14	0.096	235.82	26.0	0.0	0.0	0.0
31/3/2007	07:20:00	6.584	0.092	234.91	28.0	0.0	0.0	6.0
31/3/2007	07:21:00	6.672	0.094	235.81	28.8	0.0	0.0	18.0
31/3/2007	07:22:00	5.446	0.21	237.04	23.0	0.0	0.0	17.0
31/3/2007	07:23:00	5.336	0.226	236.18	22.6	0.0	0.0	18.0
31/3/2007	07:25:00	5.916	0.276	236.07	25.0	0.0	0.0	18.0
31/3/2007	10:04:00	5.554	0.698	233.46	24.0	37.0	1.0	17.0
31/3/2007	10:05:00	5.76	0.724	232.58	25.0	37.0	2.0	16.0
31/3/2007	10:06:00	5.578	0.758	231.99	24.4	37.0	1.0	17.0
31/3/2007	10:12:00	5.562	0.61	233.62	24.2	38.0	21.0	16.0
31/3/2007	10:13:00	6.492	0.582	231.95	28.0	36.0	36.0	17.0
31/3/2007	10:14:00	5.982	0.576	231.92	26.2	37.0	28.0	16.0
31/3/2007	10:15:00	6.466	0.576	231.6	28.0	37.0	36.0	17.0
31/3/2007	10:16:00	6.022	0.586	232.85	26.2	36.0	27.0	17.0
31/3/2007	10:17:00	6.488	0.58	232.16	28.0	37.0	36.0	16.0
31/3/2007	10:18:00	6.496	0.586	232.4	28.0	37.0	36.0	17.0
31/3/2007	10:19:00	6.482	0.582	232.18	28.0	37.0	36.0	16.0
31/3/2007	10:20:00	6.494	0.586	232.38	28.0	37.0	36.0	17.0
31/3/2007	10:21:00	6.528	0.626	232.26	28.2	36.0	36.0	16.0
31/3/2007	10:22:00	6.646	0.76	231.17	28.8	37.0	35.0	17.0
31/3/2007	10:23:00	6.672	0.678	232.86	28.8	37.0	36.0	16.0
31/3/2007	10:24:00	6.642	0.574	233.76	28.4	37.0	36.0	17.0
31/3/2007	10:25:00	5.008	0.58	235.68	21.6	11.0	37.0	17.0
31/3/2007	10:27:00	6.05	0.554	234.68	26.2	27.0	37.0	17.0
31/3/2007	10:28:00	6.582	0.548	234.12	28.2	37.0	36.0	17.0
31/3/2007	10:29:00	6.61	0.536	232.66	28.4	37.0	36.0	17.0
31/3/2007	10:30:00	6.574	0.532	232.66	28.2	37.0	36.0	16.0
31/3/2007	10:31:00	5.802	0.558	234.96	25.0	28.0	36.0	17.0
31/3/2007	10:34:00	6.208	0.438	235.83	26.4	38.0	37.0	17.0
31/3/2007	10:35:00	6.162	0.38	235.52	26.2	38.0	36.0	17.0
31/3/2007	10:36:00	6.158	0.374	235.45	26.2	38.0	37.0	17.0
31/3/2007	10:37:00	5.256	0.376	234.24	22.8	25.0	36.0	17.0
31/3/2007	10:40:00	6.014	0.35	232.5	25.8	37.0	35.0	17.0
31/3/2007	10:41:00	6.026	0.358	232.73	25.8	37.0	36.0	16.0
31/3/2007	10:42:00	6.052	0.342	232.88	26.0	37.0	36.0	17.0
31/3/2007	10:46:00	5.598	0.382	233.39	24.0	35.0	29.0	17.0
31/3/2007	10:47:00	5.388	0.486	233.33	23.2	37.0	21.0	17.0
31/3/2007	10:48:00	6.192	0.494	232.72	26.6	37.0	36.0	17.0
31/3/2007	10:49:00	5.176	0.584	233.56	23.2	27.0	31.0	16.0
31/3/2007	15:58:00	5.226	0.526	235.61	22.2	37.0	1.0	17.0
31/3/2007	15:59:00	5.216	0.524	235.47	22.2	37.0	1.0	17.0
31/3/2007	16:00:00	5.14	0.52	234.53	22.0	37.0	1.0	16.0
31/3/2007	18:21:00	5.114	0.0	236.41	21.6	0.0	35.0	17.0
31/3/2007	18:22:00	5.138	0.0	236.46	21.6	0.0	36.0	17.0
31/3/2007	18:23:00	5.116	0.0	236.33	21.6	0.0	36.0	18.0
31/3/2007	18:26:00	5.186	0.168	238.07	21.8	0.0	36.0	17.0
31/3/2007	18:27:00	5.158	0.16	237.47	21.6	0.0	36.0	18.0
31/3/2007	18:32:00	5.112	0.158	235.9	21.6	0.0	34.0	17.0
31/3/2007	18:33:00	5.09	0.15	235.74	21.6	0.0	36.0	17.0
31/3/2007	19:58:00	5.082	0.58	237.08	21.8	0.0	22.0	17.0
31/3/2007	19:59:00	6.566	0.536	236.24	28.0	0.0	37.0	17.0
31/3/2007	20:00:00	5.958	0.534	237.38	25.6	0.0	29.0	18.0
31/3/2007	20:01:00	6.142	0.528	236.21	26.0	0.0	36.0	17.0
31/3/2007	20:02:00	5.384	0.538	237.62	23.0	0.0	29.0	17.0
31/3/2007	20:03:00	6.254	0.528	235.95	26.6	0.0	37.0	17.0
31/3/2007	20:04:00	6.372	0.52	234.94	27.2	0.0	36.0	17.0
31/3/2007	20:05:00	6.21	0.526	235.8	26.4	0.0	37.0	17.0
31/3/2007	20:06:00	6.564	0.528	236.02	28.0	0.0	37.0	17.0
31/3/2007	20:07:00	6.202	0.532	236.48	26.4	0.0	37.0	17.0
31/3/2007	20:08:00	5.728	0.42	236.09	24.2	0.0	36.0	17.0
31/3/2007	20:09:00	5.664	0.36	236.61	24.0	0.0	37.0	18.0
31/3/2007	20:10:00	5.722	0.488	236.43	24.2	0.0	37.0	17.0
31/3/2007	20:11:00	5.642	0.476	235.68	24.0	0.0	37.0	17.0
31/3/2007	20:12:00	5.388	0.358	236.21	22.8	0.0	36.0	17.0
31/3/2007	20:13:00	5.4	0.364	236.63	22.8	0.0	37.0	17.0
31/3/2007	20:14:00	5.414	0.362	237.13	22.8	0.0	37.0	17.0
31/3/2007	20:15:00	5.23	0.366	236.86	22.0	0.0	37.0	18.0
31/3/2007	20:16:00	5.254	0.364	237.01	22.2	0.0	37.0	17.0
31/3/2007	20:17:00	5.09	0.37	236.75	21.4	0.0	37.0	17.0
31/3/2007	20:20:00	5.164	0.486	235.97	21.8	0.0	37.0	18.0
31/3/2007	20:21:00	5.206	0.49	235.58	22.2	0.0	37.0	17.0
31/3/2007	20:24:00	5.196	0.482	235.41	22.0	0.0	36.0	17.0
31/3/2007	20:27:00	5.196	0.492	235.34	22.0	0.0	37.0	17.0
31/3/2007	20:30:00	5.096	0.474	234.36	21.8	0.0	36.0	17.0
31/3/2007	20:35:00	5.056	0.478	233.36	21.6	0.0	36.0	17.0
1/4/2007	08:08:00	6.384	0.288	237.97	27.2	0.0	0.0	17.0
1/4/2007	17:23:00	5.44	0.164	231.87	23.8	46.0	35.0	0.0
1/4/2007	17:24:00	7.546	0.146	230.35	32.8	71.0	35.0	9.0
1/4/2007	17:25:00	7.026	0.144	230.05	30.8	71.0	23.0	17.0
1/4/2007	17:26:00	5.928	0.16	231.88	25.4	73.0	1.0	17.0
1/4/2007	17:27:00	6.046	0.334	231.91	26.0	72.0	1.0	17.0
1/4/2007	17:28:00	6.046	0.366	231.86	26.0	72.0	1.0	16.0
1/4/2007	17:29:00	6.082	0.372	232.97	26.0	73.0	0.0	17.0
1/4/2007	17:30:00	6.094	0.372	233.23	26.0	73.0	1.0	17.0
1/4/2007	18:43:00	5.872	0.282	233.43	25.2	0.0	67.0	17.0
1/4/2007	18:44:00	6.428	0.266	232.81	27.6	1.0	72.0	16.0
1/4/2007	18:45:00	6.162	0.284	234.09	26.2	0.0	73.0	17.0
1/4/2007	18:46:00	6.198	0.272	234.15	26.4	1.0	72.0	17.0
1/4/2007	18:47:00	6.332	0.276	232.45	27.2	0.0	72.0	17.0
1/4/2007	18:48:00	6.054	0.262	232.81	26.0	1.0	71.0	16.0
1/4/2007	18:49:00	6.38	0.272	232.71	27.4	0.0	72.0	17.0
1/4/2007	18:50:00	6.274	0.26	233.03	26.8	1.0	71.0	16.0
1/4/2007	18:51:00	6.036	0.246	232.53	25.8	0.0	72.0	17.0
1/4/2007	18:52:00	5.112	0.228	233.57	22.2	0.0	52.0	17.0
1/4/2007	21:48:00	5.042	0.434	235.96	21.4	0.0	0.0	17.0
1/4/2007	21:53:00	5.692	0.296	236.4	24.0	0.0	36.0	17.0
1/4/2007	21:54:00	5.604	0.3	236.52	24.4	0.0	33.0	17.0
1/4/2007	21:55:00	7.752	0.292	233.37	33.2	0.0	70.0	17.0
1/4/2007	21:56:00	7.32	0.298	234.4	31.4	1.0	63.0	17.0
1/4/2007	21:57:00	7.804	0.272	232.74	33.4	1.0	71.0	16.0
1/4/2007	21:58:00	8.16	0.292	232.51	35.0	1.0	70.0	17.0
1/4/2007	21:59:00	8.134	0.278	232.16	35.0	2.0	70.0	16.0
1/4/2007	22:00:00	8.106	0.286	231.66	35.0	1.0	70.0	17.0
1/4/2007	22:01:00	7.044	0.288	233.07	30.6	1.0	53.0	17.0
1/4/2007	22:02:00	6.19	0.302	233.54	26.4	1.0	36.0	16.0
1/4/2007	22:03:00	6.252	0.292	233.45	26.8	2.0	36.0	17.0
1/4/2007	22:04:00	7.336	0.292	233.23	31.6	1.0	66.0	17.0
1/4/2007	22:05:00	5.536	0.302	235.47	23.4	1.0	37.0	17.0
1/4/2007	22:06:00	5.532	0.306	235.05	23.4	1.0	36.0	17.0
1/4/2007	22:07:00	5.578	0.302	235.0	23.6	1.0	36.0	17.0
1/4/2007	22:08:00	5.782	0.306	234.77	24.6	2.0	36.0	17.0
1/4/2007	22:09:00	5.868	0.392	234.9	25.0	1.0	36.0	16.0
1/4/2007	22:10:00	6.008	0.426	234.16	25.6	1.0	36.0	17.0
1/4/2007	22:11:00	5.736	0.44	235.04	24.4	1.0	36.0	17.0
1/4/2007	22:12:00	5.654	0.472	236.21	24.0	2.0	36.0	17.0
1/4/2007	22:13:00	5.466	0.49	236.81	23.0	1.0	37.0	18.0
1/4/2007	22:14:00	5.41	0.514	237.0	22.8	1.0	36.0	17.0
1/4/2007	22:15:00	5.418	0.492	237.28	22.8	1.0	37.0	17.0
1/4/2007	22:16:00	5.664	0.47	236.72	24.4	9.0	37.0	17.0
1/4/2007	22:17:00	6.418	0.454	236.38	27.2	38.0	25.0	17.0
1/4/2007	22:18:00	6.486	0.458	236.63	27.6	38.0	25.0	18.0
1/4/2007	22:19:00	6.498	0.456	236.56	27.6	38.0	27.0	17.0
1/4/2007	22:20:00	6.384	0.468	237.75	27.0	37.0	23.0	17.0
1/4/2007	22:21:00	6.474	0.454	236.32	27.4	38.0	28.0	17.0
1/4/2007	22:22:00	6.382	0.458	237.23	27.0	38.0	23.0	17.0
1/4/2007	22:23:00	6.382	0.44	237.54	27.0	37.0	26.0	18.0
1/4/2007	22:24:00	6.42	0.448	237.2	27.2	38.0	24.0	17.0
1/4/2007	22:25:00	6.184	0.436	236.91	26.4	37.0	22.0	17.0
1/4/2007	22:26:00	6.51	0.474	236.31	27.6	38.0	25.0	17.0
1/4/2007	22:27:00	5.752	0.364	236.46	24.4	37.0	16.0	17.0
1/4/2007	22:28:00	5.856	0.276	237.73	25.2	28.0	30.0	18.0
2/4/2007	06:55:00	5.376	0.0	237.36	22.6	0.0	0.0	0.0
2/4/2007	06:57:00	5.156	0.094	240.03	21.4	0.0	0.0	0.0
2/4/2007	21:56:00	6.338	0.066	234.33	27.0	1.0	37.0	17.0
2/4/2007	21:57:00	5.124	0.054	235.23	21.6	1.0	37.0	17.0
2/4/2007	21:58:00	6.138	0.0	233.88	26.4	1.0	36.0	17.0
2/4/2007	21:59:00	5.696	0.046	233.33	24.4	1.0	37.0	17.0
2/4/2007	22:00:00	5.516	0.0	232.39	23.8	2.0	36.0	16.0
2/4/2007	22:01:00	6.014	0.0	232.69	25.8	1.0	36.0	17.0
2/4/2007	22:02:00	5.756	0.0	233.2	24.6	1.0	37.0	16.0
2/4/2007	22:03:00	5.38	0.06	233.12	23.0	1.0	36.0	17.0
2/4/2007	22:04:00	5.278	0.0	233.45	22.6	1.0	36.0	17.0
2/4/2007	22:14:00	5.21	0.19	235.37	22.0	37.0	1.0	17.0
2/4/2007	22:15:00	5.17	0.218	235.06	22.0	38.0	1.0	17.0
2/4/2007	22:16:00	5.144	0.216	234.73	21.8	37.0	1.0	16.0
2/4/2007	22:17:00	5.118	0.178	234.88	21.8	37.0	1.0	17.0
2/4/2007	22:18:00	5.148	0.184	234.97	21.8	37.0	0.0	17.0
2/4/2007	22:19:00	5.178	0.174	235.26	22.0	37.0	2.0	17.0
2/4/2007	22:20:00	5.184	0.176	235.34	22.0	37.0	1.0	17.0
2/4/2007	22:21:00	5.244	0.174	235.33	22.2	37.0	1.0	17.0
2/4/2007	22:22:00	5.292	0.222	238.05	22.2	38.0	1.0	18.0
2/4/2007	22:23:00	5.55	0.276	238.08	23.2	37.0	6.0	17.0
3/4/2007	06:59:00	5.094	0.132	235.96	22.2	0.0	0.0	17.0
3/4/2007	07:00:00	5.872	0.246	234.79	25.4	0.0	0.0	17.0
3/4/2007	07:09:00	6.382	0.0	235.03	27.2	0.0	0.0	17.0
3/4/2007	07:10:00	5.986	0.0	235.16	25.6	0.0	0.0	17.0
3/4/2007	07:11:00	5.27	0.0	236.7	22.2	0.0	0.0	17.0
3/4/2007	19:19:00	5.064	0.392	233.94	21.6	37.0	1.0	17.0
3/4/2007	19:20:00	5.572	0.298	234.71	23.6	37.0	1.0	17.0
3/4/2007	19:21:00	5.82	0.192	234.41	24.8	38.0	3.0	17.0
3/4/2007	19:22:00	5.826	0.2	233.13	25.0	37.0	2.0	17.0
3/4/2007	19:23:00	7.012	0.204	230.99	30.6	36.0	20.0	16.0
3/4/2007	19:24:00	7.81	0.304	229.26	34.0	36.0	37.0	16.0
3/4/2007	19:25:00	7.794	0.3	228.96	34.0	36.0	37.0	16.0
3/4/2007	19:26:00	7.874	0.356	229.09	34.4	36.0	37.0	16.0
3/4/2007	19:27:00	7.802	0.356	228.02	34.2	35.0	36.0	16.0
3/4/2007	19:28:00	6.224	0.31	231.44	27.0	10.0	37.0	17.0
3/4/2007	19:29:00	5.84	0.316	231.86	25.2	0.0	37.0	16.0
3/4/2007	19:30:00	7.198	0.3	230.54	31.4	23.0	36.0	17.0
3/4/2007	19:31:00	7.882	0.292	230.45	34.2	36.0	36.0	16.0
3/4/2007	19:32:00	7.928	0.296	231.19	34.2	36.0	37.0	16.0
3/4/2007	19:33:00	7.916	0.294	230.94	34.2	37.0	36.0	17.0
3/4/2007	19:34:00	6.552	0.314	232.73	28.4	14.0	37.0	16.0
3/4/2007	19:35:00	5.84	0.316	232.27	25.0	1.0	37.0	17.0
3/4/2007	19:36:00	5.47	0.32	232.76	23.8	13.0	18.0	16.0
3/4/2007	19:37:00	5.694	0.314	232.3	24.6	37.0	2.0	15.0
3/4/2007	19:56:00	5.094	0.302	233.07	21.8	37.0	1.0	0.0
3/4/2007	22:04:00	5.498	0.07	235.43	23.2	38.0	1.0	17.0
3/4/2007	22:05:00	5.506	0.072	235.8	23.2	37.0	2.0	17.0
3/4/2007	22:06:00	5.5	0.072	235.73	23.2	37.0	1.0	17.0
3/4/2007	22:07:00	5.502	0.072	235.91	23.2	38.0	1.0	17.0
3/4/2007	22:08:00	5.514	0.072	236.28	23.2	37.0	2.0	17.0
3/4/2007	22:09:00	5.524	0.074	236.5	23.2	38.0	1.0	17.0
3/4/2007	22:10:00	5.526	0.074	236.7	23.2	37.0	1.0	18.0
3/4/2007	22:11:00	5.494	0.072	235.9	23.2	37.0	2.0	17.0
3/4/2007	22:12:00	5.516	0.074	236.58	23.2	38.0	1.0	17.0
3/4/2007	22:13:00	5.528	0.074	236.84	23.2	37.0	1.0	17.0
3/4/2007	22:14:00	5.538	0.076	237.21	23.2	38.0	2.0	17.0
3/4/2007	22:15:00	5.438	0.076	237.03	22.8	37.0	1.0	18.0
4/4/2007	15:05:00	6.216	0.382	236.02	26.4	74.0	1.0	17.0
4/4/2007	15:06:00	6.192	0.38	235.76	26.2	75.0	2.0	17.0
4/4/2007	15:07:00	6.186	0.38	235.61	26.2	75.0	1.0	17.0
4/4/2007	15:08:00	6.21	0.384	236.3	26.2	75.0	1.0	17.0
4/4/2007	15:09:00	6.188	0.38	235.92	26.2	75.0	1.0	17.0
4/4/2007	15:10:00	6.18	0.38	235.76	26.2	75.0	1.0	17.0
4/4/2007	15:11:00	5.038	0.394	236.77	21.8	58.0	2.0	17.0
4/4/2007	15:13:00	5.372	0.388	236.46	23.2	60.0	1.0	17.0
4/4/2007	15:14:00	6.266	0.388	236.28	26.4	75.0	1.0	17.0
4/4/2007	15:15:00	6.202	0.374	235.36	26.4	74.0	1.0	17.0
4/4/2007	15:16:00	5.878	0.378	235.68	25.2	70.0	1.0	17.0
4/4/2007	21:35:00	5.456	0.15	235.76	23.0	38.0	1.0	17.0
4/4/2007	21:36:00	5.372	0.15	235.52	22.8	37.0	2.0	17.0
4/4/2007	21:37:00	5.378	0.148	235.07	22.8	37.0	1.0	17.0
4/4/2007	21:38:00	5.11	0.154	235.72	21.6	37.0	1.0	17.0
4/4/2007	21:39:00	5.1	0.158	236.45	21.6	38.0	1.0	17.0
4/4/2007	21:40:00	5.1	0.16	236.6	21.6	37.0	2.0	17.0
4/4/2007	21:41:00	5.106	0.158	236.77	21.6	38.0	1.0	18.0
4/4/2007	21:42:00	5.04	0.058	236.77	21.2	37.0	1.0	17.0
4/4/2007	21:43:00	5.072	0.062	237.68	21.2	38.0	1.0	17.0
4/4/2007	21:44:00	5.074	0.064	237.94	21.2	38.0	2.0	17.0
4/4/2007	21:45:00	5.05	0.062	237.42	21.2	37.0	1.0	18.0
5/4/2007	07:24:00	5.904	0.0	234.75	25.0	0.0	1.0	17.0
5/4/2007	07:25:00	5.164	0.0	235.09	22.0	0.0	2.0	17.0
5/4/2007	07:26:00	6.04	0.078	235.4	25.8	0.0	1.0	17.0
5/4/2007	07:27:00	5.812	0.0	234.6	25.6	0.0	1.0	17.0
5/4/2007	19:16:00	5.234	0.23	237.68	22.2	0.0	30.0	0.0
5/4/2007	19:17:00	5.952	0.214	234.95	25.4	0.0	38.0	5.0
5/4/2007	19:18:00	6.588	0.212	235.2	28.0	0.0	37.0	17.0
5/4/2007	19:19:00	5.264	0.228	237.48	22.6	0.0	38.0	18.0
5/4/2007	19:21:00	5.678	0.218	236.86	24.4	0.0	38.0	17.0
5/4/2007	19:24:00	5.504	0.222	237.31	23.6	0.0	38.0	18.0
5/4/2007	20:38:00	5.554	0.24	235.22	23.6	2.0	37.0	17.0
5/4/2007	20:39:00	5.238	0.236	234.87	22.6	1.0	28.0	17.0
5/4/2007	20:40:00	5.726	0.234	234.41	24.4	1.0	36.0	17.0
5/4/2007	20:41:00	5.234	0.236	234.9	22.6	1.0	28.0	17.0
5/4/2007	20:42:00	5.7	0.23	233.88	24.4	1.0	37.0	17.0
5/4/2007	20:43:00	5.916	0.244	233.44	25.4	2.0	36.0	16.0
5/4/2007	20:44:00	5.948	0.18	233.85	25.4	1.0	36.0	17.0
5/4/2007	20:45:00	6.288	0.356	233.36	27.0	1.0	36.0	17.0
5/4/2007	20:46:00	6.164	0.242	234.26	26.4	1.0	37.0	17.0
5/4/2007	20:47:00	5.718	0.258	235.51	24.2	2.0	36.0	17.0
5/4/2007	20:48:00	5.7	0.254	235.4	24.2	1.0	37.0	17.0
5/4/2007	20:49:00	5.676	0.246	234.66	24.2	1.0	36.0	17.0
5/4/2007	20:50:00	5.64	0.246	234.12	24.0	1.0	36.0	16.0
5/4/2007	20:51:00	5.638	0.244	233.55	24.2	1.0	36.0	17.0
5/4/2007	20:52:00	5.7	0.22	233.51	24.4	1.0	36.0	17.0
5/4/2007	20:53:00	5.81	0.238	232.41	25.0	1.0	36.0	17.0
5/4/2007	20:54:00	5.932	0.228	233.06	25.4	1.0	36.0	16.0
5/4/2007	20:55:00	6.014	0.218	233.29	25.8	2.0	36.0	17.0
5/4/2007	20:56:00	7.972	0.194	231.11	34.4	35.0	35.0	16.0
5/4/2007	20:57:00	7.952	0.186	230.88	34.4	36.0	36.0	17.0
5/4/2007	20:58:00	7.972	0.196	231.41	34.4	36.0	35.0	16.0
5/4/2007	20:59:00	7.922	0.19	230.77	34.2	36.0	35.0	16.0
5/4/2007	21:00:00	8.102	0.19	229.31	35.4	35.0	35.0	17.0
5/4/2007	21:01:00	7.658	0.192	230.92	33.2	36.0	35.0	16.0
5/4/2007	21:02:00	7.8	0.2	231.28	33.6	36.0	36.0	16.0
5/4/2007	21:03:00	7.342	0.088	231.88	31.6	36.0	35.0	17.0
5/4/2007	21:04:00	7.342	0.086	232.39	31.6	36.0	36.0	16.0
5/4/2007	21:05:00	7.318	0.08	232.45	31.4	37.0	36.0	17.0
5/4/2007	21:06:00	7.336	0.088	232.6	31.4	36.0	35.0	17.0
5/4/2007	21:07:00	7.314	0.076	232.34	31.4	36.0	36.0	16.0
5/4/2007	21:08:00	6.912	0.104	232.14	29.8	32.0	36.0	17.0
5/4/2007	21:09:00	5.942	0.126	234.11	25.4	1.0	36.0	16.0
5/4/2007	21:22:00	5.166	0.23	236.45	21.8	1.0	37.0	18.0
6/4/2007	18:24:00	5.208	0.0	236.22	22.4	0.0	62.0	17.0
6/4/2007	18:25:00	5.744	0.0	235.31	24.4	0.0	73.0	17.0
6/4/2007	18:26:00	5.802	0.114	235.54	24.6	0.0	72.0	17.0
6/4/2007	18:27:00	5.766	0.098	234.99	24.4	0.0	73.0	17.0
6/4/2007	18:28:00	5.752	0.11	234.67	24.4	0.0	72.0	17.0
6/4/2007	18:29:00	5.79	0.1	235.86	24.4	0.0	72.0	17.0
6/4/2007	18:30:00	5.812	0.118	236.3	24.6	0.0	73.0	17.0
6/4/2007	18:31:00	5.79	0.1	236.09	24.4	0.0	73.0	17.0
6/4/2007	18:32:00	5.812	0.118	236.46	24.4	0.0	72.0	18.0
6/4/2007	19:11:00	5.066	0.594	235.31	21.8	0.0	37.0	17.0
7/4/2007	07:41:00	5.44	0.096	236.82	23.0	0.0	1.0	0.0
7/4/2007	10:15:00	5.08	0.046	237.19	21.4	38.0	3.0	17.0
16/4/2007	21:28:00	6.026	0.22	236.4	25.4	1.0	40.0	17.0
16/4/2007	21:29:00	5.2	0.238	236.85	22.0	1.0	39.0	17.0
16/4/2007	21:40:00	5.084	0.242	234.03	21.8	36.0	3.0	17.0
17/4/2007	06:48:00	5.432	0.054	233.27	23.2	0.0	0.0	0.0
17/4/2007	20:43:00	5.126	0.174	236.84	22.0	64.0	0.0	0.0
17/4/2007	20:44:00	5.69	0.168	237.13	24.0	76.0	0.0	0.0
17/4/2007	20:45:00	5.684	0.162	237.05	23.8	76.0	0.0	0.0
17/4/2007	20:46:00	5.616	0.068	236.91	23.6	76.0	0.0	0.0
17/4/2007	20:47:00	5.592	0.064	236.44	23.6	75.0	0.0	0.0
17/4/2007	20:48:00	5.582	0.062	236.23	23.6	75.0	0.0	0.0
17/4/2007	20:49:00	5.548	0.06	235.47	23.4	74.0	0.0	0.0
17/4/2007	20:50:00	5.024	0.066	236.45	21.6	68.0	0.0	0.0
17/4/2007	20:57:00	5.618	0.352	236.23	24.2	63.0	0.0	0.0
17/4/2007	20:58:00	6.138	0.334	234.54	26.2	74.0	0.0	0.0
17/4/2007	21:04:00	6.41	0.316	232.63	27.8	67.0	0.0	0.0
17/4/2007	21:05:00	5.71	0.188	233.73	24.4	73.0	0.0	0.0
17/4/2007	21:06:00	5.04	0.182	234.34	21.8	67.0	0.0	0.0
18/4/2007	06:58:00	5.14	0.05	236.32	21.6	0.0	0.0	17.0
18/4/2007	21:19:00	5.982	0.482	234.24	25.6	0.0	0.0	0.0
18/4/2007	21:22:00	6.054	0.52	234.3	25.8	0.0	2.0	0.0
19/4/2007	07:18:00	5.798	0.076	233.53	24.8	0.0	0.0	17.0
20/4/2007	07:00:00	5.814	0.08	237.44	24.6	0.0	0.0	0.0
20/4/2007	07:01:00	5.794	0.082	237.04	24.4	0.0	0.0	11.0
20/4/2007	07:02:00	5.368	0.086	237.35	23.2	0.0	0.0	18.0
21/4/2007	18:38:00	5.35	0.1	231.92	23.2	72.0	0.0	0.0
21/4/2007	18:50:00	5.866	0.44	231.04	25.8	47.0	0.0	17.0
21/4/2007	18:51:00	5.362	0.438	232.01	23.2	37.0	0.0	17.0
21/4/2007	18:52:00	5.384	0.428	231.97	23.2	38.0	0.0	17.0
21/4/2007	18:53:00	7.168	0.398	229.38	31.4	66.0	0.0	16.0
21/4/2007	18:54:00	7.336	0.456	228.82	32.0	71.0	0.0	16.0
21/4/2007	18:55:00	5.7	0.504	229.87	25.2	46.0	0.0	17.0
21/4/2007	18:58:00	5.41	0.29	230.97	23.6	65.0	1.0	16.0
21/4/2007	18:59:00	5.666	0.288	230.92	24.4	71.0	1.0	17.0
21/4/2007	19:00:00	5.652	0.284	230.65	24.4	72.0	2.0	16.0
21/4/2007	19:01:00	5.084	0.31	231.62	22.2	63.0	1.0	17.0
21/4/2007	19:17:00	6.176	0.472	229.76	27.0	29.0	1.0	17.0
21/4/2007	19:18:00	6.354	0.41	229.65	27.6	36.0	2.0	16.0
21/4/2007	19:19:00	6.368	0.408	229.8	27.6	36.0	1.0	16.0
21/4/2007	19:20:00	6.266	0.408	230.09	27.4	36.0	1.0	16.0
21/4/2007	21:26:00	5.934	0.426	230.02	26.0	36.0	2.0	16.0
21/4/2007	21:27:00	5.394	0.402	230.92	23.4	37.0	1.0	16.0
21/4/2007	21:28:00	5.08	0.396	230.7	22.0	36.0	1.0	17.0
21/4/2007	21:29:00	5.118	0.4	231.59	22.0	36.0	2.0	16.0
21/4/2007	21:30:00	5.112	0.402	231.63	22.0	37.0	1.0	17.0
21/4/2007	21:31:00	5.114	0.402	231.6	22.0	36.0	1.0	16.0
21/4/2007	21:32:00	5.1	0.398	231.22	22.0	37.0	1.0	16.0
21/4/2007	21:33:00	5.098	0.396	231.22	22.0	36.0	2.0	17.0
21/4/2007	21:34:00	5.094	0.396	231.11	22.0	36.0	1.0	16.0
21/4/2007	21:35:00	5.096	0.396	231.14	22.0	37.0	1.0	17.0
21/4/2007	21:36:00	5.1	0.396	231.28	22.0	36.0	1.0	16.0
21/4/2007	21:37:00	5.096	0.396	231.26	22.0	37.0	1.0	17.0
21/4/2007	21:38:00	5.088	0.394	231.08	22.0	36.0	1.0	16.0
22/4/2007	07:11:00	6.958	0.184	234.27	29.8	0.0	1.0	13.0
22/4/2007	07:12:00	6.78	0.176	233.53	29.0	0.0	1.0	17.0
22/4/2007	07:13:00	5.24	0.194	235.71	22.8	0.0	1.0	18.0
22/4/2007	09:02:00	5.102	0.162	235.89	22.0	0.0	27.0	17.0
22/4/2007	09:03:00	5.224	0.166	235.91	22.4	0.0	37.0	17.0
22/4/2007	09:07:00	5.602	0.062	236.37	23.6	0.0	38.0	17.0
22/4/2007	09:08:00	5.586	0.062	236.26	23.6	0.0	37.0	17.0
22/4/2007	09:09:00	5.672	0.06	236.09	24.0	0.0	38.0	17.0
22/4/2007	09:10:00	5.626	0.058	235.35	23.8	0.0	37.0	17.0
22/4/2007	09:11:00	5.522	0.06	235.18	23.4	0.0	37.0	17.0
22/4/2007	10:26:00	6.26	0.45	235.8	26.6	75.0	0.0	18.0
22/4/2007	10:27:00	6.214	0.442	235.09	26.4	74.0	0.0	17.0
22/4/2007	10:28:00	6.212	0.44	235.11	26.4	74.0	0.0	17.0
22/4/2007	10:29:00	6.204	0.44	235.19	26.4	74.0	0.0	17.0
22/4/2007	10:30:00	6.208	0.5	234.6	26.4	74.0	0.0	17.0
22/4/2007	10:31:00	6.674	0.654	234.43	28.8	70.0	0.0	17.0
22/4/2007	10:34:00	5.114	0.714	235.62	22.0	38.0	0.0	17.0
22/4/2007	10:36:00	6.112	0.428	234.75	26.0	71.0	0.0	17.0
22/4/2007	10:37:00	6.122	0.422	234.13	26.2	73.0	0.0	17.0
22/4/2007	11:17:00	5.226	0.402	235.93	22.6	38.0	18.0	18.0
22/4/2007	11:18:00	5.664	0.398	235.36	24.4	31.0	37.0	17.0
22/4/2007	12:12:00	5.164	0.602	237.67	22.2	38.0	1.0	17.0
24/4/2007	07:21:00	5.638	0.054	229.33	24.6	0.0	0.0	16.0
26/4/2007	08:15:00	5.314	0.096	226.09	23.4	35.0	33.0	16.0
26/4/2007	08:16:00	5.278	0.08	225.92	23.2	34.0	34.0	15.0
26/4/2007	08:17:00	5.266	0.094	225.33	23.2	35.0	34.0	16.0
26/4/2007	08:18:00	5.298	0.08	226.38	23.4	34.0	34.0	16.0
26/4/2007	08:21:00	5.394	0.19	226.83	23.8	35.0	34.0	15.0
26/4/2007	08:24:00	5.374	0.172	226.85	23.6	34.0	34.0	16.0
26/4/2007	08:27:00	5.082	0.304	226.87	22.6	30.0	34.0	15.0
1/5/2007	18:50:00	5.562	0.432	227.69	24.6	35.0	36.0	0.0
1/5/2007	18:51:00	5.442	0.446	227.17	24.6	30.0	36.0	0.0
1/5/2007	18:56:00	5.998	0.466	226.97	26.6	31.0	36.0	0.0
1/5/2007	18:57:00	6.096	0.464	226.73	27.0	35.0	36.0	0.0
1/5/2007	18:58:00	5.204	0.48	228.62	23.2	26.0	37.0	0.0
1/5/2007	20:59:00	5.284	0.196	231.49	23.0	36.0	1.0	16.0
1/5/2007	21:36:00	5.242	0.0	225.97	23.2	35.0	0.0	16.0
1/5/2007	21:37:00	5.552	0.128	225.3	24.8	34.0	0.0	15.0
1/5/2007	21:38:00	5.458	0.122	225.02	24.4	34.0	0.0	16.0
1/5/2007	21:39:00	5.388	0.126	225.35	24.0	34.0	0.0	15.0
1/5/2007	21:40:00	5.336	0.128	225.51	23.8	34.0	0.0	16.0
1/5/2007	21:41:00	5.418	0.126	225.28	24.2	34.0	0.0	16.0
1/5/2007	21:42:00	5.316	0.122	224.97	23.6	34.0	0.0	15.0
1/5/2007	21:43:00	5.38	0.108	224.62	24.0	34.0	0.0	16.0
1/5/2007	21:44:00	5.012	0.0	225.43	22.2	34.0	0.0	15.0
1/5/2007	21:45:00	5.21	0.0	225.13	23.2	34.0	0.0	16.0
1/5/2007	21:46:00	5.18	0.0	225.28	23.0	34.0	0.0	15.0
1/5/2007	21:48:00	5.22	0.0	226.25	23.2	34.0	0.0	16.0
2/5/2007	06:38:00	5.76	0.08	232.34	24.8	0.0	0.0	16.0
4/5/2007	06:42:00	5.02	0.0	233.15	21.6	0.0	0.0	16.0
4/5/2007	06:43:00	5.702	0.0	231.75	24.6	0.0	0.0	17.0
5/5/2007	14:32:00	5.58	0.0	230.43	24.2	32.0	34.0	16.0
5/5/2007	14:33:00	5.642	0.0	230.28	24.4	36.0	34.0	16.0
5/5/2007	14:34:00	5.62	0.0	229.68	24.4	35.0	34.0	17.0
5/5/2007	14:35:00	5.598	0.0	229.44	24.4	36.0	33.0	16.0
5/5/2007	14:37:00	5.278	0.0	230.17	23.0	36.0	27.0	16.0
5/5/2007	14:38:00	5.618	0.0	229.74	24.4	36.0	34.0	17.0
5/5/2007	14:39:00	5.622	0.0	230.38	24.4	35.0	33.0	16.0
5/5/2007	14:41:00	5.334	0.066	230.52	23.2	36.0	31.0	17.0
5/5/2007	14:42:00	5.54	0.116	230.89	24.0	35.0	36.0	16.0
6/5/2007	08:07:00	6.126	0.076	230.16	26.6	0.0	0.0	0.0
6/5/2007	08:08:00	5.37	0.074	230.63	23.4	0.0	0.0	0.0
6/5/2007	08:09:00	5.17	0.0	230.63	22.6	0.0	0.0	0.0
6/5/2007	22:16:00	5.16	0.174	225.6	22.8	0.0	34.0	16.0
6/5/2007	22:17:00	5.542	0.174	225.56	24.6	0.0	34.0	15.0
6/5/2007	22:18:00	5.3	0.178	225.93	23.4	0.0	34.0	16.0
7/5/2007	08:33:00	5.194	0.066	228.98	23.0	2.0	59.0	17.0
7/5/2007	08:34:00	5.598	0.078	228.12	24.4	1.0	68.0	16.0
7/5/2007	08:35:00	6.206	0.058	227.6	27.6	10.0	67.0	15.0
7/5/2007	08:36:00	7.486	0.062	225.55	33.2	34.0	67.0	16.0
7/5/2007	08:37:00	7.49	0.0	225.7	33.0	35.0	66.0	16.0
7/5/2007	08:38:00	7.572	0.064	226.97	33.2	34.0	68.0	16.0
7/5/2007	08:39:00	7.53	0.0	226.66	33.2	35.0	67.0	15.0
7/5/2007	08:40:00	7.466	0.0	226.36	32.8	35.0	67.0	16.0
7/5/2007	08:41:00	5.754	0.0	228.9	25.6	35.0	36.0	16.0
7/5/2007	08:42:00	5.714	0.0	229.15	25.0	35.0	28.0	16.0
7/5/2007	08:43:00	5.986	0.0	228.57	26.2	35.0	34.0	16.0
7/5/2007	08:45:00	5.824	0.0	228.34	25.4	35.0	30.0	16.0
7/5/2007	08:46:00	5.39	0.0	228.99	23.6	35.0	25.0	17.0
7/5/2007	09:33:00	5.6	0.0	227.48	24.6	35.0	36.0	16.0
7/5/2007	09:34:00	5.066	0.076	228.5	22.4	7.0	53.0	16.0
7/5/2007	09:35:00	5.672	0.138	228.31	24.8	0.0	69.0	16.0
7/5/2007	09:36:00	5.168	0.19	228.79	22.8	0.0	61.0	16.0
7/5/2007	09:37:00	5.65	0.188	227.64	24.8	0.0	68.0	16.0
7/5/2007	09:38:00	5.272	0.222	228.7	23.2	0.0	61.0	16.0
7/5/2007	13:52:00	5.042	0.522	229.31	22.0	0.0	36.0	16.0
8/5/2007	11:53:00	5.5	0.0	231.17	23.8	72.0	0.0	16.0
8/5/2007	11:54:00	5.452	0.0	230.36	23.6	72.0	0.0	17.0
8/5/2007	11:55:00	5.4	0.0	229.44	23.4	71.0	0.0	16.0
8/5/2007	11:56:00	5.426	0.0	230.12	23.4	71.0	0.0	16.0
8/5/2007	11:59:00	5.434	0.086	229.98	23.6	37.0	33.0	16.0
8/5/2007	12:00:00	5.874	0.096	229.66	25.8	50.0	29.0	16.0
8/5/2007	12:01:00	7.368	0.156	228.22	32.2	70.0	31.0	16.0
8/5/2007	12:02:00	6.618	0.18	229.27	29.4	63.0	31.0	16.0
8/5/2007	12:06:00	5.512	0.198	231.83	23.8	37.0	34.0	17.0
8/5/2007	12:07:00	5.812	0.282	230.56	25.4	38.0	34.0	16.0
8/5/2007	12:08:00	7.672	0.356	228.86	33.4	71.0	34.0	16.0
8/5/2007	12:09:00	7.456	0.318	226.09	33.0	69.0	33.0	16.0
8/5/2007	12:10:00	6.078	0.348	227.75	27.0	46.0	33.0	16.0
8/5/2007	12:11:00	5.602	0.342	228.79	24.4	36.0	33.0	16.0
8/5/2007	12:12:00	5.694	0.352	228.32	24.8	36.0	34.0	16.0
8/5/2007	12:13:00	5.656	0.334	228.25	24.8	36.0	33.0	16.0
8/5/2007	12:14:00	5.714	0.376	227.0	25.2	35.0	33.0	16.0
8/5/2007	12:15:00	6.424	0.616	227.02	28.6	31.0	33.0	15.0
8/5/2007	12:16:00	6.758	0.738	227.36	29.8	36.0	33.0	16.0
8/5/2007	12:17:00	5.992	0.716	229.02	26.6	23.0	33.0	16.0
8/5/2007	12:23:00	5.868	0.54	229.23	25.6	36.0	35.0	16.0
8/5/2007	12:24:00	6.288	0.73	229.45	27.6	36.0	32.0	16.0
8/5/2007	12:32:00	5.166	0.564	230.77	22.8	26.0	36.0	17.0
8/5/2007	12:34:00	6.264	0.746	229.56	27.8	33.0	29.0	16.0
8/5/2007	12:35:00	6.84	0.858	228.55	30.2	35.0	31.0	16.0
8/5/2007	12:37:00	5.866	0.4	229.94	25.6	36.0	32.0	16.0
8/5/2007	12:39:00	5.688	0.398	230.19	24.8	36.0	29.0	17.0
8/5/2007	12:41:00	6.5	0.618	230.56	28.4	36.0	28.0	16.0
8/5/2007	12:43:00	5.502	0.404	230.64	24.2	36.0	26.0	16.0
8/5/2007	12:45:00	5.454	0.406	231.18	23.8	37.0	25.0	16.0
9/5/2007	06:34:00	5.228	0.29	229.73	22.8	0.0	1.0	16.0
9/5/2007	06:35:00	5.474	0.288	229.3	24.2	0.0	1.0	17.0
9/5/2007	06:36:00	6.35	0.276	227.47	27.8	0.0	1.0	16.0
9/5/2007	06:37:00	6.336	0.276	227.55	27.8	0.0	2.0	16.0
9/5/2007	06:38:00	6.356	0.278	228.02	27.8	0.0	1.0	16.0
9/5/2007	13:31:00	5.342	0.0	229.34	23.2	0.0	68.0	0.0
9/5/2007	21:48:00	5.2	0.176	231.73	22.6	36.0	0.0	17.0
9/5/2007	21:52:00	5.334	0.198	231.8	23.2	35.0	0.0	16.0
9/5/2007	21:53:00	5.684	0.286	231.28	24.6	36.0	0.0	17.0
12/5/2007	14:16:00	5.986	0.052	228.91	26.0	36.0	35.0	16.0
12/5/2007	14:17:00	6.024	0.052	229.84	26.2	35.0	36.0	17.0
12/5/2007	14:18:00	6.042	0.058	230.16	26.2	36.0	36.0	16.0
12/5/2007	14:19:00	6.01	0.056	229.52	26.0	35.0	35.0	16.0
12/5/2007	14:20:00	5.976	0.054	228.87	26.0	36.0	35.0	16.0
12/5/2007	14:21:00	5.918	0.054	228.7	25.8	35.0	36.0	16.0
12/5/2007	14:22:00	5.914	0.056	229.45	25.6	35.0	35.0	16.0
12/5/2007	14:23:00	5.876	0.052	228.69	25.6	35.0	36.0	16.0
12/5/2007	14:24:00	5.864	0.052	228.48	25.6	35.0	35.0	17.0
12/5/2007	14:25:00	5.8	0.05	227.37	25.4	35.0	35.0	15.0
12/5/2007	14:26:00	5.194	0.058	229.09	23.0	25.0	36.0	16.0
12/5/2007	20:57:00	7.008	0.258	229.7	30.4	35.0	0.0	16.0
12/5/2007	20:58:00	7.054	0.258	230.62	30.6	36.0	0.0	17.0
12/5/2007	20:59:00	7.172	0.35	230.24	31.2	36.0	0.0	16.0
13/5/2007	12:54:00	5.358	0.15	227.69	23.6	36.0	28.0	16.0
13/5/2007	12:58:00	5.562	0.152	227.21	24.4	34.0	35.0	16.0
13/5/2007	12:59:00	5.498	0.148	226.22	24.2	35.0	34.0	15.0
13/5/2007	13:00:00	5.354	0.37	227.0	24.4	35.0	14.0	16.0
13/5/2007	13:05:00	5.066	0.336	227.26	22.2	35.0	1.0	16.0
13/5/2007	13:06:00	5.07	0.314	227.77	22.2	35.0	0.0	16.0
13/5/2007	14:38:00	5.424	0.108	229.83	23.6	35.0	33.0	16.0
13/5/2007	14:42:00	5.028	0.0	229.99	21.8	35.0	28.0	16.0
14/5/2007	07:01:00	5.27	0.076	231.95	22.8	0.0	1.0	9.0
14/5/2007	19:18:00	5.228	0.444	227.4	23.0	35.0	5.0	0.0
14/5/2007	19:24:00	5.62	0.384	226.13	25.4	30.0	0.0	0.0
14/5/2007	20:56:00	5.316	0.0	232.19	23.0	36.0	0.0	17.0
14/5/2007	20:57:00	5.286	0.0	231.83	22.8	36.0	0.0	16.0
14/5/2007	22:07:00	5.064	0.232	232.46	22.0	36.0	23.0	0.0
14/5/2007	22:08:00	5.118	0.234	233.34	22.0	37.0	26.0	0.0
16/5/2007	08:39:00	5.014	0.248	228.81	21.8	36.0	1.0	16.0
16/5/2007	12:39:00	5.142	0.052	230.11	22.6	0.0	60.0	16.0
16/5/2007	12:40:00	5.618	0.074	230.22	24.4	0.0	69.0	16.0
16/5/2007	12:41:00	5.64	0.0	230.09	24.4	0.0	69.0	16.0
16/5/2007	12:42:00	5.572	0.056	229.09	24.2	0.0	69.0	17.0
16/5/2007	12:43:00	5.616	0.0	229.32	24.4	0.0	69.0	16.0
16/5/2007	12:44:00	5.582	0.058	228.81	24.4	0.0	68.0	16.0
16/5/2007	12:45:00	5.612	0.0	229.26	24.4	0.0	69.0	16.0
16/5/2007	12:46:00	5.594	0.06	229.07	24.4	0.0	68.0	16.0
17/5/2007	19:15:00	5.624	0.336	229.79	24.6	0.0	1.0	16.0
17/5/2007	19:16:00	5.81	0.286	229.15	25.4	0.0	1.0	16.0
18/5/2007	07:21:00	5.03	0.0	229.62	21.8	0.0	0.0	13.0
18/5/2007	20:09:00	6.016	0.364	227.08	26.4	36.0	32.0	16.0
18/5/2007	20:10:00	6.126	0.444	226.91	27.2	35.0	28.0	15.0
18/5/2007	20:11:00	6.044	0.374	226.91	26.6	35.0	31.0	16.0
18/5/2007	20:12:00	5.742	0.384	228.09	25.4	35.0	30.0	16.0
18/5/2007	20:13:00	5.24	0.376	228.98	23.2	27.0	29.0	16.0
18/5/2007	20:17:00	5.466	0.308	229.32	24.2	25.0	34.0	16.0
18/5/2007	20:18:00	5.984	0.276	229.29	26.0	35.0	33.0	16.0
18/5/2007	20:19:00	5.988	0.26	229.49	26.0	36.0	34.0	16.0
18/5/2007	20:23:00	5.586	0.264	230.01	24.6	26.0	34.0	16.0
18/5/2007	20:24:00	6.006	0.278	229.76	26.0	36.0	34.0	16.0
18/5/2007	20:25:00	5.414	0.268	230.79	23.8	28.0	33.0	16.0
18/5/2007	20:30:00	5.086	0.286	230.4	22.0	36.0	32.0	0.0
18/5/2007	22:09:00	5.974	0.322	227.95	26.2	36.0	3.0	16.0
18/5/2007	22:10:00	5.582	0.332	228.56	24.4	35.0	4.0	16.0
18/5/2007	22:11:00	5.052	0.312	228.95	22.0	36.0	3.0	16.0
18/5/2007	22:12:00	5.104	0.328	229.2	22.2	35.0	3.0	17.0
18/5/2007	22:13:00	5.158	0.312	229.47	22.4	36.0	4.0	16.0
18/5/2007	22:14:00	5.14	0.324	228.87	22.4	36.0	3.0	16.0
18/5/2007	22:15:00	5.1	0.308	228.73	22.2	35.0	3.0	16.0
20/5/2007	19:12:00	5.344	0.598	229.66	23.4	36.0	1.0	17.0
20/5/2007	20:56:00	5.194	0.366	231.17	22.4	36.0	0.0	16.0
20/5/2007	20:57:00	5.188	0.366	231.06	22.4	37.0	0.0	17.0
20/5/2007	20:58:00	5.232	0.434	230.39	22.8	36.0	0.0	16.0
20/5/2007	20:59:00	5.268	0.474	230.89	22.8	36.0	1.0	16.0
20/5/2007	21:00:00	5.188	0.372	230.86	22.4	36.0	1.0	17.0
20/5/2007	21:01:00	5.164	0.356	230.54	22.4	36.0	2.0	16.0
20/5/2007	21:02:00	5.12	0.352	229.41	22.2	36.0	1.0	16.0
20/5/2007	21:03:00	5.142	0.352	229.95	22.4	36.0	2.0	16.0
20/5/2007	21:04:00	5.128	0.352	229.58	22.4	36.0	1.0	16.0
20/5/2007	21:33:00	5.266	0.398	229.81	22.8	37.0	0.0	16.0
20/5/2007	21:34:00	5.268	0.398	230.07	22.8	37.0	0.0	16.0
20/5/2007	21:46:00	5.016	0.358	231.45	21.8	31.0	0.0	17.0
20/5/2007	21:47:00	5.208	0.348	229.95	22.6	36.0	0.0	16.0
20/5/2007	21:48:00	5.214	0.348	230.24	22.6	36.0	0.0	16.0
20/5/2007	21:49:00	5.14	0.248	230.34	22.2	36.0	0.0	16.0
20/5/2007	21:52:00	5.216	0.234	231.05	22.6	36.0	0.0	16.0
20/5/2007	21:53:00	5.248	0.234	230.07	22.8	36.0	0.0	17.0
20/5/2007	21:54:00	5.25	0.268	230.09	22.8	35.0	0.0	16.0
20/5/2007	21:55:00	5.182	0.37	230.48	22.4	36.0	0.0	16.0
20/5/2007	22:08:00	5.342	0.21	229.95	23.2	36.0	0.0	16.0
20/5/2007	22:09:00	5.224	0.208	229.31	22.8	35.0	0.0	16.0
20/5/2007	22:10:00	5.118	0.162	228.11	22.4	35.0	0.0	16.0
20/5/2007	22:11:00	5.014	0.064	229.09	21.8	35.0	0.0	16.0
22/5/2007	20:45:00	5.18	0.464	231.99	22.6	0.0	33.0	0.0
22/5/2007	20:47:00	5.328	0.348	230.88	23.0	0.0	36.0	0.0
23/5/2007	06:31:00	5.432	0.0	228.49	23.6	0.0	0.0	16.0
24/5/2007	20:48:00	5.216	0.192	233.64	22.2	0.0	71.0	0.0
24/5/2007	20:49:00	5.188	0.182	232.9	22.2	0.0	70.0	0.0
24/5/2007	20:50:00	5.194	0.19	233.07	22.2	0.0	71.0	0.0
24/5/2007	20:51:00	5.178	0.184	232.94	22.2	0.0	70.0	0.0
24/5/2007	20:52:00	5.164	0.186	232.45	22.2	0.0	70.0	0.0
24/5/2007	20:53:00	5.142	0.176	232.02	22.2	0.0	70.0	0.0
24/5/2007	20:54:00	5.13	0.178	231.72	22.0	0.0	69.0	0.0
24/5/2007	20:55:00	5.134	0.178	231.9	22.0	0.0	70.0	0.0
24/5/2007	20:56:00	5.132	0.18	231.79	22.0	0.0	70.0	0.0
24/5/2007	20:57:00	5.462	0.158	231.85	23.6	0.0	69.0	0.0
25/5/2007	19:17:00	5.192	0.528	230.21	22.8	36.0	0.0	0.0
25/5/2007	20:36:00	5.714	0.356	231.52	25.2	51.0	1.0	16.0
25/5/2007	20:37:00	6.98	0.434	230.96	30.2	78.0	2.0	17.0
25/5/2007	20:38:00	6.942	0.382	231.14	30.0	77.0	1.0	16.0
25/5/2007	20:39:00	6.922	0.318	231.69	29.8	78.0	1.0	17.0
25/5/2007	20:40:00	5.624	0.328	232.76	24.4	57.0	2.0	16.0
25/5/2007	20:42:00	5.928	0.322	232.14	25.8	59.0	2.0	16.0
25/5/2007	20:43:00	6.896	0.318	231.24	29.8	77.0	1.0	17.0
25/5/2007	20:44:00	6.866	0.32	230.66	29.8	78.0	1.0	16.0
25/5/2007	20:45:00	5.746	0.322	231.09	25.2	60.0	2.0	17.0
25/5/2007	20:47:00	5.038	0.32	231.15	21.8	46.0	1.0	16.0
25/5/2007	21:21:00	6.666	0.286	225.66	29.4	74.0	0.0	16.0
25/5/2007	21:22:00	6.684	0.288	226.15	29.4	74.0	0.0	15.0
25/5/2007	21:23:00	6.698	0.288	226.4	29.6	74.0	0.0	16.0
25/5/2007	21:24:00	6.672	0.286	226.0	29.4	74.0	0.0	16.0
25/5/2007	21:25:00	5.79	0.294	226.9	25.4	74.0	0.0	1.0
25/5/2007	21:26:00	5.766	0.294	226.89	25.4	74.0	0.0	0.0
25/5/2007	21:27:00	5.774	0.28	227.19	25.4	75.0	0.0	0.0
25/5/2007	21:28:00	5.712	0.182	227.53	25.0	75.0	0.0	0.0
25/5/2007	21:29:00	5.73	0.186	228.1	25.0	75.0	0.0	0.0
25/5/2007	21:30:00	5.724	0.184	228.07	25.0	75.0	0.0	0.0
25/5/2007	21:31:00	5.718	0.184	227.99	25.0	75.0	0.0	0.0
25/5/2007	21:32:00	5.702	0.184	227.66	25.0	74.0	0.0	0.0
27/5/2007	08:54:00	5.126	0.0	229.42	22.4	0.0	0.0	17.0
27/5/2007	14:27:00	5.722	0.19	228.79	25.0	35.0	34.0	16.0
27/5/2007	14:29:00	5.826	0.188	229.71	25.2	1.0	69.0	16.0
27/5/2007	14:30:00	5.468	0.216	230.47	24.0	1.0	61.0	17.0
27/5/2007	14:31:00	5.882	0.194	229.14	25.6	1.0	69.0	16.0
27/5/2007	14:32:00	5.878	0.214	228.91	25.6	1.0	68.0	16.0
27/5/2007	14:33:00	5.896	0.204	229.5	25.6	2.0	68.0	16.0
27/5/2007	14:34:00	5.898	0.22	229.48	25.6	1.0	69.0	16.0
27/5/2007	14:35:00	5.888	0.206	229.51	25.6	1.0	69.0	16.0
27/5/2007	14:38:00	5.198	0.23	230.7	22.8	21.0	35.0	17.0
27/5/2007	14:39:00	5.86	0.202	229.14	25.6	36.0	34.0	16.0
27/5/2007	14:40:00	5.878	0.218	229.38	25.6	35.0	35.0	16.0
27/5/2007	14:41:00	5.86	0.204	229.2	25.6	35.0	34.0	16.0
27/5/2007	14:42:00	5.906	0.236	229.45	25.6	35.0	35.0	16.0
27/5/2007	14:43:00	5.982	0.322	229.53	26.0	35.0	34.0	16.0
27/5/2007	14:44:00	5.902	0.33	229.21	25.8	35.0	35.0	16.0
27/5/2007	14:45:00	5.854	0.316	228.48	25.6	35.0	34.0	16.0
27/5/2007	14:46:00	5.834	0.326	228.09	25.6	35.0	34.0	16.0
27/5/2007	15:47:00	5.418	0.408	230.9	23.6	35.0	27.0	16.0
27/5/2007	15:49:00	5.25	0.372	231.36	22.8	36.0	25.0	16.0
27/5/2007	15:50:00	5.042	0.334	231.9	22.0	36.0	21.0	16.0
27/5/2007	17:17:00	6.188	0.54	230.42	27.2	36.0	27.0	16.0
27/5/2007	17:18:00	6.572	0.542	229.61	28.6	36.0	35.0	16.0
27/5/2007	17:23:00	5.274	0.568	231.34	23.2	12.0	35.0	17.0
27/5/2007	17:24:00	6.552	0.544	230.01	28.4	36.0	35.0	16.0
27/5/2007	17:25:00	6.384	0.548	230.24	27.8	36.0	35.0	16.0
27/5/2007	17:31:00	5.456	0.538	230.39	23.8	36.0	23.0	16.0
27/5/2007	17:32:00	5.434	0.534	230.08	24.0	28.0	35.0	17.0
27/5/2007	17:37:00	5.424	0.596	230.52	24.0	30.0	26.0	16.0
27/5/2007	17:38:00	5.684	0.492	230.23	24.8	36.0	29.0	17.0
27/5/2007	17:42:00	5.774	0.42	230.77	25.0	37.0	30.0	17.0
27/5/2007	17:43:00	5.466	0.42	231.09	23.8	36.0	27.0	16.0
27/5/2007	17:49:00	6.19	0.392	231.01	26.8	37.0	35.0	17.0
27/5/2007	17:56:00	5.01	0.402	230.39	21.8	36.0	18.0	16.0
27/5/2007	17:57:00	5.492	0.386	230.39	24.2	32.0	30.0	16.0
27/5/2007	18:03:00	6.294	0.732	228.78	27.6	36.0	15.0	16.0
27/5/2007	18:04:00	6.776	0.718	228.12	30.0	32.0	29.0	16.0
27/5/2007	18:10:00	5.65	0.51	228.88	25.0	35.0	25.0	16.0
27/5/2007	21:19:00	5.266	0.178	232.7	22.6	36.0	1.0	16.0
27/5/2007	21:20:00	5.064	0.058	232.76	21.6	37.0	2.0	17.0
27/5/2007	21:21:00	5.054	0.0	232.65	21.6	36.0	1.0	16.0
27/5/2007	21:22:00	5.924	0.0	230.91	25.6	36.0	1.0	17.0
27/5/2007	21:23:00	5.148	0.0	230.75	22.4	36.0	1.0	16.0
28/5/2007	13:58:00	5.042	0.374	230.4	22.0	36.0	0.0	0.0
28/5/2007	16:23:00	5.26	0.0	231.91	22.6	36.0	0.0	0.0
28/5/2007	19:39:00	5.798	0.572	231.51	25.2	36.0	0.0	16.0
28/5/2007	19:40:00	5.578	0.5	229.92	24.4	36.0	0.0	16.0
30/5/2007	06:35:00	5.044	0.0	233.55	22.2	0.0	0.0	17.0
30/5/2007	06:36:00	6.124	0.0	232.08	26.4	0.0	0.0	17.0
1/6/2007	06:31:00	5.354	0.096	229.57	23.2	0.0	0.0	16.0
2/6/2007	19:25:00	5.5	0.282	228.88	24.2	64.0	0.0	16.0
2/6/2007	19:26:00	5.768	0.272	228.68	25.2	71.0	0.0	16.0
2/6/2007	19:27:00	5.724	0.27	228.71	25.0	70.0	0.0	16.0
2/6/2007	19:47:00	6.026	0.702	229.14	26.8	50.0	2.0	17.0
2/6/2007	19:48:00	6.602	0.684	227.71	29.4	64.0	1.0	15.0
2/6/2007	19:49:00	5.078	0.7	229.33	22.2	36.0	1.0	17.0
2/6/2007	19:53:00	5.766	0.354	229.12	25.2	70.0	1.0	16.0
2/6/2007	19:54:00	5.3	0.36	229.85	23.4	64.0	1.0	16.0
3/6/2007	11:16:00	5.844	0.234	227.69	25.6	70.0	5.0	16.0
3/6/2007	11:17:00	5.87	0.24	228.33	25.6	70.0	6.0	16.0
3/6/2007	11:18:00	5.89	0.246	228.43	25.8	70.0	6.0	16.0
3/6/2007	11:19:00	5.828	0.236	229.56	25.4	71.0	4.0	16.0
3/6/2007	11:20:00	6.172	0.184	229.07	27.0	71.0	2.0	16.0
3/6/2007	12:55:00	5.488	0.27	227.98	24.0	36.0	34.0	16.0
3/6/2007	12:56:00	5.47	0.254	228.21	24.0	35.0	34.0	16.0
3/6/2007	12:57:00	5.484	0.27	228.22	24.0	35.0	35.0	16.0
3/6/2007	12:58:00	5.468	0.254	228.1	24.0	36.0	34.0	16.0
3/6/2007	12:59:00	5.466	0.268	227.83	24.0	35.0	34.0	16.0
3/6/2007	13:00:00	5.432	0.25	227.31	23.8	35.0	34.0	16.0
3/6/2007	13:01:00	5.444	0.264	227.28	23.8	35.0	34.0	16.0
3/6/2007	13:02:00	5.44	0.248	227.54	23.8	35.0	35.0	16.0
3/6/2007	13:03:00	5.47	0.268	228.0	24.0	36.0	34.0	16.0
3/6/2007	13:04:00	5.614	0.312	228.21	24.6	35.0	34.0	16.0
3/6/2007	13:05:00	5.638	0.358	228.39	24.6	36.0	34.0	16.0
3/6/2007	13:06:00	5.556	0.344	228.55	24.2	35.0	35.0	16.0
3/6/2007	13:07:00	5.574	0.362	228.73	24.4	36.0	34.0	16.0
3/6/2007	13:08:00	5.558	0.344	228.57	24.2	36.0	35.0	16.0
3/6/2007	13:20:00	5.528	0.24	229.28	24.0	37.0	35.0	16.0
3/6/2007	13:22:00	5.286	0.248	229.93	23.0	36.0	30.0	17.0
3/6/2007	13:23:00	5.334	0.26	229.78	23.2	36.0	32.0	16.0
3/6/2007	13:25:00	5.562	0.26	230.24	24.0	37.0	35.0	16.0
3/6/2007	13:28:00	6.306	0.42	228.74	27.8	37.0	26.0	16.0
3/6/2007	13:29:00	6.33	0.396	227.76	28.0	36.0	22.0	16.0
3/6/2007	13:30:00	6.582	0.352	228.07	29.0	37.0	28.0	15.0
3/6/2007	13:38:00	5.198	0.25	230.93	22.8	49.0	15.0	16.0
3/6/2007	13:39:00	6.79	0.242	228.55	30.0	61.0	31.0	16.0
3/6/2007	13:43:00	5.088	0.38	230.73	22.2	36.0	25.0	17.0
3/6/2007	21:53:00	5.774	0.196	229.59	25.4	0.0	61.0	0.0
3/6/2007	21:54:00	5.708	0.206	229.53	25.0	0.0	62.0	0.0
3/6/2007	21:55:00	6.166	0.194	229.2	26.8	0.0	70.0	0.0
3/6/2007	21:56:00	6.164	0.206	229.11	26.8	0.0	69.0	0.0
3/6/2007	21:57:00	6.156	0.216	228.9	26.8	0.0	69.0	0.0
3/6/2007	21:58:00	6.184	0.226	229.09	27.0	0.0	70.0	0.0
3/6/2007	21:59:00	6.17	0.192	229.19	26.8	0.0	70.0	0.0
3/6/2007	22:00:00	6.15	0.2	228.67	26.8	0.0	69.0	0.0
3/6/2007	22:01:00	6.226	0.188	228.46	27.2	0.0	70.0	0.0
3/6/2007	22:02:00	6.366	0.242	228.79	27.8	0.0	69.0	0.0
3/6/2007	22:03:00	5.382	0.346	229.84	23.8	0.0	53.0	0.0
5/6/2007	11:09:00	5.518	0.266	228.66	24.0	36.0	37.0	0.0
6/6/2007	06:51:00	5.326	0.134	227.48	23.4	0.0	1.0	16.0
6/6/2007	06:52:00	5.166	0.138	228.42	22.6	0.0	1.0	16.0
8/6/2007	10:15:00	6.184	0.18	226.6	27.4	0.0	67.0	16.0
8/6/2007	10:17:00	5.3	0.152	226.68	23.4	0.0	67.0	15.0
8/6/2007	10:18:00	5.312	0.138	227.38	23.2	0.0	67.0	16.0
8/6/2007	11:08:00	5.08	0.11	227.38	22.4	0.0	62.0	16.0
8/6/2007	11:09:00	5.098	0.064	227.36	22.4	0.0	67.0	16.0
8/6/2007	11:11:00	5.366	0.062	228.6	23.4	0.0	68.0	16.0
8/6/2007	11:13:00	5.048	0.066	229.23	22.0	0.0	62.0	16.0
8/6/2007	12:31:00	5.354	0.168	230.8	23.2	0.0	63.0	16.0
8/6/2007	12:32:00	5.308	0.182	230.08	23.2	0.0	68.0	17.0
8/6/2007	12:33:00	5.214	0.168	230.79	22.8	0.0	61.0	16.0
8/6/2007	12:34:00	5.496	0.186	230.29	23.8	0.0	68.0	16.0
8/6/2007	13:07:00	5.312	0.0	229.33	23.0	0.0	68.0	16.0
8/6/2007	13:10:00	5.994	0.22	228.41	26.2	0.0	64.0	16.0
8/6/2007	13:46:00	5.586	0.144	231.92	24.0	0.0	71.0	16.0
8/6/2007	13:47:00	5.538	0.076	232.06	23.8	0.0	71.0	17.0
8/6/2007	13:48:00	5.512	0.072	231.54	23.8	0.0	71.0	16.0
8/6/2007	13:49:00	5.218	0.078	232.19	22.4	0.0	66.0	16.0
8/6/2007	13:51:00	5.522	0.07	231.64	23.8	0.0	72.0	17.0
8/6/2007	14:54:00	6.588	0.418	233.34	28.2	0.0	71.0	16.0
8/6/2007	14:55:00	6.474	0.378	233.38	27.8	0.0	71.0	17.0
8/6/2007	14:56:00	5.628	0.182	233.76	24.0	0.0	71.0	17.0
8/6/2007	14:57:00	5.888	0.32	233.76	25.2	0.0	72.0	12.0
8/6/2007	17:46:00	5.616	0.0	234.89	23.8	1.0	71.0	17.0
8/6/2007	17:47:00	5.572	0.0	234.62	23.6	1.0	71.0	17.0
8/6/2007	17:48:00	7.198	0.0	232.59	31.0	27.0	70.0	17.0
8/6/2007	17:49:00	7.49	0.0	232.91	32.2	36.0	69.0	16.0
8/6/2007	17:50:00	6.488	0.0	232.86	27.8	37.0	51.0	17.0
8/6/2007	17:51:00	7.614	0.0	233.11	32.6	36.0	68.0	17.0
8/6/2007	17:52:00	7.066	0.06	234.01	30.2	37.0	61.0	16.0
8/6/2007	17:53:00	6.174	0.084	234.74	26.4	37.0	46.0	17.0
8/6/2007	19:37:00	5.642	0.28	234.77	24.2	38.0	27.0	17.0
8/6/2007	19:38:00	6.006	0.286	235.68	25.4	38.0	35.0	17.0
8/6/2007	19:39:00	5.874	0.276	235.43	24.8	37.0	35.0	17.0
8/6/2007	19:40:00	5.884	0.274	235.53	25.0	38.0	35.0	17.0
8/6/2007	19:41:00	5.96	0.326	235.34	25.2	38.0	35.0	17.0
8/6/2007	19:42:00	6.004	0.394	235.93	25.4	38.0	35.0	17.0
8/6/2007	19:43:00	5.052	0.46	236.93	21.4	38.0	19.0	17.0
8/6/2007	19:44:00	5.94	0.496	237.14	25.2	38.0	30.0	17.0
8/6/2007	19:45:00	6.214	0.482	236.83	26.2	38.0	35.0	17.0
8/6/2007	19:46:00	5.264	0.504	238.16	22.2	39.0	20.0	18.0
8/6/2007	19:47:00	5.854	0.476	236.31	24.8	38.0	29.0	17.0
8/6/2007	19:48:00	6.19	0.482	236.43	26.2	38.0	35.0	17.0
8/6/2007	19:49:00	5.14	0.49	237.89	21.6	38.0	19.0	17.0
8/6/2007	19:50:00	5.948	0.48	236.31	25.2	38.0	29.0	17.0
8/6/2007	19:55:00	5.972	0.464	236.38	25.4	38.0	31.0	17.0
8/6/2007	19:56:00	5.31	0.482	236.74	22.8	38.0	25.0	17.0
8/6/2007	20:00:00	6.066	0.474	234.09	26.0	37.0	33.0	17.0
8/6/2007	20:01:00	5.374	0.57	235.21	23.0	38.0	25.0	17.0
8/6/2007	20:02:00	5.676	0.582	235.09	24.4	38.0	26.0	17.0
8/6/2007	20:03:00	5.794	0.562	234.57	24.8	37.0	31.0	17.0
8/6/2007	20:07:00	6.316	0.506	234.31	27.0	37.0	33.0	17.0
8/6/2007	20:08:00	5.76	0.93	234.48	24.8	38.0	24.0	17.0
8/6/2007	20:09:00	7.018	0.674	233.49	30.6	37.0	26.0	17.0
8/6/2007	20:13:00	5.248	0.438	235.23	22.4	38.0	18.0	17.0
8/6/2007	20:14:00	6.284	0.552	234.08	27.0	37.0	33.0	17.0
8/6/2007	20:15:00	5.394	0.434	235.51	23.2	37.0	23.0	17.0
8/6/2007	20:26:00	5.38	0.458	236.06	23.0	26.0	29.0	17.0
8/6/2007	20:27:00	5.39	0.434	236.51	23.0	38.0	17.0	17.0
8/6/2007	20:28:00	5.964	0.446	235.06	25.4	38.0	32.0	17.0
8/6/2007	20:30:00	5.284	0.582	235.83	22.4	37.0	14.0	17.0
8/6/2007	20:31:00	5.654	0.546	234.92	24.4	38.0	21.0	17.0
8/6/2007	20:32:00	6.426	0.556	233.78	27.6	37.0	36.0	17.0
10/6/2007	11:18:00	5.624	0.142	231.2	24.2	35.0	37.0	16.0
10/6/2007	11:19:00	5.68	0.144	232.46	24.4	36.0	37.0	17.0
10/6/2007	11:20:00	5.786	0.144	234.57	24.6	37.0	38.0	17.0
10/6/2007	11:21:00	5.784	0.144	234.55	24.6	37.0	39.0	16.0
10/6/2007	11:22:00	5.822	0.148	235.58	24.6	37.0	38.0	17.0
10/6/2007	11:23:00	5.842	0.148	235.84	24.6	37.0	39.0	17.0
10/6/2007	11:24:00	5.724	0.146	235.26	24.2	36.0	38.0	17.0
11/6/2007	06:59:00	5.044	0.108	236.35	21.4	0.0	2.0	17.0
12/6/2007	18:37:00	5.094	0.296	234.84	21.6	74.0	0.0	0.0
12/6/2007	18:38:00	5.102	0.298	235.13	21.6	74.0	0.0	0.0
12/6/2007	18:59:00	5.462	0.41	233.65	23.4	73.0	0.0	3.0
12/6/2007	19:00:00	6.092	0.396	231.85	26.2	72.0	0.0	18.0
14/6/2007	06:59:00	5.012	0.182	234.94	21.4	0.0	0.0	17.0
14/6/2007	07:00:00	5.156	0.256	235.06	22.0	0.0	0.0	17.0
14/6/2007	18:55:00	6.07	0.416	235.3	25.8	75.0	1.0	17.0
14/6/2007	18:56:00	6.042	0.416	235.53	25.6	74.0	1.0	17.0
14/6/2007	18:57:00	5.986	0.412	234.82	25.4	74.0	2.0	17.0
14/6/2007	19:04:00	5.932	0.3	235.71	25.2	75.0	0.0	17.0
14/6/2007	19:05:00	5.58	0.296	235.27	23.8	70.0	0.0	17.0
14/6/2007	19:11:00	5.56	0.474	236.24	24.0	64.0	0.0	17.0
14/6/2007	19:12:00	6.104	0.464	235.54	25.8	74.0	0.0	17.0
14/6/2007	19:13:00	5.44	0.472	236.65	23.4	64.0	0.0	17.0
14/6/2007	20:02:00	5.06	0.556	238.98	21.8	13.0	40.0	18.0
14/6/2007	20:03:00	6.45	0.534	237.09	27.2	38.0	38.0	17.0
14/6/2007	20:04:00	6.476	0.538	237.66	27.2	38.0	39.0	17.0
14/6/2007	20:09:00	5.144	0.54	237.33	23.0	31.0	23.0	17.0
14/6/2007	23:21:00	6.148	0.276	237.61	26.0	38.0	33.0	17.0
14/6/2007	23:22:00	6.24	0.256	237.28	26.4	37.0	32.0	17.0
14/6/2007	23:23:00	6.33	0.278	238.22	26.6	38.0	35.0	18.0
14/6/2007	23:24:00	6.216	0.262	238.5	26.2	38.0	31.0	17.0
14/6/2007	23:25:00	6.41	0.286	238.5	26.8	38.0	37.0	18.0
14/6/2007	23:26:00	6.382	0.266	238.52	26.6	38.0	37.0	17.0
14/6/2007	23:27:00	5.898	0.29	239.08	25.0	30.0	37.0	18.0
14/6/2007	23:31:00	5.236	0.424	239.18	22.2	29.0	33.0	18.0
15/6/2007	00:07:00	5.184	0.22	236.27	22.0	37.0	30.0	18.0
15/6/2007	00:11:00	5.376	0.214	235.65	23.0	37.0	33.0	17.0
15/6/2007	00:12:00	5.198	0.202	236.34	22.2	37.0	29.0	17.0
15/6/2007	06:52:00	5.264	0.156	233.34	22.4	0.0	0.0	16.0
17/6/2007	14:07:00	5.65	0.238	236.62	23.8	37.0	32.0	18.0
17/6/2007	14:08:00	5.396	0.24	236.32	22.8	37.0	28.0	17.0
17/6/2007	14:10:00	5.77	0.23	235.21	24.4	37.0	35.0	17.0
17/6/2007	18:07:00	6.32	0.46	235.19	27.0	0.0	34.0	17.0
17/6/2007	18:08:00	5.814	0.506	235.83	24.8	0.0	24.0	17.0
17/6/2007	18:09:00	5.886	0.496	236.26	25.0	0.0	24.0	17.0
17/6/2007	18:10:00	6.436	0.496	235.47	27.4	0.0	35.0	17.0
17/6/2007	18:11:00	5.33	0.474	236.68	22.6	0.0	15.0	17.0
17/6/2007	18:12:00	6.238	0.372	235.93	26.4	0.0	33.0	17.0
17/6/2007	18:13:00	5.484	0.368	236.18	23.4	0.0	20.0	17.0
17/6/2007	18:14:00	5.974	0.374	236.15	25.4	0.0	27.0	18.0
17/6/2007	18:15:00	5.726	0.366	236.3	24.4	0.0	25.0	17.0
17/6/2007	18:18:00	5.16	0.142	236.68	21.8	0.0	29.0	17.0
17/6/2007	19:41:00	5.714	0.604	232.49	24.6	37.0	5.0	16.0
17/6/2007	19:42:00	5.364	0.556	232.0	23.4	36.0	4.0	17.0
19/6/2007	06:25:00	5.202	0.0	234.24	22.4	0.0	0.0	16.0
20/6/2007	21:04:00	5.87	0.51	236.05	25.0	30.0	35.0	17.0
20/6/2007	21:05:00	5.652	0.514	235.03	24.4	37.0	31.0	17.0
20/6/2007	21:06:00	5.928	0.426	235.03	25.2	37.0	33.0	17.0
20/6/2007	21:07:00	5.964	0.348	234.94	25.4	37.0	36.0	17.0
20/6/2007	21:08:00	6.012	0.33	234.66	25.6	37.0	35.0	17.0
20/6/2007	21:09:00	6.496	0.774	234.15	28.0	37.0	36.0	17.0
20/6/2007	21:10:00	5.872	0.332	235.1	25.0	36.0	36.0	17.0
20/6/2007	21:11:00	5.862	0.346	234.91	25.0	37.0	36.0	16.0
20/6/2007	21:12:00	5.768	0.334	235.65	24.4	37.0	35.0	17.0
21/6/2007	06:47:00	5.996	0.138	236.17	25.4	0.0	0.0	17.0
21/6/2007	06:48:00	6.522	0.256	234.47	27.8	0.0	0.0	17.0
21/6/2007	06:49:00	5.874	0.26	235.99	24.8	0.0	0.0	17.0
25/6/2007	06:54:00	5.716	0.128	235.11	24.2	0.0	1.0	17.0
25/6/2007	21:24:00	6.182	0.136	234.11	27.8	0.0	52.0	17.0
25/6/2007	21:25:00	6.254	0.108	234.64	26.6	0.0	72.0	17.0
25/6/2007	21:26:00	6.134	0.078	234.12	26.2	0.0	72.0	17.0
25/6/2007	21:27:00	6.126	0.09	233.96	26.2	0.0	71.0	16.0
25/6/2007	21:28:00	6.104	0.074	233.61	26.0	0.0	72.0	17.0
25/6/2007	21:29:00	6.12	0.086	233.48	26.2	0.0	72.0	17.0
25/6/2007	21:30:00	6.102	0.07	233.28	26.0	0.0	71.0	16.0
25/6/2007	21:31:00	5.73	0.088	233.29	24.6	0.0	67.0	17.0
25/6/2007	21:51:00	5.066	0.23	235.21	22.4	13.0	32.0	17.0
25/6/2007	21:52:00	6.076	0.262	234.09	26.0	39.0	30.0	16.0
25/6/2007	21:53:00	6.164	0.298	233.8	26.4	37.0	28.0	17.0
25/6/2007	21:54:00	6.03	0.346	233.61	25.8	37.0	29.0	17.0
25/6/2007	21:55:00	5.752	0.33	233.51	24.6	37.0	21.0	16.0
25/6/2007	21:56:00	6.198	0.342	233.24	26.6	37.0	31.0	17.0
25/6/2007	21:57:00	5.738	0.446	233.76	24.6	37.0	19.0	17.0
25/6/2007	21:58:00	7.164	0.632	232.03	31.0	37.0	34.0	6.0
25/6/2007	22:00:00	5.612	0.43	234.0	24.0	38.0	33.0	0.0
25/6/2007	22:24:00	5.964	0.496	235.27	25.4	74.0	1.0	0.0
25/6/2007	22:25:00	6.084	0.45	235.0	25.8	75.0	2.0	0.0
25/6/2007	22:30:00	5.632	0.434	234.72	24.0	74.0	2.0	0.0
25/6/2007	22:31:00	5.618	0.432	234.8	24.0	74.0	1.0	0.0
26/6/2007	22:19:00	5.218	0.148	232.61	22.4	1.0	37.0	16.0
26/6/2007	22:20:00	5.676	0.14	232.08	24.6	1.0	37.0	17.0
26/6/2007	22:21:00	5.362	0.148	234.0	23.0	1.0	38.0	17.0
26/6/2007	22:22:00	5.258	0.166	234.8	22.4	1.0	38.0	16.0
26/6/2007	22:23:00	5.17	0.184	234.91	22.0	1.0	37.0	17.0
26/6/2007	22:24:00	5.266	0.162	235.04	22.4	1.0	39.0	17.0
26/6/2007	22:25:00	5.314	0.158	235.33	22.6	1.0	38.0	17.0
26/6/2007	22:26:00	7.29	0.132	233.21	31.2	36.0	38.0	17.0
26/6/2007	22:27:00	6.914	0.176	234.04	29.6	37.0	25.0	17.0
26/6/2007	22:28:00	5.626	0.0	235.14	23.8	37.0	1.0	17.0
26/6/2007	22:29:00	5.86	0.0	234.77	25.2	37.0	10.0	17.0
26/6/2007	22:30:00	6.156	0.1	234.55	26.4	37.0	6.0	17.0
26/6/2007	22:31:00	5.308	0.124	236.22	22.4	37.0	1.0	17.0
26/6/2007	22:32:00	5.19	0.0	236.56	21.8	37.0	0.0	17.0
26/6/2007	22:33:00	5.162	0.056	236.82	21.8	38.0	1.0	17.0
26/6/2007	22:34:00	5.232	0.058	237.91	22.0	37.0	2.0	17.0
26/6/2007	22:35:00	5.198	0.06	237.04	21.8	38.0	1.0	18.0
27/6/2007	19:25:00	5.46	0.094	236.32	23.2	0.0	67.0	17.0
27/6/2007	19:26:00	5.708	0.106	236.37	24.0	0.0	73.0	17.0
27/6/2007	19:27:00	5.672	0.092	235.74	24.0	0.0	73.0	17.0
27/6/2007	19:28:00	5.678	0.102	235.73	24.0	0.0	73.0	17.0
27/6/2007	19:29:00	5.704	0.088	236.05	24.0	0.0	73.0	17.0
27/6/2007	19:30:00	5.69	0.098	235.91	24.0	0.0	73.0	17.0
27/6/2007	19:31:00	5.224	0.094	236.82	22.2	0.0	67.0	17.0
27/6/2007	20:00:00	7.436	0.384	231.24	32.2	0.0	27.0	16.0
27/6/2007	20:01:00	6.376	0.296	232.68	27.6	0.0	23.0	17.0
27/6/2007	20:53:00	5.048	0.49	236.33	21.4	38.0	32.0	0.0
27/6/2007	21:02:00	5.054	0.49	235.29	21.6	39.0	4.0	17.0
27/6/2007	21:13:00	5.646	0.39	236.51	24.2	62.0	1.0	17.0
27/6/2007	21:14:00	6.222	0.388	235.99	26.4	75.0	2.0	17.0
27/6/2007	21:19:00	5.998	0.394	235.88	25.4	74.0	1.0	17.0
27/6/2007	21:20:00	6.176	0.39	235.31	26.2	74.0	1.0	17.0
27/6/2007	21:21:00	5.194	0.41	236.64	22.4	59.0	2.0	17.0
27/6/2007	21:22:00	5.488	0.462	236.32	23.8	38.0	18.0	17.0
27/6/2007	21:23:00	6.446	0.442	234.75	27.4	38.0	36.0	17.0
27/6/2007	21:24:00	5.628	0.392	235.33	24.2	35.0	28.0	17.0
27/6/2007	21:25:00	5.67	0.322	235.16	24.4	24.0	35.0	17.0
27/6/2007	21:26:00	5.924	0.318	234.98	25.4	38.0	28.0	17.0
27/6/2007	21:27:00	5.654	0.236	235.51	24.4	38.0	28.0	16.0
27/6/2007	21:32:00	5.468	0.214	234.65	23.4	38.0	22.0	17.0
27/6/2007	21:33:00	5.924	0.208	234.6	25.2	39.0	26.0	17.0
27/6/2007	21:38:00	5.282	0.22	235.95	22.6	26.0	27.0	17.0
27/6/2007	21:39:00	5.724	0.21	235.03	24.4	39.0	21.0	17.0
27/6/2007	21:40:00	6.092	0.202	233.82	26.0	38.0	27.0	17.0
27/6/2007	21:41:00	5.912	0.208	234.87	25.2	39.0	21.0	17.0
27/6/2007	21:42:00	6.138	0.204	234.55	26.2	38.0	27.0	17.0
27/6/2007	21:43:00	5.908	0.208	234.79	25.2	39.0	20.0	17.0
27/6/2007	21:44:00	5.922	0.208	235.0	25.4	39.0	24.0	16.0
27/6/2007	21:46:00	5.586	0.25	236.1	23.6	39.0	16.0	17.0
27/6/2007	21:47:00	6.502	0.142	235.04	27.6	38.0	31.0	17.0
27/6/2007	21:48:00	6.008	0.122	235.91	25.6	39.0	26.0	17.0
27/6/2007	21:52:00	6.04	0.112	235.96	25.6	39.0	27.0	17.0
27/6/2007	21:58:00	5.534	0.246	236.25	23.4	38.0	14.0	18.0
27/6/2007	21:59:00	5.96	0.238	235.4	25.6	38.0	21.0	17.0
27/6/2007	22:00:00	6.562	0.226	234.18	28.0	38.0	29.0	16.0
27/6/2007	22:01:00	5.642	0.24	235.39	24.2	45.0	3.0	17.0
27/6/2007	22:02:00	7.044	0.218	233.31	30.2	73.0	4.0	17.0
27/6/2007	22:03:00	7.022	0.222	233.66	30.0	73.0	3.0	17.0
27/6/2007	22:04:00	5.876	0.232	233.66	25.4	56.0	3.0	16.0
27/6/2007	22:06:00	5.064	0.23	234.61	21.6	37.0	4.0	17.0
27/6/2007	22:07:00	5.062	0.19	235.01	21.6	36.0	3.0	17.0
28/6/2007	19:24:00	5.968	0.484	232.95	26.4	0.0	60.0	17.0
28/6/2007	19:25:00	6.2	0.498	232.01	27.0	0.0	59.0	17.0
28/6/2007	19:26:00	5.322	0.498	233.05	22.8	0.0	41.0	17.0
28/6/2007	19:27:00	5.976	0.504	232.77	25.6	0.0	53.0	16.0
29/6/2007	11:31:00	5.066	0.386	234.12	21.8	36.0	1.0	16.0
29/6/2007	11:32:00	5.034	0.36	234.15	21.6	37.0	1.0	17.0
29/6/2007	21:23:00	5.054	0.074	235.25	21.4	38.0	1.0	17.0
29/6/2007	21:28:00	5.188	0.074	235.78	22.0	37.0	1.0	17.0
30/6/2007	06:20:00	5.69	0.154	236.18	24.0	0.0	0.0	17.0
30/6/2007	19:17:00	6.376	0.0	235.48	27.0	39.0	0.0	17.0
30/6/2007	19:18:00	6.152	0.0	236.16	26.2	38.0	0.0	17.0
2/7/2007	20:28:00	5.198	0.348	236.78	22.0	0.0	73.0	0.0
2/7/2007	20:29:00	5.224	0.374	236.38	22.0	0.0	74.0	0.0
2/7/2007	20:30:00	5.234	0.372	236.68	22.0	0.0	73.0	0.0
2/7/2007	20:31:00	6.55	0.614	235.25	28.0	0.0	73.0	0.0
2/7/2007	20:32:00	5.898	0.498	236.0	25.2	0.0	73.0	0.0
2/7/2007	20:33:00	5.63	0.59	236.37	24.0	0.0	55.0	0.0
2/7/2007	20:34:00	6.536	0.518	234.82	28.0	0.0	69.0	0.0
2/7/2007	20:35:00	6.39	0.436	235.11	27.2	0.0	70.0	0.0
2/7/2007	21:56:00	5.072	0.192	238.38	21.2	37.0	2.0	17.0
2/7/2007	21:57:00	5.532	0.124	237.85	23.4	38.0	12.0	18.0
2/7/2007	21:58:00	6.694	0.09	235.78	28.4	37.0	36.0	17.0
2/7/2007	21:59:00	5.934	0.216	236.55	25.4	35.0	28.0	17.0
2/7/2007	23:03:00	5.202	0.276	238.92	21.8	38.0	27.0	18.0
2/7/2007	23:04:00	5.016	0.278	239.14	21.2	38.0	21.0	17.0
2/7/2007	23:05:00	5.032	0.274	238.56	21.2	38.0	24.0	18.0
3/7/2007	07:04:00	5.462	0.07	237.47	23.2	0.0	1.0	17.0
3/7/2007	22:08:00	5.776	0.3	232.99	24.8	0.0	69.0	0.0
3/7/2007	22:09:00	5.734	0.298	232.91	24.6	0.0	71.0	0.0
3/7/2007	22:10:00	5.722	0.296	233.11	24.6	0.0	72.0	0.0
3/7/2007	22:11:00	5.838	0.298	233.05	25.0	0.0	71.0	0.0
3/7/2007	22:12:00	6.576	0.286	232.44	28.4	0.0	70.0	17.0
3/7/2007	22:13:00	5.67	0.3	233.35	24.2	0.0	53.0	17.0
3/7/2007	22:14:00	6.702	0.282	231.99	28.8	0.0	69.0	17.0
3/7/2007	22:15:00	5.02	0.3	233.63	22.2	0.0	47.0	17.0
3/7/2007	22:17:00	6.182	0.198	232.5	27.0	0.0	62.0	17.0
3/7/2007	22:19:00	5.038	0.188	233.74	21.6	0.0	30.0	17.0
4/7/2007	06:55:00	5.24	0.244	235.78	22.2	0.0	2.0	6.0
4/7/2007	06:56:00	5.346	0.252	236.29	22.6	0.0	1.0	18.0
4/7/2007	06:57:00	5.118	0.264	236.05	22.2	0.0	1.0	18.0
4/7/2007	07:02:00	5.216	0.222	235.49	22.2	0.0	36.0	17.0
5/7/2007	19:37:00	5.102	0.32	236.64	21.6	75.0	0.0	0.0
5/7/2007	19:38:00	5.088	0.362	235.7	21.6	75.0	0.0	0.0
5/7/2007	19:39:00	5.114	0.362	235.77	21.6	75.0	0.0	0.0
5/7/2007	19:40:00	5.22	0.454	237.4	22.0	76.0	0.0	0.0
5/7/2007	19:41:00	5.19	0.444	236.69	22.0	75.0	0.0	0.0
5/7/2007	19:42:00	5.16	0.434	236.09	21.8	75.0	0.0	0.0
5/7/2007	19:43:00	5.118	0.428	235.12	21.8	74.0	0.0	0.0
5/7/2007	20:07:00	5.26	0.28	234.19	22.4	73.0	0.0	0.0
5/7/2007	22:18:00	5.498	0.128	236.07	23.2	0.0	0.0	17.0
5/7/2007	22:19:00	5.564	0.182	236.18	23.4	1.0	0.0	17.0
6/7/2007	21:10:00	5.402	0.48	238.2	23.6	1.0	54.0	18.0
6/7/2007	21:11:00	6.372	0.464	235.82	27.0	2.0	73.0	17.0
6/7/2007	21:12:00	5.912	0.466	236.92	25.2	1.0	66.0	17.0
6/7/2007	21:13:00	6.422	0.476	237.03	27.0	1.0	73.0	17.0
6/7/2007	21:14:00	6.422	0.472	236.96	27.0	1.0	74.0	17.0
6/7/2007	21:15:00	6.41	0.478	236.73	27.0	2.0	74.0	18.0
6/7/2007	21:16:00	6.392	0.468	236.54	27.0	1.0	74.0	17.0
6/7/2007	21:17:00	5.344	0.482	237.06	22.6	1.0	57.0	17.0
6/7/2007	21:18:00	7.24	0.448	235.04	31.0	1.0	68.0	17.0
6/7/2007	21:19:00	6.75	0.35	235.36	28.8	2.0	72.0	17.0
6/7/2007	21:20:00	5.906	0.244	237.03	25.0	1.0	56.0	17.0
6/7/2007	21:21:00	6.364	0.22	236.49	27.0	1.0	70.0	17.0
6/7/2007	21:22:00	5.302	0.224	237.82	22.4	1.0	62.0	17.0
6/7/2007	21:23:00	5.252	0.218	238.01	22.2	1.0	61.0	18.0
6/7/2007	21:25:00	5.448	0.21	237.97	23.0	38.0	25.0	17.0
6/7/2007	21:26:00	5.56	0.196	237.15	23.4	38.0	30.0	18.0
6/7/2007	21:27:00	5.334	0.206	237.44	22.6	38.0	24.0	17.0
6/7/2007	21:28:00	5.548	0.194	237.21	23.4	37.0	30.0	17.0
6/7/2007	21:29:00	5.35	0.208	237.98	22.6	38.0	23.0	18.0
6/7/2007	21:30:00	5.554	0.196	238.0	23.4	38.0	30.0	17.0
6/7/2007	21:31:00	5.394	0.21	238.3	22.6	38.0	24.0	17.0
6/7/2007	21:32:00	6.956	0.182	236.82	29.4	37.0	51.0	18.0
6/7/2007	21:33:00	5.998	0.218	238.01	25.4	38.0	35.0	17.0
6/7/2007	21:34:00	5.102	0.204	238.58	21.6	37.0	25.0	17.0
7/7/2007	00:40:00	5.554	0.214	237.39	24.0	0.0	44.0	18.0
7/7/2007	00:41:00	6.962	0.22	235.79	29.4	0.0	73.0	18.0
7/7/2007	00:42:00	6.132	0.216	236.83	25.8	0.0	59.0	17.0
7/7/2007	00:43:00	6.63	0.228	236.31	28.0	0.0	65.0	18.0
7/7/2007	00:44:00	6.724	0.208	236.04	28.4	0.0	72.0	17.0
7/7/2007	00:45:00	5.76	0.228	236.73	24.2	0.0	54.0	17.0
7/7/2007	00:46:00	6.47	0.126	235.87	27.4	0.0	72.0	17.0
7/7/2007	07:18:00	5.32	0.07	235.22	22.6	0.0	0.0	17.0
8/7/2007	10:59:00	5.444	0.0	231.44	23.6	0.0	1.0	17.0
8/7/2007	11:00:00	6.17	0.0	230.58	26.8	0.0	36.0	16.0
8/7/2007	11:01:00	6.1	0.0	230.67	26.4	0.0	36.0	16.0
8/7/2007	11:02:00	5.506	0.0	232.14	24.2	0.0	36.0	17.0
9/7/2007	22:33:00	5.158	0.086	235.63	21.8	38.0	0.0	17.0
9/7/2007	22:34:00	5.716	0.098	235.52	24.2	37.0	0.0	17.0
9/7/2007	22:35:00	5.884	0.096	235.34	25.0	37.0	0.0	17.0
9/7/2007	22:36:00	5.914	0.104	235.28	25.0	37.0	0.0	17.0
9/7/2007	22:39:00	5.03	0.108	236.48	21.2	37.0	0.0	17.0
10/7/2007	07:22:00	6.284	0.048	234.91	26.8	0.0	2.0	17.0
10/7/2007	21:57:00	5.034	0.0	237.43	21.2	0.0	35.0	17.0
10/7/2007	21:59:00	6.05	0.0	235.33	25.8	0.0	31.0	17.0
10/7/2007	22:00:00	5.348	0.0	235.39	23.2	0.0	32.0	17.0
10/7/2007	22:02:00	5.23	0.268	236.06	22.2	0.0	35.0	18.0
10/7/2007	22:03:00	5.46	0.264	234.99	23.4	0.0	34.0	17.0
10/7/2007	22:04:00	5.4	0.252	235.3	23.4	0.0	31.0	16.0
10/7/2007	22:06:00	5.122	0.228	235.33	21.8	0.0	35.0	17.0
12/7/2007	19:25:00	5.644	0.668	236.28	24.0	0.0	37.0	17.0
12/7/2007	20:49:00	5.822	0.108	235.86	24.6	37.0	37.0	18.0
12/7/2007	20:50:00	5.318	0.112	236.27	22.8	38.0	28.0	17.0
12/7/2007	20:51:00	5.778	0.094	235.24	24.4	37.0	36.0	17.0
12/7/2007	20:52:00	5.284	0.11	235.67	22.6	37.0	30.0	17.0
12/7/2007	20:53:00	5.78	0.096	235.59	24.4	37.0	34.0	17.0
12/7/2007	20:54:00	5.782	0.112	235.53	24.4	37.0	37.0	17.0
12/7/2007	20:55:00	5.752	0.092	235.56	24.4	37.0	36.0	17.0
12/7/2007	22:12:00	5.128	0.06	236.83	21.6	38.0	0.0	17.0
13/7/2007	07:21:00	5.456	0.064	234.92	23.2	0.0	0.0	17.0
18/7/2007	06:56:00	5.104	0.056	231.19	22.0	0.0	1.0	16.0
20/7/2007	18:31:00	5.312	0.398	227.56	23.8	35.0	29.0	0.0
20/7/2007	18:32:00	5.686	0.678	230.45	25.2	36.0	15.0	0.0
22/7/2007	10:39:00	5.608	0.254	226.11	24.8	35.0	34.0	16.0
22/7/2007	10:40:00	5.572	0.252	225.25	24.6	34.0	35.0	15.0
22/7/2007	11:23:00	5.87	0.402	230.13	25.4	71.0	0.0	16.0
22/7/2007	11:24:00	5.566	0.404	230.4	24.4	69.0	0.0	17.0
22/7/2007	11:33:00	5.114	0.282	231.75	22.4	62.0	0.0	16.0
22/7/2007	11:41:00	5.722	0.268	230.37	24.8	72.0	0.0	17.0
22/7/2007	11:42:00	5.398	0.27	230.58	23.6	69.0	0.0	16.0
22/7/2007	13:53:00	6.596	0.336	230.2	29.0	65.0	0.0	17.0
22/7/2007	13:54:00	5.68	0.146	231.84	24.4	72.0	0.0	16.0
22/7/2007	13:55:00	5.256	0.134	232.87	22.8	70.0	0.0	17.0
22/7/2007	19:06:00	5.742	0.394	229.4	25.0	71.0	0.0	16.0
22/7/2007	19:07:00	5.736	0.398	229.77	25.0	71.0	0.0	16.0
22/7/2007	19:08:00	5.74	0.4	229.75	25.0	71.0	0.0	16.0
22/7/2007	19:09:00	5.728	0.394	229.71	25.0	71.0	0.0	17.0
22/7/2007	19:10:00	5.732	0.394	229.71	25.0	71.0	0.0	16.0
22/7/2007	19:11:00	5.732	0.392	229.84	25.0	71.0	0.0	16.0
22/7/2007	19:12:00	5.758	0.396	230.31	25.0	71.0	0.0	16.0
22/7/2007	19:20:00	5.75	0.396	230.0	25.0	72.0	0.0	16.0
22/7/2007	19:21:00	5.62	0.386	229.15	24.6	70.0	0.0	16.0
22/7/2007	21:53:00	5.386	0.08	232.43	23.2	1.0	30.0	17.0
22/7/2007	22:11:00	5.028	0.208	230.4	21.8	36.0	16.0	16.0
22/7/2007	22:12:00	5.948	0.22	229.52	25.8	36.0	33.0	16.0
22/7/2007	22:14:00	5.558	0.206	229.52	24.2	36.0	28.0	16.0
23/7/2007	12:41:00	5.09	0.514	228.51	22.6	35.0	19.0	0.0
23/7/2007	12:42:00	5.518	0.512	227.41	24.4	34.0	29.0	0.0
26/7/2007	19:37:00	5.292	0.21	230.19	23.0	0.0	60.0	17.0
26/7/2007	19:38:00	5.284	0.226	230.47	23.0	0.0	63.0	16.0
26/7/2007	19:40:00	5.476	0.216	230.96	23.8	0.0	66.0	17.0
28/7/2007	12:26:00	5.01	0.294	229.29	21.8	0.0	69.0	0.0
28/7/2007	12:27:00	5.032	0.326	229.77	21.8	0.0	68.0	0.0
28/7/2007	13:42:00	5.708	0.064	229.48	24.8	1.0	69.0	16.0
28/7/2007	13:43:00	5.682	0.046	229.17	24.8	2.0	68.0	16.0
28/7/2007	13:44:00	5.682	0.062	229.01	24.8	1.0	68.0	16.0
28/7/2007	13:45:00	5.678	0.048	228.7	24.8	1.0	68.0	16.0
28/7/2007	13:46:00	5.68	0.058	228.65	24.8	1.0	68.0	16.0
28/7/2007	13:47:00	5.656	0.0	228.39	24.6	1.0	68.0	16.0
28/7/2007	13:55:00	5.402	0.052	229.44	23.6	35.0	28.0	17.0
28/7/2007	13:56:00	5.802	0.168	228.49	25.4	36.0	35.0	16.0
28/7/2007	13:57:00	5.784	0.184	228.6	25.2	35.0	34.0	16.0
28/7/2007	13:58:00	5.72	0.13	229.02	24.8	35.0	34.0	16.0
28/7/2007	13:59:00	5.686	0.09	229.35	24.8	35.0	35.0	16.0
28/7/2007	14:01:00	5.324	0.082	230.19	23.2	35.0	26.0	16.0
28/7/2007	14:02:00	5.742	0.092	229.86	25.0	36.0	35.0	17.0
28/7/2007	14:04:00	5.042	0.118	230.28	22.2	29.0	32.0	16.0
28/7/2007	19:12:00	5.036	0.95	230.03	22.4	0.0	34.0	0.0
28/7/2007	19:14:00	5.086	0.94	229.86	22.6	0.0	34.0	0.0
6/8/2007	08:40:00	5.146	0.0	229.31	22.4	48.0	0.0	17.0
6/8/2007	08:41:00	5.134	0.0	229.38	22.2	48.0	0.0	16.0
8/8/2007	10:37:00	5.182	0.0	228.98	22.8	35.0	26.0	16.0
8/8/2007	10:38:00	5.646	0.0	228.81	24.6	35.0	34.0	16.0
8/8/2007	10:39:00	5.176	0.0	229.26	22.8	36.0	25.0	16.0
8/8/2007	10:40:00	5.702	0.092	228.63	24.8	35.0	34.0	16.0
8/8/2007	10:41:00	5.222	0.122	229.1	23.0	35.0	28.0	16.0
8/8/2007	10:42:00	5.688	0.108	228.64	24.8	35.0	31.0	16.0
8/8/2007	10:53:00	5.516	0.218	227.2	24.2	35.0	33.0	16.0
8/8/2007	11:01:00	5.628	0.202	227.1	24.8	34.0	38.0	16.0
8/8/2007	11:02:00	5.586	0.18	226.95	24.6	35.0	38.0	16.0
8/8/2007	11:03:00	5.684	0.202	227.08	25.0	34.0	38.0	16.0
8/8/2007	11:04:00	5.142	0.184	227.71	22.8	30.0	38.0	16.0
9/8/2007	10:44:00	5.562	0.178	227.54	25.0	0.0	60.0	16.0
9/8/2007	10:45:00	6.332	0.186	226.64	28.0	0.0	67.0	16.0
9/8/2007	10:46:00	5.058	0.184	228.68	22.4	0.0	60.0	16.0
9/8/2007	10:47:00	5.814	0.128	227.83	25.6	0.0	67.0	16.0
9/8/2007	10:48:00	5.578	0.0	228.23	24.6	0.0	60.0	16.0
9/8/2007	10:49:00	6.012	0.0	227.63	26.4	0.0	68.0	15.0
9/8/2007	10:50:00	5.358	0.0	227.96	23.6	0.0	59.0	16.0
9/8/2007	10:51:00	5.592	0.0	227.36	24.6	0.0	67.0	16.0
10/8/2007	08:49:00	5.572	0.084	227.19	24.6	21.0	35.0	16.0
10/8/2007	08:50:00	5.402	0.102	227.78	23.6	32.0	35.0	16.0
10/8/2007	08:51:00	5.468	0.178	226.78	24.0	32.0	34.0	16.0
10/8/2007	08:52:00	5.258	0.18	227.21	23.0	32.0	35.0	16.0
10/8/2007	09:57:00	5.044	0.096	229.8	22.0	0.0	62.0	16.0
10/8/2007	09:59:00	5.316	0.208	228.86	23.4	0.0	65.0	16.0
10/8/2007	10:01:00	5.14	0.21	228.91	22.4	0.0	66.0	16.0
10/8/2007	10:03:00	5.134	0.208	228.8	22.4	0.0	66.0	16.0
10/8/2007	10:05:00	5.108	0.206	228.65	22.4	0.0	66.0	16.0
11/8/2007	11:47:00	5.45	0.0	229.78	23.8	36.0	31.0	17.0
11/8/2007	11:48:00	5.602	0.0	230.12	24.2	35.0	36.0	16.0
12/8/2007	09:30:00	5.782	0.1	228.11	25.8	47.0	0.0	16.0
12/8/2007	23:13:00	5.026	0.086	230.8	21.8	29.0	0.0	16.0
12/8/2007	23:14:00	5.234	0.082	230.2	22.6	36.0	0.0	16.0
12/8/2007	23:15:00	5.36	0.086	230.18	23.2	35.0	0.0	16.0
12/8/2007	23:16:00	5.372	0.078	229.41	23.4	36.0	0.0	17.0
12/8/2007	23:17:00	5.426	0.116	229.77	23.6	35.0	0.0	16.0
12/8/2007	23:18:00	5.604	0.194	229.39	24.4	36.0	0.0	16.0
12/8/2007	23:19:00	5.636	0.194	229.42	24.4	35.0	0.0	16.0
12/8/2007	23:20:00	5.68	0.24	229.27	24.8	35.0	2.0	16.0
12/8/2007	23:21:00	6.948	0.226	227.67	30.4	35.0	34.0	16.0
12/8/2007	23:22:00	6.122	0.242	228.44	27.6	25.0	26.0	16.0
12/8/2007	23:23:00	5.556	0.238	229.25	24.2	1.0	33.0	16.0
12/8/2007	23:26:00	5.264	0.262	229.73	22.8	1.0	34.0	16.0
12/8/2007	23:27:00	6.432	0.232	227.9	28.6	27.0	25.0	16.0
12/8/2007	23:28:00	7.14	0.234	226.72	31.4	35.0	33.0	16.0
12/8/2007	23:29:00	5.306	0.254	228.89	23.6	14.0	26.0	16.0
12/8/2007	23:30:00	5.342	0.274	229.01	23.2	0.0	34.0	16.0
12/8/2007	23:31:00	5.498	0.248	228.85	24.0	1.0	34.0	16.0
12/8/2007	23:32:00	7.288	0.23	226.82	32.2	28.0	33.0	16.0
12/8/2007	23:33:00	7.548	0.218	226.46	33.2	35.0	33.0	16.0
12/8/2007	23:34:00	7.496	0.228	226.66	33.0	34.0	33.0	15.0
12/8/2007	23:35:00	7.274	0.22	226.7	32.0	34.0	33.0	16.0
12/8/2007	23:36:00	7.218	0.128	227.01	31.8	35.0	33.0	16.0
12/8/2007	23:37:00	7.228	0.108	227.46	31.6	34.0	33.0	16.0
12/8/2007	23:38:00	7.244	0.12	227.68	31.8	35.0	34.0	16.0
12/8/2007	23:39:00	5.364	0.136	230.13	23.2	5.0	34.0	16.0
12/8/2007	23:40:00	5.28	0.152	230.02	22.8	0.0	34.0	16.0
12/8/2007	23:41:00	5.41	0.122	229.4	23.6	0.0	33.0	16.0
12/8/2007	23:42:00	5.524	0.126	229.16	24.0	1.0	34.0	16.0
12/8/2007	23:43:00	5.458	0.0	229.42	23.8	0.0	34.0	17.0
12/8/2007	23:44:00	5.49	0.0	230.05	23.8	0.0	34.0	16.0
14/8/2007	10:21:00	5.266	0.0	230.41	23.0	36.0	27.0	16.0
14/8/2007	10:22:00	5.534	0.0	230.31	24.0	36.0	36.0	17.0
14/8/2007	10:26:00	5.468	0.0	230.23	23.6	36.0	35.0	17.0
14/8/2007	10:27:00	5.45	0.0	229.62	23.6	35.0	36.0	16.0
14/8/2007	10:28:00	5.438	0.0	229.69	23.6	35.0	35.0	16.0
14/8/2007	10:29:00	5.456	0.0	229.99	23.6	36.0	36.0	16.0
15/8/2007	10:29:00	5.404	0.214	232.58	23.4	33.0	0.0	17.0
15/8/2007	10:30:00	6.462	0.432	231.39	28.0	33.0	0.0	16.0
15/8/2007	10:31:00	6.372	0.434	231.62	27.6	34.0	0.0	17.0
15/8/2007	10:32:00	6.508	0.552	232.56	28.0	33.0	0.0	16.0
15/8/2007	10:33:00	5.264	0.354	234.44	23.2	30.0	0.0	17.0
17/8/2007	07:22:00	5.12	0.116	234.21	22.0	36.0	0.0	17.0
17/8/2007	07:23:00	5.142	0.072	234.33	21.8	43.0	0.0	17.0
19/8/2007	15:54:00	5.41	0.11	234.26	23.2	1.0	66.0	17.0
19/8/2007	15:55:00	5.202	0.096	234.94	22.4	1.0	63.0	17.0
19/8/2007	15:56:00	5.574	0.112	234.57	23.6	1.0	71.0	17.0
19/8/2007	15:57:00	5.066	0.092	234.89	21.8	1.0	63.0	17.0
19/8/2007	15:58:00	5.568	0.112	234.58	23.6	2.0	72.0	17.0
19/8/2007	16:13:00	5.004	0.458	235.11	21.4	2.0	36.0	17.0
19/8/2007	16:16:00	5.16	0.562	235.07	22.0	1.0	36.0	17.0
19/8/2007	16:47:00	5.372	0.0	234.91	23.2	37.0	46.0	0.0
19/8/2007	16:48:00	6.192	0.0	234.14	26.6	36.0	67.0	0.0
19/8/2007	16:49:00	6.568	0.0	234.1	28.0	37.0	68.0	0.0
19/8/2007	16:50:00	6.6	0.0	233.58	28.2	36.0	71.0	0.0
19/8/2007	16:51:00	6.584	0.0	233.46	28.2	36.0	71.0	0.0
19/8/2007	16:52:00	6.572	0.0	233.02	28.2	36.0	71.0	0.0
19/8/2007	16:53:00	6.582	0.0	233.06	28.2	37.0	71.0	0.0
19/8/2007	16:54:00	6.61	0.0	233.49	28.2	36.0	72.0	0.0
19/8/2007	16:55:00	6.63	0.0	234.05	28.2	36.0	72.0	0.0
19/8/2007	16:56:00	5.766	0.0	235.28	24.8	37.0	60.0	0.0
19/8/2007	16:57:00	5.196	0.0	235.75	22.4	37.0	45.0	0.0
19/8/2007	16:58:00	5.674	0.0	235.06	24.4	36.0	58.0	0.0
19/8/2007	17:05:00	5.178	0.158	235.95	21.8	0.0	37.0	0.0
19/8/2007	17:06:00	5.038	0.186	236.15	21.4	0.0	37.0	0.0
19/8/2007	18:31:00	5.234	0.0	234.65	22.4	0.0	67.0	17.0
19/8/2007	18:33:00	5.084	0.0	234.87	21.6	0.0	65.0	17.0
19/8/2007	20:34:00	5.19	0.412	233.32	22.4	0.0	35.0	17.0
20/8/2007	07:40:00	5.084	0.064	235.75	21.4	0.0	0.0	18.0
22/8/2007	19:30:00	5.066	0.372	236.66	21.4	38.0	0.0	18.0
22/8/2007	19:31:00	5.332	0.37	236.6	22.6	38.0	0.0	17.0
22/8/2007	19:32:00	5.312	0.372	236.31	22.4	38.0	0.0	17.0
22/8/2007	19:33:00	5.086	0.38	236.77	21.6	38.0	0.0	17.0
22/8/2007	19:34:00	5.018	0.38	236.67	21.2	39.0	0.0	17.0
23/8/2007	13:39:00	5.17	0.466	237.06	22.0	38.0	0.0	17.0
23/8/2007	13:40:00	5.122	0.44	237.6	21.6	38.0	0.0	18.0
24/8/2007	20:46:00	6.444	0.51	234.34	27.8	26.0	38.0	17.0
24/8/2007	20:47:00	6.806	0.522	234.42	29.0	38.0	38.0	17.0
24/8/2007	20:48:00	7.982	0.718	232.92	34.6	37.0	38.0	16.0
24/8/2007	20:49:00	8.366	0.724	232.79	36.0	36.0	38.0	17.0
24/8/2007	20:50:00	8.642	0.676	232.53	37.2	37.0	38.0	16.0
24/8/2007	20:51:00	8.694	0.654	232.81	37.4	37.0	37.0	17.0
24/8/2007	20:52:00	6.982	0.7	235.58	29.8	38.0	10.0	17.0
24/8/2007	22:23:00	5.59	0.056	237.86	23.4	0.0	0.0	0.0
24/8/2007	23:40:00	5.324	0.15	235.57	22.6	0.0	36.0	17.0
24/8/2007	23:41:00	5.052	0.148	235.8	21.8	0.0	27.0	17.0
24/8/2007	23:42:00	5.344	0.164	235.6	22.6	0.0	36.0	17.0
24/8/2007	23:44:00	5.124	0.242	236.63	21.6	0.0	37.0	17.0
24/8/2007	23:45:00	5.122	0.284	236.65	21.6	0.0	37.0	17.0
24/8/2007	23:46:00	5.19	0.388	236.08	22.0	0.0	38.0	17.0
24/8/2007	23:47:00	5.252	0.414	235.98	22.2	1.0	37.0	17.0
24/8/2007	23:48:00	5.244	0.414	235.88	22.2	1.0	37.0	17.0
24/8/2007	23:49:00	5.234	0.394	236.04	22.2	2.0	37.0	17.0
24/8/2007	23:50:00	5.252	0.408	236.18	22.2	1.0	38.0	17.0
24/8/2007	23:51:00	5.244	0.394	236.4	22.2	1.0	37.0	17.0
24/8/2007	23:52:00	5.356	0.406	236.08	22.6	1.0	37.0	18.0
24/8/2007	23:53:00	5.622	0.384	236.05	23.8	1.0	37.0	17.0
24/8/2007	23:54:00	5.696	0.386	235.77	24.2	2.0	37.0	17.0
24/8/2007	23:55:00	5.54	0.374	236.12	23.4	1.0	37.0	17.0
24/8/2007	23:56:00	5.436	0.462	236.16	23.0	1.0	38.0	17.0
24/8/2007	23:57:00	5.676	0.588	235.49	24.2	1.0	36.0	17.0
25/8/2007	00:08:00	6.498	0.294	235.44	27.6	31.0	37.0	17.0
25/8/2007	00:09:00	6.746	0.27	235.37	28.6	37.0	37.0	17.0
25/8/2007	00:10:00	6.796	0.288	235.43	28.8	37.0	36.0	17.0
25/8/2007	00:11:00	5.954	0.28	236.34	25.2	37.0	23.0	17.0
25/8/2007	00:12:00	6.406	0.29	235.43	27.2	37.0	28.0	17.0
25/8/2007	00:13:00	6.664	0.268	235.06	28.2	37.0	37.0	17.0
25/8/2007	00:14:00	6.756	0.276	235.02	28.6	37.0	37.0	16.0
25/8/2007	00:15:00	5.696	0.176	236.05	24.2	37.0	22.0	18.0
25/8/2007	00:16:00	6.294	0.238	235.61	26.8	37.0	29.0	17.0
25/8/2007	00:17:00	6.704	0.296	235.31	28.4	37.0	36.0	17.0
25/8/2007	00:18:00	5.028	0.334	236.97	22.0	16.0	30.0	17.0
25/8/2007	09:44:00	5.042	0.182	233.04	21.8	0.0	2.0	17.0
25/8/2007	15:54:00	5.93	0.258	231.78	25.6	78.0	1.0	16.0
26/8/2007	12:50:00	5.394	0.666	235.19	23.0	37.0	0.0	17.0
26/8/2007	12:51:00	5.364	0.634	235.37	23.0	38.0	0.0	17.0
26/8/2007	12:52:00	5.314	0.594	234.87	22.8	38.0	0.0	16.0
26/8/2007	12:53:00	5.268	0.562	234.24	22.6	37.0	0.0	17.0
26/8/2007	12:54:00	5.252	0.548	234.51	22.4	37.0	0.0	17.0
26/8/2007	12:55:00	5.224	0.532	234.28	22.4	38.0	0.0	17.0
26/8/2007	14:15:00	5.148	0.22	236.48	22.6	1.0	59.0	11.0
26/8/2007	14:16:00	5.588	0.206	236.01	24.0	2.0	65.0	18.0
26/8/2007	14:17:00	6.09	0.216	235.96	25.8	1.0	73.0	17.0
26/8/2007	14:18:00	6.082	0.22	236.16	25.6	1.0	74.0	17.0
26/8/2007	14:19:00	6.108	0.248	235.83	25.8	1.0	73.0	18.0
26/8/2007	14:20:00	6.184	0.216	236.24	26.2	1.0	74.0	17.0
26/8/2007	14:21:00	6.642	0.212	235.15	28.4	6.0	73.0	17.0
26/8/2007	14:22:00	8.166	0.182	233.16	35.0	37.0	72.0	17.0
26/8/2007	14:23:00	7.376	0.2	234.14	31.8	37.0	62.0	16.0
26/8/2007	14:24:00	6.126	0.2	235.13	26.0	37.0	38.0	17.0
26/8/2007	14:25:00	6.532	0.206	234.75	28.0	37.0	41.0	17.0
26/8/2007	14:26:00	6.252	0.236	234.55	26.8	36.0	43.0	17.0
26/8/2007	14:27:00	6.106	0.258	235.34	25.8	37.0	37.0	17.0
26/8/2007	14:28:00	6.068	0.224	234.7	25.8	37.0	37.0	17.0
26/8/2007	14:29:00	5.672	0.226	235.67	24.2	37.0	32.0	17.0
26/8/2007	14:30:00	5.308	0.216	236.3	22.6	37.0	22.0	17.0
26/8/2007	14:31:00	7.15	0.316	233.71	30.6	37.0	37.0	17.0
26/8/2007	14:32:00	6.442	0.482	234.31	29.0	15.0	38.0	17.0
26/8/2007	14:45:00	5.078	0.566	236.07	21.8	1.0	41.0	17.0
27/8/2007	23:29:00	5.194	0.272	239.96	21.6	38.0	0.0	0.0
27/8/2007	23:30:00	5.07	0.136	240.4	21.0	39.0	0.0	0.0
27/8/2007	23:32:00	5.022	0.064	239.92	20.8	39.0	0.0	0.0
27/8/2007	23:33:00	5.044	0.064	239.89	21.0	38.0	0.0	0.0
27/8/2007	23:34:00	5.118	0.154	239.64	21.2	38.0	0.0	0.0
27/8/2007	23:35:00	5.12	0.196	239.78	21.2	38.0	0.0	0.0
27/8/2007	23:36:00	5.158	0.194	239.73	21.4	38.0	0.0	0.0
30/8/2007	18:44:00	5.012	0.346	236.12	21.2	38.0	38.0	0.0
30/8/2007	18:45:00	5.018	0.338	236.26	21.2	38.0	37.0	0.0
31/8/2007	06:52:00	5.116	0.054	235.08	21.8	0.0	0.0	18.0
31/8/2007	06:54:00	5.164	0.114	235.26	22.0	0.0	0.0	18.0
2/9/2007	09:05:00	5.306	0.072	236.55	22.4	0.0	0.0	17.0
2/9/2007	18:24:00	5.09	0.392	232.71	22.4	31.0	1.0	17.0
3/9/2007	06:57:00	5.002	0.0	234.6	21.4	0.0	0.0	0.0
4/9/2007	20:54:00	5.868	0.186	230.83	25.4	36.0	0.0	16.0
4/9/2007	20:55:00	5.198	0.158	231.73	22.6	36.0	1.0	17.0
4/9/2007	20:57:00	5.05	0.0	231.44	21.8	36.0	0.0	17.0
5/9/2007	06:38:00	7.234	0.054	232.08	32.4	0.0	30.0	16.0
5/9/2007	06:39:00	7.98	0.054	231.7	34.4	0.0	36.0	17.0
5/9/2007	06:40:00	7.19	0.076	232.96	30.8	0.0	36.0	17.0
5/9/2007	06:41:00	5.504	0.18	234.34	24.0	0.0	37.0	17.0
5/9/2007	21:29:00	5.104	0.08	233.31	21.8	0.0	37.0	17.0
5/9/2007	21:30:00	5.1	0.082	233.29	21.8	0.0	37.0	17.0
5/9/2007	21:31:00	5.486	0.0	233.63	23.4	0.0	36.0	17.0
5/9/2007	21:32:00	5.24	0.066	234.12	22.4	0.0	37.0	16.0
5/9/2007	21:33:00	5.244	0.0	234.1	22.4	0.0	37.0	17.0
5/9/2007	21:34:00	5.376	0.0	233.77	23.0	0.0	37.0	17.0
5/9/2007	21:35:00	5.456	0.0	233.78	23.2	0.0	38.0	17.0
5/9/2007	21:36:00	5.838	0.0	233.04	25.0	0.0	36.0	16.0
5/9/2007	21:37:00	5.286	0.186	233.04	23.0	0.0	31.0	17.0
6/9/2007	07:01:00	5.206	0.212	233.75	22.2	0.0	1.0	17.0
6/9/2007	07:02:00	5.192	0.132	234.61	22.0	0.0	1.0	17.0
6/9/2007	21:14:00	5.524	0.242	233.0	23.6	0.0	71.0	0.0
6/9/2007	21:15:00	5.322	0.2	233.95	23.0	0.0	63.0	0.0
6/9/2007	21:16:00	5.748	0.142	233.12	24.6	0.0	70.0	0.0
6/9/2007	21:18:00	5.546	0.154	233.13	23.8	0.0	71.0	0.0
6/9/2007	21:19:00	5.12	0.15	234.22	22.2	0.0	64.0	0.0
6/9/2007	21:20:00	5.294	0.162	233.6	22.6	0.0	67.0	0.0
7/9/2007	06:58:00	5.02	0.208	232.98	21.6	0.0	1.0	16.0
7/9/2007	20:02:00	5.656	0.372	234.7	24.2	37.0	0.0	17.0
7/9/2007	20:03:00	5.446	0.38	234.17	23.2	38.0	0.0	17.0
7/9/2007	20:04:00	5.432	0.374	234.36	23.2	37.0	0.0	17.0
7/9/2007	20:05:00	5.414	0.364	234.49	23.0	37.0	0.0	17.0
7/9/2007	21:16:00	5.264	0.37	231.22	22.8	36.0	0.0	16.0
8/9/2007	15:40:00	5.41	0.584	232.56	23.4	38.0	0.0	17.0
8/9/2007	15:41:00	5.204	0.522	232.11	22.6	38.0	0.0	17.0
8/9/2007	15:48:00	5.848	0.28	231.87	25.2	73.0	0.0	16.0
8/9/2007	15:49:00	5.896	0.284	233.03	25.2	73.0	0.0	17.0
8/9/2007	15:50:00	5.88	0.282	232.77	25.2	72.0	0.0	17.0
8/9/2007	15:51:00	5.32	0.288	233.08	23.2	67.0	0.0	16.0
8/9/2007	15:54:00	5.756	0.284	233.19	24.8	67.0	0.0	17.0
8/9/2007	15:55:00	5.876	0.284	233.06	25.2	73.0	0.0	17.0
8/9/2007	15:56:00	5.816	0.284	233.11	25.0	73.0	0.0	16.0
9/9/2007	12:05:00	5.302	0.38	230.0	23.0	33.0	0.0	17.0
9/9/2007	12:06:00	5.152	0.366	230.87	22.4	36.0	0.0	16.0
9/9/2007	12:07:00	5.15	0.356	231.79	22.2	37.0	0.0	16.0
9/9/2007	12:12:00	5.034	0.284	231.48	21.8	37.0	0.0	17.0
9/9/2007	12:13:00	5.022	0.276	231.39	21.6	36.0	0.0	16.0
9/9/2007	14:23:00	5.012	0.1	234.45	21.8	0.0	57.0	17.0
9/9/2007	14:25:00	5.346	0.092	233.93	23.0	0.0	65.0	16.0
9/9/2007	14:26:00	5.69	0.106	233.52	24.2	0.0	71.0	17.0
9/9/2007	14:27:00	5.672	0.09	233.39	24.2	0.0	71.0	17.0
9/9/2007	14:28:00	5.666	0.106	233.15	24.2	0.0	70.0	16.0
9/9/2007	14:29:00	5.656	0.088	233.24	24.2	0.0	71.0	17.0
9/9/2007	14:31:00	5.02	0.098	235.36	21.8	0.0	57.0	17.0
9/9/2007	18:51:00	5.044	0.52	233.92	21.8	0.0	35.0	17.0
9/9/2007	18:52:00	5.056	0.53	234.64	21.8	0.0	35.0	17.0
9/9/2007	19:15:00	5.41	0.456	233.6	23.4	0.0	35.0	17.0
9/9/2007	19:18:00	5.07	0.308	232.88	21.8	0.0	35.0	17.0
9/9/2007	20:49:00	5.052	0.506	231.93	22.0	0.0	3.0	16.0
9/9/2007	20:50:00	5.056	0.504	232.28	22.0	0.0	4.0	17.0
9/9/2007	20:51:00	5.128	0.502	233.35	22.2	0.0	3.0	17.0
10/9/2007	20:51:00	5.84	0.276	234.77	24.8	1.0	1.0	16.0
10/9/2007	20:52:00	6.106	0.29	234.51	26.0	1.0	1.0	17.0
10/9/2007	20:56:00	5.912	0.302	235.93	25.0	37.0	1.0	17.0
10/9/2007	20:57:00	5.924	0.304	236.18	25.0	37.0	1.0	17.0
10/9/2007	20:58:00	5.924	0.306	236.38	25.0	38.0	1.0	17.0
10/9/2007	20:59:00	5.898	0.3	235.65	25.0	37.0	2.0	17.0
10/9/2007	21:00:00	5.902	0.3	235.9	25.0	36.0	1.0	17.0
10/9/2007	21:01:00	5.89	0.254	236.28	24.8	38.0	1.0	17.0
10/9/2007	21:02:00	5.858	0.204	236.17	24.8	37.0	1.0	17.0
10/9/2007	21:03:00	5.544	0.2	236.74	23.4	37.0	1.0	17.0
10/9/2007	21:04:00	5.23	0.2	237.6	22.0	37.0	1.0	18.0
10/9/2007	21:05:00	5.196	0.194	236.55	22.0	37.0	1.0	17.0
10/9/2007	21:06:00	5.376	0.204	235.71	22.8	37.0	2.0	17.0
10/9/2007	21:07:00	5.342	0.208	236.01	22.8	37.0	1.0	17.0
12/9/2007	21:59:00	5.59	0.268	234.75	24.2	0.0	62.0	17.0
12/9/2007	22:00:00	6.18	0.252	234.07	26.4	0.0	70.0	17.0
12/9/2007	22:01:00	5.794	0.268	234.59	24.8	0.0	68.0	16.0
12/9/2007	22:02:00	6.09	0.25	234.38	26.0	0.0	68.0	17.0
12/9/2007	22:03:00	6.156	0.266	233.68	26.2	0.0	72.0	17.0
12/9/2007	22:04:00	6.066	0.252	234.05	25.8	0.0	72.0	17.0
13/9/2007	21:11:00	5.812	0.23	234.83	25.2	24.0	27.0	17.0
13/9/2007	21:12:00	6.748	0.106	234.04	28.8	37.0	35.0	16.0
13/9/2007	21:13:00	6.234	0.114	234.69	26.8	37.0	27.0	17.0
13/9/2007	21:14:00	6.72	0.098	234.47	28.6	37.0	35.0	17.0
13/9/2007	21:15:00	6.752	0.12	234.99	28.6	37.0	36.0	17.0
13/9/2007	21:16:00	6.614	0.09	232.51	28.4	36.0	34.0	17.0
13/9/2007	21:17:00	6.334	0.112	232.99	27.2	36.0	35.0	13.0
13/9/2007	21:18:00	5.662	0.1	233.83	24.2	37.0	35.0	0.0
13/9/2007	21:19:00	5.642	0.116	233.18	24.2	36.0	35.0	0.0
13/9/2007	21:20:00	5.64	0.098	233.33	24.2	36.0	35.0	0.0
13/9/2007	21:21:00	5.646	0.116	233.32	24.2	37.0	34.0	0.0
13/9/2007	21:22:00	5.634	0.098	233.32	24.0	36.0	35.0	0.0
13/9/2007	21:28:00	5.406	0.0	233.8	23.2	30.0	35.0	0.0
13/9/2007	21:31:00	5.492	0.0	234.15	23.4	37.0	35.0	0.0
13/9/2007	21:40:00	6.092	0.068	232.09	26.2	1.0	31.0	0.0
14/9/2007	07:04:00	5.246	0.11	233.39	22.4	0.0	0.0	17.0
14/9/2007	07:05:00	5.114	0.114	233.54	21.8	0.0	0.0	17.0
15/9/2007	06:46:00	5.452	0.194	233.09	23.4	0.0	1.0	17.0
15/9/2007	06:47:00	5.446	0.194	233.19	23.2	0.0	2.0	16.0
16/9/2007	18:36:00	5.128	0.274	230.73	22.8	36.0	19.0	0.0
16/9/2007	18:37:00	5.728	0.236	229.74	25.0	36.0	36.0	0.0
16/9/2007	18:38:00	5.972	0.254	229.92	26.0	36.0	37.0	0.0
16/9/2007	18:39:00	6.04	0.37	229.61	26.4	36.0	36.0	0.0
16/9/2007	18:40:00	5.46	0.384	231.02	23.8	36.0	37.0	0.0
16/9/2007	20:21:00	5.626	0.092	229.85	24.6	0.0	34.0	16.0
16/9/2007	20:36:00	5.198	0.176	231.88	22.4	0.0	35.0	16.0
16/9/2007	20:37:00	5.18	0.18	231.9	22.4	0.0	34.0	17.0
16/9/2007	20:44:00	5.024	0.332	233.23	21.6	0.0	36.0	16.0
16/9/2007	20:45:00	5.11	0.324	233.16	22.0	0.0	36.0	17.0
16/9/2007	20:46:00	5.636	0.306	232.43	24.2	0.0	37.0	17.0
16/9/2007	20:47:00	5.64	0.318	232.72	24.2	0.0	36.0	16.0
16/9/2007	20:48:00	5.848	0.302	232.58	25.2	0.0	36.0	17.0
16/9/2007	20:49:00	5.872	0.192	232.78	25.2	0.0	36.0	16.0
16/9/2007	20:50:00	5.326	0.184	232.87	22.8	0.0	36.0	17.0
16/9/2007	20:51:00	5.094	0.188	232.79	22.0	0.0	37.0	17.0
16/9/2007	20:52:00	5.472	0.058	233.19	23.4	0.0	36.0	16.0
16/9/2007	20:55:00	5.916	0.0	234.08	25.2	0.0	37.0	17.0
16/9/2007	20:56:00	5.216	0.0	234.41	22.2	0.0	36.0	17.0
16/9/2007	20:57:00	5.068	0.0	234.95	21.6	0.0	33.0	17.0
16/9/2007	20:59:00	5.068	0.0	234.01	21.6	0.0	36.0	17.0
17/9/2007	19:42:00	5.088	0.554	231.15	22.2	36.0	0.0	0.0
17/9/2007	19:43:00	5.246	0.6	231.57	22.8	36.0	0.0	0.0
17/9/2007	20:59:00	5.594	0.522	234.19	24.0	43.0	1.0	0.0
17/9/2007	21:00:00	5.05	0.46	235.05	21.6	43.0	1.0	0.0
17/9/2007	21:02:00	5.008	0.382	235.66	21.2	44.0	1.0	0.0
17/9/2007	21:03:00	5.004	0.38	235.57	21.2	43.0	2.0	0.0
17/9/2007	21:04:00	5.826	0.368	233.93	25.0	43.0	1.0	12.0
17/9/2007	21:05:00	5.986	0.366	233.91	25.6	43.0	1.0	18.0
17/9/2007	21:06:00	5.97	0.366	233.86	25.4	43.0	2.0	17.0
17/9/2007	21:07:00	5.918	0.36	232.94	25.4	43.0	1.0	17.0
17/9/2007	21:08:00	5.9	0.356	232.71	25.4	42.0	1.0	16.0
17/9/2007	21:09:00	6.026	0.36	232.95	25.8	43.0	2.0	17.0
17/9/2007	21:10:00	6.632	0.364	230.15	28.8	41.0	1.0	17.0
17/9/2007	21:11:00	6.65	0.356	229.66	29.0	41.0	1.0	16.0
17/9/2007	21:12:00	6.702	0.332	230.24	29.0	42.0	2.0	16.0
17/9/2007	21:13:00	6.436	0.326	230.72	27.8	42.0	1.0	16.0
17/9/2007	21:14:00	6.368	0.326	230.33	27.6	41.0	1.0	17.0
17/9/2007	21:15:00	6.382	0.326	230.5	27.6	42.0	1.0	16.0
17/9/2007	21:16:00	6.646	0.324	229.98	28.8	41.0	2.0	16.0
17/9/2007	21:17:00	6.076	0.306	230.66	26.4	42.0	1.0	17.0
17/9/2007	21:18:00	7.528	0.294	229.15	33.0	42.0	26.0	16.0
17/9/2007	21:19:00	7.914	0.292	228.89	34.6	41.0	36.0	16.0
17/9/2007	21:20:00	7.89	0.292	229.01	34.4	41.0	36.0	16.0
17/9/2007	21:21:00	7.892	0.292	229.11	34.4	41.0	35.0	16.0
17/9/2007	21:22:00	7.598	0.39	229.56	33.0	41.0	36.0	16.0
17/9/2007	21:23:00	7.73	0.4	229.78	33.6	42.0	36.0	16.0
17/9/2007	21:24:00	8.11	0.446	228.94	35.4	41.0	36.0	17.0
17/9/2007	21:25:00	6.57	0.752	230.97	28.6	41.0	7.0	16.0
17/9/2007	21:26:00	6.466	0.712	232.12	28.0	42.0	2.0	16.0
17/9/2007	21:27:00	6.308	0.6	231.61	27.2	42.0	2.0	17.0
17/9/2007	21:28:00	6.168	0.594	232.5	26.6	43.0	2.0	16.0
17/9/2007	21:29:00	5.994	0.556	232.5	25.8	42.0	1.0	17.0
17/9/2007	21:30:00	5.404	0.458	233.23	23.2	43.0	2.0	17.0
17/9/2007	21:31:00	5.57	0.454	233.3	23.8	42.0	1.0	16.0
17/9/2007	21:32:00	5.456	0.454	233.32	23.4	43.0	2.0	17.0
17/9/2007	21:33:00	5.336	0.458	232.93	23.0	42.0	2.0	17.0
17/9/2007	21:34:00	5.138	0.498	232.86	22.0	43.0	2.0	16.0
17/9/2007	21:35:00	5.112	0.498	232.34	22.0	42.0	1.0	17.0
17/9/2007	21:36:00	5.092	0.474	232.56	22.0	43.0	2.0	17.0
17/9/2007	21:37:00	5.122	0.47	232.84	22.0	42.0	2.0	16.0
17/9/2007	21:38:00	5.136	0.456	233.13	22.0	42.0	1.0	17.0
17/9/2007	21:39:00	5.136	0.452	233.06	22.0	43.0	2.0	16.0
17/9/2007	21:40:00	5.122	0.45	232.68	22.0	42.0	2.0	17.0
17/9/2007	21:41:00	5.056	0.404	232.44	21.8	43.0	1.0	17.0
17/9/2007	21:42:00	5.126	0.38	232.38	22.0	42.0	4.0	16.0
17/9/2007	21:43:00	5.274	0.406	232.2	22.8	42.0	6.0	17.0
17/9/2007	21:44:00	5.258	0.4	232.51	22.6	43.0	5.0	16.0
17/9/2007	21:45:00	5.248	0.376	232.67	22.6	42.0	6.0	17.0
17/9/2007	21:46:00	5.166	0.288	233.01	22.2	42.0	4.0	17.0
17/9/2007	22:20:00	5.022	0.324	234.23	21.4	43.0	0.0	16.0
17/9/2007	22:21:00	5.08	0.332	235.94	21.4	43.0	0.0	17.0
17/9/2007	22:22:00	5.106	0.336	236.63	21.6	44.0	0.0	18.0
17/9/2007	22:23:00	5.052	0.21	237.5	21.2	44.0	0.0	17.0
18/9/2007	06:49:00	5.242	0.0	235.47	22.4	0.0	0.0	17.0
19/9/2007	06:36:00	5.992	0.186	234.99	25.4	0.0	0.0	17.0
20/9/2007	07:05:00	6.148	0.0	232.19	26.4	0.0	0.0	17.0
20/9/2007	07:06:00	5.106	0.0	233.51	21.8	0.0	0.0	17.0
20/9/2007	20:28:00	5.166	0.238	231.91	22.2	0.0	0.0	16.0
21/9/2007	19:35:00	5.5	0.368	231.49	23.8	37.0	36.0	0.0
21/9/2007	19:36:00	5.708	0.364	230.89	24.6	36.0	35.0	0.0
21/9/2007	19:39:00	5.654	0.268	231.63	24.6	27.0	36.0	0.0
21/9/2007	19:40:00	6.0	0.266	231.6	25.8	36.0	36.0	0.0
21/9/2007	19:41:00	6.324	0.268	230.96	27.4	37.0	36.0	0.0
21/9/2007	19:42:00	6.406	0.268	230.56	27.8	36.0	36.0	0.0
21/9/2007	20:14:00	6.316	0.484	230.03	27.8	31.0	45.0	0.0
21/9/2007	20:15:00	5.658	0.4	230.58	24.6	4.0	67.0	0.0
21/9/2007	20:16:00	5.386	0.432	230.58	23.6	0.0	68.0	0.0
21/9/2007	20:17:00	5.644	0.488	230.03	24.6	0.0	64.0	0.0
21/9/2007	20:18:00	5.604	0.446	230.49	24.4	0.0	71.0	0.0
22/9/2007	08:04:00	5.804	0.142	232.11	25.0	0.0	1.0	16.0
22/9/2007	08:05:00	5.54	0.142	232.05	24.0	0.0	1.0	17.0
22/9/2007	08:06:00	5.056	0.146	232.45	21.6	0.0	1.0	16.0
23/9/2007	20:17:00	5.098	0.0	232.35	22.0	36.0	0.0	17.0
24/9/2007	06:41:00	5.074	0.178	234.67	21.8	0.0	1.0	17.0
24/9/2007	20:35:00	5.146	0.084	231.77	22.2	0.0	36.0	17.0
24/9/2007	20:36:00	5.194	0.1	231.18	22.4	0.0	36.0	16.0
24/9/2007	20:37:00	5.204	0.106	231.36	22.4	0.0	36.0	17.0
24/9/2007	20:38:00	5.356	0.112	231.31	23.0	0.0	36.0	16.0
24/9/2007	20:39:00	5.418	0.084	231.03	23.4	0.0	36.0	16.0
24/9/2007	20:40:00	5.246	0.0	231.48	22.6	2.0	36.0	17.0
24/9/2007	20:41:00	5.208	0.0	231.28	22.4	1.0	36.0	16.0
24/9/2007	20:42:00	5.064	0.0	231.14	21.8	1.0	36.0	17.0
24/9/2007	20:43:00	5.13	0.0	231.09	22.2	1.0	36.0	16.0
24/9/2007	20:44:00	5.232	0.082	231.74	22.4	1.0	36.0	17.0
24/9/2007	20:45:00	5.246	0.082	232.02	22.6	2.0	36.0	16.0
24/9/2007	20:46:00	6.28	0.094	230.33	27.2	1.0	36.0	16.0
24/9/2007	20:47:00	5.948	0.168	230.89	25.8	1.0	35.0	17.0
24/9/2007	20:48:00	5.252	0.176	231.9	22.6	1.0	37.0	16.0
24/9/2007	20:49:00	5.234	0.174	231.46	22.6	1.0	36.0	17.0
24/9/2007	20:50:00	5.24	0.176	231.7	22.6	1.0	36.0	16.0
24/9/2007	20:52:00	5.724	0.188	230.68	25.0	34.0	1.0	16.0
24/9/2007	20:53:00	6.81	0.182	229.13	29.6	35.0	1.0	16.0
24/9/2007	20:54:00	5.538	0.166	230.33	24.0	36.0	2.0	16.0
24/9/2007	20:55:00	6.55	0.16	229.26	28.8	35.0	20.0	17.0
24/9/2007	20:56:00	5.996	0.166	230.55	26.2	36.0	17.0	16.0
24/9/2007	20:57:00	5.246	0.172	230.85	22.6	36.0	1.0	16.0
24/9/2007	20:58:00	5.246	0.172	230.8	22.6	35.0	1.0	17.0
24/9/2007	20:59:00	5.454	0.15	231.12	23.6	36.0	1.0	16.0
24/9/2007	21:00:00	5.862	0.064	230.86	25.4	36.0	2.0	16.0
24/9/2007	21:01:00	5.852	0.048	230.88	25.2	35.0	1.0	17.0
24/9/2007	21:02:00	5.784	0.054	231.44	25.0	36.0	1.0	16.0
24/9/2007	21:08:00	5.004	0.048	233.75	21.8	1.0	24.0	16.0
25/9/2007	20:46:00	5.004	0.226	234.97	21.2	38.0	0.0	17.0
25/9/2007	20:48:00	5.016	0.268	234.47	21.4	38.0	0.0	17.0
25/9/2007	20:49:00	5.084	0.346	234.83	21.6	37.0	0.0	17.0
25/9/2007	20:50:00	5.084	0.346	234.84	21.6	38.0	0.0	16.0
25/9/2007	20:51:00	5.108	0.348	235.38	21.6	38.0	0.0	17.0
25/9/2007	20:52:00	5.09	0.344	235.06	21.6	37.0	0.0	17.0
25/9/2007	20:53:00	5.114	0.348	235.63	21.6	38.0	0.0	17.0
25/9/2007	20:54:00	5.118	0.348	235.87	21.6	38.0	0.0	18.0
25/9/2007	20:55:00	5.104	0.348	235.62	21.6	38.0	0.0	17.0
25/9/2007	20:56:00	5.102	0.346	235.57	21.6	37.0	0.0	17.0
25/9/2007	20:57:00	5.14	0.344	235.34	21.8	38.0	0.0	17.0
25/9/2007	20:58:00	5.85	0.336	234.44	25.0	38.0	0.0	16.0
25/9/2007	20:59:00	5.77	0.334	234.14	24.6	37.0	0.0	17.0
25/9/2007	21:00:00	5.194	0.338	234.75	22.4	30.0	0.0	17.0
25/9/2007	21:04:00	5.23	0.338	234.41	22.2	37.0	0.0	17.0
25/9/2007	21:05:00	5.2	0.336	233.66	22.2	37.0	0.0	17.0
25/9/2007	21:18:00	5.256	0.418	232.93	22.6	38.0	0.0	16.0
26/9/2007	06:51:00	5.558	0.048	235.79	24.2	0.0	0.0	18.0
26/9/2007	06:52:00	5.942	0.052	234.82	25.2	0.0	0.0	16.0
26/9/2007	06:53:00	5.82	0.052	234.53	24.8	0.0	0.0	17.0
26/9/2007	06:54:00	5.798	0.052	234.52	24.6	0.0	0.0	17.0
26/9/2007	20:57:00	5.602	0.468	233.2	24.0	0.0	36.0	17.0
26/9/2007	20:59:00	5.276	0.268	232.8	22.6	0.0	37.0	17.0
26/9/2007	21:01:00	5.246	0.226	232.8	22.4	0.0	37.0	16.0
26/9/2007	21:02:00	5.254	0.242	232.8	22.6	0.0	36.0	17.0
26/9/2007	21:03:00	5.27	0.228	233.49	22.4	0.0	36.0	17.0
26/9/2007	21:04:00	5.288	0.248	233.72	22.6	0.0	37.0	16.0
26/9/2007	21:05:00	5.428	0.234	234.59	23.0	0.0	36.0	17.0
26/9/2007	21:06:00	5.52	0.294	234.29	23.6	0.0	37.0	17.0
26/9/2007	21:07:00	5.688	0.36	234.53	24.2	0.0	36.0	17.0
26/9/2007	21:08:00	5.69	0.378	234.45	24.2	0.0	37.0	17.0
26/9/2007	21:09:00	5.674	0.36	234.41	24.2	0.0	36.0	17.0
26/9/2007	21:10:00	5.682	0.378	234.4	24.2	0.0	37.0	17.0
26/9/2007	21:11:00	5.658	0.36	234.15	24.2	0.0	36.0	16.0
26/9/2007	21:12:00	5.636	0.37	233.37	24.2	0.0	37.0	17.0
26/9/2007	21:13:00	5.766	0.352	233.23	24.6	0.0	36.0	17.0
26/9/2007	21:14:00	5.626	0.37	233.24	24.0	0.0	36.0	16.0
26/9/2007	21:15:00	5.646	0.358	234.04	24.0	0.0	36.0	17.0
26/9/2007	21:16:00	5.674	0.378	234.49	24.2	0.0	37.0	17.0
26/9/2007	21:17:00	5.662	0.362	234.45	24.2	0.0	36.0	17.0
26/9/2007	21:18:00	5.658	0.374	234.12	24.2	0.0	37.0	17.0
26/9/2007	21:19:00	5.652	0.36	234.21	24.0	0.0	36.0	17.0
26/9/2007	21:20:00	5.64	0.37	233.73	24.0	0.0	37.0	16.0
26/9/2007	21:21:00	5.63	0.356	233.72	24.0	0.0	36.0	17.0
26/9/2007	21:22:00	5.666	0.37	233.8	24.2	0.0	37.0	17.0
26/9/2007	21:23:00	7.03	0.332	231.8	30.4	0.0	35.0	16.0
26/9/2007	21:24:00	6.52	0.372	232.61	28.2	0.0	37.0	17.0
26/9/2007	21:25:00	6.954	0.382	232.55	30.0	0.0	36.0	17.0
26/9/2007	21:26:00	6.014	0.378	233.55	25.8	0.0	36.0	16.0
26/9/2007	21:27:00	6.012	0.446	232.75	25.8	0.0	36.0	17.0
26/9/2007	21:28:00	5.98	0.426	233.29	25.6	0.0	36.0	17.0
26/9/2007	21:29:00	5.628	0.318	231.94	24.2	0.0	36.0	14.0
27/9/2007	07:01:00	5.124	0.198	233.83	22.2	0.0	1.0	0.0
27/9/2007	07:02:00	5.298	0.126	233.81	22.6	0.0	2.0	0.0
27/9/2007	07:03:00	5.786	0.074	233.49	24.8	0.0	1.0	14.0
27/9/2007	07:04:00	5.09	0.08	234.56	22.4	0.0	1.0	18.0
28/9/2007	06:43:00	6.406	0.254	232.21	27.6	0.0	1.0	17.0
28/9/2007	06:44:00	5.472	0.266	233.32	23.4	0.0	2.0	16.0
28/9/2007	08:05:00	5.058	0.136	233.91	21.6	37.0	1.0	17.0
28/9/2007	08:06:00	5.734	0.12	232.4	25.0	36.0	11.0	17.0
28/9/2007	08:07:00	6.93	0.094	230.48	30.0	36.0	35.0	16.0
28/9/2007	08:08:00	7.01	0.166	230.72	30.4	36.0	36.0	16.0
28/9/2007	08:09:00	7.07	0.238	230.67	30.6	35.0	36.0	17.0
28/9/2007	08:10:00	7.112	0.306	230.62	30.8	36.0	35.0	16.0
28/9/2007	08:11:00	7.156	0.308	229.95	31.0	35.0	36.0	16.0
28/9/2007	08:12:00	7.228	0.316	229.67	31.4	36.0	36.0	16.0
28/9/2007	08:13:00	7.242	0.318	229.97	31.4	35.0	35.0	17.0
28/9/2007	08:14:00	7.244	0.32	230.18	31.4	35.0	36.0	16.0
28/9/2007	08:15:00	5.814	0.336	232.0	25.4	36.0	14.0	16.0
28/9/2007	08:16:00	5.22	0.344	232.67	22.4	23.0	16.0	17.0
28/9/2007	09:47:00	5.344	0.046	232.59	23.2	0.0	61.0	17.0
28/9/2007	09:48:00	5.802	0.062	232.62	24.8	0.0	72.0	16.0
28/9/2007	09:49:00	5.918	0.0	232.75	25.4	0.0	71.0	17.0
28/9/2007	09:50:00	5.83	0.06	232.66	25.0	0.0	72.0	17.0
28/9/2007	09:51:00	5.94	0.0	232.97	25.4	0.0	72.0	16.0
28/9/2007	09:52:00	5.95	0.068	233.3	25.4	0.0	72.0	17.0
28/9/2007	09:53:00	5.848	0.052	233.29	25.2	0.0	71.0	17.0
28/9/2007	09:55:00	5.742	0.056	233.83	24.6	0.0	64.0	16.0
28/9/2007	10:04:00	5.282	0.64	234.15	23.0	0.0	37.0	17.0
28/9/2007	10:05:00	5.308	0.63	233.7	23.0	0.0	28.0	17.0
28/9/2007	10:07:00	5.78	0.606	233.81	24.8	0.0	37.0	16.0
28/9/2007	10:08:00	5.146	0.632	234.81	22.4	0.0	29.0	17.0
29/9/2007	12:32:00	5.396	0.174	234.23	23.2	37.0	40.0	0.0
29/9/2007	12:33:00	5.896	0.17	234.81	25.6	38.0	52.0	0.0
29/9/2007	12:34:00	5.12	0.14	235.69	22.0	16.0	67.0	0.0
29/9/2007	12:41:00	6.506	0.23	233.86	27.8	1.0	70.0	0.0
29/9/2007	12:49:00	5.668	0.378	235.14	24.8	11.0	38.0	0.0
29/9/2007	12:50:00	7.58	0.364	233.16	32.4	50.0	37.0	0.0
29/9/2007	12:51:00	7.592	0.368	233.4	32.4	50.0	37.0	0.0
29/9/2007	12:52:00	7.534	0.33	232.92	32.2	49.0	37.0	0.0
29/9/2007	12:53:00	5.708	0.352	235.29	25.0	23.0	37.0	0.0
29/9/2007	12:56:00	7.56	0.208	233.56	32.2	46.0	38.0	0.0
29/9/2007	12:57:00	5.1	0.252	234.13	22.2	14.0	38.0	0.0
29/9/2007	13:00:00	7.396	0.216	231.03	32.0	48.0	37.0	0.0
29/9/2007	13:01:00	7.358	0.132	231.2	31.8	49.0	37.0	0.0
29/9/2007	13:02:00	7.388	0.144	232.23	31.8	50.0	37.0	0.0
29/9/2007	13:05:00	7.314	0.108	232.42	31.4	47.0	36.0	0.0
29/9/2007	13:06:00	5.616	0.132	234.96	24.6	24.0	36.0	0.0
29/9/2007	16:24:00	5.692	0.214	235.98	24.2	37.0	31.0	17.0
29/9/2007	16:25:00	5.722	0.202	235.57	24.4	37.0	35.0	17.0
29/9/2007	16:26:00	5.586	0.114	235.98	23.8	37.0	28.0	17.0
29/9/2007	16:27:00	5.646	0.138	236.55	23.8	37.0	36.0	17.0
29/9/2007	19:42:00	5.12	0.136	232.53	22.4	0.0	0.0	0.0
29/9/2007	19:43:00	5.684	0.13	231.72	24.4	0.0	0.0	0.0
29/9/2007	19:44:00	5.68	0.13	231.57	24.4	0.0	0.0	0.0
29/9/2007	19:59:00	5.83	0.242	231.81	25.2	0.0	0.0	0.0
29/9/2007	20:01:00	5.398	0.244	231.57	23.4	0.0	0.0	0.0
29/9/2007	20:02:00	5.494	0.242	231.14	23.8	0.0	0.0	0.0
29/9/2007	20:28:00	5.534	0.0	229.55	24.6	0.0	0.0	16.0
29/9/2007	20:29:00	6.196	0.0	227.46	27.2	0.0	0.0	16.0
29/9/2007	20:30:00	5.836	0.0	228.14	25.8	0.0	0.0	16.0
29/9/2007	22:06:00	5.95	0.168	231.64	25.6	36.0	0.0	17.0
29/9/2007	22:07:00	5.95	0.17	231.95	25.6	36.0	0.0	16.0
29/9/2007	22:08:00	5.896	0.166	230.77	25.4	36.0	0.0	17.0
29/9/2007	22:09:00	5.946	0.174	232.01	25.6	36.0	0.0	16.0
29/9/2007	22:10:00	5.96	0.172	232.42	25.6	36.0	0.0	17.0
29/9/2007	22:11:00	5.89	0.166	230.81	25.4	36.0	0.0	16.0
29/9/2007	22:12:00	5.878	0.144	230.88	25.4	36.0	0.0	16.0
29/9/2007	22:13:00	5.834	0.072	231.07	25.2	35.0	0.0	17.0
29/9/2007	22:14:00	5.872	0.076	232.04	25.2	36.0	0.0	16.0
29/9/2007	22:15:00	5.878	0.074	232.16	25.2	36.0	0.0	17.0
1/10/2007	09:37:00	5.548	0.162	229.27	24.2	1.0	68.0	16.0
1/10/2007	09:38:00	5.52	0.182	229.24	24.0	1.0	69.0	16.0
1/10/2007	09:39:00	5.524	0.146	228.67	24.0	1.0	68.0	16.0
1/10/2007	09:40:00	6.792	0.15	228.8	30.0	19.0	69.0	16.0
1/10/2007	09:41:00	7.624	0.13	229.59	33.2	36.0	68.0	16.0
1/10/2007	09:42:00	7.564	0.08	229.31	33.0	35.0	69.0	17.0
1/10/2007	09:43:00	7.508	0.0	228.89	32.8	35.0	68.0	16.0
1/10/2007	09:44:00	5.922	0.064	230.94	25.8	36.0	44.0	16.0
1/10/2007	09:45:00	6.634	0.0	229.97	29.2	36.0	51.0	16.0
1/10/2007	09:46:00	6.44	0.078	230.3	28.2	35.0	53.0	16.0
1/10/2007	09:47:00	5.57	0.096	231.7	24.0	36.0	35.0	17.0
1/10/2007	09:48:00	5.58	0.116	231.75	24.0	36.0	35.0	16.0
1/10/2007	09:49:00	5.568	0.062	231.61	24.0	36.0	35.0	17.0
1/10/2007	09:50:00	5.576	0.072	231.34	24.0	36.0	35.0	16.0
1/10/2007	09:51:00	5.526	0.0	231.85	23.8	36.0	36.0	17.0
1/10/2007	09:52:00	5.528	0.048	232.11	23.8	35.0	36.0	16.0
2/10/2007	15:43:00	6.034	0.0	233.57	25.8	0.0	72.0	17.0
2/10/2007	15:44:00	5.722	0.0	234.15	24.6	0.0	68.0	16.0
2/10/2007	15:46:00	5.414	0.1	233.79	23.4	0.0	59.0	16.0
2/10/2007	15:47:00	5.938	0.12	233.25	25.4	0.0	73.0	17.0
2/10/2007	15:48:00	5.406	0.112	232.75	23.4	0.0	64.0	17.0
2/10/2007	15:49:00	5.876	0.114	231.98	25.2	0.0	72.0	16.0
2/10/2007	15:50:00	5.34	0.0	232.59	23.2	0.0	64.0	17.0
2/10/2007	15:51:00	5.818	0.0	232.16	25.0	0.0	72.0	16.0
2/10/2007	15:52:00	5.828	0.0	232.48	25.0	0.0	72.0	17.0
2/10/2007	15:53:00	5.036	0.0	232.85	22.0	0.0	62.0	16.0
3/10/2007	06:47:00	5.604	0.048	231.61	24.2	0.0	0.0	0.0
3/10/2007	06:48:00	5.252	0.05	231.32	22.6	0.0	0.0	17.0
3/10/2007	21:32:00	5.48	0.216	234.58	23.2	0.0	35.0	0.0
4/10/2007	06:52:00	5.77	0.136	232.81	24.8	0.0	0.0	17.0
4/10/2007	19:08:00	6.446	0.224	230.17	28.2	36.0	0.0	16.0
4/10/2007	19:09:00	5.29	0.236	231.71	23.2	13.0	0.0	16.0
5/10/2007	06:51:00	5.038	0.062	232.72	21.8	0.0	0.0	0.0
6/10/2007	08:07:00	5.042	0.0	234.37	21.6	0.0	0.0	17.0
6/10/2007	17:53:00	5.198	0.464	232.53	22.4	72.0	1.0	0.0
6/10/2007	17:54:00	5.222	0.46	233.26	22.4	73.0	1.0	0.0
6/10/2007	17:55:00	5.232	0.454	233.55	22.4	74.0	2.0	0.0
6/10/2007	18:07:00	6.218	0.432	231.65	26.8	72.0	0.0	17.0
6/10/2007	18:08:00	5.178	0.454	232.63	22.8	56.0	0.0	17.0
6/10/2007	18:13:00	5.698	0.536	232.95	24.8	60.0	0.0	16.0
6/10/2007	18:14:00	6.252	0.532	232.67	26.8	73.0	0.0	17.0
6/10/2007	18:15:00	6.234	0.526	232.4	26.8	72.0	0.0	17.0
6/10/2007	18:16:00	6.202	0.52	231.85	26.8	72.0	0.0	16.0
7/10/2007	12:59:00	5.1	0.132	236.27	21.6	0.0	36.0	17.0
7/10/2007	18:56:00	5.06	0.0	230.08	22.2	0.0	63.0	0.0
7/10/2007	18:57:00	5.382	0.178	229.35	23.4	0.0	69.0	0.0
7/10/2007	18:58:00	5.44	0.226	228.71	23.8	0.0	68.0	0.0
7/10/2007	18:59:00	5.456	0.242	230.01	23.6	0.0	70.0	0.0
7/10/2007	19:00:00	5.196	0.224	230.48	22.4	0.0	69.0	0.0
7/10/2007	19:01:00	5.25	0.284	230.16	22.8	0.0	70.0	0.0
7/10/2007	19:02:00	5.27	0.308	230.47	22.8	0.0	70.0	0.0
7/10/2007	19:03:00	5.262	0.318	230.06	22.8	0.0	69.0	0.0
7/10/2007	19:04:00	5.248	0.296	229.98	22.8	0.0	70.0	0.0
7/10/2007	20:55:00	5.824	0.194	233.88	25.0	36.0	28.0	0.0
7/10/2007	20:56:00	6.092	0.172	233.52	26.0	37.0	35.0	0.0
7/10/2007	20:57:00	5.946	0.188	232.9	25.6	36.0	35.0	0.0
7/10/2007	20:59:00	6.004	0.188	232.32	25.8	36.0	33.0	0.0
7/10/2007	21:00:00	6.024	0.168	232.24	25.8	36.0	35.0	0.0
7/10/2007	21:01:00	6.058	0.186	232.65	26.0	36.0	34.0	0.0
7/10/2007	21:02:00	5.744	0.176	233.67	24.6	37.0	31.0	0.0
7/10/2007	21:03:00	5.132	0.2	234.38	21.8	36.0	18.0	0.0
7/10/2007	21:04:00	6.062	0.172	233.25	26.0	36.0	34.0	0.0
7/10/2007	21:05:00	6.16	0.19	233.29	26.4	36.0	36.0	0.0
7/10/2007	21:06:00	5.298	0.184	234.53	22.6	37.0	21.0	0.0
7/10/2007	21:07:00	5.792	0.194	234.24	24.8	36.0	27.0	0.0
7/10/2007	21:11:00	5.082	0.2	234.35	21.6	0.0	36.0	18.0
7/10/2007	21:14:00	5.024	0.262	234.76	21.4	0.0	36.0	17.0
8/10/2007	06:57:00	5.372	0.072	233.01	23.0	0.0	1.0	0.0
9/10/2007	06:40:00	6.796	0.0	232.61	29.2	0.0	0.0	17.0
9/10/2007	06:41:00	5.726	0.066	233.69	24.4	0.0	0.0	16.0
9/10/2007	06:42:00	6.48	0.076	232.64	27.8	0.0	0.0	17.0
9/10/2007	15:13:00	5.666	0.054	236.32	24.2	25.0	37.0	18.0
9/10/2007	15:14:00	6.304	0.112	236.38	26.6	38.0	37.0	18.0
9/10/2007	15:15:00	6.26	0.134	235.26	26.6	37.0	38.0	17.0
9/10/2007	15:16:00	6.26	0.134	235.54	26.4	37.0	37.0	17.0
9/10/2007	15:17:00	6.242	0.134	235.39	26.4	37.0	37.0	17.0
9/10/2007	15:18:00	6.244	0.134	235.63	26.4	37.0	38.0	17.0
9/10/2007	15:32:00	5.154	0.37	236.25	21.8	37.0	1.0	17.0
9/10/2007	16:04:00	5.222	0.736	235.2	22.4	0.0	37.0	17.0
9/10/2007	16:06:00	5.266	0.742	236.8	22.4	0.0	36.0	18.0
9/10/2007	21:13:00	5.144	0.336	234.68	22.0	38.0	0.0	6.0
9/10/2007	21:14:00	5.704	0.332	234.2	24.4	37.0	0.0	17.0
9/10/2007	21:15:00	5.714	0.334	234.78	24.2	37.0	0.0	18.0
9/10/2007	21:16:00	5.224	0.322	235.31	22.2	38.0	0.0	17.0
9/10/2007	21:23:00	5.136	0.312	233.9	22.0	37.0	0.0	17.0
9/10/2007	21:24:00	5.076	0.314	234.11	21.8	36.0	0.0	16.0
9/10/2007	21:28:00	5.088	0.328	236.22	21.6	33.0	0.0	17.0
9/10/2007	21:32:00	5.112	0.198	235.94	21.6	37.0	0.0	17.0
9/10/2007	21:33:00	5.146	0.218	235.81	21.8	38.0	0.0	17.0
9/10/2007	21:38:00	5.156	0.286	236.8	21.8	38.0	0.0	17.0
9/10/2007	21:43:00	5.118	0.28	235.77	21.6	38.0	0.0	17.0
9/10/2007	21:44:00	5.12	0.28	235.96	21.6	38.0	0.0	17.0
10/10/2007	20:01:00	5.062	0.402	232.87	22.0	0.0	36.0	0.0
10/10/2007	20:02:00	5.304	0.382	232.99	22.8	0.0	37.0	0.0
10/10/2007	20:03:00	5.27	0.336	232.92	22.6	0.0	37.0	0.0
10/10/2007	20:04:00	5.07	0.298	233.31	21.8	0.0	37.0	0.0
10/10/2007	20:07:00	5.194	0.296	234.5	22.2	0.0	38.0	0.0
10/10/2007	20:51:00	5.26	0.186	233.46	22.4	37.0	1.0	17.0
10/10/2007	20:52:00	5.262	0.186	233.76	22.4	37.0	2.0	17.0
10/10/2007	20:53:00	5.278	0.188	233.73	22.6	36.0	1.0	16.0
10/10/2007	20:54:00	5.252	0.184	232.86	22.4	36.0	2.0	17.0
10/10/2007	20:55:00	5.284	0.178	232.5	22.6	37.0	1.0	17.0
10/10/2007	20:56:00	5.37	0.2	232.86	23.0	36.0	2.0	16.0
10/10/2007	20:57:00	6.4	0.224	231.01	27.8	36.0	22.0	17.0
10/10/2007	20:58:00	6.722	0.198	232.95	28.8	36.0	36.0	16.0
10/10/2007	20:59:00	5.796	0.122	234.21	25.0	36.0	27.0	17.0
10/10/2007	21:00:00	6.068	0.128	234.16	26.0	33.0	35.0	17.0
10/10/2007	21:01:00	5.554	0.124	235.14	24.0	35.0	27.0	17.0
11/10/2007	06:59:00	6.426	0.0	233.24	27.4	0.0	0.0	18.0
11/10/2007	07:00:00	5.746	0.052	234.11	24.4	0.0	0.0	17.0
11/10/2007	07:01:00	5.818	0.054	233.5	24.8	0.0	0.0	16.0
11/10/2007	21:29:00	5.304	0.262	232.01	22.8	57.0	0.0	0.0
11/10/2007	21:30:00	5.298	0.266	232.0	22.8	56.0	0.0	0.0
11/10/2007	21:33:00	5.304	0.264	232.44	22.8	56.0	0.0	0.0
11/10/2007	21:34:00	5.296	0.264	232.32	22.8	56.0	0.0	0.0
11/10/2007	21:35:00	5.318	0.266	232.93	22.8	57.0	0.0	0.0
11/10/2007	21:36:00	5.318	0.266	233.0	22.8	56.0	0.0	0.0
11/10/2007	21:37:00	5.266	0.268	233.54	22.4	57.0	0.0	0.0
11/10/2007	21:38:00	5.024	0.27	233.44	21.4	56.0	0.0	0.0
11/10/2007	22:24:00	5.002	0.058	236.85	22.0	0.0	0.0	0.0
11/10/2007	22:25:00	5.572	0.054	236.06	23.6	0.0	0.0	0.0
11/10/2007	22:26:00	5.79	0.122	234.92	24.8	0.0	0.0	0.0
12/10/2007	06:36:00	5.688	0.052	233.49	24.4	0.0	0.0	16.0
12/10/2007	10:52:00	5.022	0.466	232.91	21.6	0.0	37.0	17.0
12/10/2007	10:53:00	5.134	0.558	232.44	22.2	0.0	36.0	17.0
12/10/2007	10:54:00	5.088	0.572	231.58	22.2	0.0	36.0	16.0
12/10/2007	10:55:00	5.072	0.562	231.68	22.0	0.0	37.0	17.0
12/10/2007	10:56:00	5.088	0.57	231.71	22.0	0.0	36.0	16.0
12/10/2007	10:57:00	5.088	0.572	231.68	22.2	0.0	36.0	16.0
12/10/2007	10:58:00	5.102	0.568	231.09	22.2	0.0	36.0	17.0
12/10/2007	10:59:00	5.272	0.566	231.23	23.0	0.0	36.0	16.0
12/10/2007	11:00:00	5.262	0.566	231.18	22.8	0.0	36.0	17.0
12/10/2007	11:01:00	5.266	0.568	231.33	22.8	0.0	36.0	16.0
13/10/2007	07:43:00	5.88	0.088	233.8	25.4	0.0	0.0	17.0
13/10/2007	07:44:00	5.898	0.088	233.55	25.2	0.0	0.0	17.0
13/10/2007	07:45:00	5.452	0.08	234.04	23.2	0.0	0.0	16.0
13/10/2007	19:21:00	5.174	0.196	231.91	22.4	0.0	28.0	16.0
13/10/2007	19:22:00	5.578	0.142	230.44	24.2	0.0	36.0	16.0
13/10/2007	19:23:00	5.152	0.084	231.75	22.4	0.0	28.0	17.0
13/10/2007	19:24:00	5.636	0.098	231.41	24.2	0.0	36.0	16.0
13/10/2007	19:25:00	5.116	0.082	231.4	22.4	0.0	28.0	17.0
13/10/2007	19:26:00	5.68	0.134	232.03	24.4	0.0	37.0	16.0
13/10/2007	19:27:00	5.794	0.122	231.35	25.0	0.0	36.0	17.0
13/10/2007	19:28:00	5.678	0.126	230.23	24.6	0.0	35.0	16.0
13/10/2007	19:29:00	5.56	0.098	230.96	24.0	0.0	36.0	16.0
13/10/2007	19:30:00	5.588	0.124	230.42	24.2	0.0	36.0	17.0
13/10/2007	19:31:00	5.582	0.108	230.43	24.2	0.0	35.0	16.0
13/10/2007	19:32:00	5.486	0.0	230.77	23.6	0.0	35.0	16.0
13/10/2007	19:33:00	5.218	0.0	229.84	22.6	0.0	34.0	16.0
13/10/2007	19:34:00	5.338	0.0	229.7	23.2	0.0	35.0	17.0
13/10/2007	19:35:00	5.376	0.0	229.79	23.4	0.0	34.0	16.0
13/10/2007	19:36:00	5.362	0.0	228.98	23.4	0.0	34.0	16.0
13/10/2007	19:37:00	5.434	0.0	228.85	23.6	0.0	33.0	16.0
13/10/2007	19:38:00	5.62	0.0	229.81	24.4	0.0	35.0	16.0
13/10/2007	19:39:00	5.422	0.0	229.89	23.6	0.0	34.0	16.0
13/10/2007	19:40:00	5.404	0.0	229.47	23.4	0.0	34.0	17.0
13/10/2007	19:41:00	5.146	0.0	230.5	22.2	0.0	34.0	16.0
13/10/2007	19:42:00	5.156	0.206	229.81	22.4	0.0	34.0	16.0
13/10/2007	19:43:00	5.61	0.332	229.56	24.4	0.0	34.0	16.0
13/10/2007	19:44:00	5.17	0.218	229.85	22.4	0.0	35.0	17.0
13/10/2007	19:45:00	5.17	0.194	229.05	22.6	0.0	34.0	16.0
13/10/2007	19:46:00	5.334	0.25	229.83	23.2	0.0	34.0	16.0
13/10/2007	19:47:00	5.46	0.394	231.04	23.6	0.0	34.0	16.0
13/10/2007	19:48:00	5.47	0.402	231.05	23.6	0.0	35.0	17.0
13/10/2007	19:49:00	5.446	0.374	230.54	23.6	0.0	34.0	16.0
13/10/2007	19:50:00	5.434	0.386	230.21	23.6	0.0	34.0	16.0
13/10/2007	19:51:00	5.4	0.362	229.71	23.4	0.0	34.0	16.0
13/10/2007	19:52:00	5.476	0.382	230.65	23.8	0.0	35.0	17.0
13/10/2007	19:53:00	6.148	0.352	230.53	26.6	0.0	34.0	16.0
13/10/2007	19:54:00	6.182	0.364	230.88	26.8	0.0	34.0	16.0
13/10/2007	19:55:00	6.204	0.346	231.43	26.8	0.0	35.0	17.0
13/10/2007	19:56:00	6.226	0.366	231.94	26.8	0.0	35.0	16.0
13/10/2007	19:57:00	6.188	0.334	231.54	26.8	0.0	34.0	17.0
13/10/2007	19:58:00	6.304	0.264	231.59	27.2	0.0	35.0	16.0
13/10/2007	19:59:00	6.402	0.244	231.54	27.6	0.0	34.0	17.0
13/10/2007	20:00:00	6.502	0.266	231.85	28.0	0.0	35.0	16.0
13/10/2007	20:01:00	6.598	0.248	232.11	28.4	0.0	35.0	17.0
13/10/2007	20:02:00	7.78	0.256	230.81	34.2	0.0	34.0	16.0
13/10/2007	20:03:00	9.036	0.228	228.96	39.4	0.0	34.0	16.0
13/10/2007	20:04:00	8.866	0.246	229.05	38.6	0.0	34.0	16.0
13/10/2007	20:05:00	6.654	0.246	231.52	29.0	0.0	35.0	17.0
13/10/2007	20:06:00	6.388	0.262	231.98	27.6	0.0	34.0	16.0
13/10/2007	20:07:00	5.574	0.186	232.97	24.0	0.0	24.0	17.0
13/10/2007	20:08:00	5.692	0.144	232.43	24.6	0.0	24.0	17.0
13/10/2007	20:09:00	6.254	0.124	232.24	26.8	0.0	35.0	16.0
13/10/2007	20:10:00	8.204	0.13	230.41	35.8	0.0	34.0	16.0
13/10/2007	20:11:00	8.702	0.106	229.34	37.8	0.0	34.0	17.0
13/10/2007	20:12:00	6.888	0.136	231.11	30.2	0.0	34.0	16.0
13/10/2007	20:13:00	5.76	0.11	232.44	24.8	0.0	29.0	16.0
13/10/2007	20:14:00	5.342	0.132	233.34	23.0	0.0	19.0	17.0
13/10/2007	20:15:00	6.212	0.108	232.83	26.6	0.0	35.0	17.0
13/10/2007	20:16:00	6.226	0.126	232.91	26.6	0.0	35.0	16.0
13/10/2007	20:17:00	6.266	0.164	232.77	26.8	0.0	36.0	17.0
13/10/2007	20:18:00	5.542	0.25	233.78	23.8	0.0	33.0	17.0
13/10/2007	20:20:00	5.458	0.26	234.81	23.2	0.0	37.0	17.0
13/10/2007	20:21:00	5.378	0.24	234.16	23.0	0.0	37.0	17.0
13/10/2007	20:24:00	5.794	0.306	234.79	24.6	0.0	36.0	17.0
13/10/2007	20:25:00	5.686	0.258	234.34	24.2	0.0	37.0	17.0
13/10/2007	20:27:00	5.374	0.352	235.21	22.8	0.0	33.0	17.0
13/10/2007	20:28:00	5.422	0.36	235.01	23.0	0.0	37.0	17.0
13/10/2007	20:30:00	5.026	0.332	234.97	21.4	0.0	30.0	17.0
13/10/2007	20:33:00	6.158	0.472	233.06	26.6	0.0	36.0	16.0
13/10/2007	20:36:00	5.32	0.408	234.06	22.8	0.0	36.0	17.0
13/10/2007	20:39:00	5.436	0.348	235.02	23.0	0.0	35.0	17.0
14/10/2007	12:54:00	5.33	0.426	237.38	22.4	38.0	38.0	0.0
14/10/2007	12:55:00	5.346	0.426	238.25	22.4	39.0	38.0	0.0
14/10/2007	12:56:00	5.376	0.43	239.0	22.4	38.0	38.0	0.0
14/10/2007	12:57:00	5.362	0.426	238.42	22.4	39.0	38.0	0.0
14/10/2007	12:58:00	5.374	0.428	238.75	22.4	39.0	38.0	0.0
14/10/2007	12:59:00	5.388	0.43	239.15	22.6	39.0	39.0	0.0
14/10/2007	13:00:00	5.372	0.426	238.87	22.4	38.0	38.0	0.0
14/10/2007	13:01:00	5.358	0.424	238.54	22.4	39.0	38.0	0.0
14/10/2007	13:02:00	5.364	0.424	238.73	22.4	39.0	38.0	0.0
14/10/2007	13:03:00	5.36	0.422	238.86	22.4	39.0	39.0	0.0
14/10/2007	14:10:00	5.508	0.05	234.06	23.8	1.0	62.0	17.0
14/10/2007	14:11:00	7.804	0.052	231.79	33.6	35.0	71.0	16.0
14/10/2007	14:12:00	7.77	0.066	231.61	33.4	36.0	70.0	17.0
14/10/2007	14:13:00	7.804	0.0	231.27	33.6	36.0	70.0	16.0
14/10/2007	14:14:00	7.8	0.0	230.86	33.6	36.0	69.0	17.0
14/10/2007	14:15:00	7.85	0.0	231.65	33.8	36.0	71.0	16.0
14/10/2007	14:16:00	7.862	0.0	231.97	33.8	36.0	70.0	17.0
14/10/2007	14:17:00	7.884	0.0	232.23	33.8	36.0	71.0	16.0
14/10/2007	14:18:00	7.656	0.0	232.84	33.0	36.0	70.0	17.0
14/10/2007	14:19:00	5.828	0.05	235.64	24.6	37.0	37.0	17.0
14/10/2007	14:20:00	5.832	0.05	234.86	24.8	36.0	36.0	17.0
14/10/2007	14:21:00	6.474	0.086	233.91	28.0	37.0	47.0	16.0
14/10/2007	15:28:00	5.012	0.076	236.17	21.4	37.0	22.0	17.0
14/10/2007	15:29:00	5.418	0.0	236.2	23.0	37.0	33.0	17.0
14/10/2007	19:59:00	5.41	0.196	232.17	23.8	0.0	22.0	16.0
14/10/2007	20:00:00	5.98	0.19	231.78	26.0	0.0	29.0	17.0
16/10/2007	12:54:00	5.916	0.206	233.65	25.2	0.0	73.0	16.0
16/10/2007	12:55:00	5.432	0.198	234.0	23.4	0.0	65.0	17.0
16/10/2007	12:56:00	5.916	0.204	233.56	25.2	0.0	72.0	17.0
16/10/2007	12:57:00	5.872	0.166	233.11	25.2	0.0	73.0	17.0
16/10/2007	12:58:00	5.826	0.08	233.51	24.8	0.0	72.0	16.0
16/10/2007	12:59:00	6.972	0.382	231.74	30.2	0.0	72.0	17.0
16/10/2007	13:00:00	7.134	0.436	230.55	31.0	0.0	71.0	16.0
16/10/2007	13:01:00	7.114	0.422	230.58	30.8	0.0	71.0	16.0
16/10/2007	13:02:00	7.046	0.326	230.64	30.6	0.0	69.0	17.0
16/10/2007	13:03:00	7.056	0.32	230.98	30.6	0.0	70.0	16.0
16/10/2007	13:04:00	7.07	0.324	231.23	30.6	0.0	69.0	17.0
16/10/2007	13:05:00	7.062	0.318	231.17	30.6	0.0	70.0	16.0
16/10/2007	13:06:00	7.106	0.328	231.84	30.6	0.0	70.0	16.0
16/10/2007	13:07:00	7.152	0.356	232.1	30.8	0.0	70.0	17.0
16/10/2007	13:08:00	5.41	0.422	233.92	23.4	0.0	44.0	17.0
16/10/2007	14:02:00	5.05	0.678	233.61	21.8	0.0	36.0	16.0
16/10/2007	14:04:00	5.006	0.67	232.63	21.6	0.0	36.0	17.0
17/10/2007	06:56:00	5.222	0.2	234.28	22.2	0.0	2.0	17.0
17/10/2007	06:57:00	6.642	0.184	232.71	28.6	0.0	1.0	17.0
17/10/2007	06:58:00	6.9	0.186	233.69	29.6	0.0	2.0	17.0
18/10/2007	06:53:00	5.532	0.056	232.49	23.8	0.0	0.0	17.0
18/10/2007	21:23:00	5.582	0.086	233.78	23.8	37.0	0.0	16.0
18/10/2007	21:24:00	5.78	0.092	234.28	24.6	36.0	0.0	17.0
18/10/2007	21:25:00	5.398	0.11	235.24	22.8	37.0	0.0	17.0
19/10/2007	06:37:00	5.136	0.144	233.89	22.2	0.0	0.0	0.0
19/10/2007	10:31:00	5.796	0.124	231.47	25.0	33.0	36.0	17.0
19/10/2007	10:32:00	5.798	0.122	231.74	25.0	36.0	36.0	16.0
19/10/2007	10:33:00	5.792	0.122	231.59	25.0	36.0	37.0	17.0
19/10/2007	10:34:00	5.786	0.122	231.59	24.8	36.0	36.0	16.0
19/10/2007	10:35:00	5.762	0.12	231.12	24.8	36.0	36.0	17.0
19/10/2007	11:03:00	5.226	0.308	233.72	22.6	37.0	0.0	17.0
19/10/2007	11:11:00	6.104	0.192	231.8	26.2	1.0	70.0	17.0
19/10/2007	11:12:00	5.682	0.204	233.62	24.6	1.0	62.0	16.0
19/10/2007	11:13:00	6.134	0.192	232.86	26.2	1.0	71.0	17.0
19/10/2007	11:14:00	6.066	0.082	232.99	26.0	1.0	70.0	17.0
19/10/2007	11:15:00	6.056	0.076	233.03	26.0	2.0	71.0	16.0
19/10/2007	11:18:00	5.792	0.048	233.99	25.0	1.0	64.0	17.0
19/10/2007	11:40:00	5.564	0.554	232.43	24.0	1.0	34.0	17.0
19/10/2007	11:41:00	5.536	0.574	232.08	24.0	1.0	35.0	16.0
19/10/2007	11:42:00	5.538	0.588	231.95	24.0	1.0	35.0	17.0
19/10/2007	11:43:00	5.55	0.574	232.62	24.0	1.0	34.0	16.0
19/10/2007	11:44:00	5.18	0.638	234.53	22.4	1.0	30.0	17.0
19/10/2007	11:46:00	5.972	0.598	233.43	26.0	4.0	35.0	17.0
19/10/2007	11:47:00	6.192	0.564	232.57	26.8	37.0	13.0	16.0
19/10/2007	11:58:00	5.922	0.0	234.32	25.2	36.0	35.0	17.0
20/10/2007	07:57:00	5.344	0.048	237.36	22.6	0.0	0.0	17.0
20/10/2007	07:58:00	5.57	0.05	237.04	23.4	0.0	0.0	17.0
20/10/2007	07:59:00	5.568	0.05	236.97	23.4	0.0	0.0	18.0
20/10/2007	14:08:00	5.026	0.214	240.0	21.0	38.0	0.0	18.0
21/10/2007	12:40:00	5.022	0.49	234.39	22.0	30.0	0.0	17.0
21/10/2007	12:44:00	5.434	0.25	234.6	23.2	37.0	0.0	17.0
21/10/2007	13:30:00	5.586	0.0	237.77	23.8	0.0	61.0	17.0
21/10/2007	13:31:00	6.138	0.0	237.05	25.8	0.0	73.0	18.0
21/10/2007	13:32:00	6.122	0.0	236.69	25.8	0.0	73.0	17.0
21/10/2007	13:33:00	6.116	0.0	236.95	25.8	0.0	73.0	17.0
21/10/2007	13:34:00	6.086	0.0	235.82	25.8	0.0	73.0	17.0
21/10/2007	13:35:00	6.14	0.068	233.79	26.2	0.0	71.0	17.0
21/10/2007	13:36:00	6.59	0.094	233.66	28.2	0.0	72.0	17.0
21/10/2007	13:37:00	7.44	0.158	233.3	31.8	0.0	73.0	16.0
21/10/2007	13:38:00	6.196	0.182	233.91	26.4	0.0	73.0	17.0
21/10/2007	13:39:00	6.066	0.164	233.32	26.0	0.0	72.0	17.0
21/10/2007	13:40:00	6.124	0.182	234.05	26.0	0.0	73.0	17.0
21/10/2007	13:43:00	5.25	0.19	236.81	22.6	0.0	61.0	17.0
21/10/2007	14:30:00	5.102	0.314	240.91	21.2	39.0	0.0	18.0
21/10/2007	14:31:00	5.068	0.31	239.99	21.2	38.0	0.0	17.0
21/10/2007	14:32:00	5.06	0.304	240.49	21.0	38.0	0.0	18.0
21/10/2007	14:33:00	5.064	0.306	240.61	21.0	39.0	0.0	18.0
21/10/2007	15:40:00	6.076	0.0	239.17	25.4	38.0	37.0	18.0
21/10/2007	15:41:00	5.062	0.0	240.33	21.0	38.0	21.0	18.0
21/10/2007	15:42:00	5.774	0.0	239.6	24.2	39.0	30.0	17.0
21/10/2007	15:43:00	6.056	0.0	237.99	25.4	37.0	36.0	18.0
21/10/2007	15:44:00	5.672	0.0	238.62	23.8	38.0	31.0	17.0
21/10/2007	15:45:00	5.182	0.1	238.92	21.8	38.0	19.0	17.0
21/10/2007	15:46:00	6.104	0.072	238.1	25.6	37.0	36.0	18.0
21/10/2007	15:47:00	5.976	0.088	237.75	25.2	38.0	37.0	17.0
21/10/2007	15:49:00	6.04	0.092	237.8	25.4	37.0	34.0	17.0
21/10/2007	15:50:00	5.702	0.18	238.82	24.0	38.0	30.0	17.0
21/10/2007	15:51:00	5.392	0.27	238.49	22.8	38.0	21.0	18.0
21/10/2007	15:52:00	6.186	0.306	236.22	26.2	37.0	37.0	17.0
21/10/2007	20:48:00	5.168	0.174	235.53	22.0	38.0	0.0	17.0
21/10/2007	20:49:00	5.15	0.2	235.53	21.8	37.0	1.0	17.0
21/10/2007	20:50:00	5.564	0.174	235.64	23.6	37.0	2.0	17.0
21/10/2007	20:51:00	5.214	0.07	235.44	22.2	37.0	1.0	17.0
21/10/2007	20:52:00	5.04	0.07	235.35	21.4	37.0	2.0	17.0
21/10/2007	20:53:00	5.018	0.068	234.77	21.4	37.0	1.0	17.0
21/10/2007	20:54:00	5.054	0.074	235.96	21.4	37.0	1.0	17.0
21/10/2007	20:55:00	5.044	0.072	235.7	21.4	37.0	2.0	17.0
21/10/2007	20:56:00	5.062	0.072	236.26	21.4	37.0	1.0	17.0
22/10/2007	06:59:00	5.326	0.188	237.48	22.4	0.0	0.0	17.0
23/10/2007	16:44:00	5.178	0.0	239.23	22.0	1.0	60.0	18.0
23/10/2007	16:45:00	5.31	0.0	239.09	22.4	2.0	66.0	17.0
23/10/2007	16:46:00	5.786	0.0	237.93	24.2	1.0	73.0	18.0
23/10/2007	16:47:00	6.362	0.252	237.17	27.0	1.0	65.0	17.0
23/10/2007	16:48:00	5.796	0.0	238.33	24.2	1.0	73.0	17.0
23/10/2007	16:49:00	5.764	0.0	237.82	24.2	1.0	74.0	18.0
23/10/2007	16:50:00	5.768	0.0	237.76	24.2	2.0	73.0	17.0
23/10/2007	16:55:00	5.514	0.402	238.03	23.2	2.0	37.0	18.0
23/10/2007	16:56:00	5.564	0.476	239.01	23.4	1.0	37.0	17.0
23/10/2007	17:34:00	6.28	0.384	237.94	26.8	1.0	48.0	18.0
23/10/2007	17:35:00	8.45	0.44	236.87	36.0	12.0	73.0	17.0
23/10/2007	17:36:00	8.498	0.152	235.78	36.0	37.0	72.0	17.0
23/10/2007	17:37:00	8.278	0.154	236.93	34.8	37.0	73.0	17.0
23/10/2007	17:38:00	8.284	0.216	236.61	35.0	38.0	73.0	17.0
23/10/2007	17:39:00	8.212	0.202	235.57	34.8	37.0	72.0	17.0
23/10/2007	17:40:00	8.232	0.212	235.86	34.8	37.0	73.0	17.0
23/10/2007	17:41:00	8.24	0.206	236.17	34.8	37.0	73.0	17.0
23/10/2007	17:42:00	7.44	0.202	236.49	31.4	37.0	62.0	17.0
23/10/2007	17:43:00	7.562	0.19	235.92	32.0	37.0	61.0	18.0
23/10/2007	17:44:00	8.058	0.108	235.34	34.2	37.0	72.0	17.0
23/10/2007	17:45:00	7.576	0.09	235.73	32.2	37.0	66.0	17.0
23/10/2007	17:46:00	7.196	0.096	236.12	30.4	37.0	56.0	17.0
23/10/2007	17:47:00	8.01	0.084	235.06	34.0	36.0	72.0	17.0
23/10/2007	17:48:00	7.572	0.092	235.51	32.2	37.0	66.0	17.0
23/10/2007	17:49:00	5.44	0.116	237.55	23.2	10.0	57.0	17.0
23/10/2007	17:50:00	5.938	0.128	237.29	25.0	0.0	73.0	17.0
23/10/2007	17:51:00	5.084	0.116	238.64	21.4	1.0	59.0	18.0
23/10/2007	17:52:00	5.662	0.13	237.07	24.0	0.0	65.0	17.0
23/10/2007	17:53:00	5.526	0.0	237.74	23.2	0.0	67.0	17.0
23/10/2007	17:54:00	5.12	0.0	238.28	21.6	0.0	57.0	18.0
23/10/2007	17:55:00	5.744	0.0	237.96	24.2	0.0	72.0	17.0
24/10/2007	19:33:00	5.098	0.0	233.11	21.8	37.0	0.0	13.0
24/10/2007	19:34:00	5.23	0.0	233.09	22.4	37.0	0.0	17.0
24/10/2007	19:35:00	5.216	0.0	232.73	22.4	37.0	0.0	17.0
24/10/2007	19:36:00	5.3	0.0	232.12	22.8	36.0	0.0	17.0
24/10/2007	19:37:00	5.198	0.0	232.2	22.4	37.0	0.0	17.0
24/10/2007	19:38:00	5.22	0.0	232.75	22.4	37.0	0.0	17.0
24/10/2007	19:39:00	5.322	0.138	233.96	22.6	37.0	0.0	16.0
24/10/2007	19:40:00	5.324	0.136	234.13	22.6	37.0	2.0	17.0
24/10/2007	19:41:00	5.292	0.134	233.47	22.6	37.0	1.0	17.0
24/10/2007	19:42:00	5.334	0.138	234.43	22.6	38.0	1.0	17.0
24/10/2007	19:43:00	5.346	0.14	234.75	22.6	37.0	2.0	17.0
24/10/2007	19:44:00	5.316	0.136	234.04	22.6	37.0	1.0	17.0
24/10/2007	19:45:00	5.312	0.136	233.94	22.6	38.0	2.0	17.0
24/10/2007	19:48:00	5.406	0.276	233.53	23.4	28.0	2.0	17.0
24/10/2007	19:49:00	5.648	0.348	232.95	24.2	37.0	1.0	16.0
24/10/2007	19:50:00	5.622	0.344	232.27	24.2	37.0	1.0	17.0
24/10/2007	19:51:00	5.598	0.288	232.59	24.0	36.0	1.0	16.0
24/10/2007	19:55:00	5.542	0.232	232.61	23.8	37.0	0.0	17.0
24/10/2007	19:56:00	5.548	0.234	232.76	23.8	37.0	0.0	16.0
24/10/2007	19:57:00	5.552	0.208	233.32	23.8	37.0	0.0	17.0
24/10/2007	20:01:00	5.77	0.15	232.19	24.8	36.0	0.0	16.0
24/10/2007	20:02:00	5.74	0.136	232.95	24.6	37.0	0.0	17.0
24/10/2007	20:03:00	5.774	0.138	233.71	24.6	37.0	0.0	17.0
24/10/2007	21:22:00	5.826	0.064	236.37	24.6	0.0	0.0	18.0
25/10/2007	06:39:00	5.086	0.0	237.91	22.8	0.0	0.0	18.0
25/10/2007	06:40:00	6.544	0.0	236.2	27.6	0.0	0.0	18.0
25/10/2007	06:41:00	6.414	0.0	235.12	27.2	0.0	0.0	17.0
25/10/2007	06:42:00	6.402	0.0	234.97	27.2	0.0	0.0	17.0
25/10/2007	07:38:00	5.168	0.192	235.42	22.4	0.0	0.0	17.0
25/10/2007	07:39:00	5.902	0.072	234.3	25.2	0.0	0.0	17.0
25/10/2007	19:28:00	5.21	0.358	232.5	22.4	0.0	37.0	0.0
25/10/2007	21:11:00	6.194	0.296	234.94	26.4	1.0	34.0	17.0
25/10/2007	21:12:00	5.41	0.358	234.31	23.4	2.0	34.0	17.0
25/10/2007	21:13:00	5.622	0.256	233.67	24.2	1.0	31.0	17.0
25/10/2007	21:14:00	5.476	0.234	234.75	23.4	1.0	36.0	17.0
25/10/2007	21:15:00	5.356	0.222	235.32	23.0	1.0	30.0	17.0
25/10/2007	21:16:00	5.62	0.24	235.31	23.8	1.0	37.0	17.0
25/10/2007	21:17:00	5.558	0.142	235.71	23.6	2.0	37.0	17.0
25/10/2007	21:18:00	5.59	0.168	234.86	23.8	1.0	37.0	17.0
25/10/2007	21:19:00	5.502	0.16	234.94	23.4	1.0	37.0	17.0
25/10/2007	21:20:00	5.466	0.182	234.98	23.2	1.0	37.0	17.0
25/10/2007	21:21:00	5.592	0.156	234.85	23.8	1.0	37.0	17.0
25/10/2007	21:22:00	5.618	0.172	234.73	23.8	2.0	37.0	17.0
25/10/2007	21:23:00	5.546	0.15	233.36	23.8	1.0	36.0	17.0
25/10/2007	21:24:00	5.514	0.132	232.9	23.6	1.0	36.0	17.0
25/10/2007	21:25:00	5.326	0.0	233.14	22.8	1.0	35.0	16.0
25/10/2007	21:26:00	5.35	0.058	232.99	22.8	1.0	35.0	17.0
25/10/2007	21:27:00	5.336	0.0	233.19	22.8	1.0	35.0	17.0
25/10/2007	21:28:00	5.448	0.056	233.25	23.4	2.0	35.0	16.0
25/10/2007	21:29:00	5.486	0.0	234.1	23.4	1.0	35.0	17.0
25/10/2007	21:30:00	5.51	0.056	234.11	23.4	1.0	35.0	17.0
25/10/2007	21:31:00	5.498	0.0	234.02	23.4	1.0	35.0	17.0
25/10/2007	21:32:00	5.55	0.06	235.12	23.6	1.0	36.0	17.0
25/10/2007	21:33:00	5.56	0.0	235.64	23.6	2.0	36.0	17.0
25/10/2007	21:34:00	5.54	0.06	235.87	23.4	1.0	35.0	17.0
25/10/2007	21:35:00	5.276	0.058	235.8	22.4	1.0	36.0	17.0
25/10/2007	21:36:00	5.198	0.0	235.58	22.0	1.0	36.0	17.0
25/10/2007	21:37:00	5.182	0.0	235.7	22.0	1.0	35.0	17.0
25/10/2007	21:38:00	5.234	0.054	236.25	22.0	2.0	36.0	17.0
25/10/2007	21:39:00	5.282	0.15	235.51	22.4	1.0	36.0	17.0
25/10/2007	21:40:00	5.288	0.168	235.47	22.4	1.0	36.0	17.0
25/10/2007	21:43:00	5.424	0.26	237.29	22.8	2.0	36.0	17.0
25/10/2007	21:44:00	5.414	0.276	236.96	22.8	1.0	36.0	17.0
25/10/2007	21:45:00	5.378	0.28	236.35	22.8	1.0	36.0	17.0
25/10/2007	21:47:00	5.12	0.296	236.56	21.8	0.0	31.0	18.0
25/10/2007	21:48:00	5.278	0.264	234.06	22.6	1.0	35.0	16.0
26/10/2007	06:42:00	5.802	0.046	239.4	24.2	0.0	0.0	18.0
26/10/2007	06:43:00	5.562	0.048	239.71	23.2	0.0	0.0	17.0
27/10/2007	07:36:00	5.002	0.14	237.59	21.0	0.0	0.0	0.0
27/10/2007	07:37:00	5.128	0.086	236.33	21.6	0.0	0.0	0.0
27/10/2007	07:38:00	5.666	0.078	234.91	24.2	0.0	0.0	0.0
27/10/2007	08:39:00	5.83	0.32	237.71	24.6	0.0	38.0	18.0
27/10/2007	08:40:00	5.724	0.308	237.33	24.0	0.0	37.0	17.0
27/10/2007	08:45:00	5.568	0.086	238.0	23.4	0.0	37.0	17.0
27/10/2007	10:11:00	5.568	0.066	232.65	24.4	0.0	53.0	16.0
27/10/2007	10:12:00	6.518	0.07	232.03	28.0	0.0	71.0	17.0
27/10/2007	10:13:00	6.376	0.056	232.25	27.4	0.0	71.0	17.0
27/10/2007	10:14:00	6.44	0.066	231.89	27.8	0.0	70.0	16.0
27/10/2007	10:15:00	6.57	0.052	231.51	28.4	0.0	70.0	17.0
27/10/2007	10:16:00	6.556	0.056	230.75	28.4	0.0	70.0	16.0
27/10/2007	10:17:00	6.406	0.0	230.41	27.8	0.0	70.0	16.0
27/10/2007	10:18:00	6.394	0.058	231.09	27.6	0.0	70.0	17.0
27/10/2007	10:19:00	6.494	0.046	231.13	28.0	0.0	71.0	16.0
27/10/2007	10:20:00	6.654	0.052	230.7	28.8	0.0	70.0	16.0
27/10/2007	10:21:00	6.644	0.0	230.59	28.8	0.0	70.0	17.0
27/10/2007	10:22:00	6.678	0.052	231.22	28.8	0.0	70.0	16.0
27/10/2007	10:23:00	6.65	0.0	230.78	28.8	0.0	70.0	16.0
30/10/2007	13:37:00	7.836	0.558	231.72	34.0	0.0	70.0	16.0
30/10/2007	13:38:00	7.92	0.558	232.17	34.2	0.0	71.0	17.0
30/10/2007	13:39:00	7.922	0.57	232.31	34.2	0.0	70.0	16.0
30/10/2007	13:40:00	7.898	0.546	231.98	34.0	0.0	70.0	17.0
30/10/2007	13:41:00	7.908	0.562	231.96	34.2	0.0	71.0	16.0
30/10/2007	13:42:00	7.912	0.544	232.28	34.0	0.0	70.0	17.0
30/10/2007	13:43:00	6.998	0.248	233.48	30.2	0.0	71.0	17.0
30/10/2007	13:44:00	6.212	0.046	234.74	26.4	0.0	72.0	17.0
30/10/2007	13:45:00	5.638	0.0	235.3	24.2	0.0	68.0	17.0
30/10/2007	13:47:00	5.452	0.0	235.5	23.4	0.0	64.0	17.0
31/10/2007	13:04:00	5.05	0.24	234.51	22.0	0.0	51.0	17.0
31/10/2007	13:05:00	6.206	0.218	233.39	26.6	0.0	68.0	16.0
31/10/2007	13:06:00	5.894	0.236	234.02	25.4	0.0	68.0	17.0
31/10/2007	13:07:00	5.994	0.152	233.09	25.8	0.0	65.0	17.0
31/10/2007	13:08:00	6.158	0.138	233.76	26.2	0.0	71.0	17.0
31/10/2007	13:09:00	6.146	0.122	233.8	26.2	0.0	71.0	17.0
31/10/2007	13:10:00	6.116	0.132	232.95	26.2	0.0	70.0	16.0
31/10/2007	13:11:00	5.592	0.116	233.27	24.2	0.0	65.0	17.0
31/10/2007	13:50:00	5.63	0.466	234.73	24.0	0.0	42.0	17.0
31/10/2007	13:51:00	5.362	0.292	234.8	23.0	0.0	40.0	17.0
2/11/2007	17:07:00	5.254	0.166	235.09	22.6	0.0	32.0	17.0
2/11/2007	17:10:00	5.582	0.154	234.13	23.8	0.0	35.0	16.0
4/11/2007	18:12:00	5.12	0.088	231.87	22.0	0.0	35.0	16.0
4/11/2007	18:13:00	5.124	0.098	232.18	22.0	0.0	34.0	17.0
4/11/2007	18:14:00	5.152	0.106	232.74	22.0	0.0	35.0	17.0
4/11/2007	18:15:00	5.178	0.102	233.56	22.0	0.0	35.0	16.0
4/11/2007	18:16:00	5.192	0.108	233.74	22.2	0.0	36.0	17.0
4/11/2007	18:17:00	5.174	0.096	233.39	22.0	0.0	35.0	17.0
4/11/2007	18:18:00	5.16	0.102	233.42	22.0	0.0	35.0	16.0
4/11/2007	18:19:00	5.144	0.096	233.13	22.0	0.0	35.0	17.0
4/11/2007	18:20:00	5.136	0.1	232.87	22.0	0.0	35.0	17.0
4/11/2007	18:21:00	5.12	0.092	232.54	22.0	0.0	35.0	16.0
4/11/2007	18:22:00	5.15	0.1	233.25	22.0	0.0	35.0	17.0
4/11/2007	18:23:00	5.142	0.084	232.84	22.0	0.0	35.0	17.0
4/11/2007	18:24:00	5.16	0.124	232.49	22.2	0.0	35.0	16.0
4/11/2007	18:25:00	5.148	0.118	232.3	22.0	0.0	35.0	17.0
4/11/2007	18:26:00	5.182	0.124	233.18	22.2	0.0	35.0	17.0
4/11/2007	18:27:00	5.166	0.122	232.87	22.2	0.0	35.0	16.0
4/11/2007	18:28:00	5.186	0.126	233.35	22.2	0.0	35.0	17.0
4/11/2007	18:29:00	5.196	0.126	233.62	22.2	0.0	35.0	17.0
4/11/2007	18:30:00	5.2	0.126	233.77	22.2	0.0	35.0	16.0
4/11/2007	18:31:00	5.172	0.124	233.16	22.0	0.0	35.0	17.0
4/11/2007	18:32:00	5.182	0.124	233.44	22.2	0.0	36.0	17.0
4/11/2007	18:33:00	5.196	0.126	233.77	22.2	0.0	35.0	17.0
4/11/2007	18:34:00	5.194	0.124	233.8	22.2	0.0	35.0	16.0
4/11/2007	18:37:00	5.2	0.128	233.91	22.2	0.0	35.0	17.0
4/11/2007	18:38:00	5.228	0.15	233.83	22.2	0.0	36.0	17.0
4/11/2007	18:39:00	5.244	0.236	233.08	22.4	0.0	36.0	16.0
4/11/2007	18:40:00	5.024	0.188	231.93	21.6	0.0	35.0	17.0
4/11/2007	18:42:00	5.12	0.106	232.96	22.0	0.0	34.0	17.0
4/11/2007	18:43:00	5.158	0.112	233.01	22.0	0.0	36.0	17.0
4/11/2007	18:44:00	5.054	0.132	233.95	21.6	0.0	36.0	17.0
4/11/2007	18:46:00	5.254	0.206	233.55	22.4	0.0	36.0	17.0
4/11/2007	18:47:00	5.218	0.206	232.56	22.4	0.0	36.0	17.0
4/11/2007	18:50:00	5.242	0.202	233.37	22.4	0.0	37.0	17.0
4/11/2007	18:53:00	5.506	0.228	233.69	23.4	0.0	37.0	16.0
4/11/2007	19:31:00	5.082	0.0	234.03	21.8	0.0	32.0	17.0
4/11/2007	19:32:00	5.098	0.056	233.79	21.8	0.0	36.0	17.0
4/11/2007	19:34:00	5.01	0.084	234.35	21.2	0.0	37.0	17.0
4/11/2007	19:38:00	5.002	0.158	234.27	21.2	0.0	37.0	17.0
4/11/2007	21:42:00	5.08	0.16	234.24	21.6	0.0	36.0	17.0
4/11/2007	21:44:00	5.22	0.112	233.05	22.4	0.0	36.0	17.0
6/11/2007	11:04:00	5.6	0.082	232.85	24.0	0.0	71.0	17.0
6/11/2007	11:05:00	5.15	0.094	233.32	22.4	0.0	62.0	16.0
6/11/2007	11:06:00	5.604	0.08	232.77	24.0	0.0	71.0	17.0
6/11/2007	11:07:00	5.152	0.098	234.2	22.2	0.0	63.0	17.0
6/11/2007	11:08:00	5.668	0.088	234.64	24.0	0.0	72.0	17.0
6/11/2007	11:09:00	5.65	0.102	234.11	24.0	0.0	72.0	16.0
6/11/2007	11:54:00	5.72	0.088	234.54	24.4	0.0	73.0	17.0
6/11/2007	11:55:00	5.786	0.172	234.18	24.6	0.0	73.0	17.0
6/11/2007	11:56:00	5.762	0.184	233.9	24.6	0.0	73.0	16.0
6/11/2007	11:57:00	5.812	0.166	233.66	24.8	0.0	73.0	17.0
6/11/2007	11:58:00	5.774	0.178	233.61	24.6	0.0	72.0	17.0
6/11/2007	11:59:00	5.788	0.166	234.19	24.6	0.0	74.0	17.0
6/11/2007	12:00:00	5.844	0.198	233.81	25.0	0.0	73.0	16.0
6/11/2007	12:01:00	5.778	0.166	234.14	24.6	0.0	73.0	17.0
6/11/2007	12:02:00	5.368	0.174	234.55	23.0	0.0	67.0	17.0
7/11/2007	18:50:00	5.548	0.302	228.03	24.2	35.0	0.0	17.0
7/11/2007	18:51:00	5.722	0.282	227.57	25.2	35.0	0.0	16.0
7/11/2007	18:52:00	5.428	0.182	227.73	23.8	36.0	0.0	17.0
7/11/2007	18:53:00	5.42	0.18	227.7	23.8	35.0	0.0	16.0
7/11/2007	18:54:00	5.496	0.256	227.77	24.0	35.0	0.0	16.0
7/11/2007	18:55:00	5.484	0.27	227.53	24.0	35.0	0.0	16.0
7/11/2007	18:56:00	5.466	0.268	227.11	24.0	35.0	0.0	16.0
7/11/2007	18:57:00	5.47	0.268	227.2	24.0	36.0	0.0	16.0
7/11/2007	18:58:00	5.824	0.272	227.88	25.6	35.0	0.0	16.0
7/11/2007	18:59:00	6.078	0.27	226.77	26.8	35.0	0.0	16.0
7/11/2007	19:00:00	6.06	0.264	226.32	26.8	35.0	0.0	15.0
7/11/2007	19:01:00	6.298	0.208	226.9	27.8	35.0	0.0	16.0
7/11/2007	19:02:00	6.4	0.21	227.59	28.0	35.0	0.0	16.0
7/11/2007	19:03:00	6.45	0.212	227.92	28.2	35.0	0.0	16.0
7/11/2007	19:04:00	6.456	0.21	227.85	28.4	36.0	0.0	16.0
7/11/2007	19:05:00	6.316	0.214	228.29	27.6	35.0	0.0	16.0
7/11/2007	19:06:00	6.178	0.214	228.12	27.0	35.0	0.0	16.0
7/11/2007	19:07:00	5.894	0.264	228.93	26.0	33.0	0.0	16.0
7/11/2007	19:10:00	6.324	0.278	229.42	27.6	35.0	0.0	16.0
7/11/2007	19:11:00	6.206	0.126	229.91	27.0	35.0	0.0	16.0
7/11/2007	19:12:00	6.302	0.124	229.21	27.4	36.0	0.0	17.0
7/11/2007	19:13:00	6.14	0.11	229.64	26.8	36.0	0.0	16.0
7/11/2007	19:16:00	5.544	0.088	228.49	24.2	36.0	0.0	16.0
7/11/2007	19:17:00	5.608	0.17	227.92	24.6	35.0	0.0	16.0
7/11/2007	19:18:00	5.624	0.206	227.81	24.6	35.0	0.0	16.0
7/11/2007	19:19:00	5.61	0.204	227.59	24.6	36.0	0.0	16.0
7/11/2007	19:20:00	5.336	0.206	228.17	23.6	33.0	0.0	15.0
7/11/2007	19:22:00	5.188	0.232	228.59	23.2	17.0	0.0	16.0
7/11/2007	19:23:00	6.17	0.232	227.08	27.2	35.0	0.0	16.0
7/11/2007	19:24:00	6.202	0.258	227.06	27.4	35.0	0.0	16.0
7/11/2007	19:25:00	6.034	0.342	227.22	26.6	34.0	1.0	15.0
7/11/2007	19:29:00	5.268	0.358	229.22	23.4	15.0	1.0	16.0
7/11/2007	19:30:00	6.272	0.342	227.61	27.6	35.0	2.0	16.0
7/11/2007	19:31:00	5.93	0.33	228.14	26.0	35.0	1.0	16.0
7/11/2007	19:32:00	5.186	0.32	229.12	22.6	36.0	2.0	16.0
7/11/2007	19:36:00	5.18	0.3	229.44	22.6	36.0	1.0	17.0
7/11/2007	19:37:00	5.192	0.304	230.16	22.6	36.0	1.0	16.0
7/11/2007	19:38:00	5.204	0.306	230.44	22.6	36.0	2.0	16.0
7/11/2007	20:53:00	5.014	0.124	234.87	21.4	37.0	0.0	0.0
7/11/2007	20:54:00	5.274	0.232	234.74	22.4	37.0	0.0	0.0
7/11/2007	20:55:00	5.252	0.228	235.59	22.2	37.0	0.0	0.0
8/11/2007	20:26:00	5.934	0.468	234.5	25.6	37.0	0.0	17.0
8/11/2007	20:27:00	6.46	0.506	234.14	27.6	37.0	0.0	17.0
8/11/2007	20:28:00	5.254	0.32	234.15	22.6	38.0	0.0	17.0
9/11/2007	13:18:00	5.636	0.0	231.17	24.4	0.0	67.0	17.0
9/11/2007	13:19:00	5.186	0.0	231.92	22.6	0.0	62.0	16.0
9/11/2007	13:20:00	5.702	0.0	231.93	24.4	0.0	71.0	17.0
9/11/2007	13:21:00	5.734	0.0	232.74	24.6	0.0	71.0	16.0
9/11/2007	13:22:00	5.918	0.0	232.15	25.6	0.0	71.0	17.0
9/11/2007	13:23:00	6.86	0.282	230.17	29.8	0.0	69.0	16.0
9/11/2007	13:24:00	7.046	0.334	229.68	30.6	0.0	69.0	16.0
9/11/2007	13:25:00	7.038	0.326	229.76	30.6	0.0	70.0	16.0
9/11/2007	13:26:00	7.036	0.328	229.86	30.6	0.0	69.0	17.0
9/11/2007	13:27:00	7.012	0.322	229.41	30.6	0.0	69.0	16.0
9/11/2007	13:28:00	7.008	0.328	229.24	30.6	0.0	69.0	16.0
9/11/2007	13:29:00	7.018	0.324	229.5	30.6	0.0	69.0	16.0
9/11/2007	13:30:00	6.2	0.11	231.08	27.0	0.0	70.0	17.0
9/11/2007	13:33:00	5.202	0.0	232.17	22.6	0.0	63.0	17.0
9/11/2007	14:01:00	5.026	0.13	234.35	21.6	0.0	39.0	17.0
10/11/2007	17:51:00	5.77	0.304	233.94	24.6	38.0	1.0	17.0
10/11/2007	17:52:00	5.682	0.252	233.48	24.2	37.0	1.0	17.0
10/11/2007	17:53:00	5.614	0.184	232.99	24.0	37.0	0.0	16.0
10/11/2007	17:54:00	5.61	0.184	232.82	24.0	37.0	0.0	17.0
10/11/2007	17:55:00	5.68	0.184	233.12	24.2	37.0	0.0	17.0
10/11/2007	17:56:00	5.65	0.186	233.71	24.0	37.0	0.0	16.0
10/11/2007	17:57:00	5.672	0.188	234.21	24.2	37.0	0.0	17.0
10/11/2007	17:58:00	5.666	0.186	234.08	24.2	38.0	0.0	17.0
10/11/2007	17:59:00	5.436	0.188	234.29	23.2	37.0	0.0	17.0
10/11/2007	18:00:00	5.286	0.188	234.26	22.4	37.0	0.0	17.0
10/11/2007	18:01:00	5.3	0.188	234.55	22.6	38.0	0.0	17.0
10/11/2007	18:02:00	5.356	0.208	235.4	22.6	37.0	0.0	17.0
10/11/2007	18:03:00	5.37	0.308	233.86	23.0	38.0	0.0	16.0
10/11/2007	18:04:00	5.334	0.304	233.07	22.8	37.0	0.0	17.0
10/11/2007	18:05:00	5.434	0.364	234.16	23.2	37.0	0.0	17.0
10/11/2007	18:06:00	5.464	0.41	234.49	23.2	37.0	0.0	17.0
10/11/2007	18:07:00	5.46	0.408	234.45	23.2	38.0	0.0	17.0
10/11/2007	18:08:00	5.486	0.412	235.09	23.4	38.0	0.0	17.0
10/11/2007	18:12:00	5.8	0.412	233.01	24.8	36.0	0.0	17.0
10/11/2007	18:13:00	5.618	0.41	233.27	24.0	37.0	0.0	16.0
10/11/2007	18:14:00	5.402	0.408	233.82	23.0	37.0	0.0	17.0
10/11/2007	18:18:00	5.384	0.404	233.39	23.0	37.0	0.0	17.0
10/11/2007	18:19:00	5.388	0.402	233.06	23.0	37.0	0.0	16.0
10/11/2007	18:24:00	5.388	0.404	233.76	23.0	37.0	0.0	17.0
10/11/2007	18:25:00	5.328	0.366	232.93	22.8	37.0	0.0	17.0
10/11/2007	19:09:00	5.208	0.196	230.27	22.8	26.0	0.0	17.0
10/11/2007	19:10:00	5.726	0.194	230.71	24.8	36.0	0.0	17.0
10/11/2007	19:14:00	5.682	0.304	230.53	24.8	27.0	1.0	17.0
10/11/2007	19:15:00	5.964	0.306	231.42	25.8	36.0	1.0	16.0
10/11/2007	19:16:00	6.054	0.3	230.45	26.2	35.0	2.0	17.0
10/11/2007	19:17:00	5.924	0.302	230.48	25.6	36.0	1.0	16.0
10/11/2007	19:18:00	5.858	0.298	229.27	25.4	35.0	2.0	16.0
10/11/2007	19:19:00	5.796	0.292	227.71	25.4	35.0	1.0	16.0
10/11/2007	19:20:00	5.79	0.296	227.93	25.4	34.0	1.0	16.0
10/11/2007	19:21:00	5.104	0.318	229.24	22.6	27.0	2.0	16.0
10/11/2007	20:03:00	5.74	0.204	232.56	25.2	0.0	0.0	17.0
10/11/2007	20:04:00	6.622	0.202	231.96	28.4	0.0	0.0	17.0
10/11/2007	21:17:00	5.262	0.27	232.91	22.6	37.0	0.0	17.0
11/11/2007	19:03:00	5.226	0.476	234.07	22.4	39.0	2.0	10.0
11/11/2007	19:04:00	5.54	0.38	233.84	23.6	38.0	1.0	18.0
11/11/2007	19:05:00	6.042	0.36	232.95	26.0	38.0	1.0	17.0
11/11/2007	19:09:00	5.64	0.246	232.83	24.2	38.0	0.0	17.0
11/11/2007	19:10:00	5.634	0.242	232.41	24.2	37.0	0.0	16.0
11/11/2007	19:14:00	5.394	0.25	234.0	23.0	38.0	0.0	17.0
11/11/2007	19:15:00	5.4	0.25	234.28	23.0	38.0	0.0	17.0
11/11/2007	19:16:00	5.376	0.248	233.72	23.0	37.0	0.0	16.0
11/11/2007	19:17:00	6.54	0.238	232.66	28.4	54.0	0.0	17.0
11/11/2007	19:18:00	7.696	0.286	231.23	33.2	72.0	0.0	16.0
11/11/2007	19:19:00	7.906	0.29	230.68	34.2	72.0	0.0	17.0
11/11/2007	19:20:00	9.326	0.506	229.15	40.8	70.0	0.0	16.0
11/11/2007	19:21:00	9.242	0.544	229.15	40.6	69.0	0.0	16.0
11/11/2007	19:22:00	7.258	0.386	230.57	31.6	37.0	0.0	16.0
11/11/2007	19:23:00	5.342	0.236	231.76	23.4	36.0	0.0	17.0
11/11/2007	20:07:00	6.586	0.072	231.46	28.4	35.0	0.0	16.0
11/11/2007	20:08:00	5.734	0.078	231.75	24.8	36.0	0.0	17.0
11/11/2007	20:09:00	5.398	0.166	231.87	23.2	36.0	0.0	16.0
11/11/2007	20:10:00	6.018	0.14	231.96	26.0	35.0	0.0	17.0
12/11/2007	19:10:00	5.116	0.344	232.87	22.0	0.0	37.0	0.0
12/11/2007	19:11:00	5.528	0.118	232.67	23.8	0.0	36.0	0.0
12/11/2007	19:12:00	5.192	0.084	232.9	22.2	0.0	37.0	0.0
12/11/2007	19:13:00	5.068	0.082	232.97	21.6	0.0	36.0	0.0
12/11/2007	20:26:00	5.76	0.352	234.56	24.8	0.0	26.0	17.0
12/11/2007	20:27:00	7.16	0.424	232.17	31.0	0.0	37.0	17.0
12/11/2007	20:28:00	6.166	0.464	233.69	26.6	0.0	29.0	17.0
12/11/2007	20:29:00	6.202	0.484	233.75	26.6	0.0	38.0	16.0
12/11/2007	20:30:00	6.134	0.472	233.65	27.0	0.0	36.0	17.0
12/11/2007	20:31:00	8.026	0.384	231.96	34.6	0.0	72.0	17.0
12/11/2007	20:32:00	7.98	0.362	231.55	34.4	0.0	72.0	16.0
12/11/2007	20:33:00	7.85	0.372	231.59	33.8	0.0	71.0	17.0
12/11/2007	20:34:00	7.726	0.362	231.68	33.2	0.0	72.0	16.0
12/11/2007	20:35:00	7.736	0.372	231.82	33.4	0.0	72.0	17.0
12/11/2007	20:36:00	7.724	0.364	232.51	33.2	0.0	73.0	16.0
12/11/2007	20:37:00	7.716	0.376	232.26	33.2	0.0	72.0	17.0
12/11/2007	20:38:00	7.77	0.368	233.43	33.2	0.0	73.0	16.0
12/11/2007	20:39:00	7.702	0.276	233.42	33.0	0.0	73.0	17.0
12/11/2007	20:40:00	6.914	0.25	234.06	29.8	0.0	62.0	17.0
12/11/2007	20:41:00	5.788	0.27	234.93	24.6	0.0	38.0	17.0
12/11/2007	20:42:00	6.488	0.234	235.23	27.8	0.0	47.0	17.0
12/11/2007	20:43:00	5.792	0.202	236.13	24.6	0.0	43.0	17.0
12/11/2007	20:44:00	5.568	0.192	236.21	23.6	0.0	37.0	17.0
12/11/2007	20:45:00	5.496	0.182	234.14	23.4	0.0	36.0	17.0
12/11/2007	20:46:00	5.26	0.15	234.33	22.4	0.0	36.0	17.0
12/11/2007	20:48:00	5.068	0.14	234.42	21.6	0.0	37.0	17.0
12/11/2007	20:49:00	5.102	0.182	235.06	21.6	0.0	37.0	16.0
12/11/2007	20:50:00	5.064	0.182	234.84	21.4	0.0	36.0	17.0
12/11/2007	20:51:00	5.01	0.188	233.22	21.4	0.0	36.0	17.0
12/11/2007	20:55:00	5.022	0.15	232.65	21.6	0.0	36.0	16.0
12/11/2007	20:56:00	5.062	0.17	232.68	21.6	0.0	37.0	17.0
12/11/2007	20:57:00	5.054	0.284	232.28	21.8	0.0	35.0	16.0
12/11/2007	20:58:00	5.21	0.288	232.9	22.4	0.0	38.0	17.0
12/11/2007	20:59:00	5.346	0.326	232.81	23.0	0.0	41.0	17.0
12/11/2007	21:00:00	5.286	0.3	232.72	22.6	0.0	39.0	16.0
12/11/2007	21:01:00	5.274	0.314	232.34	22.6	0.0	40.0	17.0
12/11/2007	21:02:00	5.136	0.274	232.88	22.0	0.0	39.0	17.0
13/11/2007	06:45:00	5.594	0.078	237.43	23.4	0.0	0.0	0.0
13/11/2007	15:17:00	6.398	0.0	236.37	27.0	0.0	72.0	17.0
13/11/2007	15:18:00	5.924	0.05	236.66	25.2	0.0	64.0	17.0
13/11/2007	15:19:00	6.354	0.0	236.78	26.8	0.0	73.0	18.0
13/11/2007	15:20:00	6.41	0.058	237.77	26.8	0.0	74.0	17.0
13/11/2007	15:21:00	6.232	0.0	238.03	26.2	0.0	73.0	17.0
13/11/2007	15:22:00	6.146	0.062	238.12	25.8	0.0	74.0	18.0
13/11/2007	15:23:00	6.188	0.046	237.19	26.0	0.0	73.0	17.0
13/11/2007	15:24:00	6.222	0.09	235.76	26.4	0.0	72.0	17.0
13/11/2007	15:25:00	6.212	0.07	235.76	26.2	0.0	72.0	17.0
13/11/2007	15:26:00	6.216	0.088	235.87	26.2	0.0	72.0	17.0
13/11/2007	15:36:00	5.472	0.208	236.96	23.8	0.0	39.0	17.0
13/11/2007	15:37:00	6.486	0.192	236.56	27.6	0.0	38.0	18.0
13/11/2007	15:38:00	6.862	0.196	236.02	29.0	0.0	37.0	17.0
13/11/2007	15:39:00	6.872	0.188	236.28	29.0	0.0	38.0	17.0
13/11/2007	15:40:00	6.026	0.214	238.36	25.8	0.0	38.0	17.0
13/11/2007	15:42:00	5.126	0.094	239.66	21.4	0.0	37.0	17.0
13/11/2007	15:43:00	5.162	0.086	239.61	21.4	0.0	38.0	18.0
13/11/2007	15:48:00	5.152	0.126	239.48	21.4	0.0	38.0	17.0
13/11/2007	15:52:00	5.652	0.0	239.73	24.8	0.0	25.0	18.0
13/11/2007	15:53:00	7.324	0.0	237.13	30.8	0.0	32.0	17.0
13/11/2007	15:54:00	8.028	0.284	235.5	34.2	0.0	20.0	17.0
13/11/2007	15:55:00	8.848	0.314	234.53	37.8	0.0	36.0	17.0
13/11/2007	15:56:00	5.706	0.376	238.11	24.0	0.0	24.0	17.0
13/11/2007	15:57:00	6.26	0.422	237.37	26.6	0.0	27.0	18.0
13/11/2007	15:58:00	6.028	0.476	236.7	25.8	0.0	31.0	17.0
13/11/2007	16:30:00	6.958	0.354	237.64	29.4	0.0	15.0	17.0
13/11/2007	16:31:00	7.074	0.166	238.36	30.0	0.0	29.0	18.0
13/11/2007	17:02:00	5.324	0.42	239.98	22.2	0.0	38.0	18.0
13/11/2007	17:03:00	5.08	0.44	240.03	21.4	0.0	38.0	18.0
16/11/2007	06:55:00	5.088	0.0	240.3	21.2	0.0	0.0	18.0
16/11/2007	06:56:00	6.606	0.0	238.53	27.6	0.0	0.0	18.0
16/11/2007	06:57:00	5.722	0.0	240.52	24.0	0.0	0.0	17.0
16/11/2007	13:11:00	5.004	0.06	236.75	21.0	0.0	38.0	18.0
16/11/2007	13:33:00	5.56	0.494	237.21	23.6	38.0	6.0	17.0
16/11/2007	13:34:00	5.206	0.41	236.26	22.2	37.0	6.0	17.0
16/11/2007	13:46:00	5.932	0.086	235.17	25.2	1.0	70.0	17.0
16/11/2007	13:47:00	5.472	0.096	236.39	23.4	2.0	65.0	17.0
16/11/2007	13:48:00	5.962	0.092	236.0	25.2	1.0	72.0	17.0
16/11/2007	13:49:00	5.98	0.104	236.29	25.2	1.0	74.0	17.0
16/11/2007	13:50:00	5.988	0.09	236.62	25.2	2.0	73.0	17.0
16/11/2007	13:51:00	5.942	0.104	237.19	25.0	1.0	73.0	18.0
16/11/2007	13:52:00	5.886	0.092	236.88	24.8	1.0	74.0	17.0
16/11/2007	13:53:00	5.946	0.104	237.24	25.0	1.0	73.0	17.0
16/11/2007	13:54:00	5.896	0.094	237.18	24.8	2.0	74.0	17.0
16/11/2007	13:55:00	5.896	0.102	237.06	24.8	1.0	73.0	18.0
16/11/2007	13:56:00	5.132	0.126	237.72	21.6	1.0	62.0	17.0
16/11/2007	13:57:00	5.408	0.22	236.96	22.8	1.0	63.0	17.0
16/11/2007	13:58:00	5.172	0.114	236.89	22.2	1.0	65.0	18.0
16/11/2007	14:14:00	5.14	0.11	238.58	21.8	38.0	20.0	18.0
16/11/2007	14:46:00	5.136	0.398	237.34	21.6	0.0	37.0	18.0
16/11/2007	14:48:00	5.12	0.47	236.63	21.8	0.0	37.0	17.0
16/11/2007	20:17:00	6.056	0.126	233.6	26.2	35.0	0.0	17.0
16/11/2007	20:18:00	6.242	0.162	234.13	26.8	36.0	1.0	17.0
16/11/2007	20:19:00	5.48	0.054	234.62	23.2	37.0	0.0	16.0
16/11/2007	20:20:00	5.456	0.05	234.54	23.2	37.0	0.0	17.0
16/11/2007	20:21:00	5.48	0.054	234.71	23.2	37.0	0.0	17.0
16/11/2007	20:22:00	5.464	0.05	234.91	23.2	37.0	0.0	17.0
16/11/2007	20:23:00	5.488	0.056	235.38	23.2	37.0	0.0	17.0
16/11/2007	20:24:00	5.214	0.058	236.44	22.0	37.0	0.0	17.0
16/11/2007	20:25:00	5.208	0.06	235.85	22.0	37.0	1.0	17.0
16/11/2007	20:26:00	5.164	0.054	235.3	21.8	37.0	0.0	17.0
17/11/2007	08:36:00	5.548	0.078	236.18	23.4	0.0	0.0	17.0
17/11/2007	14:30:00	5.438	0.086	238.02	22.8	38.0	0.0	17.0
17/11/2007	14:31:00	5.49	0.0	238.23	23.0	38.0	0.0	17.0
17/11/2007	14:32:00	5.362	0.0	238.75	22.4	38.0	1.0	18.0
17/11/2007	14:49:00	6.302	0.0	238.24	26.4	38.0	38.0	17.0
17/11/2007	14:50:00	6.276	0.08	239.0	26.2	38.0	38.0	17.0
17/11/2007	14:51:00	6.254	0.096	238.83	26.2	37.0	39.0	18.0
17/11/2007	14:52:00	6.24	0.096	238.58	26.0	38.0	38.0	17.0
17/11/2007	18:02:00	5.04	0.046	231.16	21.8	0.0	35.0	16.0
17/11/2007	18:04:00	5.284	0.17	231.12	22.8	0.0	36.0	16.0
17/11/2007	18:05:00	5.392	0.242	230.77	23.4	0.0	36.0	16.0
17/11/2007	18:06:00	5.614	0.216	230.49	24.2	0.0	35.0	17.0
17/11/2007	18:07:00	5.546	0.232	230.18	24.0	0.0	36.0	16.0
17/11/2007	18:12:00	5.072	0.05	231.22	21.8	0.0	35.0	17.0
17/11/2007	18:13:00	5.402	0.072	231.07	23.4	0.0	36.0	16.0
17/11/2007	18:14:00	5.65	0.166	232.06	24.2	0.0	36.0	17.0
17/11/2007	18:15:00	5.766	0.326	231.9	24.8	0.0	36.0	16.0
17/11/2007	18:16:00	5.632	0.282	232.45	24.2	0.0	36.0	17.0
17/11/2007	18:17:00	5.718	0.296	232.14	24.6	0.0	36.0	16.0
17/11/2007	18:18:00	5.59	0.286	231.77	24.0	0.0	36.0	17.0
17/11/2007	18:19:00	5.504	0.298	230.81	23.8	0.0	36.0	16.0
17/11/2007	18:20:00	5.276	0.23	230.78	22.8	0.0	35.0	17.0
17/11/2007	18:21:00	5.166	0.198	231.63	22.2	0.0	35.0	16.0
17/11/2007	18:22:00	5.506	0.19	231.89	23.8	0.0	34.0	17.0
17/11/2007	18:23:00	5.792	0.276	231.42	25.0	0.0	35.0	16.0
17/11/2007	18:24:00	5.694	0.212	231.07	24.6	0.0	34.0	16.0
17/11/2007	18:25:00	5.718	0.23	231.55	24.6	0.0	35.0	17.0
17/11/2007	18:26:00	5.888	0.384	231.23	25.4	0.0	34.0	16.0
17/11/2007	18:27:00	5.946	0.422	231.78	25.6	0.0	35.0	17.0
17/11/2007	18:28:00	5.958	0.396	232.41	25.6	0.0	35.0	16.0
17/11/2007	18:29:00	5.49	0.318	232.36	23.8	0.0	29.0	17.0
17/11/2007	18:30:00	5.124	0.302	232.57	22.0	0.0	18.0	17.0
17/11/2007	18:31:00	5.784	0.192	231.55	25.0	0.0	35.0	16.0
17/11/2007	18:32:00	5.79	0.168	232.05	24.8	0.0	35.0	17.0
17/11/2007	18:33:00	5.784	0.176	231.79	24.8	0.0	34.0	16.0
17/11/2007	18:35:00	5.562	0.174	232.55	24.0	0.0	29.0	17.0
17/11/2007	18:36:00	6.064	0.446	231.19	26.2	0.0	35.0	16.0
17/11/2007	18:37:00	5.812	0.274	231.49	25.2	0.0	32.0	16.0
17/11/2007	18:38:00	5.072	0.166	233.18	21.8	0.0	15.0	17.0
17/11/2007	18:44:00	5.372	0.15	232.38	23.4	0.0	3.0	16.0
17/11/2007	18:45:00	5.728	0.138	230.88	24.8	0.0	4.0	17.0
17/11/2007	18:54:00	5.744	0.106	230.56	24.8	0.0	0.0	17.0
17/11/2007	18:55:00	5.736	0.106	230.47	24.8	0.0	1.0	16.0
17/11/2007	18:56:00	5.332	0.216	230.49	23.4	0.0	0.0	16.0
17/11/2007	19:27:00	5.482	0.314	233.77	23.8	25.0	1.0	17.0
17/11/2007	19:28:00	5.958	0.326	233.31	25.4	37.0	2.0	17.0
17/11/2007	19:29:00	5.968	0.332	234.03	25.4	38.0	2.0	17.0
17/11/2007	19:30:00	6.072	0.326	233.9	26.0	37.0	1.0	16.0
17/11/2007	19:31:00	6.242	0.324	233.24	26.8	37.0	2.0	17.0
17/11/2007	19:32:00	6.228	0.32	233.34	26.6	37.0	1.0	17.0
17/11/2007	19:33:00	6.298	0.328	234.45	26.8	37.0	2.0	17.0
17/11/2007	19:34:00	6.498	0.402	234.89	27.6	38.0	1.0	17.0
17/11/2007	19:35:00	5.284	0.74	235.59	23.0	16.0	2.0	17.0
17/11/2007	19:41:00	6.398	0.386	233.55	27.4	38.0	1.0	17.0
17/11/2007	19:42:00	6.372	0.418	234.99	27.0	37.0	0.0	17.0
17/11/2007	19:43:00	5.022	0.444	237.6	21.6	16.0	0.0	17.0
17/11/2007	21:53:00	5.254	0.3	239.51	22.2	23.0	0.0	17.0
17/11/2007	23:41:00	6.052	0.0	238.39	25.4	0.0	0.0	18.0
17/11/2007	23:42:00	6.038	0.0	238.6	25.2	0.0	0.0	17.0
17/11/2007	23:45:00	6.418	0.0	237.02	27.6	0.0	1.0	17.0
17/11/2007	23:46:00	6.114	0.092	237.78	25.6	0.0	0.0	17.0
18/11/2007	11:40:00	5.15	0.166	236.56	21.8	38.0	36.0	0.0
18/11/2007	11:41:00	5.126	0.162	236.11	21.6	38.0	38.0	0.0
18/11/2007	11:42:00	5.124	0.156	236.04	21.6	38.0	37.0	0.0
18/11/2007	11:43:00	5.116	0.15	235.84	21.6	38.0	38.0	0.0
18/11/2007	11:44:00	5.158	0.202	235.32	21.8	38.0	37.0	0.0
18/11/2007	11:45:00	5.206	0.264	235.35	22.0	37.0	38.0	0.0
18/11/2007	11:46:00	5.392	0.26	235.77	22.8	38.0	38.0	0.0
18/11/2007	11:47:00	5.554	0.256	236.47	23.4	38.0	38.0	0.0
18/11/2007	11:48:00	5.592	0.258	237.47	23.4	39.0	38.0	0.0
18/11/2007	11:49:00	5.602	0.258	237.76	23.6	38.0	39.0	0.0
18/11/2007	11:50:00	5.476	0.26	238.48	23.0	39.0	38.0	0.0
18/11/2007	11:51:00	5.398	0.256	237.58	22.6	38.0	39.0	0.0
18/11/2007	11:52:00	5.334	0.258	237.67	22.4	39.0	38.0	0.0
18/11/2007	12:26:00	5.756	0.624	241.47	24.0	40.0	0.0	18.0
18/11/2007	12:30:00	5.644	0.676	241.99	23.6	35.0	0.0	18.0
18/11/2007	19:07:00	5.736	0.32	233.06	24.8	24.0	0.0	18.0
18/11/2007	19:08:00	6.37	0.262	233.1	27.2	37.0	0.0	17.0
18/11/2007	19:09:00	6.294	0.248	233.7	26.8	37.0	0.0	17.0
18/11/2007	19:10:00	6.28	0.234	233.62	26.8	37.0	0.0	17.0
18/11/2007	19:11:00	5.292	0.16	235.47	23.0	25.0	0.0	17.0
18/11/2007	19:14:00	5.43	0.154	235.06	23.6	18.0	0.0	17.0
18/11/2007	19:15:00	6.358	0.148	234.53	27.0	37.0	0.0	16.0
18/11/2007	19:16:00	6.41	0.244	233.67	27.4	37.0	0.0	17.0
18/11/2007	19:17:00	5.908	0.27	234.71	25.4	30.0	1.0	17.0
18/11/2007	19:18:00	6.348	0.266	234.63	27.0	38.0	1.0	17.0
18/11/2007	19:19:00	6.348	0.264	234.38	27.0	37.0	2.0	17.0
18/11/2007	19:20:00	6.326	0.216	233.71	27.0	37.0	1.0	17.0
18/11/2007	19:21:00	6.316	0.198	233.41	27.0	37.0	1.0	17.0
18/11/2007	19:22:00	5.522	0.206	234.15	23.8	35.0	2.0	16.0
18/11/2007	20:26:00	5.93	0.144	236.15	25.0	37.0	0.0	17.0
18/11/2007	20:27:00	5.946	0.146	236.52	25.0	38.0	0.0	17.0
18/11/2007	20:28:00	5.952	0.15	236.91	25.0	37.0	0.0	18.0
18/11/2007	20:29:00	5.97	0.152	237.44	25.2	38.0	0.0	17.0
18/11/2007	20:30:00	5.976	0.154	237.71	25.0	38.0	0.0	17.0
18/11/2007	20:31:00	5.95	0.15	237.07	25.0	37.0	0.0	18.0
18/11/2007	20:32:00	5.908	0.114	236.78	25.0	38.0	0.0	17.0
18/11/2007	20:33:00	5.882	0.0	237.83	24.6	37.0	0.0	17.0
18/11/2007	20:34:00	5.824	0.0	236.42	24.6	37.0	0.0	17.0
18/11/2007	20:35:00	5.796	0.0	235.8	24.6	38.0	0.0	17.0
18/11/2007	20:36:00	5.786	0.0	235.61	24.6	37.0	0.0	17.0
18/11/2007	20:37:00	5.782	0.0	235.42	24.6	36.0	0.0	17.0
18/11/2007	21:50:00	5.008	0.05	238.01	21.0	37.0	0.0	0.0
19/11/2007	06:48:00	5.248	0.0	241.68	22.6	0.0	0.0	18.0
19/11/2007	06:49:00	5.816	0.0	240.38	24.2	0.0	0.0	17.0
19/11/2007	19:08:00	5.066	0.47	234.93	21.6	0.0	0.0	17.0
19/11/2007	19:09:00	5.044	0.438	235.2	21.6	0.0	0.0	17.0
19/11/2007	20:15:00	5.47	0.0	235.14	23.2	37.0	0.0	17.0
19/11/2007	20:16:00	5.462	0.0	235.0	23.2	37.0	0.0	17.0
19/11/2007	20:17:00	5.462	0.0	236.06	23.0	37.0	0.0	17.0
19/11/2007	20:18:00	5.442	0.074	236.33	23.0	37.0	0.0	17.0
19/11/2007	20:19:00	5.466	0.072	236.46	23.0	38.0	0.0	17.0
19/11/2007	20:20:00	5.564	0.074	236.26	23.4	37.0	0.0	17.0
19/11/2007	20:21:00	5.726	0.082	235.63	24.2	37.0	0.0	17.0
19/11/2007	20:22:00	5.684	0.082	233.97	24.2	37.0	0.0	17.0
19/11/2007	20:23:00	6.078	0.068	234.02	26.0	36.0	0.0	17.0
19/11/2007	20:24:00	5.556	0.068	233.24	23.8	36.0	0.0	17.0
19/11/2007	20:25:00	5.1	0.068	233.21	21.8	37.0	0.0	16.0
19/11/2007	20:26:00	5.09	0.068	233.07	21.8	36.0	0.0	17.0
19/11/2007	21:01:00	5.184	0.06	234.67	22.0	36.0	0.0	17.0
19/11/2007	21:02:00	5.34	0.062	235.06	22.6	37.0	0.0	17.0
19/11/2007	21:03:00	5.594	0.054	235.74	23.8	37.0	0.0	17.0
19/11/2007	21:04:00	5.88	0.048	235.69	25.0	37.0	0.0	17.0
19/11/2007	21:05:00	5.866	0.048	235.54	24.8	37.0	0.0	17.0
19/11/2007	21:06:00	5.908	0.0	236.42	25.0	37.0	0.0	17.0
19/11/2007	21:07:00	5.868	0.048	235.59	24.8	37.0	0.0	17.0
19/11/2007	21:08:00	5.33	0.0	236.51	22.6	37.0	0.0	18.0
19/11/2007	21:09:00	5.272	0.0	236.44	22.2	37.0	0.0	17.0
19/11/2007	21:10:00	5.312	0.046	236.93	22.4	37.0	0.0	17.0
20/11/2007	06:49:00	5.64	0.0	239.48	23.4	0.0	0.0	0.0
20/11/2007	06:50:00	5.716	0.076	239.36	23.8	0.0	0.0	0.0
20/11/2007	10:45:00	5.358	0.408	235.43	22.8	0.0	37.0	17.0
20/11/2007	10:46:00	5.354	0.408	235.48	22.8	0.0	37.0	17.0
20/11/2007	10:47:00	5.398	0.468	235.12	23.0	0.0	38.0	17.0
20/11/2007	10:48:00	5.314	0.382	234.98	22.6	0.0	37.0	17.0
20/11/2007	10:49:00	5.32	0.378	235.37	22.6	0.0	37.0	17.0
20/11/2007	10:50:00	5.336	0.382	235.56	22.6	0.0	37.0	17.0
20/11/2007	11:21:00	5.658	0.072	234.02	24.6	0.0	57.0	17.0
20/11/2007	11:22:00	6.162	0.09	234.09	26.2	0.0	71.0	16.0
20/11/2007	11:23:00	5.756	0.074	235.51	24.6	0.0	64.0	17.0
20/11/2007	11:24:00	6.22	0.094	234.89	26.4	0.0	72.0	17.0
20/11/2007	11:25:00	6.188	0.074	234.4	26.4	0.0	71.0	17.0
20/11/2007	11:26:00	6.224	0.088	233.72	26.6	0.0	72.0	17.0
20/11/2007	11:27:00	6.246	0.068	233.48	26.6	0.0	70.0	17.0
20/11/2007	11:28:00	6.26	0.086	233.75	26.6	0.0	72.0	16.0
20/11/2007	11:29:00	6.16	0.07	233.59	26.2	0.0	71.0	17.0
20/11/2007	11:30:00	5.846	0.09	233.62	25.0	0.0	71.0	17.0
20/11/2007	11:31:00	5.758	0.074	233.72	24.6	0.0	70.0	17.0
20/11/2007	11:32:00	5.736	0.0	234.08	24.4	0.0	72.0	17.0
20/11/2007	11:33:00	5.754	0.048	233.99	24.4	0.0	71.0	16.0
20/11/2007	11:34:00	5.764	0.064	234.0	24.6	0.0	71.0	17.0
20/11/2007	11:35:00	5.784	0.0	233.33	24.8	0.0	71.0	17.0
20/11/2007	11:36:00	5.608	0.064	232.95	24.0	0.0	70.0	17.0
20/11/2007	11:37:00	5.634	0.06	232.95	24.2	0.0	70.0	16.0
20/11/2007	11:38:00	5.644	0.082	232.66	24.2	0.0	71.0	17.0
20/11/2007	11:39:00	5.05	0.07	233.35	21.6	0.0	62.0	17.0
21/11/2007	06:48:00	5.954	0.0	237.85	25.0	0.0	0.0	13.0
21/11/2007	06:49:00	5.85	0.0	237.74	24.6	0.0	0.0	18.0
21/11/2007	06:50:00	5.306	0.0	238.67	22.2	0.0	0.0	18.0
21/11/2007	20:54:00	5.23	0.1	239.64	21.8	39.0	1.0	17.0
21/11/2007	20:55:00	5.078	0.054	239.99	21.0	38.0	2.0	18.0
21/11/2007	20:56:00	5.05	0.056	240.17	21.0	38.0	1.0	18.0
21/11/2007	20:57:00	5.032	0.054	239.87	20.8	38.0	1.0	17.0
21/11/2007	20:58:00	5.02	0.0	240.04	20.8	39.0	1.0	18.0
22/11/2007	06:57:00	6.208	0.288	235.62	26.2	0.0	1.0	17.0
22/11/2007	06:58:00	6.764	0.296	234.98	28.8	0.0	1.0	17.0
22/11/2007	06:59:00	7.462	0.292	234.4	32.0	0.0	2.0	17.0
22/11/2007	07:00:00	6.692	0.178	235.19	28.6	0.0	1.0	17.0
22/11/2007	19:32:00	5.006	0.21	234.4	21.2	37.0	0.0	0.0
22/11/2007	19:36:00	5.144	0.358	233.13	22.0	39.0	0.0	0.0
22/11/2007	19:37:00	5.572	0.338	232.36	24.0	38.0	0.0	7.0
22/11/2007	19:38:00	7.736	0.324	230.77	33.6	67.0	0.0	17.0
22/11/2007	19:39:00	7.89	0.318	230.93	34.2	72.0	0.0	17.0
22/11/2007	19:40:00	7.838	0.312	231.63	33.8	72.0	0.0	17.0
22/11/2007	19:41:00	5.886	0.332	234.24	25.0	39.0	0.0	17.0
22/11/2007	19:42:00	5.888	0.334	234.38	25.0	38.0	0.0	17.0
22/11/2007	19:43:00	5.894	0.334	234.63	25.0	38.0	0.0	17.0
22/11/2007	19:44:00	5.914	0.338	235.19	25.2	38.0	0.0	17.0
22/11/2007	19:45:00	7.744	0.314	232.44	33.4	66.0	0.0	17.0
22/11/2007	19:46:00	7.96	0.318	233.2	34.0	73.0	0.0	16.0
22/11/2007	19:47:00	6.844	0.332	235.15	29.4	58.0	0.0	17.0
22/11/2007	19:52:00	5.708	0.336	233.03	24.4	38.0	0.0	17.0
22/11/2007	19:53:00	5.64	0.224	233.62	24.0	37.0	0.0	16.0
22/11/2007	19:56:00	5.066	0.238	236.25	22.0	18.0	0.0	17.0
22/11/2007	19:57:00	7.53	0.29	232.11	32.6	62.0	0.0	16.0
22/11/2007	19:58:00	7.006	0.4	231.84	30.4	62.0	0.0	17.0
22/11/2007	19:59:00	5.752	0.396	232.08	24.8	37.0	0.0	16.0
22/11/2007	20:02:00	5.716	0.302	233.77	24.4	38.0	0.0	17.0
22/11/2007	20:03:00	5.646	0.294	234.65	24.2	39.0	0.0	17.0
22/11/2007	20:04:00	7.288	0.276	232.95	31.2	73.0	0.0	16.0
22/11/2007	20:05:00	7.266	0.276	233.16	31.0	73.0	0.0	17.0
22/11/2007	20:06:00	6.032	0.288	234.44	26.0	55.0	0.0	17.0
22/11/2007	20:07:00	5.28	0.348	236.11	22.4	37.0	0.0	17.0
22/11/2007	20:08:00	7.332	0.406	234.24	31.4	69.0	0.0	17.0
22/11/2007	20:09:00	7.356	0.404	234.26	31.4	73.0	0.0	17.0
22/11/2007	20:10:00	5.372	0.442	236.39	22.8	41.0	0.0	17.0
23/11/2007	06:36:00	5.536	0.172	239.72	23.4	0.0	1.0	18.0
23/11/2007	06:38:00	5.34	0.174	240.39	22.2	0.0	2.0	18.0
23/11/2007	06:39:00	5.17	0.214	240.4	22.0	0.0	1.0	18.0
23/11/2007	12:21:00	5.196	0.228	236.19	22.2	29.0	1.0	17.0
23/11/2007	12:22:00	5.462	0.192	236.35	23.2	37.0	0.0	17.0
23/11/2007	12:23:00	5.632	0.182	235.57	24.0	38.0	5.0	17.0
23/11/2007	12:24:00	5.586	0.154	235.45	23.8	37.0	5.0	17.0
23/11/2007	12:31:00	5.904	0.0	235.28	25.0	37.0	36.0	17.0
23/11/2007	12:35:00	5.228	0.0	234.58	22.6	1.0	54.0	17.0
23/11/2007	12:36:00	6.168	0.0	232.96	26.4	1.0	71.0	17.0
23/11/2007	12:37:00	6.018	0.054	232.9	25.8	1.0	71.0	16.0
23/11/2007	12:38:00	5.998	0.07	232.69	25.6	2.0	71.0	17.0
23/11/2007	12:39:00	6.018	0.05	232.99	25.8	1.0	70.0	17.0
23/11/2007	12:40:00	6.048	0.07	233.57	25.8	1.0	72.0	17.0
23/11/2007	12:41:00	6.05	0.052	233.87	25.8	1.0	71.0	16.0
23/11/2007	12:42:00	6.064	0.072	234.09	25.8	1.0	72.0	17.0
23/11/2007	12:43:00	6.042	0.052	233.86	25.8	2.0	71.0	17.0
23/11/2007	12:44:00	5.854	0.16	233.97	25.0	1.0	65.0	17.0
23/11/2007	12:45:00	5.402	0.432	233.96	23.2	1.0	37.0	16.0
23/11/2007	12:46:00	5.43	0.5	233.19	23.4	1.0	36.0	17.0
23/11/2007	12:50:00	5.418	0.488	234.5	23.2	1.0	36.0	17.0
23/11/2007	12:51:00	5.358	0.47	234.63	22.8	2.0	37.0	17.0
23/11/2007	13:32:00	6.538	0.262	233.07	28.0	36.0	35.0	16.0
23/11/2007	13:33:00	7.308	0.24	231.59	31.6	36.0	35.0	17.0
23/11/2007	13:34:00	6.898	0.252	232.86	29.6	36.0	36.0	16.0
23/11/2007	13:35:00	6.414	0.254	233.67	27.6	36.0	25.0	17.0
23/11/2007	13:36:00	5.904	0.27	234.21	25.2	37.0	24.0	17.0
23/11/2007	13:37:00	6.372	0.294	234.28	27.4	36.0	30.0	17.0
23/11/2007	13:38:00	5.904	0.294	235.32	25.2	37.0	16.0	17.0
23/11/2007	13:39:00	5.97	0.282	235.75	25.8	28.0	27.0	17.0
23/11/2007	13:55:00	5.104	0.0	236.67	21.8	0.0	61.0	17.0
23/11/2007	13:56:00	5.606	0.0	235.62	23.8	0.0	72.0	17.0
23/11/2007	13:57:00	5.098	0.0	236.15	21.8	0.0	63.0	17.0
23/11/2007	13:58:00	5.61	0.0	235.7	23.8	0.0	72.0	17.0
23/11/2007	13:59:00	5.702	0.0	237.75	23.8	0.0	73.0	18.0
23/11/2007	14:01:00	5.124	0.0	238.94	21.6	0.0	62.0	17.0
23/11/2007	14:02:00	5.694	0.0	237.75	23.8	0.0	73.0	18.0
23/11/2007	14:04:00	5.488	0.0	238.13	23.0	0.0	68.0	17.0
23/11/2007	14:05:00	5.13	0.0	238.96	21.6	0.0	65.0	18.0
23/11/2007	14:06:00	5.058	0.082	238.67	21.2	0.0	59.0	17.0
23/11/2007	21:07:00	5.268	0.304	236.51	22.4	38.0	0.0	5.0
23/11/2007	21:08:00	5.796	0.296	236.42	24.4	39.0	0.0	18.0
23/11/2007	21:09:00	5.862	0.274	236.46	24.8	38.0	0.0	18.0
23/11/2007	21:10:00	5.866	0.234	236.73	24.8	38.0	0.0	17.0
23/11/2007	21:11:00	5.946	0.236	236.41	25.2	38.0	1.0	18.0
23/11/2007	21:12:00	5.856	0.238	236.82	24.6	38.0	0.0	17.0
23/11/2007	21:13:00	6.092	0.466	236.26	26.4	25.0	0.0	17.0
23/11/2007	22:18:00	5.35	0.282	237.73	22.4	0.0	37.0	17.0
23/11/2007	22:20:00	5.234	0.138	238.68	21.8	0.0	37.0	18.0
23/11/2007	22:22:00	5.014	0.156	239.99	20.8	1.0	37.0	17.0
23/11/2007	22:23:00	5.106	0.274	240.48	21.2	2.0	37.0	18.0
23/11/2007	22:24:00	5.492	0.286	240.35	22.8	1.0	38.0	18.0
23/11/2007	22:31:00	5.154	0.218	238.4	21.6	1.0	36.0	17.0
23/11/2007	22:32:00	5.152	0.206	238.74	21.6	2.0	37.0	18.0
23/11/2007	22:33:00	5.2	0.224	239.37	21.6	1.0	37.0	17.0
23/11/2007	22:34:00	5.014	0.132	239.69	20.8	1.0	36.0	18.0
23/11/2007	22:41:00	5.61	0.0	239.44	23.8	14.0	37.0	17.0
23/11/2007	22:42:00	6.792	0.0	238.17	28.4	38.0	36.0	18.0
23/11/2007	22:43:00	6.788	0.0	238.01	28.4	38.0	36.0	17.0
23/11/2007	22:44:00	6.784	0.0	238.17	28.4	38.0	36.0	17.0
23/11/2007	22:45:00	6.75	0.0	237.47	28.4	37.0	37.0	18.0
23/11/2007	22:46:00	6.724	0.0	237.08	28.2	38.0	36.0	17.0
23/11/2007	22:47:00	6.778	0.0	237.87	28.4	38.0	36.0	17.0
23/11/2007	22:48:00	6.82	0.0	238.86	28.4	37.0	36.0	18.0
23/11/2007	22:49:00	6.816	0.0	238.81	28.4	38.0	37.0	17.0
23/11/2007	22:50:00	6.79	0.0	238.45	28.4	38.0	36.0	18.0
23/11/2007	22:51:00	6.3	0.0	239.36	26.4	38.0	30.0	17.0
23/11/2007	22:52:00	6.014	0.0	239.68	25.2	38.0	20.0	18.0
23/11/2007	22:53:00	5.23	0.1	241.15	22.0	13.0	38.0	18.0
24/11/2007	08:11:00	5.474	0.174	234.64	23.2	0.0	0.0	17.0
24/11/2007	08:12:00	5.512	0.18	235.78	23.4	0.0	0.0	17.0
24/11/2007	11:12:00	5.086	0.33	234.34	22.2	0.0	51.0	17.0
24/11/2007	11:13:00	5.606	0.266	233.83	24.2	0.0	64.0	17.0
24/11/2007	11:14:00	6.044	0.22	232.98	25.8	0.0	71.0	17.0
24/11/2007	11:15:00	6.04	0.23	232.92	25.8	0.0	71.0	16.0
24/11/2007	11:16:00	6.064	0.224	233.61	25.8	0.0	72.0	17.0
24/11/2007	11:17:00	6.068	0.228	233.55	26.0	0.0	71.0	17.0
24/11/2007	11:18:00	6.022	0.212	232.3	25.8	0.0	72.0	16.0
24/11/2007	11:19:00	6.048	0.216	232.72	26.0	0.0	71.0	17.0
24/11/2007	11:20:00	6.052	0.206	232.9	26.0	0.0	71.0	17.0
24/11/2007	11:21:00	6.03	0.212	232.36	25.8	0.0	71.0	16.0
24/11/2007	11:22:00	6.034	0.206	232.57	25.8	0.0	71.0	17.0
24/11/2007	11:23:00	6.036	0.21	232.62	25.8	0.0	72.0	16.0
24/11/2007	11:24:00	6.044	0.206	232.95	25.8	0.0	71.0	17.0
24/11/2007	11:53:00	5.096	0.44	234.73	21.8	0.0	33.0	17.0
24/11/2007	12:43:00	5.02	0.254	233.48	21.4	0.0	35.0	17.0
24/11/2007	12:44:00	5.162	0.276	234.36	22.0	0.0	35.0	16.0
24/11/2007	12:45:00	5.164	0.26	234.66	22.0	0.0	35.0	17.0
25/11/2007	12:42:00	5.544	0.544	237.71	23.4	39.0	0.0	17.0
25/11/2007	12:43:00	5.45	0.426	237.44	23.0	38.0	0.0	17.0
25/11/2007	19:21:00	6.444	0.122	233.79	27.6	38.0	0.0	0.0
25/11/2007	19:22:00	6.456	0.126	234.2	27.6	37.0	0.0	0.0
25/11/2007	19:23:00	6.446	0.124	233.84	27.6	37.0	0.0	0.0
25/11/2007	19:24:00	5.352	0.136	236.04	23.4	38.0	0.0	0.0
25/11/2007	20:42:00	5.396	0.0	235.93	22.8	38.0	0.0	17.0
25/11/2007	20:43:00	5.402	0.0	236.75	22.8	37.0	0.0	17.0
25/11/2007	20:44:00	5.396	0.0	237.92	22.6	38.0	0.0	18.0
25/11/2007	20:45:00	5.37	0.0	237.31	22.6	38.0	0.0	17.0
25/11/2007	20:46:00	5.584	0.0	237.39	23.4	37.0	0.0	17.0
25/11/2007	20:47:00	5.744	0.0	237.22	24.2	38.0	0.0	17.0
25/11/2007	20:48:00	5.518	0.0	237.68	23.2	38.0	0.0	18.0
25/11/2007	20:49:00	5.356	0.0	236.74	22.6	37.0	0.0	17.0
26/11/2007	07:01:00	5.656	0.05	235.09	24.0	0.0	0.0	17.0
26/11/2007	07:02:00	5.448	0.094	235.81	23.2	0.0	0.0	17.0
26/11/2007	19:41:00	5.788	0.104	235.79	24.4	0.0	0.0	17.0
26/11/2007	19:42:00	5.774	0.102	235.31	24.4	0.0	0.0	17.0
26/11/2007	19:43:00	5.34	0.092	236.21	22.6	0.0	0.0	17.0
26/11/2007	22:09:00	6.34	0.062	235.11	26.8	37.0	0.0	0.0
26/11/2007	22:10:00	6.28	0.056	234.58	26.6	36.0	1.0	0.0
26/11/2007	22:11:00	6.322	0.048	235.1	26.8	37.0	2.0	0.0
27/11/2007	06:49:00	5.266	0.08	239.99	21.8	0.0	0.0	18.0
27/11/2007	06:53:00	5.906	0.058	237.43	25.0	0.0	0.0	18.0
27/11/2007	10:21:00	5.184	0.0	235.12	22.2	1.0	63.0	17.0
27/11/2007	10:22:00	5.69	0.0	235.2	24.0	1.0	72.0	17.0
27/11/2007	10:23:00	5.678	0.0	235.16	24.0	2.0	72.0	17.0
27/11/2007	10:24:00	5.702	0.0	235.7	24.0	1.0	73.0	17.0
27/11/2007	10:25:00	5.702	0.0	235.71	24.0	1.0	72.0	17.0
27/11/2007	10:26:00	5.75	0.0	235.87	24.2	1.0	73.0	17.0
27/11/2007	10:27:00	5.814	0.09	235.41	24.6	2.0	73.0	17.0
27/11/2007	10:28:00	5.8	0.096	235.18	24.6	1.0	72.0	17.0
27/11/2007	10:29:00	5.794	0.088	235.27	24.6	1.0	73.0	17.0
27/11/2007	10:30:00	6.672	0.33	233.95	28.8	1.0	71.0	17.0
27/11/2007	10:31:00	7.212	0.478	233.65	30.8	1.0	72.0	17.0
27/11/2007	10:32:00	7.156	0.484	233.37	30.6	1.0	71.0	16.0
27/11/2007	10:34:00	6.408	0.092	233.71	28.4	18.0	60.0	17.0
27/11/2007	10:35:00	7.186	0.42	232.65	31.0	37.0	42.0	17.0
27/11/2007	10:36:00	7.1	0.492	232.4	30.6	36.0	36.0	16.0
27/11/2007	10:37:00	7.136	0.49	233.25	30.6	36.0	35.0	17.0
27/11/2007	10:38:00	7.168	0.462	233.55	30.6	37.0	36.0	17.0
27/11/2007	10:39:00	6.464	0.268	234.86	27.6	37.0	37.0	17.0
27/11/2007	10:40:00	5.824	0.108	235.83	24.6	37.0	37.0	17.0
27/11/2007	10:41:00	5.742	0.0	235.57	24.2	37.0	37.0	17.0
27/11/2007	10:42:00	5.704	0.0	235.7	24.2	37.0	37.0	17.0
27/11/2007	10:43:00	5.666	0.0	235.61	24.0	37.0	37.0	17.0
27/11/2007	10:44:00	5.658	0.0	235.4	24.0	37.0	36.0	17.0
27/11/2007	10:45:00	5.636	0.0	235.27	23.8	37.0	36.0	17.0
27/11/2007	10:56:00	5.038	0.476	234.8	21.6	1.0	36.0	16.0
27/11/2007	10:57:00	5.034	0.456	235.17	21.4	1.0	35.0	17.0
27/11/2007	10:58:00	5.02	0.442	235.17	21.4	1.0	36.0	17.0
27/11/2007	10:59:00	5.044	0.46	235.46	21.4	2.0	36.0	17.0
27/11/2007	11:00:00	5.036	0.444	235.54	21.4	1.0	35.0	17.0
27/11/2007	11:20:00	5.072	0.204	234.72	22.0	1.0	56.0	16.0
27/11/2007	11:21:00	5.126	0.282	234.77	21.8	1.0	60.0	17.0
27/11/2007	11:22:00	5.632	0.376	234.37	24.2	2.0	64.0	17.0
27/11/2007	11:23:00	5.656	0.264	234.33	24.2	1.0	70.0	17.0
27/11/2007	11:25:00	5.396	0.094	235.07	23.0	1.0	64.0	17.0
27/11/2007	11:26:00	5.008	0.086	235.16	21.4	1.0	63.0	17.0
27/11/2007	11:28:00	5.094	0.0	234.75	21.8	1.0	64.0	17.0
27/11/2007	11:30:00	5.238	0.0	234.63	22.4	1.0	67.0	17.0
27/11/2007	11:32:00	5.106	0.0	234.85	21.8	1.0	65.0	17.0
27/11/2007	11:37:00	5.32	0.442	234.53	22.8	1.0	40.0	17.0
27/11/2007	11:38:00	5.336	0.478	235.03	22.8	1.0	41.0	17.0
27/11/2007	11:39:00	5.286	0.458	235.27	22.6	0.0	41.0	17.0
27/11/2007	11:52:00	5.03	0.1	235.35	21.8	30.0	28.0	17.0
27/11/2007	11:53:00	5.75	0.08	234.03	24.4	36.0	37.0	16.0
27/11/2007	11:54:00	5.314	0.1	235.89	22.8	37.0	29.0	17.0
27/11/2007	11:55:00	5.83	0.096	236.35	24.6	38.0	37.0	18.0
27/11/2007	11:56:00	5.804	0.116	235.33	24.6	37.0	37.0	17.0
27/11/2007	11:57:00	5.794	0.092	235.1	24.6	36.0	37.0	17.0
27/11/2007	11:58:00	5.748	0.134	234.63	24.4	37.0	37.0	16.0
27/11/2007	11:59:00	5.728	0.124	234.69	24.4	37.0	37.0	17.0
27/11/2007	12:00:00	5.736	0.146	234.46	24.4	36.0	36.0	17.0
27/11/2007	12:01:00	5.714	0.122	235.08	24.2	37.0	36.0	17.0
27/11/2007	12:02:00	5.716	0.112	234.82	24.2	37.0	36.0	17.0
27/11/2007	12:03:00	5.79	0.09	234.61	24.6	36.0	37.0	17.0
27/11/2007	12:04:00	5.978	0.096	235.19	25.4	37.0	38.0	17.0
27/11/2007	12:05:00	5.92	0.0	235.18	25.0	37.0	38.0	17.0
27/11/2007	12:19:00	5.118	0.452	235.56	22.0	0.0	32.0	17.0
27/11/2007	12:25:00	5.038	0.576	235.69	21.6	0.0	32.0	17.0
27/11/2007	22:10:00	5.142	0.196	236.44	21.6	0.0	37.0	17.0
27/11/2007	22:11:00	5.188	0.208	237.21	21.8	0.0	38.0	17.0
27/11/2007	22:12:00	5.11	0.206	237.93	21.4	0.0	37.0	17.0
27/11/2007	22:16:00	5.06	0.34	238.78	21.2	0.0	38.0	17.0
27/11/2007	22:19:00	5.098	0.242	237.94	21.4	0.0	37.0	17.0
28/11/2007	06:45:00	5.426	0.294	237.55	23.2	0.0	0.0	0.0
28/11/2007	07:04:00	5.38	0.048	234.71	22.8	0.0	0.0	17.0
28/11/2007	07:05:00	5.75	0.05	233.81	24.6	0.0	0.0	16.0
28/11/2007	07:06:00	5.564	0.046	235.75	24.2	0.0	0.0	17.0
28/11/2007	20:44:00	5.008	0.4	236.99	21.2	0.0	39.0	0.0
28/11/2007	20:45:00	5.462	0.342	235.74	23.2	0.0	39.0	0.0
28/11/2007	20:46:00	5.13	0.272	234.08	22.0	0.0	38.0	0.0
28/11/2007	20:47:00	5.354	0.258	234.14	22.8	0.0	38.0	0.0
28/11/2007	20:48:00	5.206	0.194	231.77	22.6	0.0	38.0	0.0
29/11/2007	21:11:00	5.008	0.068	236.8	21.2	37.0	0.0	0.0
29/11/2007	21:12:00	5.01	0.066	237.05	21.0	38.0	0.0	0.0
29/11/2007	21:13:00	5.034	0.064	237.88	21.2	37.0	0.0	0.0
29/11/2007	21:14:00	5.144	0.068	237.45	21.6	38.0	0.0	0.0
30/11/2007	06:47:00	5.77	0.07	240.04	24.8	0.0	0.0	17.0
30/11/2007	06:48:00	5.808	0.064	238.66	24.4	0.0	0.0	18.0
30/11/2007	06:49:00	5.054	0.068	238.85	21.0	0.0	0.0	17.0
30/11/2007	12:43:00	5.838	0.07	238.93	24.4	0.0	74.0	18.0
30/11/2007	12:44:00	5.808	0.054	238.47	24.2	0.0	74.0	17.0
30/11/2007	12:45:00	5.804	0.068	238.35	24.2	0.0	74.0	18.0
30/11/2007	12:46:00	5.812	0.056	238.87	24.2	0.0	73.0	17.0
30/11/2007	12:47:00	5.834	0.0	239.37	24.2	0.0	75.0	18.0
30/11/2007	12:48:00	5.786	0.048	239.45	24.0	0.0	74.0	17.0
30/11/2007	12:49:00	5.814	0.0	239.7	24.2	0.0	75.0	18.0
30/11/2007	12:50:00	5.756	0.05	238.85	24.0	0.0	74.0	18.0
30/11/2007	12:51:00	5.73	0.0	238.12	24.0	0.0	74.0	17.0
30/11/2007	12:52:00	5.746	0.052	238.6	24.0	0.0	74.0	17.0
30/11/2007	12:53:00	5.756	0.0	238.62	24.0	0.0	74.0	18.0
30/11/2007	12:54:00	5.502	0.048	239.6	23.0	0.0	71.0	17.0
30/11/2007	12:56:00	5.718	0.052	239.03	24.0	0.0	73.0	18.0
30/11/2007	13:03:00	5.214	0.498	238.52	22.0	0.0	38.0	18.0
30/11/2007	13:05:00	5.182	0.526	239.61	21.8	0.0	37.0	18.0
30/11/2007	13:17:00	5.08	0.52	239.74	21.4	0.0	38.0	17.0
30/11/2007	13:30:00	5.792	0.056	238.13	24.4	0.0	65.0	17.0
30/11/2007	13:31:00	7.216	0.416	236.07	30.6	0.0	72.0	17.0
30/11/2007	13:32:00	7.008	0.394	236.65	29.8	0.0	65.0	18.0
30/11/2007	13:33:00	7.446	0.422	237.64	31.4	0.0	73.0	17.0
30/11/2007	13:34:00	6.92	0.394	237.69	29.4	0.0	65.0	17.0
30/11/2007	13:35:00	7.36	0.356	236.84	31.0	0.0	73.0	17.0
30/11/2007	13:36:00	7.314	0.298	236.68	30.8	0.0	72.0	18.0
30/11/2007	13:37:00	6.448	0.098	237.61	27.2	0.0	73.0	17.0
30/11/2007	13:38:00	6.396	0.07	237.99	27.0	0.0	74.0	17.0
30/11/2007	13:39:00	7.354	0.32	237.15	31.0	0.0	73.0	18.0
30/11/2007	13:40:00	7.37	0.302	237.75	31.0	0.0	73.0	17.0
30/11/2007	13:41:00	7.088	0.244	238.46	29.8	0.0	73.0	17.0
30/11/2007	13:42:00	5.972	0.05	240.18	24.8	0.0	75.0	18.0
30/11/2007	13:43:00	5.962	0.0	239.8	24.8	0.0	74.0	18.0
30/11/2007	13:44:00	5.95	0.052	239.76	24.8	0.0	74.0	17.0
30/11/2007	13:45:00	6.19	0.064	239.69	25.8	0.0	74.0	18.0
30/11/2007	13:46:00	6.14	0.0	239.85	25.6	0.0	74.0	17.0
30/11/2007	13:47:00	5.49	0.0	240.35	23.0	0.0	67.0	18.0
30/11/2007	13:48:00	6.612	0.314	238.72	27.8	0.0	59.0	18.0
30/11/2007	13:49:00	6.42	0.078	239.4	27.0	0.0	74.0	17.0
30/11/2007	13:50:00	5.542	0.05	240.28	23.2	0.0	69.0	18.0
30/11/2007	13:53:00	6.384	0.296	240.34	26.8	0.0	70.0	18.0
1/12/2007	07:38:00	6.614	0.15	231.39	28.6	0.0	0.0	17.0
1/12/2007	07:39:00	7.738	0.162	230.6	33.6	0.0	0.0	17.0
1/12/2007	07:40:00	5.954	0.176	232.53	26.6	0.0	0.0	17.0
1/12/2007	11:07:00	5.11	0.452	235.89	21.8	38.0	1.0	17.0
1/12/2007	11:25:00	6.518	0.272	233.85	27.8	37.0	0.0	16.0
1/12/2007	11:26:00	5.916	0.278	234.07	25.6	30.0	0.0	17.0
1/12/2007	17:39:00	5.354	0.266	233.5	23.2	37.0	0.0	16.0
1/12/2007	17:40:00	5.678	0.272	233.25	24.6	37.0	0.0	17.0
1/12/2007	17:41:00	5.098	0.234	234.26	21.8	37.0	0.0	17.0
1/12/2007	17:42:00	5.908	0.296	233.78	25.4	37.0	0.0	17.0
1/12/2007	17:43:00	5.462	0.244	234.26	23.2	38.0	0.0	17.0
1/12/2007	17:44:00	5.444	0.242	233.81	23.2	37.0	0.0	16.0
1/12/2007	17:45:00	5.498	0.24	233.75	23.4	37.0	0.0	17.0
1/12/2007	17:46:00	5.424	0.24	233.42	23.2	37.0	0.0	17.0
1/12/2007	17:47:00	5.41	0.162	233.74	23.0	37.0	0.0	17.0
1/12/2007	17:48:00	5.384	0.14	233.32	23.0	37.0	0.0	16.0
1/12/2007	17:49:00	5.384	0.15	234.53	22.8	38.0	0.0	17.0
1/12/2007	17:50:00	5.092	0.16	234.59	21.6	37.0	0.0	17.0
1/12/2007	17:55:00	5.39	0.222	233.65	23.0	37.0	0.0	17.0
1/12/2007	17:56:00	5.304	0.152	233.06	22.6	37.0	0.0	17.0
1/12/2007	17:57:00	6.458	0.264	231.66	28.2	16.0	0.0	16.0
1/12/2007	17:58:00	5.638	0.338	232.86	24.2	1.0	0.0	17.0
1/12/2007	18:01:00	5.268	0.252	234.83	22.4	38.0	0.0	17.0
1/12/2007	18:02:00	5.226	0.2	234.64	22.2	37.0	0.0	17.0
1/12/2007	18:07:00	5.184	0.186	233.71	22.2	37.0	0.0	17.0
1/12/2007	18:08:00	5.136	0.192	233.43	22.0	37.0	0.0	17.0
1/12/2007	18:14:00	5.024	0.292	233.53	21.4	37.0	0.0	16.0
1/12/2007	18:25:00	5.2	0.408	233.18	22.2	37.0	0.0	17.0
1/12/2007	18:26:00	5.188	0.408	233.03	22.2	36.0	0.0	17.0
1/12/2007	18:27:00	5.194	0.406	233.14	22.2	37.0	0.0	16.0
1/12/2007	18:28:00	5.2	0.406	233.21	22.2	37.0	0.0	17.0
1/12/2007	18:33:00	5.024	0.166	233.88	21.4	37.0	0.0	17.0
1/12/2007	18:38:00	5.362	0.156	232.4	23.0	37.0	0.0	17.0
1/12/2007	18:39:00	5.316	0.158	232.69	22.8	37.0	0.0	16.0
1/12/2007	18:43:00	5.274	0.078	233.45	22.6	37.0	0.0	17.0
1/12/2007	18:50:00	5.584	0.234	231.49	24.0	36.0	1.0	17.0
1/12/2007	18:51:00	5.844	0.23	231.25	25.2	37.0	1.0	16.0
1/12/2007	18:52:00	5.644	0.232	231.41	24.4	34.0	2.0	17.0
1/12/2007	18:56:00	5.628	0.202	231.63	24.2	35.0	1.0	16.0
1/12/2007	18:57:00	5.312	0.274	232.94	22.8	37.0	2.0	17.0
1/12/2007	18:58:00	5.406	0.316	235.07	23.0	37.0	1.0	17.0
1/12/2007	19:02:00	5.172	0.438	235.72	22.4	27.0	2.0	17.0
1/12/2007	19:03:00	5.562	0.334	235.0	23.6	37.0	0.0	17.0
1/12/2007	19:04:00	5.204	0.324	235.19	22.0	38.0	0.0	17.0
1/12/2007	19:05:00	5.12	0.32	234.57	21.8	37.0	0.0	17.0
1/12/2007	19:06:00	5.156	0.358	234.21	22.0	37.0	0.0	17.0
1/12/2007	20:54:00	5.422	0.24	235.99	23.0	33.0	0.0	17.0
1/12/2007	20:55:00	5.518	0.242	235.6	23.4	38.0	0.0	17.0
1/12/2007	20:56:00	5.5	0.232	235.09	23.4	37.0	0.0	17.0
1/12/2007	20:57:00	5.482	0.232	234.63	23.2	38.0	0.0	17.0
1/12/2007	20:58:00	5.53	0.226	234.75	23.4	37.0	0.0	17.0
1/12/2007	20:59:00	5.658	0.23	235.06	24.0	38.0	0.0	17.0
1/12/2007	21:00:00	5.528	0.244	235.82	23.4	37.0	0.0	17.0
1/12/2007	21:01:00	5.536	0.244	235.98	23.4	38.0	0.0	17.0
1/12/2007	21:02:00	5.536	0.244	235.97	23.4	38.0	0.0	17.0
1/12/2007	21:03:00	5.514	0.24	235.46	23.4	38.0	0.0	17.0
1/12/2007	21:04:00	5.578	0.314	234.87	23.8	37.0	0.0	17.0
1/12/2007	21:05:00	5.648	0.45	234.4	24.0	38.0	0.0	17.0
1/12/2007	21:06:00	5.684	0.454	235.31	24.2	37.0	0.0	17.0
1/12/2007	21:07:00	5.702	0.458	235.75	24.2	38.0	0.0	17.0
1/12/2007	21:08:00	5.81	0.496	237.22	24.6	39.0	0.0	17.0
1/12/2007	21:09:00	6.112	0.572	237.74	25.8	38.0	0.0	18.0
1/12/2007	21:10:00	5.81	0.492	238.52	24.4	39.0	0.0	17.0
1/12/2007	21:14:00	5.812	0.512	237.46	24.4	38.0	0.0	18.0
1/12/2007	21:15:00	5.738	0.478	237.13	24.2	38.0	0.0	17.0
1/12/2007	21:20:00	5.724	0.476	237.01	24.2	38.0	0.0	17.0
1/12/2007	21:21:00	5.724	0.444	237.37	24.2	39.0	0.0	17.0
1/12/2007	21:25:00	5.408	0.37	236.36	23.0	32.0	0.0	17.0
1/12/2007	21:26:00	5.64	0.368	236.23	23.8	38.0	0.0	17.0
1/12/2007	21:27:00	5.002	0.376	236.51	21.6	29.0	0.0	17.0
1/12/2007	21:31:00	5.666	0.376	237.0	23.8	38.0	0.0	18.0
1/12/2007	21:32:00	5.686	0.38	237.36	24.0	39.0	0.0	17.0
1/12/2007	21:37:00	5.764	0.498	237.37	24.2	39.0	1.0	18.0
1/12/2007	21:38:00	5.864	0.5	237.74	24.6	38.0	2.0	17.0
1/12/2007	21:45:00	5.194	0.516	238.56	22.2	25.0	1.0	17.0
1/12/2007	21:46:00	5.986	0.576	238.42	25.2	39.0	2.0	17.0
1/12/2007	21:47:00	6.034	0.578	238.64	25.4	39.0	1.0	18.0
1/12/2007	21:48:00	6.002	0.58	238.78	25.2	38.0	1.0	17.0
1/12/2007	21:49:00	7.194	0.742	237.5	30.6	39.0	1.0	18.0
1/12/2007	21:50:00	6.796	0.62	237.85	28.8	38.0	0.0	17.0
1/12/2007	21:51:00	6.512	0.826	237.86	28.0	26.0	0.0	17.0
1/12/2007	21:52:00	6.358	0.82	238.54	27.2	15.0	0.0	18.0
1/12/2007	21:53:00	7.328	0.764	237.7	31.0	39.0	0.0	17.0
1/12/2007	21:54:00	6.634	0.668	237.76	28.4	30.0	0.0	18.0
1/12/2007	21:55:00	5.096	0.642	238.56	21.6	1.0	0.0	17.0
1/12/2007	21:56:00	5.82	0.434	238.17	24.4	39.0	0.0	17.0
1/12/2007	21:57:00	5.696	0.414	236.63	24.0	38.0	0.0	18.0
1/12/2007	21:58:00	6.572	0.5	234.63	28.2	37.0	0.0	17.0
1/12/2007	21:59:00	6.596	0.53	234.86	28.4	32.0	0.0	16.0
1/12/2007	22:00:00	5.046	0.592	237.07	21.4	1.0	0.0	18.0
1/12/2007	22:01:00	5.036	0.588	237.19	21.4	1.0	0.0	17.0
1/12/2007	22:02:00	5.514	0.548	236.17	23.8	7.0	0.0	17.0
1/12/2007	22:03:00	6.056	0.424	234.9	26.0	38.0	0.0	17.0
1/12/2007	22:04:00	5.71	0.394	234.69	24.4	37.0	0.0	17.0
1/12/2007	22:05:00	5.694	0.396	235.08	24.2	38.0	0.0	17.0
1/12/2007	22:11:00	5.936	0.536	234.96	25.6	38.0	0.0	17.0
1/12/2007	22:12:00	5.25	0.586	236.17	22.8	21.0	0.0	17.0
1/12/2007	22:16:00	5.732	0.46	237.21	24.4	39.0	0.0	18.0
1/12/2007	22:17:00	5.442	0.438	237.78	22.8	38.0	0.0	17.0
1/12/2007	22:18:00	5.298	0.436	237.5	22.4	38.0	0.0	17.0
2/12/2007	13:09:00	6.182	0.454	238.67	26.0	39.0	1.0	17.0
2/12/2007	13:10:00	5.598	0.508	239.41	23.4	39.0	1.0	18.0
2/12/2007	13:47:00	6.566	0.112	239.98	27.4	0.0	75.0	18.0
2/12/2007	13:48:00	6.254	0.088	239.7	26.2	0.0	66.0	17.0
2/12/2007	13:49:00	6.628	0.108	238.84	27.6	0.0	74.0	18.0
2/12/2007	13:50:00	6.66	0.154	238.46	27.8	0.0	73.0	17.0
2/12/2007	13:51:00	6.726	0.236	238.57	28.2	0.0	75.0	18.0
2/12/2007	13:52:00	6.736	0.218	239.06	28.2	0.0	74.0	17.0
2/12/2007	13:53:00	6.614	0.236	239.01	27.6	0.0	74.0	18.0
2/12/2007	13:56:00	6.472	0.322	239.51	27.2	0.0	69.0	18.0
2/12/2007	14:24:00	5.138	0.1	242.0	21.4	0.0	36.0	18.0
2/12/2007	14:31:00	5.184	0.288	241.96	21.6	1.0	39.0	18.0
2/12/2007	14:41:00	5.058	0.392	242.53	21.8	27.0	27.0	18.0
2/12/2007	14:42:00	5.41	0.35	241.85	22.6	39.0	27.0	18.0
2/12/2007	14:43:00	5.598	0.388	241.21	23.2	39.0	27.0	18.0
2/12/2007	14:44:00	5.256	0.362	241.0	22.0	38.0	24.0	18.0
2/12/2007	14:45:00	5.706	0.388	240.86	23.8	39.0	30.0	17.0
2/12/2007	14:46:00	5.006	0.342	241.73	20.8	39.0	20.0	18.0
2/12/2007	14:47:00	5.71	0.342	240.21	23.8	38.0	30.0	18.0
2/12/2007	14:49:00	5.598	0.228	241.32	23.2	39.0	29.0	18.0
2/12/2007	15:21:00	6.414	0.266	239.4	26.8	1.0	74.0	18.0
2/12/2007	15:22:00	6.36	0.27	238.16	26.6	1.0	74.0	17.0
2/12/2007	15:23:00	6.348	0.268	238.07	26.6	2.0	74.0	17.0
2/12/2007	15:24:00	6.322	0.294	238.24	26.4	0.0	74.0	18.0
2/12/2007	15:25:00	6.396	0.264	238.76	26.8	1.0	74.0	17.0
2/12/2007	15:26:00	8.03	0.254	236.99	34.0	28.0	73.0	18.0
2/12/2007	15:27:00	8.392	0.186	236.41	35.4	37.0	73.0	17.0
2/12/2007	15:28:00	8.46	0.084	236.49	35.6	38.0	73.0	17.0
2/12/2007	15:29:00	8.594	0.154	236.9	36.2	37.0	73.0	17.0
2/12/2007	15:30:00	8.018	0.182	238.73	33.8	38.0	64.0	18.0
2/12/2007	15:31:00	6.56	0.178	240.11	27.2	38.0	38.0	17.0
2/12/2007	15:32:00	7.586	0.184	238.43	32.0	37.0	54.0	18.0
2/12/2007	15:33:00	6.842	0.208	238.84	28.8	38.0	45.0	17.0
2/12/2007	15:34:00	6.494	0.24	239.13	27.0	38.0	37.0	18.0
2/12/2007	15:35:00	6.398	0.154	238.31	26.8	38.0	37.0	17.0
2/12/2007	15:36:00	6.348	0.064	237.97	26.6	37.0	37.0	17.0
2/12/2007	15:37:00	6.376	0.0	238.19	26.6	38.0	38.0	18.0
2/12/2007	15:38:00	6.392	0.062	238.49	26.8	37.0	37.0	17.0
2/12/2007	15:39:00	6.386	0.066	238.68	26.6	38.0	38.0	18.0
2/12/2007	16:21:00	5.268	0.426	236.94	22.2	0.0	36.0	17.0
2/12/2007	16:27:00	5.064	0.082	238.48	21.2	0.0	36.0	17.0
3/12/2007	06:40:00	6.33	0.054	236.74	26.6	0.0	0.0	17.0
3/12/2007	06:41:00	5.684	0.064	238.65	23.8	0.0	0.0	18.0
4/12/2007	06:32:00	5.352	0.084	238.59	22.4	0.0	0.0	17.0
4/12/2007	06:33:00	5.55	0.082	237.57	23.4	0.0	0.0	18.0
4/12/2007	06:34:00	5.08	0.088	238.29	22.0	0.0	0.0	17.0
4/12/2007	11:51:00	5.238	0.566	235.86	22.2	37.0	1.0	17.0
4/12/2007	11:52:00	5.018	0.518	238.08	21.4	37.0	1.0	17.0
4/12/2007	11:53:00	5.18	0.478	237.37	21.8	38.0	1.0	17.0
4/12/2007	11:54:00	5.142	0.442	237.3	21.8	38.0	0.0	18.0
4/12/2007	11:55:00	5.158	0.438	237.39	21.8	37.0	1.0	17.0
4/12/2007	11:56:00	5.158	0.424	236.89	21.8	37.0	1.0	17.0
4/12/2007	11:57:00	5.15	0.422	236.82	21.8	38.0	1.0	17.0
4/12/2007	11:58:00	5.156	0.428	236.61	21.8	37.0	1.0	18.0
4/12/2007	12:11:00	5.21	0.37	236.7	22.2	1.0	33.0	17.0
4/12/2007	12:12:00	5.34	0.268	235.38	22.8	2.0	43.0	17.0
4/12/2007	12:13:00	5.844	0.0	235.26	24.8	1.0	67.0	17.0
4/12/2007	12:14:00	5.984	0.066	235.89	25.4	1.0	72.0	17.0
4/12/2007	12:15:00	5.834	0.09	236.44	24.8	1.0	67.0	17.0
4/12/2007	12:16:00	6.116	0.142	235.26	26.0	1.0	73.0	17.0
4/12/2007	12:17:00	7.294	0.47	234.55	31.2	2.0	73.0	17.0
4/12/2007	12:18:00	7.42	0.614	234.49	31.6	1.0	72.0	17.0
4/12/2007	12:19:00	7.448	0.596	235.32	31.6	1.0	73.0	17.0
4/12/2007	12:20:00	6.524	0.642	235.09	28.2	1.0	61.0	17.0
4/12/2007	12:32:00	5.532	0.156	235.61	23.8	30.0	36.0	15.0
4/12/2007	12:33:00	5.912	0.152	235.94	25.0	37.0	36.0	18.0
4/12/2007	12:34:00	5.858	0.094	235.52	24.8	37.0	37.0	17.0
4/12/2007	12:35:00	5.86	0.078	236.03	24.8	37.0	36.0	17.0
4/12/2007	12:37:00	5.61	0.136	237.64	23.6	38.0	31.0	17.0
4/12/2007	12:38:00	6.138	0.178	237.05	25.8	37.0	41.0	17.0
4/12/2007	12:39:00	5.874	0.168	238.27	24.6	38.0	37.0	18.0
4/12/2007	12:40:00	5.154	0.2	238.44	21.6	37.0	22.0	17.0
4/12/2007	12:41:00	6.204	0.178	237.65	26.0	38.0	42.0	18.0
4/12/2007	12:42:00	5.928	0.152	237.66	24.8	37.0	38.0	17.0
4/12/2007	12:44:00	5.544	0.106	238.3	23.2	37.0	31.0	18.0
4/12/2007	13:09:00	5.276	0.11	237.13	22.6	0.0	62.0	17.0
4/12/2007	13:10:00	5.854	0.114	236.74	24.6	0.0	73.0	17.0
4/12/2007	13:11:00	5.352	0.108	237.29	22.8	0.0	64.0	18.0
4/12/2007	13:12:00	5.852	0.112	236.59	24.6	0.0	73.0	17.0
4/12/2007	13:13:00	5.852	0.108	236.69	24.6	0.0	73.0	17.0
4/12/2007	13:14:00	6.868	0.412	235.49	29.4	0.0	70.0	17.0
4/12/2007	13:15:00	6.098	0.368	236.75	25.8	0.0	54.0	17.0
4/12/2007	13:16:00	7.158	0.36	235.07	30.4	0.0	70.0	17.0
4/12/2007	13:17:00	6.622	0.358	235.96	28.2	0.0	63.0	17.0
4/12/2007	13:18:00	5.426	0.328	237.38	23.2	0.0	45.0	17.0
4/12/2007	13:30:00	5.372	0.424	235.09	22.8	0.0	39.0	16.0
4/12/2007	21:02:00	5.046	0.198	236.52	21.6	0.0	38.0	0.0
4/12/2007	21:03:00	5.66	0.384	235.91	24.4	0.0	29.0	0.0
4/12/2007	21:10:00	5.222	0.342	238.31	22.2	0.0	38.0	0.0
4/12/2007	21:11:00	5.208	0.268	237.86	22.2	0.0	38.0	0.0
4/12/2007	21:19:00	5.472	0.234	236.74	23.6	0.0	36.0	9.0
4/12/2007	21:20:00	6.274	0.308	236.56	26.6	0.0	36.0	18.0
4/12/2007	21:21:00	5.238	0.214	238.35	22.2	0.0	37.0	18.0
4/12/2007	21:23:00	5.328	0.338	238.36	22.6	0.0	36.0	17.0
4/12/2007	21:24:00	6.33	0.436	237.37	26.8	0.0	36.0	18.0
4/12/2007	21:25:00	6.312	0.434	237.09	26.8	0.0	37.0	17.0
4/12/2007	21:26:00	6.25	0.38	236.12	26.6	0.0	35.0	17.0
4/12/2007	21:27:00	6.524	0.376	235.58	27.8	0.0	36.0	17.0
4/12/2007	21:28:00	5.89	0.296	236.27	25.2	0.0	36.0	17.0
4/12/2007	21:29:00	5.182	0.24	236.85	21.8	0.0	36.0	18.0
4/12/2007	21:30:00	5.174	0.216	236.87	21.8	0.0	36.0	17.0
4/12/2007	21:31:00	5.198	0.238	236.69	22.0	0.0	36.0	17.0
4/12/2007	21:32:00	5.196	0.21	237.15	21.8	0.0	36.0	17.0
4/12/2007	21:33:00	5.136	0.14	236.73	21.6	0.0	36.0	18.0
4/12/2007	21:34:00	5.134	0.124	237.0	21.6	0.0	35.0	17.0
4/12/2007	21:35:00	5.142	0.14	237.0	21.6	0.0	37.0	17.0
4/12/2007	21:36:00	5.14	0.122	237.25	21.6	0.0	35.0	17.0
4/12/2007	21:37:00	5.09	0.068	237.01	21.4	0.0	37.0	18.0
4/12/2007	21:38:00	5.064	0.0	237.53	21.2	0.0	36.0	17.0
4/12/2007	21:39:00	5.05	0.0	236.86	21.2	0.0	36.0	17.0
4/12/2007	21:40:00	5.104	0.0	237.72	21.4	0.0	36.0	17.0
4/12/2007	21:41:00	5.144	0.0	238.39	21.6	0.0	36.0	18.0
4/12/2007	21:42:00	5.286	0.0	238.68	22.0	0.0	36.0	17.0
4/12/2007	21:43:00	5.37	0.0	238.79	22.4	0.0	37.0	18.0
4/12/2007	21:44:00	5.414	0.0	238.41	22.6	0.0	36.0	17.0
4/12/2007	21:45:00	6.282	0.0	237.92	26.4	0.0	37.0	18.0
4/12/2007	21:46:00	6.028	0.0	237.73	25.4	0.0	36.0	17.0
4/12/2007	21:47:00	6.018	0.0	238.03	25.2	0.0	36.0	17.0
4/12/2007	21:48:00	5.792	0.0	238.69	24.2	0.0	36.0	18.0
4/12/2007	21:49:00	5.804	0.0	239.25	24.2	0.0	37.0	17.0
4/12/2007	21:50:00	5.758	0.0	238.59	24.0	0.0	36.0	18.0
4/12/2007	21:51:00	5.712	0.0	238.2	24.0	0.0	34.0	17.0
4/12/2007	21:53:00	5.404	0.0	235.26	23.0	0.0	36.0	17.0
4/12/2007	21:54:00	5.09	0.0	234.53	21.6	0.0	35.0	16.0
4/12/2007	21:55:00	5.334	0.0	234.4	22.8	0.0	35.0	17.0
4/12/2007	22:00:00	5.282	0.086	233.01	22.8	0.0	30.0	17.0
4/12/2007	22:02:00	5.572	0.086	233.68	23.8	0.0	35.0	17.0
4/12/2007	22:03:00	5.724	0.178	234.2	24.4	0.0	35.0	16.0
4/12/2007	22:04:00	5.78	0.234	234.14	24.6	0.0	36.0	17.0
4/12/2007	22:05:00	5.358	0.34	234.97	23.2	0.0	34.0	14.0
5/12/2007	06:51:00	6.416	0.048	236.61	27.0	0.0	0.0	18.0
5/12/2007	06:52:00	5.716	0.0	236.76	24.2	0.0	0.0	17.0
5/12/2007	06:53:00	5.246	0.0	237.63	22.0	0.0	0.0	17.0
5/12/2007	11:45:00	6.028	0.296	235.13	25.6	74.0	0.0	17.0
5/12/2007	11:46:00	6.012	0.292	234.79	25.6	74.0	0.0	17.0
5/12/2007	11:50:00	6.0	0.412	235.03	25.6	70.0	2.0	17.0
5/12/2007	11:51:00	6.064	0.41	234.7	25.8	74.0	1.0	17.0
5/12/2007	11:52:00	5.976	0.408	234.57	25.6	74.0	1.0	17.0
5/12/2007	19:21:00	5.636	0.064	233.65	24.6	38.0	0.0	0.0
5/12/2007	19:22:00	7.022	0.126	231.24	30.4	36.0	0.0	0.0
5/12/2007	19:23:00	7.186	0.244	231.71	31.0	36.0	0.0	0.0
5/12/2007	19:24:00	7.178	0.238	231.46	31.0	37.0	0.0	0.0
5/12/2007	19:25:00	7.268	0.276	230.96	31.4	36.0	0.0	0.0
5/12/2007	19:26:00	7.604	0.406	231.02	32.8	36.0	0.0	0.0
5/12/2007	19:27:00	7.378	0.298	231.9	31.8	37.0	0.0	0.0
5/12/2007	19:28:00	7.208	0.224	232.14	31.0	37.0	0.0	0.0
5/12/2007	19:29:00	7.366	0.222	232.38	31.6	36.0	0.0	0.0
5/12/2007	19:30:00	6.722	0.228	233.52	29.0	37.0	0.0	0.0
5/12/2007	19:32:00	5.872	0.23	234.7	25.4	38.0	0.0	0.0
5/12/2007	19:38:00	5.272	0.23	235.56	22.6	37.0	0.0	0.0
5/12/2007	19:39:00	5.256	0.236	235.75	22.8	38.0	0.0	0.0
5/12/2007	19:43:00	5.144	0.446	235.09	22.0	38.0	0.0	0.0
5/12/2007	19:49:00	5.09	0.576	237.04	21.6	38.0	2.0	0.0
5/12/2007	19:50:00	5.068	0.576	236.92	21.4	38.0	1.0	0.0
5/12/2007	19:55:00	5.018	0.478	237.23	21.2	38.0	1.0	0.0
5/12/2007	20:07:00	6.356	0.138	235.22	27.0	37.0	0.0	0.0
5/12/2007	20:08:00	6.282	0.134	233.86	26.8	37.0	0.0	0.0
5/12/2007	20:09:00	6.26	0.132	233.3	26.8	37.0	0.0	0.0
6/12/2007	06:52:00	5.108	0.056	238.1	21.4	0.0	0.0	17.0
6/12/2007	06:54:00	5.66	0.0	237.94	24.2	0.0	0.0	17.0
6/12/2007	06:55:00	5.746	0.0	237.67	24.2	0.0	0.0	17.0
6/12/2007	06:56:00	6.038	0.0	237.07	25.4	0.0	0.0	17.0
6/12/2007	19:55:00	5.376	0.298	234.1	23.0	37.0	1.0	8.0
6/12/2007	19:56:00	5.79	0.292	233.12	24.8	36.0	2.0	17.0
6/12/2007	20:00:00	5.946	0.41	233.56	25.4	37.0	1.0	17.0
6/12/2007	20:04:00	5.228	0.45	234.38	22.8	21.0	1.0	17.0
6/12/2007	20:05:00	5.886	0.388	233.56	25.2	37.0	0.0	17.0
6/12/2007	20:09:00	5.772	0.38	231.83	24.8	36.0	0.0	16.0
6/12/2007	20:13:00	5.864	0.378	231.85	25.2	36.0	0.0	17.0
6/12/2007	20:14:00	5.67	0.38	231.83	24.6	35.0	0.0	16.0
6/12/2007	20:17:00	5.858	0.262	233.42	25.2	31.0	0.0	17.0
6/12/2007	20:18:00	5.864	0.264	234.14	25.0	37.0	0.0	17.0
6/12/2007	20:21:00	5.832	0.168	234.2	25.0	36.0	0.0	16.0
6/12/2007	20:24:00	6.248	0.168	232.72	27.0	31.0	0.0	16.0
6/12/2007	20:25:00	6.466	0.208	232.16	28.0	35.0	0.0	17.0
6/12/2007	20:28:00	6.182	0.18	231.97	26.8	29.0	0.0	16.0
6/12/2007	20:29:00	5.962	0.198	231.68	25.6	37.0	0.0	17.0
6/12/2007	20:30:00	5.242	0.198	231.92	22.6	36.0	0.0	16.0
6/12/2007	20:31:00	5.146	0.198	231.98	22.2	37.0	0.0	17.0
6/12/2007	20:32:00	5.168	0.202	232.59	22.2	36.0	0.0	16.0
6/12/2007	20:33:00	5.214	0.204	233.67	22.2	38.0	0.0	17.0
6/12/2007	20:34:00	5.21	0.202	233.56	22.2	37.0	0.0	17.0
6/12/2007	20:35:00	5.024	0.206	233.71	21.4	37.0	0.0	17.0
6/12/2007	20:39:00	5.018	0.212	235.22	21.2	37.0	0.0	17.0
6/12/2007	20:44:00	5.144	0.342	235.83	21.8	38.0	0.0	17.0
6/12/2007	20:45:00	5.126	0.338	235.32	21.8	37.0	0.0	17.0
6/12/2007	20:49:00	5.178	0.432	235.47	22.0	38.0	0.0	17.0
6/12/2007	20:50:00	5.27	0.416	234.72	22.4	37.0	0.0	17.0
6/12/2007	20:51:00	5.132	0.412	233.93	22.0	38.0	0.0	17.0
6/12/2007	20:58:00	5.188	0.454	233.02	22.4	37.0	0.0	0.0
6/12/2007	22:16:00	5.382	0.334	236.28	23.2	48.0	0.0	0.0
6/12/2007	22:17:00	6.838	0.316	235.28	29.0	74.0	0.0	0.0
6/12/2007	22:18:00	6.834	0.33	235.35	29.0	74.0	0.0	0.0
6/12/2007	22:19:00	6.528	0.35	235.96	27.6	75.0	0.0	0.0
6/12/2007	22:20:00	6.612	0.36	237.82	27.8	75.0	0.0	0.0
6/12/2007	22:21:00	6.654	0.364	238.65	27.8	76.0	0.0	0.0
6/12/2007	22:22:00	6.632	0.362	238.3	27.8	76.0	0.0	0.0
6/12/2007	23:08:00	5.762	0.118	238.9	24.8	0.0	0.0	17.0
6/12/2007	23:09:00	6.022	0.124	239.21	25.2	0.0	0.0	18.0
6/12/2007	23:10:00	6.202	0.052	240.34	25.8	0.0	0.0	17.0
6/12/2007	23:11:00	5.636	0.056	241.45	23.2	0.0	0.0	18.0
7/12/2007	12:17:00	5.334	0.51	236.04	22.8	0.0	41.0	17.0
7/12/2007	13:33:00	5.696	0.0	236.73	24.0	0.0	73.0	17.0
7/12/2007	13:34:00	5.672	0.0	236.4	24.0	0.0	72.0	17.0
7/12/2007	13:35:00	6.768	0.338	235.5	29.0	0.0	72.0	17.0
7/12/2007	13:36:00	7.154	0.448	234.88	30.4	0.0	71.0	17.0
7/12/2007	13:37:00	7.086	0.404	235.14	30.2	0.0	72.0	17.0
7/12/2007	13:38:00	5.802	0.082	236.35	24.4	0.0	72.0	17.0
7/12/2007	13:39:00	5.95	0.18	236.65	25.0	0.0	73.0	17.0
7/12/2007	13:40:00	5.952	0.208	236.38	25.2	0.0	72.0	18.0
7/12/2007	13:41:00	5.962	0.222	236.61	25.2	0.0	73.0	17.0
7/12/2007	13:43:00	5.33	0.23	237.66	22.8	0.0	60.0	17.0
8/12/2007	07:49:00	5.6	0.056	234.5	23.8	0.0	0.0	17.0
8/12/2007	07:50:00	5.182	0.06	234.79	22.0	0.0	0.0	17.0
8/12/2007	07:51:00	5.114	0.082	234.33	22.2	0.0	0.0	17.0
8/12/2007	19:57:00	5.52	0.316	235.36	23.8	0.0	24.0	17.0
8/12/2007	19:58:00	6.022	0.294	233.85	25.8	0.0	35.0	17.0
8/12/2007	19:59:00	5.512	0.274	232.97	24.0	0.0	27.0	17.0
8/12/2007	20:00:00	6.002	0.286	233.41	25.6	0.0	35.0	17.0
8/12/2007	20:01:00	5.462	0.2	234.26	23.6	0.0	27.0	16.0
8/12/2007	20:02:00	5.886	0.164	232.83	25.2	0.0	34.0	17.0
8/12/2007	20:03:00	5.868	0.156	232.51	25.2	0.0	35.0	17.0
8/12/2007	20:04:00	5.896	0.168	233.98	25.2	0.0	35.0	17.0
8/12/2007	20:05:00	5.642	0.158	233.07	24.2	0.0	35.0	16.0
8/12/2007	20:06:00	5.728	0.166	233.18	24.4	0.0	35.0	17.0
8/12/2007	20:07:00	5.86	0.158	233.78	25.0	0.0	35.0	17.0
8/12/2007	20:08:00	5.954	0.17	234.38	25.4	0.0	35.0	17.0
8/12/2007	20:09:00	5.912	0.156	233.46	25.2	0.0	35.0	16.0
8/12/2007	20:10:00	5.912	0.164	233.23	25.2	0.0	35.0	17.0
8/12/2007	20:11:00	5.948	0.158	234.37	25.4	0.0	35.0	17.0
8/12/2007	20:12:00	5.91	0.166	233.71	25.2	0.0	35.0	17.0
8/12/2007	20:13:00	5.882	0.16	234.69	25.0	0.0	35.0	17.0
8/12/2007	20:14:00	5.91	0.18	235.85	25.0	0.0	35.0	17.0
8/12/2007	20:15:00	5.892	0.166	235.56	25.0	0.0	36.0	17.0
8/12/2007	20:16:00	5.886	0.178	235.45	25.0	0.0	35.0	17.0
8/12/2007	20:17:00	5.838	0.162	234.58	24.8	0.0	35.0	17.0
8/12/2007	20:18:00	5.884	0.18	235.23	25.0	0.0	36.0	17.0
8/12/2007	20:19:00	5.868	0.16	234.82	25.0	0.0	35.0	16.0
8/12/2007	20:20:00	5.854	0.17	234.4	25.0	0.0	35.0	17.0
8/12/2007	20:21:00	5.838	0.206	232.88	25.0	0.0	35.0	17.0
8/12/2007	20:22:00	5.906	0.288	233.27	25.2	0.0	35.0	17.0
8/12/2007	20:23:00	5.924	0.274	233.61	25.4	0.0	35.0	16.0
8/12/2007	20:24:00	6.126	0.292	234.03	26.2	0.0	35.0	17.0
8/12/2007	20:25:00	6.058	0.272	233.76	25.8	0.0	35.0	17.0
8/12/2007	20:26:00	6.056	0.286	233.21	26.0	0.0	35.0	17.0
8/12/2007	20:28:00	5.952	0.304	235.35	25.4	0.0	31.0	17.0
8/12/2007	20:29:00	6.158	0.344	234.28	26.2	0.0	35.0	17.0
8/12/2007	20:30:00	6.19	0.424	233.72	26.4	0.0	36.0	16.0
8/12/2007	20:31:00	5.606	0.48	233.1	24.2	0.0	27.0	17.0
8/12/2007	20:32:00	5.466	0.504	233.76	23.6	0.0	23.0	17.0
8/12/2007	20:33:00	6.192	0.478	233.27	26.6	0.0	36.0	17.0
8/12/2007	20:34:00	6.032	0.394	234.94	25.6	0.0	37.0	16.0
8/12/2007	20:35:00	5.31	0.33	235.44	22.6	0.0	28.0	17.0
8/12/2007	20:36:00	5.212	0.362	236.68	22.2	0.0	23.0	18.0
8/12/2007	20:37:00	6.008	0.316	234.51	25.6	0.0	37.0	17.0
8/12/2007	20:38:00	5.616	0.342	235.2	24.0	0.0	32.0	17.0
8/12/2007	20:39:00	5.1	0.322	234.56	21.8	0.0	19.0	16.0
8/12/2007	20:40:00	6.222	0.324	233.62	26.6	0.0	36.0	17.0
8/12/2007	20:41:00	5.652	0.312	233.88	24.2	0.0	30.0	17.0
8/12/2007	20:42:00	5.244	0.336	234.4	22.4	0.0	21.0	17.0
8/12/2007	20:43:00	5.784	0.324	233.28	24.8	0.0	36.0	17.0
8/12/2007	20:44:00	5.036	0.358	234.46	21.6	0.0	25.0	16.0
9/12/2007	16:13:00	5.244	0.46	238.43	22.0	2.0	39.0	3.0
9/12/2007	16:14:00	5.948	0.44	236.56	25.2	1.0	38.0	18.0
9/12/2007	16:15:00	5.97	0.444	237.18	25.2	1.0	37.0	18.0
9/12/2007	16:16:00	5.418	0.42	238.36	23.0	1.0	32.0	17.0
9/12/2007	16:33:00	7.638	0.44	237.42	32.2	70.0	2.0	17.0
9/12/2007	16:34:00	7.936	0.47	236.94	33.4	75.0	4.0	18.0
9/12/2007	16:35:00	8.004	0.48	236.37	33.8	75.0	6.0	17.0
9/12/2007	16:36:00	7.988	0.476	236.49	33.8	75.0	6.0	17.0
9/12/2007	16:37:00	8.02	0.478	236.69	33.8	75.0	5.0	17.0
9/12/2007	16:38:00	8.054	0.474	236.0	34.0	74.0	6.0	17.0
9/12/2007	16:39:00	7.788	0.406	236.75	32.8	75.0	2.0	17.0
9/12/2007	16:40:00	7.766	0.322	237.72	32.6	76.0	1.0	18.0
9/12/2007	16:41:00	7.81	0.406	237.81	32.8	76.0	1.0	17.0
9/12/2007	16:42:00	7.878	0.714	237.07	33.2	75.0	2.0	17.0
9/12/2007	16:43:00	7.692	0.392	236.28	32.6	75.0	1.0	17.0
9/12/2007	16:44:00	7.704	0.322	236.99	32.4	75.0	2.0	18.0
9/12/2007	16:45:00	5.982	0.214	239.46	25.2	49.0	0.0	17.0
9/12/2007	16:49:00	5.15	0.22	239.69	21.8	28.0	0.0	18.0
9/12/2007	16:50:00	5.566	0.244	238.26	23.4	39.0	0.0	17.0
9/12/2007	16:56:00	5.502	0.256	236.49	23.2	38.0	0.0	17.0
9/12/2007	16:57:00	5.654	0.332	238.69	23.6	39.0	0.0	17.0
9/12/2007	16:58:00	5.716	0.524	237.32	24.2	38.0	0.0	18.0
9/12/2007	17:03:00	5.676	0.414	235.83	24.0	38.0	0.0	17.0
9/12/2007	17:04:00	5.64	0.41	234.87	24.0	37.0	0.0	17.0
9/12/2007	17:09:00	5.548	0.404	233.62	23.8	37.0	0.0	16.0
9/12/2007	17:10:00	5.572	0.402	233.42	23.8	37.0	0.0	17.0
9/12/2007	17:16:00	5.414	0.274	232.2	23.2	37.0	0.0	17.0
9/12/2007	17:17:00	5.416	0.274	232.23	23.2	36.0	0.0	16.0
9/12/2007	17:22:00	5.438	0.274	232.41	23.4	37.0	0.0	17.0
9/12/2007	17:23:00	5.438	0.276	233.3	23.2	36.0	0.0	16.0
9/12/2007	18:48:00	5.626	0.23	231.17	24.2	0.0	35.0	16.0
9/12/2007	18:49:00	5.186	0.204	230.93	22.8	0.0	26.0	17.0
9/12/2007	18:50:00	5.76	0.19	231.16	24.8	0.0	34.0	16.0
9/12/2007	18:51:00	5.404	0.204	232.0	23.6	0.0	27.0	17.0
9/12/2007	18:52:00	5.884	0.19	231.65	25.4	0.0	34.0	16.0
9/12/2007	18:53:00	5.87	0.206	231.17	25.4	0.0	35.0	16.0
9/12/2007	18:54:00	5.844	0.188	230.77	25.2	0.0	34.0	17.0
9/12/2007	18:55:00	5.842	0.204	230.4	25.2	0.0	35.0	16.0
9/12/2007	18:56:00	5.806	0.186	229.66	25.2	0.0	33.0	16.0
9/12/2007	18:57:00	5.64	0.224	229.71	24.4	0.0	34.0	17.0
9/12/2007	18:58:00	5.502	0.19	229.85	23.8	0.0	34.0	16.0
9/12/2007	18:59:00	5.512	0.206	229.91	24.0	0.0	34.0	16.0
9/12/2007	19:00:00	5.534	0.192	230.72	24.0	0.0	34.0	16.0
9/12/2007	19:01:00	5.56	0.21	231.15	24.0	0.0	35.0	17.0
9/12/2007	19:02:00	5.532	0.192	230.85	23.8	0.0	34.0	16.0
9/12/2007	19:03:00	5.702	0.208	231.48	24.6	0.0	34.0	17.0
9/12/2007	19:04:00	6.238	0.18	231.14	27.0	0.0	34.0	16.0
9/12/2007	19:05:00	6.238	0.194	230.72	27.0	0.0	35.0	16.0
9/12/2007	19:06:00	6.232	0.176	230.79	27.0	0.0	34.0	17.0
9/12/2007	19:07:00	6.268	0.196	231.48	27.0	0.0	34.0	16.0
9/12/2007	19:08:00	6.202	0.178	230.9	26.8	0.0	34.0	17.0
9/12/2007	19:09:00	6.182	0.192	230.28	26.8	0.0	34.0	16.0
9/12/2007	19:10:00	6.172	0.174	230.13	26.8	0.0	34.0	16.0
9/12/2007	19:11:00	6.172	0.19	229.75	26.8	0.0	34.0	16.0
9/12/2007	19:12:00	6.166	0.172	229.85	26.8	0.0	34.0	17.0
9/12/2007	19:13:00	6.25	0.272	229.66	27.2	0.0	34.0	16.0
9/12/2007	19:14:00	6.284	0.292	230.12	27.2	0.0	34.0	16.0
9/12/2007	19:15:00	6.284	0.31	230.04	27.2	0.0	34.0	16.0
9/12/2007	19:16:00	6.268	0.292	229.97	27.2	0.0	34.0	17.0
9/12/2007	19:17:00	6.29	0.312	230.31	27.2	0.0	34.0	16.0
9/12/2007	19:18:00	6.282	0.292	230.2	27.2	0.0	34.0	16.0
9/12/2007	19:19:00	6.272	0.31	229.89	27.2	0.0	34.0	16.0
9/12/2007	19:20:00	6.218	0.288	228.95	27.2	0.0	33.0	17.0
9/12/2007	19:21:00	6.25	0.304	229.29	27.2	0.0	34.0	16.0
9/12/2007	19:22:00	5.832	0.294	230.01	25.4	0.0	28.0	16.0
9/12/2007	19:23:00	5.432	0.32	231.09	23.6	0.0	19.0	16.0
9/12/2007	19:24:00	6.252	0.296	230.33	27.2	0.0	34.0	17.0
9/12/2007	19:25:00	6.34	0.31	229.92	27.6	0.0	34.0	16.0
9/12/2007	19:26:00	6.17	0.286	230.36	26.8	0.0	34.0	16.0
9/12/2007	19:28:00	5.3	0.29	232.21	23.0	0.0	29.0	16.0
9/12/2007	19:29:00	5.002	0.378	233.43	21.6	0.0	33.0	17.0
9/12/2007	19:31:00	5.008	0.356	233.92	21.4	0.0	35.0	17.0
9/12/2007	20:26:00	5.054	0.0	231.89	21.8	36.0	0.0	17.0
9/12/2007	20:27:00	5.186	0.0	231.14	22.4	36.0	0.0	16.0
9/12/2007	20:29:00	5.216	0.0	232.49	22.4	36.0	0.0	17.0
9/12/2007	20:30:00	5.21	0.0	232.95	22.4	36.0	0.0	17.0
9/12/2007	20:31:00	5.6	0.0	232.39	24.0	36.0	0.0	16.0
9/12/2007	20:32:00	5.094	0.046	231.65	22.0	36.0	0.0	17.0
9/12/2007	20:33:00	5.786	0.156	230.19	25.2	35.0	0.0	16.0
9/12/2007	20:34:00	5.978	0.158	230.12	26.0	36.0	0.0	16.0
9/12/2007	20:35:00	5.282	0.162	230.62	23.2	24.0	0.0	17.0
10/12/2007	06:56:00	7.312	0.0	239.29	30.4	0.0	0.0	18.0
10/12/2007	06:57:00	6.456	0.0	239.94	27.0	0.0	0.0	18.0
10/12/2007	06:58:00	6.686	0.082	240.37	27.8	0.0	1.0	18.0
10/12/2007	21:00:00	5.332	0.154	234.79	22.8	31.0	0.0	17.0
10/12/2007	21:01:00	5.57	0.16	234.51	23.8	37.0	0.0	16.0
10/12/2007	21:02:00	5.564	0.158	234.63	23.6	37.0	0.0	17.0
10/12/2007	21:03:00	5.564	0.124	235.42	23.6	37.0	0.0	17.0
10/12/2007	21:04:00	5.492	0.0	235.16	23.4	37.0	0.0	17.0
10/12/2007	21:05:00	5.5	0.0	235.47	23.4	37.0	0.0	17.0
10/12/2007	21:06:00	5.508	0.0	235.42	23.4	37.0	0.0	17.0
10/12/2007	21:07:00	5.504	0.0	235.52	23.4	37.0	0.0	17.0
10/12/2007	21:08:00	5.498	0.0	235.47	23.4	37.0	0.0	17.0
10/12/2007	21:09:00	5.474	0.0	234.96	23.2	37.0	0.0	17.0
10/12/2007	21:10:00	5.458	0.0	234.78	23.2	37.0	0.0	17.0
10/12/2007	21:11:00	5.452	0.0	235.3	23.2	36.0	0.0	17.0
10/12/2007	21:12:00	5.458	0.0	234.84	23.2	37.0	0.0	17.0
10/12/2007	21:13:00	5.406	0.0	234.79	23.0	37.0	0.0	17.0
11/12/2007	08:14:00	5.004	0.144	238.62	21.0	0.0	39.0	18.0
11/12/2007	13:18:00	5.024	0.12	235.11	21.4	0.0	70.0	0.0
11/12/2007	13:19:00	5.474	0.19	233.8	23.4	0.0	71.0	3.0
11/12/2007	13:20:00	6.034	0.134	232.39	26.0	0.0	70.0	18.0
11/12/2007	13:21:00	5.868	0.18	233.08	25.2	0.0	71.0	17.0
11/12/2007	13:23:00	6.56	0.244	233.04	28.4	0.0	71.0	17.0
11/12/2007	13:24:00	5.466	0.454	234.45	23.6	0.0	41.0	17.0
11/12/2007	13:25:00	5.268	0.49	234.91	22.6	0.0	36.0	17.0
11/12/2007	13:26:00	5.198	0.466	234.2	22.4	0.0	36.0	17.0
11/12/2007	13:27:00	5.232	0.45	234.31	22.4	0.0	36.0	17.0
11/12/2007	13:28:00	5.144	0.4	234.97	22.0	0.0	36.0	17.0
11/12/2007	14:16:00	5.452	0.062	237.55	23.2	0.0	64.0	17.0
11/12/2007	14:17:00	5.914	0.056	237.03	24.8	0.0	73.0	17.0
11/12/2007	14:18:00	5.918	0.066	237.11	25.0	0.0	73.0	18.0
11/12/2007	14:19:00	5.914	0.06	237.27	24.8	0.0	72.0	17.0
11/12/2007	14:20:00	5.926	0.07	237.48	24.8	0.0	73.0	17.0
11/12/2007	14:21:00	5.258	0.068	238.22	22.2	0.0	63.0	18.0
11/12/2007	14:22:00	5.284	0.072	238.27	22.2	0.0	60.0	17.0
11/12/2007	16:28:00	5.466	0.104	238.06	23.0	0.0	0.0	17.0
11/12/2007	16:29:00	5.468	0.312	237.94	23.2	0.0	1.0	18.0
12/12/2007	06:45:00	5.256	0.046	235.64	22.4	0.0	0.0	18.0
13/12/2007	18:47:00	5.106	0.0	231.0	22.4	0.0	35.0	0.0
13/12/2007	19:47:00	5.728	0.296	237.9	24.2	0.0	0.0	17.0
13/12/2007	19:48:00	5.66	0.24	237.1	24.0	0.0	0.0	17.0
13/12/2007	19:49:00	5.628	0.212	237.37	23.8	0.0	0.0	18.0
13/12/2007	19:50:00	5.608	0.218	237.73	23.8	0.0	0.0	17.0
13/12/2007	19:51:00	5.534	0.246	238.39	23.4	0.0	0.0	17.0
13/12/2007	20:27:00	5.07	0.05	235.56	22.2	0.0	0.0	0.0
13/12/2007	20:28:00	6.012	0.0	234.47	25.6	0.0	0.0	0.0
13/12/2007	20:29:00	5.884	0.0	234.64	25.0	0.0	0.0	0.0
13/12/2007	20:33:00	5.274	0.0	235.13	22.4	0.0	36.0	0.0
13/12/2007	20:35:00	5.308	0.0	235.97	22.4	0.0	36.0	0.0
13/12/2007	20:37:00	5.4	0.134	235.98	22.8	0.0	36.0	0.0
13/12/2007	20:38:00	5.43	0.132	235.26	23.0	0.0	35.0	17.0
13/12/2007	20:39:00	5.37	0.122	234.82	22.8	0.0	36.0	17.0
13/12/2007	20:40:00	5.394	0.13	234.85	23.0	0.0	35.0	17.0
13/12/2007	20:41:00	5.352	0.122	234.84	22.8	0.0	36.0	17.0
13/12/2007	20:42:00	5.334	0.128	234.72	22.6	0.0	35.0	17.0
13/12/2007	20:43:00	5.328	0.124	234.86	22.6	0.0	35.0	17.0
13/12/2007	20:44:00	5.48	0.132	235.03	23.2	0.0	36.0	18.0
13/12/2007	20:45:00	5.544	0.124	234.8	23.6	0.0	35.0	16.0
13/12/2007	20:46:00	5.542	0.128	234.65	23.6	0.0	35.0	17.0
13/12/2007	20:47:00	5.556	0.126	235.51	23.6	0.0	36.0	17.0
13/12/2007	20:48:00	5.436	0.138	236.05	23.0	0.0	35.0	18.0
13/12/2007	20:49:00	6.1	0.144	235.57	25.8	0.0	36.0	17.0
13/12/2007	20:50:00	5.556	0.15	236.41	23.6	0.0	22.0	17.0
13/12/2007	20:51:00	5.896	0.072	236.0	25.0	0.0	27.0	17.0
13/12/2007	20:52:00	5.222	0.0	236.36	22.4	0.0	27.0	17.0
13/12/2007	20:56:00	5.04	0.0	235.52	21.6	0.0	29.0	17.0
14/12/2007	06:54:00	5.944	0.062	237.93	24.8	0.0	0.0	17.0
14/12/2007	06:55:00	5.262	0.068	238.61	22.2	0.0	0.0	18.0
14/12/2007	12:09:00	5.98	0.314	235.78	25.4	0.0	73.0	17.0
14/12/2007	12:10:00	5.97	0.33	235.69	25.2	0.0	73.0	17.0
14/12/2007	12:11:00	5.912	0.312	234.94	25.2	0.0	73.0	17.0
14/12/2007	12:12:00	5.984	0.364	235.35	25.4	0.0	73.0	17.0
14/12/2007	12:13:00	6.024	0.338	236.04	25.4	2.0	73.0	17.0
14/12/2007	12:14:00	6.004	0.34	235.6	25.4	1.0	73.0	17.0
14/12/2007	12:41:00	6.152	0.0	237.01	25.8	37.0	37.0	17.0
14/12/2007	12:42:00	5.646	0.0	237.44	24.0	38.0	29.0	17.0
14/12/2007	12:43:00	6.144	0.0	237.05	25.8	37.0	36.0	18.0
14/12/2007	12:44:00	6.154	0.11	236.36	26.0	37.0	32.0	17.0
14/12/2007	12:45:00	8.644	0.346	233.38	37.4	37.0	51.0	16.0
14/12/2007	12:46:00	9.224	0.352	232.29	39.8	33.0	71.0	17.0
14/12/2007	12:47:00	7.49	0.346	234.13	32.0	1.0	71.0	17.0
14/12/2007	12:48:00	7.46	0.358	233.64	32.0	1.0	72.0	17.0
14/12/2007	12:49:00	7.378	0.34	233.66	31.6	2.0	71.0	16.0
14/12/2007	12:50:00	6.564	0.166	234.74	28.2	1.0	72.0	17.0
14/12/2007	12:51:00	6.98	0.254	234.72	29.8	1.0	72.0	17.0
14/12/2007	12:52:00	5.93	0.0	236.05	25.0	1.0	72.0	17.0
14/12/2007	12:53:00	6.012	0.06	236.23	25.4	2.0	73.0	17.0
14/12/2007	12:54:00	6.294	0.338	235.01	26.8	1.0	64.0	17.0
14/12/2007	12:55:00	5.414	0.59	236.43	23.4	1.0	36.0	17.0
14/12/2007	12:56:00	5.51	0.608	236.22	23.4	1.0	37.0	18.0
14/12/2007	12:57:00	5.746	0.594	235.11	24.8	2.0	43.0	17.0
14/12/2007	12:59:00	5.378	0.626	234.71	23.0	1.0	36.0	17.0
14/12/2007	13:01:00	5.09	0.596	235.6	22.0	1.0	30.0	17.0
14/12/2007	13:33:00	5.126	0.506	236.58	21.8	2.0	37.0	17.0
14/12/2007	13:35:00	5.08	0.498	235.78	21.6	1.0	37.0	17.0
14/12/2007	13:41:00	7.24	0.512	235.09	30.8	36.0	36.0	17.0
14/12/2007	13:42:00	6.484	0.374	236.09	27.6	37.0	35.0	17.0
14/12/2007	13:46:00	5.902	0.234	237.48	24.8	38.0	36.0	18.0
14/12/2007	13:47:00	5.878	0.244	236.97	24.8	37.0	36.0	17.0
14/12/2007	13:48:00	5.614	0.234	237.15	23.8	38.0	32.0	17.0
14/12/2007	13:49:00	5.266	0.372	237.55	22.6	38.0	17.0	17.0
14/12/2007	13:50:00	6.342	0.326	236.91	26.8	37.0	35.0	18.0
14/12/2007	13:51:00	5.952	0.238	236.21	25.2	37.0	36.0	17.0
14/12/2007	13:52:00	5.754	0.18	236.61	24.4	37.0	34.0	17.0
15/12/2007	07:16:00	5.278	0.0	238.48	22.0	0.0	0.0	0.0
15/12/2007	08:47:00	5.08	0.082	238.97	21.2	0.0	38.0	18.0
15/12/2007	10:37:00	5.986	0.37	234.97	25.4	0.0	72.0	17.0
15/12/2007	10:38:00	5.932	0.346	234.23	25.2	0.0	72.0	17.0
15/12/2007	10:39:00	5.952	0.362	234.53	25.4	0.0	71.0	17.0
15/12/2007	10:40:00	5.972	0.344	235.04	25.4	0.0	72.0	17.0
15/12/2007	10:41:00	6.042	0.358	235.22	25.6	0.0	73.0	17.0
15/12/2007	10:42:00	6.026	0.342	235.19	25.6	0.0	72.0	17.0
15/12/2007	10:43:00	6.118	0.512	235.64	26.0	0.0	72.0	17.0
15/12/2007	10:44:00	6.214	0.61	235.32	26.4	0.0	72.0	17.0
15/12/2007	10:45:00	6.044	0.358	235.56	25.6	0.0	73.0	17.0
15/12/2007	10:46:00	6.026	0.338	235.36	25.6	0.0	72.0	17.0
15/12/2007	17:15:00	5.348	0.0	230.73	23.0	0.0	1.0	17.0
15/12/2007	17:16:00	5.332	0.082	231.39	23.0	0.0	0.0	16.0
15/12/2007	17:45:00	6.948	0.052	230.83	30.4	3.0	0.0	16.0
15/12/2007	17:46:00	8.784	0.0	228.75	38.4	36.0	0.0	17.0
15/12/2007	17:47:00	7.496	0.116	230.26	33.0	36.0	0.0	16.0
15/12/2007	17:48:00	6.362	0.128	230.99	27.4	37.0	1.0	16.0
15/12/2007	17:49:00	6.366	0.124	231.37	27.4	36.0	0.0	17.0
15/12/2007	17:50:00	6.38	0.126	231.33	27.6	36.0	0.0	16.0
15/12/2007	17:51:00	6.362	0.122	231.31	27.4	37.0	0.0	17.0
15/12/2007	17:52:00	6.382	0.126	231.35	27.6	36.0	0.0	16.0
15/12/2007	17:53:00	6.37	0.122	231.5	27.4	36.0	0.0	17.0
15/12/2007	17:54:00	6.43	0.126	232.35	27.6	37.0	1.0	16.0
15/12/2007	17:55:00	6.636	0.128	232.38	28.4	37.0	0.0	17.0
15/12/2007	17:56:00	5.948	0.13	233.46	25.4	37.0	0.0	16.0
15/12/2007	17:57:00	5.7	0.124	233.32	24.4	37.0	0.0	17.0
15/12/2007	17:58:00	5.686	0.0	232.82	24.4	37.0	0.0	17.0
15/12/2007	17:59:00	5.778	0.0	232.41	24.8	36.0	0.0	16.0
15/12/2007	18:00:00	5.486	0.0	233.21	23.4	37.0	0.0	17.0
15/12/2007	18:01:00	5.47	0.0	233.22	23.4	37.0	0.0	17.0
15/12/2007	18:02:00	5.662	0.076	233.33	24.2	37.0	1.0	17.0
15/12/2007	18:03:00	5.998	0.22	231.69	25.8	37.0	0.0	16.0
15/12/2007	18:04:00	6.044	0.212	230.63	26.2	36.0	0.0	16.0
15/12/2007	18:05:00	5.988	0.206	229.83	26.0	36.0	0.0	17.0
15/12/2007	18:06:00	6.012	0.316	229.66	26.2	36.0	0.0	16.0
15/12/2007	18:07:00	6.188	0.314	229.52	27.0	36.0	1.0	16.0
15/12/2007	18:08:00	6.136	0.304	228.95	26.8	35.0	0.0	16.0
15/12/2007	18:09:00	5.754	0.312	230.39	25.2	31.0	0.0	17.0
15/12/2007	18:31:00	5.108	0.136	235.23	21.6	0.0	2.0	17.0
15/12/2007	18:32:00	5.048	0.138	235.67	21.4	0.0	1.0	17.0
15/12/2007	18:33:00	5.342	0.148	235.2	22.6	0.0	2.0	17.0
15/12/2007	18:34:00	5.266	0.142	234.31	22.4	0.0	1.0	17.0
16/12/2007	10:20:00	5.562	0.086	235.89	23.4	37.0	0.0	17.0
16/12/2007	10:21:00	5.55	0.076	235.87	23.4	38.0	0.0	17.0
16/12/2007	10:22:00	5.604	0.082	235.79	23.8	37.0	0.0	17.0
16/12/2007	10:23:00	5.62	0.082	235.9	23.8	37.0	0.0	17.0
16/12/2007	10:24:00	5.158	0.078	236.48	21.8	37.0	0.0	17.0
16/12/2007	10:25:00	5.104	0.076	236.36	21.6	38.0	0.0	17.0
16/12/2007	10:26:00	5.124	0.076	236.93	21.6	37.0	0.0	18.0
16/12/2007	10:27:00	5.106	0.078	236.41	21.6	37.0	0.0	17.0
16/12/2007	10:28:00	5.112	0.078	236.79	21.6	38.0	0.0	17.0
16/12/2007	10:29:00	5.094	0.078	236.3	21.6	37.0	0.0	17.0
16/12/2007	10:30:00	5.076	0.078	236.34	21.4	37.0	0.0	17.0
16/12/2007	10:31:00	5.268	0.078	236.2	22.4	37.0	0.0	17.0
16/12/2007	10:44:00	5.286	0.258	234.4	22.8	36.0	1.0	17.0
16/12/2007	10:45:00	5.726	0.252	233.77	24.4	37.0	2.0	17.0
16/12/2007	10:46:00	5.656	0.25	233.08	24.2	36.0	1.0	16.0
16/12/2007	10:47:00	5.66	0.252	233.46	24.2	36.0	1.0	17.0
16/12/2007	11:59:00	5.04	0.112	231.64	21.8	0.0	36.0	16.0
16/12/2007	12:00:00	5.178	0.11	232.01	22.2	0.0	36.0	17.0
16/12/2007	12:01:00	5.064	0.112	232.53	21.8	0.0	37.0	17.0
16/12/2007	12:02:00	5.078	0.114	231.98	21.8	0.0	36.0	16.0
16/12/2007	12:27:00	5.442	0.0	238.38	22.8	38.0	2.0	17.0
16/12/2007	12:32:00	5.112	0.158	239.22	21.4	38.0	1.0	17.0
16/12/2007	12:33:00	5.038	0.112	238.7	21.0	38.0	0.0	18.0
16/12/2007	12:34:00	5.036	0.108	238.49	21.0	38.0	0.0	17.0
16/12/2007	12:35:00	5.206	0.116	238.39	21.8	38.0	1.0	18.0
16/12/2007	12:36:00	5.52	0.152	238.15	23.4	37.0	20.0	17.0
16/12/2007	12:37:00	7.528	0.132	235.31	32.4	37.0	36.0	17.0
16/12/2007	12:38:00	7.908	0.124	234.46	34.0	34.0	27.0	17.0
16/12/2007	12:39:00	7.786	0.402	234.4	33.4	1.0	35.0	17.0
16/12/2007	12:40:00	7.452	0.408	235.17	32.0	0.0	27.0	17.0
16/12/2007	12:50:00	5.656	0.354	238.32	23.6	0.0	36.0	18.0
16/12/2007	12:51:00	5.638	0.364	239.78	23.4	0.0	37.0	17.0
16/12/2007	12:52:00	5.652	0.392	239.75	23.6	0.0	37.0	18.0
16/12/2007	12:53:00	5.618	0.484	239.83	23.4	0.0	38.0	18.0
16/12/2007	12:54:00	5.19	0.48	239.67	21.6	0.0	38.0	17.0
16/12/2007	12:55:00	5.192	0.482	239.39	21.8	0.0	38.0	18.0
16/12/2007	12:56:00	5.168	0.472	238.79	21.6	0.0	38.0	17.0
16/12/2007	12:57:00	5.118	0.386	239.05	21.4	0.0	38.0	18.0
16/12/2007	12:58:00	5.138	0.378	239.75	21.4	0.0	38.0	18.0
16/12/2007	13:08:00	5.032	0.554	239.4	21.4	0.0	28.0	18.0
16/12/2007	13:17:00	5.132	0.094	239.62	21.4	0.0	36.0	18.0
16/12/2007	17:54:00	5.392	0.0	236.02	22.8	0.0	0.0	17.0
16/12/2007	17:55:00	5.408	0.0	236.37	22.8	0.0	0.0	18.0
16/12/2007	17:56:00	5.6	0.0	234.47	23.8	0.0	0.0	16.0
16/12/2007	19:25:00	5.016	0.64	235.88	21.4	0.0	1.0	17.0
16/12/2007	19:26:00	5.028	0.612	236.58	21.4	0.0	1.0	17.0
16/12/2007	20:29:00	5.64	0.076	234.56	24.0	34.0	0.0	17.0
16/12/2007	20:30:00	5.716	0.076	235.08	24.2	37.0	0.0	17.0
16/12/2007	20:31:00	5.752	0.076	235.99	24.4	37.0	0.0	17.0
16/12/2007	20:32:00	5.746	0.074	236.13	24.4	37.0	0.0	17.0
16/12/2007	20:33:00	5.774	0.07	235.63	24.4	37.0	0.0	17.0
16/12/2007	20:34:00	5.47	0.062	236.01	23.2	38.0	0.0	17.0
16/12/2007	20:35:00	5.612	0.054	235.68	23.8	37.0	0.0	17.0
16/12/2007	20:36:00	5.908	0.052	235.8	25.0	37.0	0.0	18.0
16/12/2007	20:37:00	5.982	0.056	235.22	25.4	37.0	0.0	17.0
16/12/2007	20:38:00	6.134	0.046	235.13	26.0	36.0	0.0	16.0
16/12/2007	20:39:00	5.938	0.07	235.33	25.2	37.0	0.0	17.0
17/12/2007	07:00:00	6.236	0.09	236.77	27.2	0.0	0.0	17.0
17/12/2007	07:01:00	6.796	0.086	235.86	28.8	0.0	0.0	17.0
17/12/2007	07:02:00	5.888	0.092	236.46	24.8	0.0	0.0	18.0
17/12/2007	07:03:00	6.672	0.132	235.64	28.4	0.0	0.0	17.0
17/12/2007	07:58:00	5.194	0.05	236.58	22.0	0.0	0.0	17.0
17/12/2007	08:00:00	6.224	0.046	235.45	26.4	0.0	0.0	17.0
17/12/2007	08:01:00	5.018	0.05	236.16	22.0	0.0	0.0	17.0
17/12/2007	08:06:00	5.036	0.102	235.46	21.4	0.0	0.0	17.0
17/12/2007	18:54:00	5.298	0.188	234.65	22.6	38.0	0.0	18.0
17/12/2007	18:55:00	5.338	0.188	235.32	22.6	37.0	0.0	18.0
17/12/2007	18:56:00	5.734	0.178	234.53	24.4	38.0	0.0	17.0
17/12/2007	18:57:00	5.21	0.176	234.62	22.6	26.0	0.0	17.0
17/12/2007	19:00:00	5.524	0.266	234.27	23.6	37.0	0.0	17.0
17/12/2007	19:01:00	5.532	0.264	234.54	23.6	37.0	0.0	17.0
17/12/2007	19:02:00	5.534	0.264	234.62	23.6	38.0	0.0	17.0
17/12/2007	19:06:00	5.476	0.254	233.44	23.4	37.0	0.0	17.0
17/12/2007	19:07:00	5.486	0.25	233.69	23.4	37.0	0.0	16.0
17/12/2007	19:08:00	5.728	0.24	233.44	24.6	37.0	0.0	17.0
17/12/2007	19:12:00	5.514	0.098	235.05	23.4	35.0	0.0	17.0
17/12/2007	19:13:00	5.862	0.106	235.0	24.8	37.0	0.0	17.0
17/12/2007	19:14:00	5.396	0.106	235.42	22.8	38.0	0.0	17.0
17/12/2007	19:22:00	5.3	0.142	237.34	22.4	33.0	0.0	17.0
18/12/2007	12:19:00	6.082	0.0	235.23	26.0	0.0	67.0	17.0
18/12/2007	12:20:00	5.774	0.0	235.16	24.8	0.0	65.0	17.0
18/12/2007	12:21:00	7.048	0.158	234.69	30.0	0.0	71.0	17.0
18/12/2007	12:22:00	6.324	0.0	235.95	26.8	0.0	73.0	17.0
18/12/2007	12:23:00	6.33	0.0	236.17	26.8	0.0	73.0	17.0
18/12/2007	12:24:00	6.322	0.0	235.95	26.8	0.0	72.0	17.0
18/12/2007	12:25:00	6.264	0.0	235.78	26.4	0.0	73.0	17.0
18/12/2007	12:26:00	6.292	0.0	236.44	26.6	0.0	73.0	17.0
18/12/2007	12:27:00	6.186	0.096	236.14	26.2	0.0	73.0	18.0
18/12/2007	12:28:00	5.83	0.118	236.35	24.6	0.0	73.0	17.0
18/12/2007	12:29:00	5.778	0.098	236.08	24.4	0.0	72.0	17.0
18/12/2007	12:30:00	5.782	0.116	236.01	24.4	0.0	73.0	17.0
18/12/2007	12:31:00	5.732	0.096	235.21	24.2	0.0	72.0	17.0
18/12/2007	12:32:00	5.716	0.112	234.78	24.2	0.0	72.0	17.0
18/12/2007	12:33:00	5.716	0.096	235.14	24.2	0.0	71.0	17.0
18/12/2007	12:34:00	5.682	0.11	234.26	24.2	0.0	72.0	17.0
18/12/2007	12:35:00	5.676	0.094	234.37	24.2	0.0	71.0	17.0
18/12/2007	12:36:00	5.722	0.128	234.38	24.4	0.0	72.0	16.0
18/12/2007	12:37:00	5.766	0.19	234.27	24.6	0.0	71.0	17.0
18/12/2007	12:38:00	5.804	0.208	234.69	24.6	0.0	72.0	17.0
18/12/2007	12:39:00	6.244	0.318	234.29	26.8	0.0	71.0	17.0
18/12/2007	12:40:00	7.226	0.58	233.53	31.0	0.0	71.0	17.0
18/12/2007	12:41:00	7.144	0.442	234.21	30.6	0.0	71.0	17.0
18/12/2007	12:42:00	7.124	0.45	233.9	30.4	0.0	72.0	16.0
18/12/2007	12:43:00	5.668	0.45	235.99	24.4	0.0	48.0	18.0
18/12/2007	12:44:00	5.138	0.472	237.01	21.8	0.0	37.0	17.0
18/12/2007	12:45:00	5.142	0.448	236.89	21.8	0.0	37.0	17.0
18/12/2007	12:46:00	5.016	0.264	236.83	21.6	0.0	45.0	17.0
18/12/2007	12:50:00	5.222	0.352	236.58	22.0	0.0	36.0	17.0
18/12/2007	12:51:00	5.234	0.364	236.63	22.2	0.0	38.0	17.0
18/12/2007	12:52:00	5.226	0.352	237.38	22.0	0.0	37.0	18.0
18/12/2007	13:09:00	5.572	0.218	235.66	24.4	0.0	24.0	17.0
18/12/2007	14:23:00	5.028	0.0	241.76	21.0	0.0	32.0	17.0
18/12/2007	14:25:00	5.048	0.0	242.2	20.8	0.0	33.0	18.0
18/12/2007	18:25:00	5.418	0.432	236.19	23.2	0.0	0.0	0.0
18/12/2007	21:22:00	5.358	0.444	238.65	22.8	0.0	0.0	18.0
18/12/2007	21:23:00	5.024	0.348	238.88	21.4	0.0	1.0	17.0
18/12/2007	21:24:00	5.43	0.332	237.82	23.0	0.0	0.0	18.0
19/12/2007	06:58:00	5.302	0.15	239.46	22.0	0.0	1.0	17.0
19/12/2007	06:59:00	5.284	0.148	239.11	22.0	0.0	2.0	18.0
19/12/2007	21:20:00	5.438	0.084	232.51	23.4	0.0	34.0	17.0
19/12/2007	21:21:00	5.496	0.106	232.51	24.0	0.0	27.0	17.0
19/12/2007	21:22:00	5.892	0.096	232.86	25.2	0.0	35.0	17.0
19/12/2007	21:24:00	5.126	0.104	235.81	21.6	0.0	35.0	17.0
19/12/2007	21:25:00	5.12	0.116	235.62	21.6	0.0	36.0	17.0
19/12/2007	21:26:00	5.106	0.106	236.34	21.6	0.0	36.0	18.0
19/12/2007	21:27:00	5.14	0.118	236.3	21.8	0.0	36.0	17.0
19/12/2007	21:28:00	5.154	0.104	236.05	21.8	0.0	35.0	17.0
20/12/2007	19:25:00	5.552	0.616	235.06	23.8	37.0	0.0	0.0
20/12/2007	19:26:00	5.418	0.562	234.94	23.2	38.0	0.0	0.0
20/12/2007	19:27:00	5.326	0.516	234.77	22.8	38.0	0.0	0.0
20/12/2007	19:29:00	5.038	0.32	234.24	21.6	37.0	0.0	0.0
20/12/2007	19:35:00	5.062	0.462	235.75	21.8	32.0	0.0	0.0
21/12/2007	06:49:00	6.486	0.096	241.42	27.0	0.0	0.0	18.0
21/12/2007	06:50:00	5.638	0.1	242.07	23.2	0.0	0.0	18.0
21/12/2007	06:51:00	5.638	0.1	241.88	23.2	0.0	0.0	18.0
21/12/2007	08:41:00	5.33	0.0	236.22	22.4	37.0	0.0	18.0
21/12/2007	08:42:00	5.176	0.0	236.07	21.8	38.0	0.0	17.0
21/12/2007	08:43:00	5.12	0.0	234.62	21.8	36.0	0.0	17.0
21/12/2007	08:44:00	5.128	0.056	234.45	21.8	37.0	0.0	16.0
21/12/2007	13:09:00	5.116	0.286	239.67	21.6	0.0	0.0	18.0
22/12/2007	08:13:00	5.26	0.09	236.13	22.2	0.0	37.0	17.0
22/12/2007	08:14:00	5.178	0.092	236.38	21.8	0.0	38.0	17.0
22/12/2007	08:15:00	5.188	0.092	236.84	21.8	0.0	37.0	17.0
22/12/2007	08:16:00	5.11	0.092	236.28	21.6	0.0	38.0	18.0
22/12/2007	14:08:00	8.036	0.09	234.71	34.2	35.0	73.0	17.0
22/12/2007	14:09:00	7.504	0.094	235.9	32.0	37.0	64.0	17.0
22/12/2007	14:10:00	7.972	0.09	235.34	33.8	37.0	72.0	17.0
22/12/2007	14:11:00	7.916	0.092	234.41	33.6	37.0	72.0	17.0
22/12/2007	14:12:00	7.888	0.086	233.97	33.6	37.0	72.0	17.0
22/12/2007	14:13:00	7.884	0.088	233.98	33.6	36.0	72.0	17.0
22/12/2007	14:14:00	7.918	0.088	234.57	33.6	37.0	72.0	17.0
22/12/2007	14:15:00	7.466	0.098	235.72	31.8	37.0	66.0	17.0
22/12/2007	14:16:00	5.902	0.108	237.56	24.8	38.0	37.0	17.0
22/12/2007	14:17:00	5.856	0.0	237.97	24.6	37.0	37.0	17.0
22/12/2007	14:18:00	5.82	0.0	237.77	24.4	38.0	38.0	18.0
22/12/2007	14:19:00	5.854	0.0	238.64	24.4	38.0	37.0	17.0
22/12/2007	14:20:00	5.866	0.0	238.91	24.4	38.0	38.0	18.0
22/12/2007	14:21:00	5.844	0.0	238.52	24.4	38.0	37.0	17.0
22/12/2007	14:22:00	5.188	0.0	238.89	22.0	29.0	38.0	18.0
22/12/2007	14:31:00	5.172	0.084	237.62	22.2	1.0	64.0	17.0
22/12/2007	19:54:00	5.122	0.202	235.54	22.0	38.0	1.0	0.0
22/12/2007	19:55:00	6.566	0.194	234.13	28.0	37.0	0.0	0.0
22/12/2007	19:56:00	6.552	0.246	233.51	28.0	37.0	0.0	0.0
22/12/2007	20:01:00	5.852	0.294	232.49	25.4	24.0	0.0	0.0
22/12/2007	20:02:00	6.49	0.292	231.94	28.0	37.0	0.0	0.0
22/12/2007	20:03:00	5.294	0.298	233.36	24.2	29.0	0.0	0.0
22/12/2007	20:08:00	5.142	0.412	235.45	22.2	34.0	0.0	0.0
22/12/2007	20:15:00	5.12	0.418	234.46	22.2	37.0	0.0	0.0
22/12/2007	20:23:00	5.392	0.484	234.82	23.2	37.0	0.0	0.0
22/12/2007	20:24:00	5.74	0.468	234.94	25.8	30.0	0.0	0.0
22/12/2007	20:28:00	5.79	0.228	233.86	25.0	22.0	35.0	0.0
22/12/2007	20:29:00	5.808	0.212	232.78	25.2	36.0	26.0	0.0
22/12/2007	20:30:00	7.02	0.214	232.27	30.6	37.0	35.0	0.0
22/12/2007	20:35:00	6.33	0.224	235.59	26.8	38.0	35.0	0.0
22/12/2007	20:36:00	6.32	0.23	235.42	26.8	38.0	36.0	0.0
22/12/2007	20:38:00	5.156	0.24	235.86	22.4	1.0	35.0	0.0
22/12/2007	20:41:00	6.078	0.214	233.01	26.2	32.0	34.0	0.0
22/12/2007	20:42:00	6.262	0.224	234.13	26.6	38.0	35.0	0.0
22/12/2007	20:43:00	5.516	0.224	235.32	23.8	26.0	36.0	0.0
22/12/2007	20:45:00	6.508	0.214	234.31	28.4	30.0	35.0	0.0
22/12/2007	20:46:00	7.006	0.222	234.88	30.0	37.0	35.0	0.0
22/12/2007	20:47:00	6.674	0.338	234.97	28.4	38.0	36.0	0.0
22/12/2007	20:48:00	6.628	0.346	234.21	28.2	37.0	35.0	0.0
22/12/2007	20:49:00	5.8	0.34	234.34	25.2	29.0	35.0	0.0
22/12/2007	20:50:00	6.226	0.382	233.35	26.8	1.0	35.0	0.0
22/12/2007	20:51:00	6.456	0.424	233.16	27.6	1.0	35.0	0.0
22/12/2007	20:52:00	7.056	0.434	233.27	30.6	9.0	35.0	0.0
22/12/2007	20:53:00	8.526	0.406	231.89	36.8	36.0	34.0	0.0
22/12/2007	20:54:00	6.988	0.372	234.78	30.0	11.0	36.0	0.0
22/12/2007	20:55:00	6.538	0.376	235.43	27.8	0.0	36.0	0.0
22/12/2007	20:56:00	6.444	0.472	235.37	27.4	0.0	35.0	0.0
22/12/2007	20:57:00	5.438	0.472	236.61	23.0	0.0	18.0	0.0
22/12/2007	21:00:00	7.362	0.5	234.04	31.6	1.0	34.0	18.0
22/12/2007	21:01:00	6.55	0.498	235.6	27.8	0.0	17.0	17.0
22/12/2007	21:02:00	7.564	0.45	234.43	32.2	0.0	37.0	18.0
22/12/2007	21:03:00	7.486	0.386	234.43	32.0	1.0	37.0	17.0
22/12/2007	21:04:00	6.752	0.414	235.3	28.8	0.0	24.0	17.0
22/12/2007	21:05:00	6.992	0.394	235.22	29.8	1.0	27.0	17.0
22/12/2007	21:06:00	7.306	0.412	235.42	31.2	0.0	37.0	17.0
22/12/2007	22:26:00	6.3	0.154	236.17	26.8	34.0	0.0	17.0
22/12/2007	22:27:00	6.364	0.15	234.36	27.2	37.0	0.0	17.0
22/12/2007	22:28:00	6.352	0.102	235.27	27.0	37.0	0.0	17.0
22/12/2007	22:29:00	6.432	0.052	235.24	27.2	37.0	0.0	17.0
22/12/2007	22:30:00	6.752	0.0	234.74	28.8	37.0	0.0	16.0
22/12/2007	22:31:00	6.788	0.074	234.85	28.8	36.0	1.0	17.0
22/12/2007	22:32:00	6.882	0.08	234.25	29.4	37.0	0.0	17.0
22/12/2007	22:33:00	6.832	0.08	233.97	29.2	37.0	0.0	17.0
22/12/2007	22:34:00	6.58	0.076	233.8	28.0	36.0	0.0	17.0
22/12/2007	22:35:00	6.556	0.076	233.51	28.0	37.0	0.0	17.0
22/12/2007	22:36:00	6.618	0.074	234.82	28.2	36.0	0.0	17.0
22/12/2007	22:37:00	6.816	0.072	236.06	28.8	38.0	0.0	17.0
22/12/2007	22:38:00	6.682	0.07	236.58	28.2	37.0	0.0	17.0
22/12/2007	22:39:00	6.076	0.064	237.03	26.0	29.0	0.0	17.0
23/12/2007	17:25:00	5.634	0.168	233.49	24.6	0.0	36.0	0.0
23/12/2007	17:26:00	6.924	0.078	231.82	29.8	0.0	37.0	0.0
23/12/2007	17:27:00	6.94	0.078	232.01	29.8	0.0	36.0	0.0
23/12/2007	17:28:00	5.77	0.084	232.36	25.4	0.0	36.0	0.0
23/12/2007	19:02:00	5.064	0.166	232.7	21.6	0.0	35.0	0.0
23/12/2007	19:04:00	5.662	0.146	232.04	24.6	0.0	44.0	0.0
23/12/2007	19:05:00	6.528	0.15	230.72	28.4	0.0	62.0	0.0
23/12/2007	19:06:00	7.112	0.22	230.56	30.8	0.0	70.0	0.0
23/12/2007	19:07:00	6.952	0.262	231.01	30.0	0.0	70.0	0.0
23/12/2007	19:08:00	6.812	0.244	231.01	29.4	0.0	70.0	0.0
23/12/2007	19:09:00	6.834	0.26	231.24	29.4	0.0	71.0	0.0
23/12/2007	19:10:00	6.764	0.244	231.21	29.2	0.0	70.0	0.0
23/12/2007	19:11:00	6.736	0.26	231.57	29.0	0.0	71.0	0.0
23/12/2007	19:12:00	6.698	0.244	230.99	29.0	0.0	70.0	0.0
23/12/2007	19:13:00	5.796	0.44	231.89	25.4	0.0	53.0	0.0
23/12/2007	19:16:00	5.036	0.452	233.46	21.6	0.0	36.0	0.0
23/12/2007	19:17:00	5.784	0.454	233.01	24.8	0.0	36.0	12.0
23/12/2007	19:18:00	5.952	0.436	233.03	25.6	0.0	36.0	18.0
23/12/2007	19:19:00	5.942	0.444	233.13	25.4	0.0	37.0	17.0
23/12/2007	19:20:00	5.906	0.428	232.73	25.4	0.0	36.0	17.0
23/12/2007	19:21:00	7.378	0.528	231.96	32.2	22.0	36.0	16.0
23/12/2007	19:22:00	7.964	0.438	231.27	34.4	37.0	35.0	17.0
23/12/2007	19:23:00	7.91	0.424	230.86	34.2	36.0	36.0	16.0
23/12/2007	19:24:00	7.96	0.418	231.68	34.4	36.0	36.0	17.0
23/12/2007	19:25:00	8.004	0.428	232.28	34.4	37.0	36.0	16.0
23/12/2007	19:26:00	8.014	0.418	232.29	34.4	36.0	36.0	17.0
23/12/2007	19:27:00	7.998	0.424	232.22	34.4	37.0	36.0	17.0
23/12/2007	19:28:00	8.006	0.416	232.32	34.4	37.0	36.0	16.0
23/12/2007	19:29:00	9.686	0.41	231.01	42.0	36.0	64.0	17.0
23/12/2007	19:30:00	8.122	0.422	233.25	34.8	37.0	36.0	16.0
23/12/2007	19:31:00	8.186	0.76	232.26	35.4	37.0	36.0	17.0
23/12/2007	19:32:00	8.262	0.86	233.12	35.6	37.0	37.0	17.0
23/12/2007	19:33:00	8.288	0.856	232.45	35.8	37.0	36.0	16.0
23/12/2007	19:34:00	8.634	0.658	231.96	37.2	36.0	36.0	17.0
23/12/2007	19:35:00	6.696	0.602	233.71	29.0	11.0	39.0	17.0
23/12/2007	19:36:00	6.094	0.64	233.53	26.2	1.0	37.0	16.0
23/12/2007	19:37:00	6.024	0.626	233.53	25.8	1.0	37.0	17.0
23/12/2007	19:39:00	7.542	0.524	232.23	32.6	36.0	33.0	17.0
23/12/2007	19:40:00	7.642	0.424	233.36	32.8	37.0	38.0	16.0
23/12/2007	19:41:00	6.312	0.442	235.12	27.2	16.0	39.0	17.0
23/12/2007	19:42:00	5.172	0.462	237.46	22.0	1.0	32.0	18.0
23/12/2007	19:43:00	7.04	0.438	234.58	30.2	35.0	23.0	17.0
23/12/2007	19:44:00	8.116	0.432	232.84	34.8	37.0	38.0	16.0
23/12/2007	19:45:00	7.728	0.43	232.15	33.4	36.0	34.0	17.0
23/12/2007	19:46:00	6.25	0.524	233.51	27.2	18.0	21.0	16.0
23/12/2007	19:47:00	6.188	0.482	234.63	26.4	1.0	38.0	17.0
23/12/2007	19:48:00	5.96	0.372	235.22	25.4	1.0	38.0	17.0
23/12/2007	19:49:00	5.64	0.51	235.62	24.4	6.0	21.0	17.0
23/12/2007	19:50:00	7.006	0.432	233.62	30.4	22.0	32.0	17.0
23/12/2007	19:51:00	6.048	0.388	235.16	25.6	0.0	38.0	17.0
23/12/2007	19:52:00	5.124	0.396	235.77	21.8	0.0	25.0	17.0
23/12/2007	19:53:00	5.738	0.386	235.14	24.4	0.0	31.0	17.0
23/12/2007	19:54:00	5.924	0.386	235.15	25.2	0.0	37.0	17.0
23/12/2007	19:56:00	6.124	0.382	234.27	26.2	0.0	38.0	17.0
23/12/2007	19:57:00	5.332	0.382	235.26	22.8	0.0	26.0	17.0
23/12/2007	19:58:00	5.646	0.408	235.12	24.2	0.0	29.0	17.0
24/12/2007	09:05:00	5.34	0.0	238.14	22.8	12.0	36.0	18.0
24/12/2007	09:06:00	6.158	0.0	236.65	26.0	38.0	36.0	17.0
24/12/2007	09:07:00	6.154	0.0	236.85	26.0	37.0	36.0	17.0
24/12/2007	09:08:00	6.382	0.048	236.65	27.0	38.0	36.0	17.0
24/12/2007	09:09:00	6.172	0.0	236.85	26.0	37.0	35.0	17.0
24/12/2007	09:10:00	6.122	0.0	236.32	25.8	38.0	36.0	17.0
24/12/2007	09:11:00	6.086	0.0	235.73	25.8	37.0	36.0	18.0
24/12/2007	09:12:00	6.096	0.0	235.96	25.8	37.0	35.0	17.0
24/12/2007	09:13:00	6.104	0.0	235.95	25.8	37.0	36.0	17.0
24/12/2007	09:14:00	6.134	0.0	236.64	25.8	37.0	36.0	17.0
24/12/2007	09:15:00	6.174	0.0	237.57	25.8	38.0	36.0	17.0
24/12/2007	09:16:00	6.232	0.0	237.44	26.2	37.0	36.0	18.0
24/12/2007	09:17:00	6.21	0.0	238.12	26.0	38.0	36.0	17.0
24/12/2007	09:18:00	6.198	0.0	238.28	26.0	38.0	37.0	17.0
24/12/2007	12:33:00	5.14	0.466	236.18	21.8	38.0	1.0	17.0
24/12/2007	12:34:00	5.238	0.856	235.99	22.4	38.0	2.0	17.0
25/12/2007	11:32:00	5.264	0.192	240.36	21.8	40.0	38.0	0.0
25/12/2007	11:33:00	5.264	0.196	240.39	21.8	39.0	39.0	0.0
25/12/2007	11:34:00	5.278	0.194	240.33	22.0	39.0	39.0	0.0
25/12/2007	11:35:00	5.264	0.192	240.1	21.8	39.0	39.0	0.0
25/12/2007	11:36:00	5.268	0.19	239.95	22.0	40.0	38.0	0.0
25/12/2007	11:37:00	5.282	0.19	240.16	22.0	39.0	39.0	0.0
25/12/2007	11:38:00	5.276	0.19	240.14	22.0	39.0	39.0	0.0
25/12/2007	11:39:00	5.268	0.19	239.59	22.0	39.0	39.0	0.0
25/12/2007	11:40:00	5.226	0.182	238.85	21.8	39.0	38.0	0.0
25/12/2007	11:41:00	5.254	0.186	239.55	21.8	39.0	39.0	0.0
25/12/2007	11:42:00	5.366	0.258	239.61	22.4	39.0	39.0	0.0
25/12/2007	11:43:00	5.474	0.264	239.56	22.8	39.0	38.0	0.0
25/12/2007	11:44:00	5.314	0.218	238.56	22.2	39.0	38.0	0.0
25/12/2007	11:45:00	5.298	0.208	238.57	22.2	39.0	39.0	0.0
25/12/2007	11:46:00	5.298	0.204	238.67	22.2	39.0	38.0	0.0
25/12/2007	11:49:00	5.016	0.194	239.26	21.2	39.0	34.0	0.0
25/12/2007	12:46:00	5.15	0.182	240.92	21.4	53.0	0.0	18.0
25/12/2007	14:00:00	5.132	0.158	244.17	21.2	40.0	34.0	0.0
25/12/2007	14:01:00	5.082	0.174	243.96	21.0	39.0	37.0	0.0
25/12/2007	14:03:00	5.234	0.148	241.8	21.6	39.0	39.0	0.0
25/12/2007	16:23:00	5.6	0.182	240.32	23.2	0.0	2.0	18.0
25/12/2007	16:24:00	5.632	0.184	241.08	23.4	0.0	1.0	18.0
25/12/2007	16:25:00	5.582	0.186	242.34	23.2	0.0	1.0	18.0
25/12/2007	20:44:00	5.008	0.274	236.56	21.2	38.0	0.0	17.0
25/12/2007	20:45:00	5.042	0.282	237.75	21.2	38.0	0.0	17.0
25/12/2007	20:46:00	5.018	0.244	237.83	21.0	38.0	0.0	17.0
25/12/2007	21:03:00	5.556	0.0	236.15	23.4	37.0	0.0	17.0
25/12/2007	21:04:00	5.54	0.0	235.88	23.4	37.0	0.0	17.0
25/12/2007	21:05:00	5.424	0.0	236.72	22.8	37.0	0.0	17.0
25/12/2007	21:06:00	5.014	0.0	237.34	21.0	38.0	0.0	18.0
25/12/2007	21:08:00	5.01	0.0	237.24	21.0	38.0	0.0	17.0
25/12/2007	22:20:00	5.09	0.0	240.14	21.2	0.0	0.0	18.0
25/12/2007	22:21:00	5.118	0.0	240.22	21.2	0.0	0.0	18.0
25/12/2007	22:22:00	5.17	0.0	240.33	21.4	0.0	0.0	18.0
25/12/2007	22:35:00	5.272	0.122	239.28	22.0	0.0	0.0	17.0
25/12/2007	22:36:00	5.116	0.122	239.08	21.4	0.0	0.0	18.0
25/12/2007	22:37:00	5.154	0.122	239.04	21.6	0.0	0.0	17.0
25/12/2007	22:38:00	5.092	0.13	239.58	21.2	0.0	0.0	18.0
25/12/2007	22:42:00	5.928	0.178	236.34	25.0	1.0	0.0	17.0
25/12/2007	22:43:00	5.18	0.184	236.79	22.0	1.0	0.0	17.0
25/12/2007	22:45:00	5.208	0.216	238.32	22.0	1.0	0.0	17.0
25/12/2007	22:52:00	6.506	0.082	237.69	27.4	30.0	0.0	17.0
25/12/2007	22:53:00	6.756	0.0	237.54	28.4	38.0	0.0	17.0
25/12/2007	22:54:00	6.722	0.052	238.11	28.2	38.0	0.0	18.0
25/12/2007	22:55:00	6.706	0.054	237.86	28.2	38.0	0.0	17.0
25/12/2007	22:56:00	6.75	0.0	237.79	28.4	38.0	0.0	18.0
25/12/2007	22:57:00	6.484	0.0	238.6	27.2	38.0	0.0	17.0
25/12/2007	22:58:00	5.022	0.0	240.14	20.8	38.0	0.0	18.0
25/12/2007	23:00:00	5.068	0.0	239.62	21.0	38.0	0.0	18.0
25/12/2007	23:01:00	5.074	0.046	239.54	21.2	38.0	0.0	18.0
25/12/2007	23:37:00	6.304	0.0	240.98	26.0	38.0	0.0	18.0
25/12/2007	23:38:00	6.124	0.0	241.97	25.2	39.0	0.0	17.0
25/12/2007	23:39:00	6.01	0.0	242.07	24.8	39.0	0.0	18.0
25/12/2007	23:40:00	5.75	0.0	242.52	23.6	39.0	0.0	18.0
25/12/2007	23:41:00	5.462	0.0	242.77	22.4	39.0	0.0	19.0
25/12/2007	23:42:00	5.422	0.0	242.81	22.2	39.0	0.0	18.0
25/12/2007	23:43:00	5.402	0.0	242.41	22.2	39.0	0.0	18.0
25/12/2007	23:44:00	5.408	0.0	242.42	22.2	39.0	0.0	18.0
25/12/2007	23:45:00	5.394	0.0	242.11	22.2	38.0	0.0	18.0
25/12/2007	23:46:00	5.4	0.0	242.6	22.2	39.0	0.0	18.0
25/12/2007	23:47:00	5.39	0.0	242.17	22.2	39.0	0.0	18.0
25/12/2007	23:48:00	5.382	0.0	242.21	22.2	39.0	0.0	18.0
25/12/2007	23:49:00	5.394	0.0	242.71	22.2	38.0	0.0	18.0
26/12/2007	07:59:00	5.216	0.0	237.2	22.0	0.0	0.0	0.0
26/12/2007	08:00:00	5.798	0.052	236.16	24.6	0.0	0.0	0.0
26/12/2007	08:01:00	6.07	0.134	235.6	25.6	0.0	0.0	0.0
26/12/2007	08:02:00	5.814	0.068	236.3	24.6	0.0	0.0	0.0
26/12/2007	14:29:00	5.158	0.0	242.09	21.6	22.0	37.0	18.0
26/12/2007	14:30:00	6.004	0.0	240.81	24.8	39.0	37.0	18.0
26/12/2007	14:31:00	6.104	0.0	240.79	25.2	39.0	37.0	18.0
26/12/2007	14:32:00	6.232	0.0	241.18	25.8	39.0	37.0	18.0
26/12/2007	14:33:00	6.324	0.0	240.93	26.2	38.0	37.0	17.0
26/12/2007	14:34:00	6.326	0.0	240.89	26.2	39.0	37.0	18.0
26/12/2007	14:35:00	6.312	0.0	240.73	26.2	38.0	38.0	18.0
26/12/2007	14:36:00	6.328	0.0	240.87	26.2	39.0	37.0	18.0
26/12/2007	14:37:00	6.302	0.0	240.6	26.2	38.0	37.0	18.0
26/12/2007	14:38:00	6.318	0.0	240.68	26.2	39.0	37.0	17.0
26/12/2007	14:39:00	6.34	0.0	241.03	26.2	38.0	37.0	18.0
26/12/2007	14:40:00	6.394	0.0	241.7	26.4	39.0	37.0	18.0
26/12/2007	14:41:00	6.012	0.0	241.44	25.0	35.0	37.0	18.0
27/12/2007	18:48:00	5.45	0.51	235.75	23.2	35.0	0.0	0.0
27/12/2007	18:49:00	5.412	0.508	235.61	23.0	38.0	0.0	0.0
27/12/2007	18:50:00	5.426	0.506	235.61	23.2	38.0	0.0	0.0
27/12/2007	18:51:00	5.344	0.376	235.29	22.8	38.0	0.0	0.0
27/12/2007	18:52:00	5.33	0.328	235.41	22.6	37.0	0.0	0.0
27/12/2007	18:53:00	5.384	0.406	234.71	23.0	38.0	0.0	0.0
27/12/2007	18:54:00	5.472	0.446	235.29	23.4	38.0	0.0	0.0
27/12/2007	18:55:00	5.54	0.492	235.22	23.6	37.0	0.0	0.0
27/12/2007	18:56:00	5.53	0.482	235.02	23.6	38.0	0.0	0.0
27/12/2007	18:57:00	5.506	0.472	234.38	23.6	37.0	0.0	0.0
27/12/2007	18:58:00	5.516	0.472	234.8	23.6	38.0	0.0	0.0
27/12/2007	18:59:00	5.488	0.464	234.11	23.4	37.0	0.0	0.0
27/12/2007	19:00:00	5.468	0.46	233.74	23.4	37.0	0.0	0.0
27/12/2007	19:01:00	5.432	0.406	233.94	23.2	38.0	0.0	0.0
27/12/2007	19:02:00	6.176	0.588	233.04	26.8	37.0	0.0	0.0
27/12/2007	19:03:00	6.196	0.582	233.95	26.8	37.0	0.0	0.0
27/12/2007	19:04:00	5.696	0.458	234.19	24.6	37.0	0.0	0.0
27/12/2007	19:05:00	5.292	0.738	234.48	23.2	14.0	0.0	0.0
27/12/2007	19:09:00	5.46	0.364	234.88	23.2	38.0	0.0	0.0
27/12/2007	19:10:00	5.432	0.358	234.02	23.2	37.0	0.0	0.0
27/12/2007	19:13:00	5.414	0.356	233.81	23.2	37.0	0.0	0.0
27/12/2007	19:14:00	5.422	0.358	234.07	23.2	37.0	0.0	0.0
27/12/2007	19:15:00	5.4	0.352	233.37	23.2	37.0	0.0	0.0
27/12/2007	19:16:00	5.39	0.352	233.39	23.2	37.0	0.0	0.0
27/12/2007	19:17:00	5.362	0.356	234.05	23.0	37.0	0.0	0.0
27/12/2007	19:18:00	5.378	0.362	235.42	22.8	38.0	0.0	0.0
27/12/2007	19:19:00	5.224	0.364	235.22	22.2	38.0	0.0	0.0
27/12/2007	19:20:00	5.182	0.362	235.06	22.0	37.0	0.0	0.0
27/12/2007	19:26:00	5.05	0.308	233.16	21.6	37.0	0.0	0.0
27/12/2007	19:30:00	6.16	0.404	231.68	26.6	37.0	0.0	17.0
27/12/2007	19:31:00	5.886	0.298	231.91	25.4	36.0	0.0	16.0
27/12/2007	19:32:00	5.898	0.296	231.74	25.4	37.0	0.0	17.0
27/12/2007	19:35:00	5.312	0.324	231.95	24.0	8.0	13.0	16.0
27/12/2007	19:36:00	7.714	0.362	229.46	33.8	36.0	29.0	16.0
27/12/2007	19:37:00	7.906	0.362	229.44	34.4	36.0	35.0	17.0
27/12/2007	19:38:00	7.924	0.372	230.47	34.4	36.0	35.0	16.0
27/12/2007	19:39:00	6.984	0.37	233.02	30.4	21.0	36.0	17.0
27/12/2007	19:40:00	5.81	0.28	232.58	25.0	1.0	35.0	16.0
27/12/2007	19:41:00	5.686	0.276	233.45	24.4	1.0	35.0	17.0
27/12/2007	19:42:00	5.944	0.268	232.83	26.4	25.0	10.0	17.0
27/12/2007	19:43:00	7.61	0.252	230.87	33.0	36.0	35.0	16.0
27/12/2007	19:44:00	5.608	0.258	233.24	24.0	37.0	3.0	17.0
27/12/2007	19:48:00	5.634	0.242	234.04	24.2	32.0	1.0	17.0
27/12/2007	19:49:00	6.318	0.228	233.3	27.0	37.0	3.0	17.0
27/12/2007	19:50:00	6.372	0.224	233.51	27.2	37.0	2.0	17.0
27/12/2007	19:51:00	5.042	0.236	234.6	22.0	14.0	2.0	17.0
27/12/2007	19:54:00	6.232	0.256	233.2	26.8	36.0	2.0	17.0
27/12/2007	19:55:00	6.092	0.234	233.15	26.2	37.0	1.0	17.0
27/12/2007	19:56:00	6.106	0.234	233.54	26.2	37.0	3.0	16.0
27/12/2007	20:00:00	5.782	0.264	232.72	24.8	36.0	2.0	16.0
27/12/2007	20:01:00	5.442	0.308	233.01	23.6	30.0	5.0	17.0
27/12/2007	20:06:00	5.468	0.254	232.86	23.6	30.0	1.0	16.0
27/12/2007	20:07:00	5.678	0.14	233.01	24.4	37.0	1.0	17.0
27/12/2007	20:08:00	5.39	0.138	233.67	23.0	37.0	0.0	17.0
27/12/2007	20:12:00	5.52	0.24	234.42	23.6	33.0	0.0	17.0
27/12/2007	20:13:00	5.666	0.236	234.3	24.2	37.0	0.0	17.0
27/12/2007	20:14:00	5.382	0.234	234.14	23.2	35.0	0.0	16.0
27/12/2007	20:24:00	5.218	0.368	234.45	22.4	37.0	0.0	0.0
27/12/2007	21:58:00	5.212	0.0	233.93	22.2	1.0	35.0	17.0
27/12/2007	22:00:00	6.972	0.0	231.35	30.2	31.0	34.0	17.0
27/12/2007	22:01:00	6.376	0.0	232.04	27.8	36.0	28.0	16.0
27/12/2007	22:02:00	6.678	0.0	231.19	28.8	36.0	32.0	17.0
27/12/2007	22:03:00	6.672	0.0	231.43	28.8	36.0	35.0	16.0
27/12/2007	22:04:00	6.674	0.0	231.75	28.8	36.0	34.0	17.0
27/12/2007	22:05:00	6.708	0.0	232.29	28.8	36.0	34.0	16.0
27/12/2007	22:06:00	6.55	0.0	232.77	28.2	36.0	35.0	17.0
27/12/2007	22:07:00	6.688	0.0	232.31	28.8	36.0	34.0	17.0
27/12/2007	22:08:00	6.108	0.0	233.58	26.2	37.0	30.0	16.0
27/12/2007	22:09:00	5.892	0.0	234.02	25.2	36.0	18.0	17.0
27/12/2007	22:10:00	6.51	0.0	233.55	27.8	37.0	35.0	17.0
27/12/2007	22:11:00	5.866	0.0	234.01	25.2	36.0	26.0	17.0
27/12/2007	22:12:00	5.702	0.08	234.65	24.4	37.0	22.0	17.0
27/12/2007	22:13:00	6.56	0.146	234.0	28.0	36.0	36.0	16.0
27/12/2007	22:14:00	5.562	0.168	234.81	23.8	37.0	16.0	17.0
27/12/2007	22:22:00	5.066	0.154	235.7	21.6	37.0	19.0	17.0
27/12/2007	22:23:00	5.486	0.192	235.25	23.6	37.0	29.0	17.0
28/12/2007	15:25:00	5.44	0.162	243.34	22.6	1.0	61.0	18.0
28/12/2007	15:26:00	6.064	0.094	242.74	25.0	1.0	77.0	18.0
28/12/2007	15:27:00	6.0	0.0	242.48	24.6	1.0	75.0	18.0
28/12/2007	15:28:00	6.022	0.0	242.68	24.8	2.0	76.0	18.0
28/12/2007	15:29:00	6.602	0.168	241.86	27.4	1.0	76.0	18.0
28/12/2007	15:30:00	7.048	0.288	241.3	29.4	1.0	75.0	18.0
28/12/2007	15:31:00	7.436	0.432	241.42	31.0	1.0	75.0	18.0
28/12/2007	15:32:00	7.678	0.488	240.65	32.0	1.0	75.0	18.0
28/12/2007	15:33:00	7.638	0.48	240.97	31.6	2.0	75.0	17.0
28/12/2007	15:34:00	7.656	0.484	241.31	31.8	1.0	75.0	18.0
28/12/2007	15:35:00	7.686	0.482	241.9	31.8	1.0	76.0	18.0
28/12/2007	15:36:00	7.688	0.488	241.88	31.8	1.0	75.0	18.0
28/12/2007	15:37:00	7.7	0.486	242.01	31.8	2.0	76.0	18.0
28/12/2007	15:38:00	7.68	0.486	241.76	31.8	1.0	75.0	18.0
28/12/2007	15:39:00	7.844	0.478	241.67	32.4	1.0	76.0	18.0
28/12/2007	15:40:00	7.882	0.472	241.01	32.8	1.0	75.0	18.0
28/12/2007	15:41:00	7.856	0.372	241.24	32.6	1.0	75.0	18.0
28/12/2007	15:42:00	7.98	0.374	241.44	33.0	2.0	75.0	17.0
28/12/2007	15:43:00	8.016	0.372	241.93	33.2	1.0	76.0	18.0
28/12/2007	15:44:00	7.986	0.374	241.58	33.0	1.0	75.0	18.0
28/12/2007	15:45:00	7.978	0.378	241.47	33.0	1.0	75.0	18.0
28/12/2007	15:46:00	7.542	0.264	242.54	31.2	1.0	76.0	18.0
28/12/2007	15:47:00	5.012	0.0	245.46	21.4	2.0	54.0	19.0
28/12/2007	16:09:00	5.936	0.2	241.24	24.6	0.0	40.0	18.0
28/12/2007	16:10:00	6.398	0.486	240.55	27.0	1.0	34.0	17.0
28/12/2007	16:14:00	5.576	0.246	242.06	23.4	1.0	31.0	18.0
28/12/2007	16:15:00	6.152	0.256	241.78	25.4	1.0	39.0	17.0
28/12/2007	16:17:00	5.82	0.262	242.34	24.0	1.0	34.0	18.0
28/12/2007	16:23:00	6.506	0.152	242.58	26.8	38.0	6.0	18.0
28/12/2007	16:24:00	6.476	0.134	242.24	26.6	39.0	6.0	18.0
28/12/2007	16:25:00	6.43	0.18	242.28	26.4	39.0	6.0	18.0
28/12/2007	16:26:00	6.556	0.204	242.76	27.0	39.0	6.0	18.0
28/12/2007	16:27:00	6.48	0.204	242.5	26.6	39.0	6.0	18.0
28/12/2007	16:28:00	6.336	0.146	242.17	26.0	39.0	3.0	18.0
28/12/2007	16:29:00	6.368	0.178	241.95	26.2	39.0	4.0	18.0
28/12/2007	16:30:00	5.99	0.314	242.06	24.8	39.0	5.0	18.0
28/12/2007	16:31:00	5.352	0.138	243.03	22.0	39.0	2.0	18.0
28/12/2007	16:32:00	5.516	0.0	242.23	22.8	39.0	1.0	18.0
28/12/2007	16:33:00	5.808	0.0	241.63	24.0	38.0	1.0	18.0
28/12/2007	16:34:00	5.862	0.0	241.55	24.2	39.0	1.0	17.0
28/12/2007	16:35:00	5.862	0.094	241.8	24.2	38.0	1.0	18.0
28/12/2007	16:36:00	5.956	0.196	241.84	24.6	39.0	1.0	18.0
28/12/2007	16:37:00	5.526	0.29	242.03	23.2	29.0	1.0	18.0
28/12/2007	16:53:00	5.416	0.124	239.32	22.8	0.0	27.0	17.0
28/12/2007	16:54:00	5.598	0.126	238.05	23.4	0.0	36.0	18.0
28/12/2007	16:55:00	5.496	0.112	239.17	23.6	0.0	31.0	17.0
28/12/2007	16:56:00	8.064	0.102	235.99	34.0	0.0	72.0	17.0
28/12/2007	16:57:00	7.52	0.088	236.99	31.8	0.0	65.0	17.0
28/12/2007	16:58:00	8.136	0.092	235.12	34.6	0.0	72.0	17.0
28/12/2007	16:59:00	8.446	0.208	234.18	36.0	0.0	71.0	17.0
28/12/2007	17:00:00	8.31	0.0	233.53	35.6	0.0	71.0	17.0
28/12/2007	17:01:00	8.388	0.0	234.05	35.8	0.0	71.0	17.0
28/12/2007	17:02:00	8.044	0.0	234.09	34.2	0.0	72.0	17.0
28/12/2007	17:03:00	8.832	0.2	233.23	38.0	0.0	71.0	16.0
28/12/2007	17:04:00	9.59	0.348	232.26	41.2	0.0	70.0	17.0
28/12/2007	17:05:00	8.62	0.05	234.36	36.8	0.0	71.0	17.0
28/12/2007	17:06:00	8.346	0.0	233.93	35.6	0.0	71.0	17.0
28/12/2007	17:07:00	8.376	0.0	234.52	35.6	0.0	72.0	16.0
28/12/2007	17:08:00	8.332	0.0	233.75	35.6	0.0	71.0	17.0
28/12/2007	17:09:00	8.308	0.0	233.55	35.4	0.0	70.0	17.0
28/12/2007	17:10:00	8.306	0.0	233.45	35.4	0.0	71.0	17.0
28/12/2007	17:11:00	8.272	0.0	232.99	35.4	0.0	70.0	16.0
28/12/2007	17:12:00	6.184	0.046	235.16	26.2	0.0	39.0	17.0
28/12/2007	17:13:00	7.916	0.08	232.65	34.4	0.0	60.0	17.0
28/12/2007	17:14:00	8.048	0.348	231.02	35.2	0.0	50.0	16.0
28/12/2007	17:15:00	7.292	0.328	231.91	31.4	0.0	35.0	17.0
28/12/2007	17:16:00	8.066	0.352	231.81	35.0	0.0	46.0	16.0
28/12/2007	17:17:00	8.508	0.45	232.66	36.8	0.0	55.0	17.0
28/12/2007	17:18:00	7.412	0.588	233.63	31.8	0.0	36.0	17.0
28/12/2007	17:19:00	7.28	0.61	233.73	31.2	0.0	36.0	17.0
28/12/2007	17:20:00	7.496	0.622	233.04	32.4	0.0	38.0	16.0
28/12/2007	17:21:00	7.986	0.426	232.82	35.0	0.0	62.0	17.0
28/12/2007	17:22:00	5.91	0.276	235.0	25.2	0.0	36.0	17.0
28/12/2007	17:23:00	5.892	0.258	235.12	25.0	0.0	36.0	17.0
28/12/2007	17:24:00	6.216	0.274	235.43	26.4	0.0	37.0	17.0
28/12/2007	17:25:00	5.974	0.256	234.92	25.4	0.0	36.0	17.0
28/12/2007	17:26:00	5.856	0.276	235.47	24.8	0.0	36.0	17.0
28/12/2007	17:27:00	6.414	0.356	235.63	27.6	0.0	45.0	17.0
28/12/2007	17:28:00	6.608	0.298	234.75	28.6	0.0	56.0	17.0
28/12/2007	17:29:00	5.092	0.208	236.15	21.6	0.0	36.0	17.0
28/12/2007	17:41:00	5.268	0.292	237.41	22.4	0.0	34.0	18.0
28/12/2007	17:43:00	5.092	0.324	238.32	21.8	0.0	32.0	18.0
28/12/2007	17:44:00	6.032	0.324	237.33	25.4	0.0	39.0	17.0
28/12/2007	17:45:00	5.506	0.316	238.61	23.6	0.0	30.0	17.0
28/12/2007	17:46:00	5.828	0.37	238.77	24.6	0.0	41.0	18.0
28/12/2007	17:47:00	5.252	0.334	238.61	22.4	0.0	30.0	17.0
28/12/2007	17:48:00	5.73	0.304	237.5	24.2	0.0	38.0	18.0
28/12/2007	17:49:00	5.36	0.296	238.06	22.6	0.0	38.0	17.0
28/12/2007	17:56:00	6.828	0.08	235.08	29.0	0.0	70.0	17.0
28/12/2007	17:57:00	6.33	0.092	235.0	27.2	0.0	65.0	17.0
28/12/2007	17:58:00	6.998	0.126	234.43	29.8	0.0	73.0	17.0
28/12/2007	17:59:00	6.972	0.218	234.34	29.6	0.0	72.0	17.0
28/12/2007	18:00:00	7.014	0.206	235.12	29.8	0.0	74.0	17.0
28/12/2007	18:01:00	7.228	0.284	235.22	30.6	0.0	73.0	17.0
28/12/2007	18:02:00	6.408	0.238	236.3	27.2	0.0	59.0	17.0
28/12/2007	18:03:00	6.654	0.226	236.07	28.2	0.0	66.0	17.0
28/12/2007	18:04:00	7.06	0.214	235.42	30.0	0.0	73.0	17.0
28/12/2007	18:05:00	7.036	0.234	235.22	29.8	0.0	74.0	17.0
28/12/2007	18:06:00	6.374	0.346	236.02	27.0	0.0	67.0	17.0
28/12/2007	18:07:00	6.076	0.336	236.5	25.8	0.0	58.0	18.0
28/12/2007	18:08:00	6.954	0.314	235.82	29.4	0.0	74.0	17.0
28/12/2007	18:09:00	6.918	0.326	236.0	29.2	0.0	73.0	17.0
28/12/2007	18:10:00	5.872	0.332	237.56	24.6	0.0	55.0	17.0
28/12/2007	18:11:00	6.758	0.328	236.9	28.6	0.0	69.0	17.0
28/12/2007	18:12:00	6.4	0.332	238.25	27.0	0.0	66.0	18.0
28/12/2007	18:13:00	5.258	0.298	239.1	22.0	0.0	42.0	17.0
28/12/2007	18:14:00	5.924	0.222	238.41	24.8	0.0	53.0	18.0
28/12/2007	18:15:00	6.47	0.218	238.09	27.4	0.0	64.0	17.0
28/12/2007	18:16:00	6.914	0.21	237.39	29.0	0.0	73.0	17.0
28/12/2007	22:36:00	5.32	0.086	236.87	22.8	18.0	1.0	17.0
28/12/2007	22:37:00	6.244	0.07	235.67	26.4	37.0	0.0	17.0
28/12/2007	22:38:00	6.02	0.086	237.51	25.2	38.0	0.0	17.0
28/12/2007	22:39:00	5.982	0.082	237.35	25.2	38.0	0.0	18.0
28/12/2007	22:40:00	6.004	0.084	237.58	25.2	37.0	0.0	17.0
28/12/2007	22:41:00	5.962	0.078	237.03	25.0	38.0	0.0	17.0
28/12/2007	22:42:00	6.008	0.084	237.93	25.2	38.0	1.0	17.0
28/12/2007	22:43:00	5.982	0.078	237.78	25.0	37.0	0.0	18.0
28/12/2007	22:44:00	6.008	0.084	238.18	25.2	38.0	0.0	17.0
28/12/2007	22:45:00	5.942	0.0	238.06	24.8	38.0	0.0	18.0
28/12/2007	22:46:00	5.62	0.0	238.44	23.4	38.0	0.0	17.0
28/12/2007	22:51:00	5.526	0.062	239.05	23.0	39.0	0.0	17.0
28/12/2007	22:56:00	5.44	0.064	238.76	22.6	38.0	0.0	17.0
28/12/2007	22:57:00	5.516	0.058	238.35	23.0	38.0	0.0	18.0
28/12/2007	22:58:00	5.634	0.06	238.31	23.6	38.0	0.0	17.0
28/12/2007	22:59:00	5.62	0.056	238.73	23.4	37.0	0.0	18.0
28/12/2007	23:00:00	5.662	0.062	239.34	23.6	38.0	0.0	17.0
28/12/2007	23:01:00	5.65	0.058	239.48	23.6	38.0	0.0	18.0
28/12/2007	23:02:00	5.624	0.0	239.88	23.4	38.0	1.0	17.0
28/12/2007	23:03:00	5.036	0.0	240.75	21.2	31.0	0.0	18.0
29/12/2007	00:10:00	5.472	0.442	241.27	22.8	0.0	0.0	18.0
29/12/2007	00:12:00	5.63	0.388	240.88	23.4	0.0	0.0	18.0
29/12/2007	08:32:00	6.608	0.048	237.48	27.8	0.0	0.0	0.0
29/12/2007	08:33:00	5.25	0.056	238.75	22.0	0.0	0.0	0.0
29/12/2007	10:46:00	5.05	0.504	235.46	21.4	0.0	35.0	17.0
29/12/2007	10:47:00	5.084	0.522	235.96	21.6	0.0	36.0	17.0
29/12/2007	19:11:00	5.634	0.256	233.93	24.4	23.0	0.0	17.0
29/12/2007	19:12:00	6.308	0.284	233.58	27.0	37.0	0.0	17.0
29/12/2007	19:13:00	6.278	0.284	233.81	26.8	37.0	0.0	16.0
29/12/2007	19:14:00	6.07	0.288	234.34	25.8	37.0	0.0	17.0
29/12/2007	19:15:00	6.044	0.29	234.71	25.8	38.0	0.0	17.0
29/12/2007	19:16:00	5.948	0.286	233.99	25.4	37.0	0.0	17.0
29/12/2007	19:17:00	5.944	0.286	233.79	25.4	37.0	0.0	17.0
29/12/2007	19:18:00	5.948	0.284	234.07	25.4	38.0	0.0	17.0
29/12/2007	19:19:00	6.02	0.346	234.19	25.6	37.0	0.0	16.0
29/12/2007	19:20:00	6.02	0.382	234.05	25.6	37.0	0.0	17.0
29/12/2007	19:21:00	6.002	0.382	233.81	25.6	37.0	0.0	17.0
29/12/2007	19:22:00	5.962	0.376	233.06	25.6	37.0	0.0	17.0
29/12/2007	19:23:00	5.932	0.374	232.32	25.6	37.0	0.0	16.0
29/12/2007	19:24:00	5.932	0.372	232.37	25.4	37.0	0.0	17.0
29/12/2007	19:25:00	5.946	0.378	233.19	25.4	37.0	0.0	17.0
29/12/2007	19:26:00	5.952	0.374	232.89	25.6	37.0	0.0	16.0
29/12/2007	19:27:00	5.968	0.376	233.18	25.6	37.0	0.0	17.0
29/12/2007	19:28:00	5.286	0.32	234.78	22.8	28.0	0.0	17.0
29/12/2007	19:32:00	5.762	0.252	232.54	24.8	37.0	0.0	17.0
29/12/2007	19:33:00	5.79	0.25	232.85	24.8	37.0	0.0	16.0
29/12/2007	19:34:00	5.848	0.242	232.83	25.0	37.0	0.0	17.0
29/12/2007	19:35:00	5.872	0.242	233.28	25.2	37.0	0.0	17.0
29/12/2007	19:39:00	5.854	0.254	233.55	25.0	37.0	0.0	17.0
29/12/2007	19:40:00	5.874	0.258	234.23	25.0	37.0	0.0	17.0
29/12/2007	19:41:00	5.866	0.256	233.93	25.0	37.0	0.0	16.0
29/12/2007	19:42:00	5.942	0.27	233.07	25.4	37.0	0.0	17.0
29/12/2007	19:43:00	6.02	0.276	232.78	25.8	37.0	0.0	17.0
29/12/2007	19:44:00	5.798	0.276	232.44	24.8	37.0	0.0	16.0
29/12/2007	19:45:00	5.792	0.276	232.76	24.8	37.0	0.0	17.0
29/12/2007	19:46:00	5.716	0.28	233.57	24.4	37.0	0.0	17.0
29/12/2007	19:47:00	5.5	0.284	233.61	23.4	37.0	0.0	16.0
29/12/2007	19:48:00	5.458	0.28	232.61	23.4	37.0	0.0	17.0
29/12/2007	19:49:00	5.548	0.352	232.33	23.8	36.0	0.0	17.0
29/12/2007	19:53:00	5.684	0.512	232.43	24.4	36.0	2.0	17.0
29/12/2007	19:54:00	5.708	0.51	232.06	24.6	37.0	1.0	16.0
29/12/2007	19:55:00	5.7	0.518	233.09	24.4	37.0	1.0	17.0
29/12/2007	19:56:00	5.66	0.518	233.03	24.4	37.0	2.0	17.0
29/12/2007	19:57:00	5.75	0.518	233.34	24.6	37.0	1.0	16.0
29/12/2007	19:58:00	5.128	0.534	234.98	22.2	28.0	2.0	17.0
29/12/2007	20:01:00	5.758	0.522	233.88	24.6	37.0	2.0	16.0
29/12/2007	20:02:00	5.742	0.522	233.85	24.6	37.0	1.0	17.0
29/12/2007	20:03:00	5.704	0.518	233.44	24.4	37.0	1.0	17.0
29/12/2007	21:16:00	5.216	0.088	233.32	22.8	2.0	0.0	17.0
29/12/2007	21:35:00	5.208	0.17	234.82	22.2	35.0	0.0	17.0
29/12/2007	21:36:00	5.03	0.17	235.7	21.2	37.0	0.0	17.0
29/12/2007	21:37:00	5.03	0.134	236.47	21.2	38.0	0.0	17.0
29/12/2007	21:38:00	5.006	0.076	237.0	21.0	37.0	0.0	18.0
29/12/2007	21:39:00	5.286	0.0	237.63	22.2	38.0	0.0	17.0
29/12/2007	21:40:00	5.22	0.056	237.77	21.8	38.0	0.0	17.0
29/12/2007	21:42:00	5.044	0.0	236.81	21.4	38.0	0.0	17.0
29/12/2007	21:43:00	5.57	0.0	236.31	23.6	37.0	0.0	17.0
29/12/2007	21:44:00	5.298	0.0	237.23	22.4	37.0	0.0	17.0
30/12/2007	08:27:00	5.302	0.11	239.86	22.2	0.0	40.0	0.0
30/12/2007	13:45:00	5.156	0.182	238.78	23.0	28.0	14.0	17.0
30/12/2007	13:46:00	6.864	0.168	237.22	29.0	37.0	36.0	18.0
30/12/2007	13:47:00	6.516	0.208	238.29	27.6	38.0	28.0	17.0
30/12/2007	13:48:00	6.842	0.166	237.85	28.8	38.0	36.0	18.0
30/12/2007	13:49:00	6.324	0.18	237.56	27.0	38.0	28.0	17.0
30/12/2007	13:50:00	7.364	0.252	236.19	31.2	37.0	36.0	17.0
30/12/2007	13:51:00	7.132	0.232	236.31	30.2	37.0	36.0	17.0
30/12/2007	13:52:00	6.982	0.204	236.56	29.6	38.0	36.0	17.0
30/12/2007	13:53:00	6.838	0.192	236.39	29.0	37.0	36.0	17.0
30/12/2007	13:54:00	6.984	0.212	236.8	29.6	37.0	36.0	18.0
30/12/2007	13:55:00	7.044	0.276	236.31	29.8	37.0	36.0	17.0
30/12/2007	13:56:00	7.004	0.186	236.08	29.6	37.0	36.0	17.0
30/12/2007	13:57:00	5.878	0.212	236.82	25.2	20.0	36.0	17.0
30/12/2007	13:59:00	5.018	0.234	240.46	21.0	1.0	37.0	18.0
30/12/2007	14:06:00	5.036	0.234	239.41	21.2	1.0	37.0	17.0
30/12/2007	18:17:00	5.67	0.366	233.89	24.2	35.0	0.0	16.0
30/12/2007	18:18:00	5.496	0.21	233.07	23.6	37.0	0.0	17.0
30/12/2007	18:19:00	5.772	0.218	232.06	24.8	36.0	0.0	17.0
30/12/2007	18:20:00	5.686	0.262	233.53	24.2	37.0	0.0	16.0
30/12/2007	18:21:00	5.874	0.254	233.81	25.0	38.0	0.0	17.0
30/12/2007	18:22:00	5.97	0.248	234.08	25.4	37.0	0.0	17.0
30/12/2007	18:23:00	5.718	0.246	234.23	24.4	37.0	0.0	17.0
30/12/2007	18:24:00	5.81	0.246	235.39	24.6	38.0	0.0	17.0
30/12/2007	18:25:00	5.886	0.24	234.75	25.0	37.0	0.0	17.0
30/12/2007	18:26:00	5.692	0.24	234.37	24.2	38.0	0.0	17.0
30/12/2007	18:27:00	5.646	0.246	234.65	24.0	37.0	0.0	17.0
30/12/2007	18:28:00	5.324	0.24	234.69	22.6	38.0	0.0	16.0
30/12/2007	18:29:00	5.326	0.236	233.85	22.8	37.0	0.0	17.0
30/12/2007	18:30:00	5.272	0.226	233.23	22.6	37.0	0.0	17.0
30/12/2007	18:31:00	5.19	0.224	233.68	22.2	37.0	0.0	17.0
30/12/2007	18:34:00	5.364	0.342	233.71	23.0	37.0	0.0	17.0
30/12/2007	18:35:00	5.364	0.35	233.6	23.0	38.0	0.0	16.0
30/12/2007	18:36:00	5.572	0.35	234.15	23.8	37.0	0.0	17.0
30/12/2007	18:37:00	5.704	0.352	234.78	24.2	37.0	0.0	17.0
30/12/2007	18:38:00	6.072	0.342	234.46	25.8	38.0	0.0	17.0
30/12/2007	18:39:00	6.276	0.334	233.91	26.8	37.0	0.0	17.0
30/12/2007	18:42:00	5.596	0.338	233.78	24.4	23.0	0.0	17.0
30/12/2007	18:43:00	6.314	0.322	232.32	27.2	36.0	0.0	16.0
30/12/2007	18:44:00	6.31	0.324	232.57	27.0	37.0	0.0	17.0
30/12/2007	18:45:00	5.438	0.338	233.63	23.8	23.0	0.0	17.0
30/12/2007	18:48:00	5.356	0.47	234.61	23.4	14.0	0.0	17.0
30/12/2007	18:49:00	6.648	0.384	233.32	28.4	37.0	0.0	16.0
30/12/2007	18:50:00	6.65	0.36	233.79	28.4	38.0	0.0	17.0
30/12/2007	18:51:00	5.34	0.37	234.22	23.2	17.0	0.0	17.0
30/12/2007	18:54:00	5.31	0.372	233.31	23.2	10.0	0.0	16.0
30/12/2007	18:55:00	6.832	0.354	231.65	29.4	37.0	0.0	17.0
30/12/2007	18:56:00	6.372	0.356	231.44	27.8	31.0	0.0	16.0
30/12/2007	19:03:00	5.332	0.224	231.79	23.4	23.0	0.0	17.0
30/12/2007	19:04:00	5.964	0.218	231.36	25.8	37.0	0.0	16.0
30/12/2007	19:10:00	5.394	0.22	231.77	23.6	25.0	0.0	16.0
30/12/2007	19:11:00	5.982	0.3	230.81	25.8	36.0	0.0	16.0
30/12/2007	19:12:00	5.314	0.318	231.9	23.0	37.0	0.0	17.0
30/12/2007	21:06:00	5.386	0.046	235.19	22.8	37.0	0.0	17.0
30/12/2007	21:07:00	5.51	0.06	234.37	23.4	37.0	0.0	17.0
30/12/2007	21:08:00	5.75	0.072	234.18	24.4	37.0	0.0	17.0
30/12/2007	21:09:00	5.636	0.066	234.97	24.0	37.0	0.0	17.0
30/12/2007	21:10:00	5.228	0.054	236.13	22.2	37.0	0.0	17.0
31/12/2007	12:13:00	6.158	0.774	233.44	26.8	0.0	37.0	17.0
31/12/2007	12:14:00	5.702	0.7	233.97	24.6	0.0	36.0	16.0
31/12/2007	12:15:00	5.85	0.822	234.41	25.2	0.0	37.0	17.0
31/12/2007	12:16:00	5.162	0.806	234.76	22.4	0.0	27.0	17.0
31/12/2007	12:17:00	5.11	0.794	234.25	22.2	0.0	24.0	17.0
31/12/2007	12:18:00	5.862	0.854	235.2	25.2	0.0	37.0	17.0
31/12/2007	12:19:00	5.84	0.854	235.35	25.0	0.0	37.0	17.0
31/12/2007	12:20:00	5.224	0.824	236.26	22.4	0.0	28.0	17.0
31/12/2007	12:21:00	5.01	0.778	234.49	21.8	0.0	24.0	17.0
31/12/2007	12:22:00	5.814	0.814	235.53	25.0	0.0	36.0	17.0
31/12/2007	12:23:00	5.378	0.682	235.52	23.0	0.0	37.0	17.0
31/12/2007	17:21:00	5.662	0.07	234.62	24.0	0.0	0.0	17.0
31/12/2007	17:22:00	5.782	0.086	235.06	24.6	0.0	0.0	17.0
31/12/2007	17:23:00	5.24	0.07	235.84	22.6	0.0	0.0	17.0
31/12/2007	19:26:00	5.894	0.066	230.59	25.4	0.0	0.0	16.0
31/12/2007	19:27:00	5.756	0.068	230.54	24.8	0.0	0.0	16.0
1/1/2008	11:38:00	5.686	0.178	239.25	24.2	38.0	27.0	17.0
1/1/2008	18:01:00	5.506	0.052	235.28	23.4	0.0	0.0	0.0
1/1/2008	18:02:00	5.54	0.0	234.7	23.6	0.0	0.0	0.0
1/1/2008	18:03:00	5.342	0.05	234.12	22.8	0.0	0.0	0.0
2/1/2008	06:41:00	5.6	0.0	237.31	23.6	0.0	0.0	0.0
2/1/2008	06:42:00	5.494	0.086	237.83	23.2	0.0	0.0	0.0
2/1/2008	06:43:00	5.592	0.09	238.62	23.4	0.0	0.0	0.0
3/1/2008	20:50:00	5.274	0.182	235.25	22.8	28.0	39.0	0.0
3/1/2008	20:51:00	5.662	0.176	234.01	24.2	37.0	38.0	0.0
4/1/2008	06:46:00	5.832	0.1	237.79	25.0	0.0	0.0	19.0
4/1/2008	06:47:00	6.212	0.096	237.45	26.2	0.0	0.0	17.0
4/1/2008	06:48:00	6.324	0.11	237.36	26.6	0.0	0.0	18.0
4/1/2008	06:53:00	5.368	0.048	238.64	22.6	0.0	0.0	18.0
4/1/2008	06:54:00	5.528	0.0	238.75	23.2	0.0	0.0	17.0
4/1/2008	08:19:00	5.44	0.094	232.88	23.4	0.0	66.0	17.0
4/1/2008	08:20:00	5.572	0.096	232.39	23.8	0.0	71.0	16.0
4/1/2008	08:21:00	5.534	0.046	232.47	23.8	0.0	70.0	17.0
4/1/2008	08:22:00	5.47	0.0	232.3	23.4	0.0	70.0	16.0
4/1/2008	08:23:00	5.468	0.0	232.52	23.4	0.0	71.0	17.0
4/1/2008	08:24:00	5.506	0.0	233.29	23.6	0.0	71.0	17.0
4/1/2008	08:25:00	5.464	0.0	232.49	23.4	0.0	70.0	16.0
4/1/2008	08:30:00	5.054	0.0	232.74	22.0	0.0	62.0	17.0
4/1/2008	15:11:00	5.002	0.104	240.18	20.8	0.0	75.0	0.0
4/1/2008	15:12:00	5.02	0.082	240.68	20.8	0.0	75.0	0.0
4/1/2008	15:13:00	5.034	0.102	240.76	20.8	0.0	75.0	0.0
4/1/2008	17:22:00	5.05	0.428	236.16	21.4	0.0	35.0	17.0
4/1/2008	20:46:00	5.094	0.146	232.18	22.2	36.0	0.0	17.0
4/1/2008	20:47:00	5.556	0.136	232.05	24.0	36.0	0.0	16.0
4/1/2008	20:50:00	5.198	0.094	231.49	22.4	36.0	0.0	16.0
5/1/2008	18:17:00	5.086	0.076	229.78	22.0	0.0	0.0	16.0
5/1/2008	19:57:00	5.29	0.132	232.02	22.8	36.0	0.0	16.0
5/1/2008	19:58:00	5.256	0.134	231.99	22.6	37.0	0.0	17.0
5/1/2008	19:59:00	5.326	0.134	232.21	22.8	36.0	0.0	16.0
5/1/2008	20:00:00	5.258	0.136	232.24	22.6	36.0	0.0	17.0
5/1/2008	20:01:00	5.28	0.142	232.87	22.6	36.0	0.0	17.0
5/1/2008	20:02:00	5.254	0.14	232.3	22.6	36.0	0.0	16.0
5/1/2008	20:03:00	5.312	0.14	232.84	22.8	36.0	0.0	17.0
5/1/2008	20:04:00	5.07	0.144	233.89	21.6	37.0	0.0	17.0
6/1/2008	08:23:00	5.148	0.062	237.65	21.6	0.0	0.0	13.0
6/1/2008	19:37:00	5.092	0.102	227.34	22.4	35.0	1.0	0.0
6/1/2008	19:38:00	5.08	0.096	228.12	22.2	36.0	0.0	0.0
6/1/2008	19:39:00	5.09	0.102	228.14	22.2	35.0	0.0	0.0
6/1/2008	19:40:00	5.066	0.094	227.53	22.2	35.0	0.0	0.0
6/1/2008	19:41:00	5.866	0.186	227.18	25.8	35.0	0.0	10.0
6/1/2008	19:42:00	6.28	0.31	228.03	27.6	35.0	0.0	16.0
6/1/2008	19:43:00	6.376	0.4	227.99	28.0	36.0	1.0	17.0
6/1/2008	19:44:00	6.336	0.392	227.92	27.8	35.0	0.0	16.0
6/1/2008	19:45:00	6.37	0.398	228.38	27.8	35.0	0.0	16.0
6/1/2008	19:46:00	6.208	0.414	229.2	27.2	36.0	0.0	17.0
6/1/2008	19:47:00	5.808	0.37	230.44	25.2	36.0	0.0	16.0
6/1/2008	19:48:00	5.418	0.358	230.8	23.4	37.0	0.0	16.0
6/1/2008	19:49:00	5.2	0.352	230.99	22.4	36.0	1.0	17.0
6/1/2008	19:50:00	5.148	0.334	230.34	22.4	36.0	0.0	16.0
6/1/2008	19:51:00	5.096	0.248	231.2	22.0	36.0	0.0	17.0
6/1/2008	19:56:00	5.106	0.35	230.11	22.2	36.0	2.0	17.0
6/1/2008	19:57:00	5.102	0.348	230.44	22.2	36.0	1.0	16.0
6/1/2008	20:02:00	5.128	0.348	230.6	22.2	36.0	2.0	17.0
7/1/2008	07:58:00	5.438	0.09	235.9	23.2	0.0	0.0	17.0
7/1/2008	07:59:00	5.864	0.086	234.94	24.8	0.0	0.0	17.0
8/1/2008	06:28:00	5.25	0.078	237.5	22.0	0.0	0.0	18.0
8/1/2008	06:29:00	5.958	0.08	236.76	25.0	0.0	0.0	17.0
8/1/2008	06:30:00	6.358	0.056	235.79	27.0	0.0	0.0	17.0
8/1/2008	06:31:00	5.854	0.0	236.98	25.4	0.0	0.0	17.0
8/1/2008	12:50:00	5.99	0.196	234.03	25.6	1.0	70.0	17.0
8/1/2008	12:51:00	5.676	0.208	234.53	24.4	1.0	62.0	17.0
8/1/2008	12:52:00	6.068	0.186	232.3	26.0	1.0	69.0	17.0
8/1/2008	12:53:00	6.112	0.21	233.0	26.2	1.0	70.0	16.0
8/1/2008	12:54:00	5.842	0.198	233.15	25.0	2.0	69.0	17.0
8/1/2008	12:55:00	5.778	0.22	234.35	24.6	1.0	70.0	17.0
8/1/2008	12:56:00	5.788	0.2	234.38	24.6	1.0	70.0	17.0
8/1/2008	13:01:00	5.624	0.0	234.35	24.0	1.0	69.0	17.0
8/1/2008	13:02:00	5.082	0.0	235.87	21.8	1.0	63.0	17.0
8/1/2008	13:06:00	6.32	0.178	234.3	27.2	37.0	35.0	16.0
8/1/2008	13:07:00	5.832	0.164	233.86	25.4	32.0	36.0	17.0
8/1/2008	13:10:00	5.71	0.352	235.18	24.6	11.0	35.0	17.0
8/1/2008	13:11:00	7.078	0.346	234.26	30.2	37.0	35.0	17.0
8/1/2008	13:12:00	7.048	0.33	233.93	30.2	36.0	35.0	17.0
8/1/2008	13:13:00	7.042	0.34	233.68	30.2	37.0	35.0	16.0
8/1/2008	13:14:00	7.006	0.346	232.97	30.0	36.0	35.0	17.0
8/1/2008	13:15:00	6.262	0.17	234.09	26.8	37.0	36.0	17.0
8/1/2008	13:16:00	5.604	0.0	233.74	23.8	36.0	35.0	17.0
8/1/2008	13:17:00	5.456	0.206	234.05	23.4	36.0	20.0	17.0
8/1/2008	13:18:00	7.296	0.324	232.38	31.8	36.0	28.0	16.0
8/1/2008	13:19:00	6.876	0.234	233.22	29.8	36.0	35.0	17.0
8/1/2008	13:20:00	5.526	0.0	233.92	23.6	36.0	35.0	17.0
8/1/2008	13:33:00	5.276	0.186	234.62	23.0	0.0	57.0	17.0
8/1/2008	13:34:00	6.102	0.33	233.76	26.0	0.0	71.0	17.0
8/1/2008	13:36:00	5.734	0.178	233.95	24.6	0.0	67.0	16.0
8/1/2008	13:37:00	5.912	0.178	233.83	25.2	0.0	71.0	17.0
8/1/2008	13:39:00	5.716	0.18	234.63	24.4	0.0	67.0	17.0
8/1/2008	13:40:00	5.188	0.186	235.59	22.2	0.0	60.0	17.0
8/1/2008	13:44:00	5.004	0.328	235.32	21.4	0.0	36.0	17.0
8/1/2008	19:53:00	5.264	0.066	235.49	22.4	0.0	0.0	0.0
8/1/2008	21:08:00	5.194	0.27	233.48	22.4	37.0	0.0	9.0
8/1/2008	21:09:00	5.626	0.266	233.84	24.0	37.0	0.0	18.0
8/1/2008	21:10:00	5.676	0.262	233.83	24.2	37.0	0.0	17.0
8/1/2008	21:11:00	5.532	0.266	234.32	23.6	37.0	0.0	17.0
8/1/2008	21:15:00	5.074	0.286	233.64	21.8	31.0	0.0	17.0
8/1/2008	21:16:00	5.178	0.262	233.41	22.2	37.0	0.0	17.0
8/1/2008	21:17:00	5.168	0.26	233.06	22.2	37.0	0.0	17.0
8/1/2008	21:22:00	5.122	0.264	234.33	21.8	37.0	0.0	16.0
8/1/2008	21:23:00	5.05	0.266	235.32	21.6	38.0	0.0	17.0
8/1/2008	21:28:00	5.14	0.258	233.34	22.0	37.0	0.0	17.0
8/1/2008	21:29:00	5.156	0.258	233.65	22.0	37.0	0.0	16.0
8/1/2008	21:34:00	5.454	0.206	235.08	23.2	37.0	0.0	17.0
8/1/2008	21:35:00	5.528	0.292	235.33	23.4	38.0	0.0	17.0
9/1/2008	06:48:00	5.552	0.0	237.53	23.8	0.0	0.0	0.0
9/1/2008	06:49:00	5.622	0.0	236.17	23.8	0.0	0.0	0.0
9/1/2008	06:50:00	7.54	0.0	234.6	32.0	0.0	0.0	16.0
9/1/2008	06:51:00	6.204	0.0	236.43	27.0	0.0	0.0	18.0
10/1/2008	20:50:00	5.124	0.072	233.93	21.8	36.0	0.0	17.0
10/1/2008	20:51:00	5.106	0.074	233.55	21.8	37.0	0.0	16.0
10/1/2008	20:52:00	5.072	0.074	232.72	21.8	36.0	0.0	17.0
12/1/2008	07:34:00	6.376	0.076	237.92	26.8	0.0	0.0	18.0
12/1/2008	07:35:00	6.446	0.072	237.51	27.0	0.0	0.0	17.0
12/1/2008	10:42:00	5.002	0.132	235.22	21.2	37.0	37.0	0.0
12/1/2008	10:43:00	5.022	0.13	235.41	21.2	38.0	37.0	0.0
12/1/2008	10:44:00	5.046	0.13	235.85	21.4	38.0	38.0	0.0
12/1/2008	10:45:00	5.298	0.26	235.9	22.4	38.0	37.0	0.0
12/1/2008	10:46:00	5.316	0.264	236.46	22.4	38.0	38.0	0.0
12/1/2008	10:47:00	5.262	0.226	235.43	22.4	37.0	37.0	0.0
12/1/2008	11:02:00	5.006	0.214	234.63	21.8	38.0	15.0	17.0
12/1/2008	18:26:00	5.156	0.0	230.7	22.6	6.0	0.0	17.0
12/1/2008	18:27:00	6.868	0.0	228.36	30.0	36.0	0.0	16.0
12/1/2008	18:28:00	6.912	0.0	229.43	30.0	35.0	0.0	16.0
12/1/2008	18:29:00	6.86	0.056	228.87	30.0	36.0	0.0	16.0
12/1/2008	18:30:00	6.824	0.062	228.36	29.8	35.0	0.0	16.0
12/1/2008	18:31:00	6.914	0.0	229.05	30.2	35.0	0.0	16.0
12/1/2008	18:32:00	6.894	0.0	228.43	30.2	35.0	0.0	16.0
12/1/2008	18:33:00	6.934	0.0	229.15	30.2	35.0	0.0	16.0
12/1/2008	18:34:00	6.928	0.0	229.11	30.2	36.0	0.0	16.0
12/1/2008	18:35:00	6.984	0.098	228.83	30.4	35.0	0.0	17.0
12/1/2008	18:36:00	7.044	0.148	229.46	30.6	35.0	0.0	16.0
12/1/2008	18:37:00	7.058	0.15	229.8	30.6	35.0	0.0	16.0
12/1/2008	18:38:00	7.064	0.15	230.0	30.6	35.0	0.0	16.0
12/1/2008	18:39:00	7.052	0.15	230.08	30.6	36.0	0.0	17.0
12/1/2008	18:40:00	5.028	0.166	231.98	21.6	3.0	0.0	16.0
12/1/2008	18:41:00	5.042	0.166	232.93	21.6	1.0	0.0	17.0
12/1/2008	18:42:00	6.246	0.156	231.63	27.0	1.0	0.0	16.0
12/1/2008	18:43:00	6.8	0.148	230.2	29.4	1.0	0.0	17.0
12/1/2008	18:44:00	5.612	0.154	231.39	24.2	1.0	0.0	16.0
12/1/2008	18:45:00	5.564	0.06	230.85	24.0	1.0	0.0	16.0
12/1/2008	18:46:00	5.572	0.062	230.38	24.2	2.0	0.0	17.0
12/1/2008	18:47:00	5.736	0.072	230.14	24.8	1.0	0.0	16.0
12/1/2008	18:48:00	5.838	0.07	229.66	25.4	1.0	0.0	16.0
12/1/2008	18:49:00	6.01	0.07	230.08	26.0	1.0	0.0	16.0
12/1/2008	18:50:00	8.282	0.058	228.1	36.4	33.0	0.0	16.0
12/1/2008	18:51:00	6.654	0.05	229.5	29.0	35.0	0.0	17.0
12/1/2008	18:52:00	6.4	0.052	229.94	27.8	36.0	0.0	16.0
12/1/2008	18:53:00	6.392	0.054	230.01	27.8	35.0	0.0	16.0
12/1/2008	18:54:00	6.298	0.048	230.0	27.4	35.0	0.0	16.0
12/1/2008	18:55:00	5.71	0.0	231.22	24.6	36.0	0.0	17.0
12/1/2008	18:56:00	5.532	0.078	230.05	24.0	35.0	0.0	16.0
12/1/2008	18:57:00	5.532	0.076	231.2	23.8	35.0	0.0	17.0
12/1/2008	20:07:00	5.036	0.33	229.97	21.8	35.0	2.0	16.0
12/1/2008	20:08:00	5.044	0.334	230.47	21.8	35.0	1.0	16.0
12/1/2008	20:09:00	5.11	0.342	232.25	22.0	36.0	1.0	17.0
12/1/2008	20:10:00	5.124	0.346	232.71	22.0	36.0	2.0	17.0
12/1/2008	22:02:00	5.288	0.074	235.04	22.4	37.0	0.0	17.0
12/1/2008	22:03:00	5.316	0.08	235.81	22.6	37.0	0.0	17.0
12/1/2008	22:04:00	5.296	0.078	235.51	22.4	37.0	0.0	17.0
12/1/2008	22:05:00	5.314	0.078	235.97	22.4	37.0	0.0	17.0
12/1/2008	22:06:00	5.284	0.078	235.46	22.4	37.0	0.0	17.0
12/1/2008	22:07:00	5.278	0.076	235.32	22.4	37.0	0.0	17.0
12/1/2008	22:08:00	5.252	0.074	234.63	22.4	37.0	0.0	17.0
12/1/2008	22:16:00	5.246	0.076	234.38	22.4	37.0	0.0	17.0
12/1/2008	22:21:00	5.212	0.05	236.09	22.0	37.0	0.0	17.0
12/1/2008	22:22:00	5.228	0.05	236.57	22.0	38.0	0.0	17.0
12/1/2008	22:23:00	5.264	0.05	237.69	22.2	37.0	0.0	17.0
12/1/2008	22:24:00	5.474	0.0	237.19	23.0	37.0	0.0	18.0
12/1/2008	22:25:00	5.634	0.064	237.1	23.8	38.0	1.0	17.0
12/1/2008	22:26:00	5.614	0.062	236.67	23.6	37.0	1.0	17.0
12/1/2008	22:27:00	5.026	0.064	235.32	21.6	30.0	2.0	17.0
12/1/2008	22:38:00	5.326	0.158	237.33	22.4	0.0	2.0	18.0
12/1/2008	22:39:00	5.202	0.16	237.26	21.8	0.0	1.0	17.0
12/1/2008	22:40:00	5.534	0.256	237.09	23.4	0.0	1.0	17.0
12/1/2008	22:41:00	5.494	0.184	237.41	23.2	0.0	2.0	18.0
12/1/2008	22:42:00	5.016	0.19	237.63	21.0	0.0	1.0	17.0
12/1/2008	22:43:00	5.074	0.192	238.58	21.2	0.0	1.0	17.0
13/1/2008	00:03:00	5.252	0.22	239.65	22.0	0.0	0.0	17.0
13/1/2008	00:05:00	6.312	0.188	237.46	27.0	28.0	0.0	17.0
13/1/2008	00:06:00	6.678	0.084	236.66	28.2	38.0	0.0	18.0
13/1/2008	00:07:00	6.884	0.08	237.33	29.0	38.0	0.0	17.0
13/1/2008	00:08:00	6.534	0.066	237.02	27.4	37.0	0.0	17.0
13/1/2008	00:09:00	6.79	0.074	235.68	28.8	37.0	0.0	17.0
13/1/2008	00:10:00	6.922	0.078	237.28	29.2	38.0	0.0	17.0
13/1/2008	00:11:00	6.488	0.062	237.58	27.2	38.0	0.0	18.0
13/1/2008	00:12:00	6.174	0.064	237.69	25.8	37.0	0.0	17.0
13/1/2008	00:13:00	6.224	0.062	237.7	26.2	38.0	0.0	17.0
13/1/2008	00:24:00	5.824	0.058	235.59	24.6	37.0	0.0	17.0
13/1/2008	00:25:00	5.384	0.058	236.53	23.0	31.0	0.0	17.0
13/1/2008	00:29:00	5.914	0.068	235.91	25.0	37.0	0.0	17.0
13/1/2008	00:30:00	6.024	0.068	236.45	25.4	38.0	0.0	17.0
13/1/2008	00:31:00	5.908	0.066	236.31	25.0	37.0	0.0	17.0
13/1/2008	00:32:00	6.04	0.066	237.09	25.4	37.0	0.0	17.0
13/1/2008	00:33:00	6.23	0.068	236.98	26.2	38.0	0.0	18.0
13/1/2008	00:34:00	6.304	0.0	236.52	26.6	37.0	0.0	17.0
13/1/2008	00:35:00	6.19	0.0	236.49	26.0	37.0	0.0	17.0
13/1/2008	00:36:00	6.148	0.0	236.06	26.0	37.0	0.0	17.0
13/1/2008	00:37:00	5.174	0.0	237.86	22.2	20.0	0.0	17.0
13/1/2008	13:43:00	5.598	0.332	237.06	24.0	60.0	0.0	17.0
13/1/2008	13:44:00	6.392	0.32	236.55	27.0	75.0	0.0	17.0
13/1/2008	13:45:00	6.378	0.32	236.35	27.0	75.0	0.0	17.0
13/1/2008	13:46:00	6.39	0.32	236.72	27.0	76.0	0.0	17.0
13/1/2008	13:47:00	6.326	0.31	235.57	26.8	74.0	0.0	17.0
13/1/2008	13:48:00	6.312	0.308	235.35	26.8	74.0	0.0	17.0
13/1/2008	13:49:00	6.234	0.31	235.92	26.4	75.0	0.0	17.0
13/1/2008	13:50:00	5.834	0.308	235.29	25.0	70.0	0.0	17.0
13/1/2008	18:26:00	6.06	0.2	232.52	26.0	36.0	2.0	16.0
13/1/2008	18:27:00	6.018	0.2	232.5	25.8	36.0	1.0	17.0
13/1/2008	18:28:00	5.93	0.132	231.96	25.6	36.0	0.0	17.0
13/1/2008	18:29:00	6.068	0.0	232.44	26.0	37.0	0.0	16.0
13/1/2008	18:30:00	6.084	0.0	232.88	26.0	36.0	0.0	17.0
13/1/2008	18:31:00	6.042	0.05	233.35	25.8	36.0	0.0	17.0
13/1/2008	18:32:00	6.002	0.056	233.63	25.6	37.0	0.0	16.0
13/1/2008	18:33:00	5.612	0.056	233.53	24.0	36.0	0.0	17.0
13/1/2008	18:34:00	5.724	0.056	233.93	24.4	36.0	0.0	17.0
13/1/2008	18:36:00	5.352	0.052	233.86	23.2	31.0	0.0	17.0
13/1/2008	19:10:00	6.294	0.304	230.97	27.2	35.0	2.0	16.0
13/1/2008	19:11:00	6.038	0.312	231.85	26.0	36.0	1.0	17.0
13/1/2008	19:12:00	5.952	0.306	231.41	25.6	36.0	1.0	16.0
13/1/2008	19:13:00	5.48	0.302	232.33	23.6	36.0	1.0	17.0
13/1/2008	19:14:00	5.088	0.288	232.11	21.8	36.0	1.0	16.0
14/1/2008	19:29:00	5.28	0.258	232.79	23.0	27.0	1.0	0.0
14/1/2008	19:30:00	5.3	0.252	233.9	22.6	37.0	1.0	0.0
14/1/2008	19:31:00	5.186	0.164	232.88	22.2	37.0	0.0	0.0
14/1/2008	19:32:00	5.16	0.16	232.05	22.2	37.0	0.0	0.0
14/1/2008	19:33:00	5.15	0.16	231.82	22.2	36.0	0.0	0.0
14/1/2008	19:34:00	5.134	0.158	231.4	22.2	36.0	0.0	0.0
14/1/2008	19:35:00	5.146	0.156	231.7	22.2	37.0	0.0	0.0
14/1/2008	20:24:00	7.284	0.18	229.6	32.4	53.0	0.0	16.0
14/1/2008	20:25:00	8.27	0.176	228.2	36.2	76.0	0.0	16.0
14/1/2008	20:26:00	8.362	0.206	228.52	36.6	76.0	0.0	16.0
14/1/2008	20:27:00	8.192	0.176	229.12	35.8	76.0	0.0	16.0
14/1/2008	20:28:00	7.708	0.168	229.17	33.6	76.0	0.0	17.0
14/1/2008	20:29:00	7.7	0.18	228.71	33.6	76.0	0.0	16.0
14/1/2008	20:30:00	7.76	0.182	228.82	33.8	76.0	0.0	16.0
14/1/2008	20:31:00	7.668	0.092	228.6	33.4	76.0	0.0	16.0
14/1/2008	20:32:00	7.68	0.09	228.82	33.6	76.0	0.0	16.0
14/1/2008	20:33:00	7.712	0.09	229.27	33.6	76.0	0.0	16.0
14/1/2008	20:34:00	7.802	0.192	229.14	34.0	76.0	0.0	16.0
14/1/2008	20:35:00	7.816	0.21	229.55	34.0	76.0	0.0	17.0
14/1/2008	20:36:00	7.85	0.212	229.92	34.0	77.0	0.0	16.0
14/1/2008	20:37:00	6.36	0.248	231.73	27.6	53.0	0.0	16.0
14/1/2008	20:38:00	5.86	0.25	232.12	25.2	42.0	0.0	17.0
14/1/2008	20:39:00	5.878	0.234	231.49	25.4	44.0	0.0	16.0
14/1/2008	20:40:00	7.27	0.22	230.34	31.8	65.0	0.0	17.0
14/1/2008	20:41:00	7.818	0.21	229.6	34.0	76.0	0.0	16.0
14/1/2008	20:42:00	6.736	0.236	231.82	29.4	59.0	0.0	16.0
14/1/2008	20:43:00	5.842	0.252	232.08	25.2	43.0	0.0	17.0
14/1/2008	20:44:00	5.952	0.238	233.05	25.6	44.0	0.0	17.0
14/1/2008	20:45:00	7.42	0.218	231.41	32.2	67.0	0.0	16.0
14/1/2008	20:46:00	7.916	0.214	231.15	34.2	77.0	0.0	16.0
14/1/2008	20:47:00	7.916	0.212	231.01	34.2	78.0	0.0	17.0
14/1/2008	20:48:00	7.9	0.212	230.82	34.2	77.0	0.0	16.0
14/1/2008	20:49:00	7.836	0.196	230.22	34.0	76.0	0.0	17.0
14/1/2008	20:50:00	7.796	0.094	230.93	33.6	77.0	0.0	16.0
14/1/2008	20:51:00	7.766	0.094	230.28	33.6	77.0	0.0	16.0
14/1/2008	20:52:00	7.768	0.094	230.52	33.6	77.0	0.0	17.0
14/1/2008	20:53:00	7.74	0.096	230.97	33.6	76.0	0.0	16.0
14/1/2008	20:54:00	5.816	0.126	233.73	24.8	44.0	0.0	17.0
14/1/2008	20:55:00	5.802	0.124	233.23	24.8	43.0	0.0	16.0
14/1/2008	20:56:00	5.822	0.118	234.04	24.8	43.0	0.0	17.0
14/1/2008	20:57:00	5.844	0.136	233.81	25.0	44.0	0.0	17.0
14/1/2008	20:58:00	5.83	0.102	234.17	24.8	43.0	0.0	17.0
14/1/2008	20:59:00	5.836	0.102	234.33	24.8	43.0	0.0	17.0
14/1/2008	21:00:00	5.802	0.1	234.05	24.8	43.0	0.0	17.0
14/1/2008	21:01:00	5.85	0.102	234.69	24.8	43.0	0.0	16.0
14/1/2008	21:02:00	5.826	0.102	234.05	24.8	43.0	0.0	17.0
14/1/2008	21:03:00	5.832	0.132	233.43	25.0	43.0	0.0	17.0
14/1/2008	21:04:00	5.824	0.194	232.57	25.0	42.0	0.0	17.0
14/1/2008	21:05:00	5.768	0.19	231.36	24.8	42.0	0.0	16.0
14/1/2008	21:06:00	5.806	0.192	231.97	25.0	42.0	0.0	17.0
14/1/2008	21:07:00	5.8	0.192	232.12	25.0	42.0	0.0	16.0
14/1/2008	21:08:00	5.842	0.194	232.84	25.0	43.0	0.0	17.0
14/1/2008	21:09:00	5.858	0.194	233.23	25.0	42.0	0.0	17.0
14/1/2008	21:10:00	5.77	0.19	231.45	24.8	42.0	0.0	16.0
14/1/2008	21:11:00	5.79	0.192	231.97	25.0	43.0	0.0	17.0
14/1/2008	21:12:00	5.794	0.19	232.08	25.0	42.0	0.0	16.0
14/1/2008	21:13:00	5.816	0.192	232.36	25.0	42.0	0.0	17.0
14/1/2008	21:14:00	5.776	0.188	231.72	24.8	42.0	0.0	16.0
14/1/2008	21:15:00	5.736	0.14	231.32	24.8	42.0	0.0	17.0
14/1/2008	21:16:00	5.678	0.09	231.06	24.6	42.0	0.0	16.0
14/1/2008	21:17:00	5.708	0.09	231.31	24.6	42.0	0.0	16.0
14/1/2008	21:18:00	5.704	0.092	231.93	24.6	42.0	0.0	17.0
14/1/2008	21:19:00	5.766	0.138	231.6	24.8	42.0	0.0	16.0
14/1/2008	21:20:00	5.83	0.214	232.09	25.0	42.0	0.0	17.0
14/1/2008	21:21:00	5.884	0.218	233.17	25.2	43.0	0.0	17.0
14/1/2008	21:22:00	5.886	0.218	233.51	25.2	43.0	0.0	16.0
14/1/2008	21:23:00	5.874	0.216	232.98	25.2	42.0	0.0	17.0
14/1/2008	21:24:00	5.884	0.218	233.4	25.2	43.0	0.0	17.0
14/1/2008	21:25:00	5.138	0.224	234.19	22.0	43.0	0.0	4.0
15/1/2008	06:48:00	5.688	0.086	237.96	23.8	0.0	0.0	18.0
15/1/2008	06:49:00	5.66	0.082	237.37	23.8	0.0	0.0	18.0
15/1/2008	06:50:00	5.568	0.084	237.29	23.4	0.0	0.0	18.0
15/1/2008	12:12:00	5.984	0.194	236.06	25.2	0.0	74.0	18.0
15/1/2008	12:13:00	6.042	0.222	237.17	25.4	0.0	74.0	17.0
15/1/2008	12:14:00	6.15	0.234	238.44	25.8	0.0	74.0	17.0
15/1/2008	12:15:00	6.106	0.234	237.07	25.6	2.0	75.0	17.0
15/1/2008	12:16:00	7.756	0.182	233.82	33.2	29.0	72.0	17.0
15/1/2008	12:17:00	8.158	0.202	234.86	34.6	37.0	73.0	17.0
15/1/2008	12:18:00	8.16	0.19	235.04	34.6	37.0	72.0	17.0
15/1/2008	12:19:00	8.064	0.126	234.1	34.4	37.0	73.0	17.0
15/1/2008	12:20:00	7.99	0.058	234.04	34.0	37.0	72.0	17.0
15/1/2008	12:21:00	8.07	0.078	235.27	34.2	37.0	73.0	17.0
15/1/2008	12:22:00	8.262	0.134	235.48	35.0	37.0	73.0	17.0
15/1/2008	12:23:00	8.148	0.124	234.31	34.8	36.0	72.0	17.0
15/1/2008	12:24:00	7.952	0.052	233.71	34.0	37.0	72.0	16.0
15/1/2008	12:25:00	7.996	0.07	234.28	34.0	36.0	72.0	17.0
15/1/2008	12:26:00	8.026	0.058	234.91	34.0	37.0	73.0	17.0
15/1/2008	12:27:00	6.924	0.384	235.98	29.6	3.0	73.0	17.0
15/1/2008	12:28:00	7.578	0.546	234.75	32.4	1.0	72.0	17.0
15/1/2008	12:29:00	7.416	0.55	234.7	31.8	1.0	72.0	17.0
15/1/2008	12:30:00	7.356	0.54	236.17	31.4	30.0	37.0	17.0
15/1/2008	12:31:00	8.666	0.408	236.23	36.8	37.0	61.0	17.0
15/1/2008	12:32:00	6.974	0.478	236.71	30.6	14.0	55.0	18.0
15/1/2008	12:35:00	6.826	0.18	236.08	29.4	31.0	50.0	17.0
15/1/2008	12:36:00	7.088	0.158	234.57	30.4	37.0	55.0	17.0
15/1/2008	12:37:00	6.178	0.17	235.76	26.2	37.0	38.0	17.0
15/1/2008	12:38:00	6.102	0.072	236.64	25.8	37.0	38.0	17.0
15/1/2008	12:39:00	5.422	0.09	237.65	23.0	37.0	28.0	17.0
15/1/2008	12:41:00	6.884	0.304	235.62	29.4	37.0	38.0	17.0
15/1/2008	12:42:00	6.136	0.104	236.1	26.0	37.0	37.0	17.0
15/1/2008	13:39:00	6.224	0.082	234.74	26.6	0.0	35.0	17.0
15/1/2008	13:40:00	6.202	0.094	234.68	26.4	0.0	35.0	17.0
16/1/2008	06:45:00	5.112	0.0	239.25	21.4	0.0	0.0	0.0
16/1/2008	14:51:00	5.312	0.348	239.09	22.2	38.0	38.0	0.0
16/1/2008	14:55:00	5.246	0.222	239.81	21.8	38.0	38.0	0.0
17/1/2008	08:30:00	5.032	0.048	235.2	21.4	37.0	0.0	17.0
17/1/2008	08:35:00	5.262	0.0	234.12	22.6	37.0	0.0	17.0
17/1/2008	08:36:00	6.0	0.048	235.49	25.6	37.0	0.0	17.0
17/1/2008	08:37:00	5.302	0.066	236.15	22.4	37.0	0.0	17.0
17/1/2008	08:38:00	5.24	0.064	235.07	22.2	37.0	0.0	17.0
17/1/2008	08:39:00	5.22	0.062	234.78	22.2	36.0	0.0	17.0
17/1/2008	08:40:00	5.086	0.0	235.22	21.6	37.0	0.0	17.0
18/1/2008	06:44:00	5.124	0.078	236.25	21.6	0.0	0.0	0.0
18/1/2008	06:45:00	5.16	0.076	236.06	21.8	0.0	0.0	0.0
18/1/2008	19:12:00	5.284	0.09	235.03	22.4	0.0	37.0	17.0
18/1/2008	19:13:00	5.55	0.094	234.82	23.6	0.0	37.0	17.0
18/1/2008	19:14:00	5.542	0.096	234.38	23.6	0.0	37.0	17.0
18/1/2008	19:15:00	5.522	0.084	233.91	23.6	0.0	37.0	16.0
18/1/2008	19:16:00	5.3	0.054	233.2	22.6	0.0	36.0	17.0
18/1/2008	19:17:00	5.116	0.092	233.59	21.8	0.0	37.0	17.0
18/1/2008	21:14:00	5.2	0.322	233.99	22.6	0.0	0.0	0.0
19/1/2008	08:14:00	5.062	0.09	233.99	21.8	0.0	2.0	0.0
19/1/2008	08:35:00	5.15	0.126	234.42	21.8	0.0	72.0	0.0
19/1/2008	08:36:00	5.15	0.138	234.39	21.8	0.0	72.0	0.0
19/1/2008	08:37:00	5.156	0.128	234.72	21.8	0.0	72.0	0.0
19/1/2008	08:38:00	5.164	0.138	234.85	22.0	0.0	73.0	0.0
19/1/2008	08:39:00	5.038	0.0	233.9	21.4	0.0	71.0	0.0
19/1/2008	12:34:00	5.016	0.474	235.06	21.4	38.0	36.0	0.0
19/1/2008	12:35:00	5.242	0.462	234.71	22.4	37.0	37.0	0.0
19/1/2008	12:36:00	5.256	0.466	234.79	22.4	37.0	36.0	0.0
19/1/2008	12:37:00	5.254	0.454	234.89	22.4	38.0	37.0	0.0
19/1/2008	12:38:00	5.278	0.462	235.42	22.4	38.0	36.0	0.0
19/1/2008	12:39:00	5.328	0.462	236.73	22.4	38.0	37.0	0.0
19/1/2008	12:42:00	5.284	0.37	237.17	22.2	38.0	37.0	0.0
19/1/2008	12:43:00	5.252	0.354	236.58	22.2	38.0	37.0	0.0
19/1/2008	12:44:00	6.058	0.356	235.66	25.8	38.0	36.0	12.0
19/1/2008	12:45:00	5.824	0.35	236.42	24.8	38.0	30.0	18.0
19/1/2008	12:46:00	5.444	0.37	236.04	23.2	38.0	22.0	18.0
19/1/2008	12:47:00	6.178	0.468	235.8	26.2	37.0	36.0	17.0
19/1/2008	12:48:00	6.12	0.49	236.93	25.8	38.0	37.0	17.0
19/1/2008	12:49:00	5.048	0.486	237.34	21.4	39.0	20.0	18.0
19/1/2008	12:50:00	5.78	0.484	235.98	24.6	38.0	31.0	17.0
19/1/2008	12:51:00	6.106	0.468	236.17	25.8	37.0	37.0	17.0
19/1/2008	12:52:00	6.168	0.478	235.67	26.2	38.0	35.0	17.0
19/1/2008	12:53:00	5.164	0.47	235.8	21.8	38.0	17.0	17.0
19/1/2008	12:54:00	6.258	0.466	234.41	26.6	37.0	35.0	17.0
19/1/2008	12:55:00	6.266	0.448	235.92	26.6	38.0	37.0	17.0
19/1/2008	12:58:00	6.33	0.46	234.86	27.0	38.0	37.0	17.0
19/1/2008	12:59:00	5.91	0.442	234.1	25.4	37.0	30.0	17.0
19/1/2008	13:00:00	5.096	0.472	235.17	21.8	37.0	20.0	17.0
19/1/2008	13:01:00	6.11	0.438	234.02	26.0	38.0	36.0	17.0
19/1/2008	13:05:00	5.528	0.37	237.52	23.4	38.0	28.0	17.0
19/1/2008	13:06:00	5.306	0.45	236.76	22.6	38.0	23.0	17.0
19/1/2008	13:07:00	6.016	0.418	234.96	25.6	37.0	36.0	17.0
19/1/2008	13:08:00	5.112	0.448	235.7	21.8	38.0	22.0	17.0
19/1/2008	13:09:00	5.636	0.424	235.41	24.0	38.0	29.0	17.0
19/1/2008	13:13:00	5.192	0.438	237.06	22.0	38.0	22.0	18.0
19/1/2008	13:14:00	5.592	0.44	235.29	23.8	38.0	29.0	17.0
19/1/2008	13:15:00	5.47	0.418	234.28	23.4	37.0	28.0	16.0
19/1/2008	13:19:00	5.606	0.264	234.87	24.0	37.0	33.0	17.0
20/1/2008	19:54:00	5.104	0.0	232.01	22.0	36.0	0.0	17.0
20/1/2008	19:55:00	5.096	0.0	231.92	22.0	36.0	0.0	16.0
20/1/2008	19:56:00	5.09	0.0	231.93	22.0	36.0	0.0	17.0
20/1/2008	19:57:00	5.074	0.0	231.44	22.0	36.0	0.0	16.0
20/1/2008	19:58:00	5.066	0.0	231.16	22.0	36.0	0.0	17.0
20/1/2008	19:59:00	5.104	0.0	231.43	22.0	36.0	0.0	16.0
20/1/2008	20:00:00	5.02	0.0	230.66	21.8	35.0	0.0	17.0
20/1/2008	20:02:00	5.044	0.0	231.76	21.8	36.0	0.0	17.0
20/1/2008	20:03:00	5.096	0.054	231.92	22.0	36.0	0.0	16.0
20/1/2008	20:04:00	5.106	0.054	232.21	22.0	36.0	0.0	17.0
21/1/2008	06:36:00	5.36	0.084	235.27	22.8	0.0	2.0	17.0
22/1/2008	06:40:00	5.138	0.192	235.99	22.0	0.0	2.0	0.0
22/1/2008	06:41:00	5.188	0.208	235.38	22.0	0.0	1.0	0.0
22/1/2008	07:40:00	5.096	0.056	232.24	22.0	1.0	0.0	17.0
22/1/2008	08:02:00	5.196	0.05	234.72	22.0	37.0	0.0	17.0
22/1/2008	08:03:00	5.234	0.0	234.52	22.2	36.0	0.0	17.0
22/1/2008	08:04:00	5.244	0.078	232.99	22.4	37.0	0.0	17.0
22/1/2008	12:08:00	5.304	0.414	237.71	22.4	0.0	37.0	18.0
22/1/2008	12:45:00	5.2	0.248	238.0	21.8	37.0	0.0	18.0
22/1/2008	13:29:00	6.058	0.0	233.77	25.8	37.0	40.0	17.0
22/1/2008	13:30:00	6.238	0.108	233.17	26.6	36.0	40.0	17.0
22/1/2008	13:31:00	6.114	0.072	233.04	26.2	36.0	39.0	16.0
22/1/2008	13:32:00	6.176	0.164	232.19	26.6	36.0	39.0	17.0
22/1/2008	13:33:00	6.064	0.16	230.66	26.2	35.0	39.0	16.0
22/1/2008	13:34:00	6.092	0.182	230.52	26.4	36.0	39.0	16.0
22/1/2008	13:35:00	6.06	0.166	229.96	26.2	35.0	38.0	17.0
22/1/2008	13:36:00	6.11	0.184	230.97	26.4	36.0	39.0	16.0
22/1/2008	13:37:00	5.554	0.264	231.61	24.2	35.0	26.0	17.0
22/1/2008	13:38:00	5.502	0.566	231.41	23.8	36.0	4.0	16.0
22/1/2008	13:39:00	6.842	0.524	229.67	30.2	35.0	26.0	16.0
22/1/2008	13:40:00	5.426	0.564	231.24	23.6	35.0	6.0	17.0
22/1/2008	14:08:00	5.01	0.248	235.98	21.4	0.0	35.0	17.0
22/1/2008	14:09:00	5.258	0.244	234.86	22.4	0.0	35.0	17.0
22/1/2008	14:13:00	5.34	0.0	235.17	23.0	0.0	25.0	17.0
22/1/2008	14:33:00	7.936	0.0	234.38	34.0	0.0	66.0	17.0
22/1/2008	14:34:00	8.008	0.0	233.74	34.2	0.0	69.0	16.0
22/1/2008	14:35:00	7.12	0.114	234.34	30.6	0.0	63.0	17.0
22/1/2008	14:36:00	7.448	0.348	233.54	32.0	0.0	70.0	17.0
22/1/2008	14:37:00	7.024	0.326	234.02	30.2	0.0	62.0	17.0
22/1/2008	14:38:00	7.438	0.346	232.97	32.0	0.0	70.0	16.0
22/1/2008	14:39:00	7.018	0.222	233.39	30.2	0.0	69.0	17.0
22/1/2008	14:40:00	6.046	0.0	235.16	25.6	0.0	71.0	17.0
22/1/2008	14:41:00	6.056	0.0	235.64	25.6	0.0	71.0	17.0
22/1/2008	15:04:00	5.226	0.318	237.52	22.4	0.0	58.0	17.0
22/1/2008	15:05:00	6.118	0.332	236.73	25.8	2.0	74.0	17.0
22/1/2008	15:06:00	7.066	0.306	234.91	30.4	24.0	65.0	17.0
22/1/2008	15:07:00	8.12	0.292	233.69	34.6	37.0	73.0	17.0
22/1/2008	15:08:00	8.112	0.298	233.29	34.8	36.0	72.0	16.0
22/1/2008	15:09:00	8.11	0.29	233.36	34.8	37.0	73.0	17.0
22/1/2008	15:10:00	7.978	0.192	232.3	34.2	36.0	72.0	17.0
22/1/2008	15:11:00	7.564	0.19	232.53	32.6	31.0	73.0	16.0
22/1/2008	15:12:00	6.002	0.21	235.04	25.4	1.0	74.0	17.0
22/1/2008	15:13:00	5.988	0.206	234.84	25.4	1.0	73.0	17.0
22/1/2008	15:14:00	5.986	0.208	234.78	25.4	1.0	74.0	17.0
22/1/2008	15:15:00	5.994	0.208	235.07	25.4	1.0	74.0	17.0
22/1/2008	15:17:00	5.91	0.252	237.84	24.8	1.0	71.0	18.0
22/1/2008	15:18:00	6.024	0.242	236.52	25.4	0.0	75.0	17.0
22/1/2008	15:20:00	5.996	0.18	237.57	25.8	24.0	48.0	18.0
22/1/2008	15:21:00	7.332	0.086	236.02	31.0	37.0	61.0	17.0
22/1/2008	15:22:00	6.92	0.1	236.35	29.6	19.0	74.0	17.0
22/1/2008	15:23:00	5.95	0.124	237.53	25.0	1.0	75.0	17.0
22/1/2008	15:25:00	7.136	0.088	235.47	30.8	25.0	67.0	17.0
22/1/2008	15:26:00	7.78	0.07	234.28	33.2	36.0	70.0	17.0
22/1/2008	15:27:00	6.94	0.084	234.93	29.6	37.0	57.0	17.0
22/1/2008	15:28:00	6.196	0.08	235.37	26.2	37.0	43.0	17.0
22/1/2008	15:29:00	6.912	0.086	235.31	29.4	37.0	54.0	17.0
22/1/2008	15:30:00	7.138	0.068	234.69	30.8	36.0	61.0	16.0
22/1/2008	19:52:00	5.156	0.312	231.79	22.6	36.0	1.0	0.0
22/1/2008	19:53:00	5.68	0.334	231.74	24.6	37.0	0.0	0.0
22/1/2008	19:54:00	5.338	0.276	232.53	23.2	37.0	0.0	0.0
22/1/2008	20:47:00	5.062	0.248	233.43	21.8	37.0	2.0	0.0
22/1/2008	20:48:00	5.936	0.282	231.61	26.0	36.0	19.0	0.0
22/1/2008	20:49:00	7.062	0.264	230.78	30.6	36.0	36.0	0.0
22/1/2008	20:50:00	5.332	0.288	232.9	23.6	18.0	28.0	0.0
22/1/2008	20:52:00	5.508	0.294	233.7	24.4	17.0	28.0	0.0
22/1/2008	20:53:00	6.938	0.272	231.58	30.0	37.0	36.0	0.0
22/1/2008	20:54:00	5.438	0.258	232.71	23.8	12.0	36.0	0.0
22/1/2008	21:34:00	5.484	0.186	236.35	23.4	0.0	36.0	0.0
22/1/2008	21:35:00	5.138	0.218	237.13	21.8	0.0	37.0	0.0
22/1/2008	21:36:00	5.22	0.208	236.52	22.2	0.0	37.0	0.0
22/1/2008	21:37:00	5.214	0.224	236.01	22.2	0.0	37.0	0.0
23/1/2008	06:50:00	5.306	0.08	237.33	22.4	0.0	0.0	18.0
24/1/2008	19:22:00	5.256	0.08	231.8	22.6	0.0	0.0	0.0
24/1/2008	20:34:00	5.494	0.046	231.5	23.6	37.0	1.0	17.0
24/1/2008	20:35:00	5.526	0.0	231.11	23.8	35.0	1.0	16.0
24/1/2008	20:36:00	5.54	0.046	231.11	24.0	36.0	1.0	16.0
24/1/2008	20:37:00	5.426	0.046	231.77	23.4	36.0	2.0	17.0
24/1/2008	20:38:00	5.452	0.0	231.83	23.4	36.0	1.0	17.0
24/1/2008	20:39:00	5.378	0.0	231.89	23.2	36.0	1.0	16.0
24/1/2008	20:40:00	5.328	0.05	232.16	22.8	36.0	1.0	17.0
24/1/2008	20:41:00	5.168	0.0	231.9	22.2	36.0	1.0	16.0
24/1/2008	20:42:00	5.154	0.0	231.43	22.2	36.0	2.0	17.0
24/1/2008	20:43:00	5.178	0.0	231.79	22.2	36.0	0.0	16.0
24/1/2008	20:44:00	5.214	0.054	232.18	22.4	36.0	0.0	17.0
24/1/2008	20:45:00	5.184	0.054	231.69	22.4	36.0	0.0	16.0
24/1/2008	20:46:00	5.016	0.052	230.9	21.8	35.0	0.0	16.0
25/1/2008	13:46:00	5.256	0.424	234.77	22.4	0.0	35.0	17.0
25/1/2008	13:48:00	5.314	0.462	236.53	22.6	0.0	36.0	17.0
25/1/2008	13:49:00	5.308	0.46	236.24	22.6	0.0	35.0	17.0
25/1/2008	14:21:00	5.522	0.606	238.21	23.4	0.0	37.0	18.0
25/1/2008	14:23:00	5.088	0.598	237.97	21.6	0.0	30.0	18.0
26/1/2008	18:32:00	5.15	0.06	231.92	23.2	0.0	0.0	16.0
26/1/2008	18:33:00	6.842	0.234	228.95	30.2	4.0	0.0	17.0
26/1/2008	18:34:00	8.694	0.294	227.69	38.2	36.0	0.0	15.0
26/1/2008	18:35:00	9.012	0.286	228.01	39.4	35.0	0.0	16.0
26/1/2008	18:36:00	6.984	0.296	229.92	30.8	36.0	0.0	17.0
26/1/2008	18:37:00	6.23	0.296	230.4	27.0	36.0	0.0	16.0
26/1/2008	18:38:00	6.246	0.296	230.94	27.0	36.0	0.0	16.0
26/1/2008	18:39:00	6.286	0.296	231.83	27.0	37.0	0.0	17.0
26/1/2008	18:40:00	6.28	0.292	231.74	27.0	36.0	0.0	16.0
26/1/2008	18:41:00	6.292	0.29	231.94	27.0	37.0	0.0	17.0
26/1/2008	18:42:00	6.098	0.294	231.73	26.2	36.0	0.0	16.0
26/1/2008	18:43:00	5.836	0.288	232.67	25.0	37.0	0.0	17.0
26/1/2008	18:44:00	5.892	0.36	232.37	25.4	37.0	0.0	17.0
26/1/2008	18:45:00	5.672	0.368	231.57	24.4	36.0	0.0	16.0
26/1/2008	18:46:00	5.688	0.37	231.67	24.6	37.0	0.0	17.0
26/1/2008	18:47:00	5.864	0.384	231.99	25.2	36.0	0.0	16.0
26/1/2008	18:48:00	5.648	0.334	228.75	24.8	28.0	0.0	16.0
26/1/2008	18:52:00	5.784	0.408	228.36	25.4	31.0	0.0	16.0
26/1/2008	18:53:00	5.572	0.396	227.89	24.4	35.0	0.0	16.0
26/1/2008	18:54:00	5.372	0.414	227.79	24.0	31.0	0.0	16.0
26/1/2008	18:59:00	5.362	0.412	227.62	23.6	35.0	0.0	15.0
26/1/2008	19:00:00	5.374	0.394	228.37	23.6	36.0	0.0	17.0
26/1/2008	19:05:00	5.592	0.374	227.79	24.6	35.0	0.0	16.0
26/1/2008	19:06:00	5.556	0.294	228.45	24.2	35.0	0.0	16.0
26/1/2008	19:11:00	5.548	0.316	231.43	24.2	29.0	0.0	16.0
26/1/2008	19:12:00	5.78	0.302	231.34	25.0	37.0	0.0	17.0
26/1/2008	19:13:00	5.198	0.304	231.0	22.8	28.0	0.0	16.0
26/1/2008	19:18:00	5.802	0.402	229.35	25.2	36.0	0.0	16.0
26/1/2008	19:19:00	5.752	0.402	229.54	25.2	34.0	0.0	16.0
26/1/2008	19:24:00	5.902	0.402	229.21	25.8	30.0	0.0	16.0
26/1/2008	19:25:00	5.904	0.404	229.38	25.8	36.0	0.0	17.0
26/1/2008	19:26:00	5.288	0.412	230.25	23.4	27.0	0.0	16.0
26/1/2008	19:29:00	6.346	0.528	231.46	27.4	34.0	0.0	17.0
26/1/2008	19:30:00	6.458	0.534	231.66	28.0	38.0	0.0	16.0
26/1/2008	19:31:00	8.722	0.636	229.74	38.2	69.0	0.0	17.0
26/1/2008	19:32:00	9.666	0.866	229.7	42.2	71.0	0.0	16.0
26/1/2008	19:33:00	9.628	0.866	229.52	42.0	71.0	0.0	16.0
26/1/2008	19:34:00	9.242	0.728	230.2	40.4	72.0	0.0	16.0
26/1/2008	19:35:00	8.35	0.43	231.52	36.0	72.0	0.0	17.0
26/1/2008	19:36:00	8.16	0.386	230.96	35.2	71.0	0.0	16.0
26/1/2008	19:37:00	9.106	0.646	229.57	39.8	71.0	0.0	16.0
26/1/2008	19:38:00	8.702	0.538	229.8	38.0	71.0	0.0	17.0
26/1/2008	19:39:00	6.87	0.404	232.75	29.8	51.0	0.0	16.0
26/1/2008	19:40:00	6.158	0.412	233.58	26.4	38.0	0.0	17.0
26/1/2008	19:41:00	7.514	0.396	231.83	32.6	58.0	0.0	17.0
26/1/2008	19:42:00	6.908	0.422	232.49	30.0	53.0	0.0	16.0
26/1/2008	19:43:00	6.76	0.584	232.03	29.4	36.0	0.0	17.0
26/1/2008	19:44:00	6.292	0.422	232.62	27.0	39.0	0.0	16.0
26/1/2008	19:45:00	6.95	0.418	231.84	30.2	50.0	0.0	17.0
26/1/2008	19:46:00	6.112	0.424	232.5	26.2	37.0	0.0	17.0
26/1/2008	19:47:00	5.382	0.438	233.13	23.4	23.0	0.0	16.0
26/1/2008	19:48:00	6.164	0.438	232.53	26.4	37.0	0.0	17.0
26/1/2008	19:49:00	5.384	0.422	233.39	23.4	27.0	0.0	17.0
26/1/2008	19:50:00	5.326	0.422	234.43	23.2	22.0	0.0	16.0
26/1/2008	19:51:00	7.482	0.754	232.25	32.4	37.0	0.0	17.0
26/1/2008	19:52:00	9.084	0.744	230.62	39.6	60.0	0.0	16.0
26/1/2008	19:53:00	9.428	0.762	227.96	41.4	70.0	0.0	16.0
26/1/2008	19:54:00	9.652	0.758	227.27	42.6	70.0	0.0	16.0
26/1/2008	19:55:00	9.318	0.696	228.43	41.0	68.0	0.0	16.0
26/1/2008	19:56:00	6.974	0.562	230.99	30.4	37.0	0.0	17.0
26/1/2008	19:57:00	6.838	0.416	230.79	29.8	43.0	0.0	16.0
26/1/2008	19:58:00	5.418	0.344	233.06	23.6	21.0	0.0	17.0
26/1/2008	20:03:00	5.648	0.572	233.2	24.2	1.0	0.0	17.0
26/1/2008	20:04:00	5.734	0.56	233.0	24.6	0.0	0.0	16.0
26/1/2008	20:05:00	5.308	0.566	233.45	23.0	1.0	0.0	17.0
26/1/2008	20:21:00	5.408	0.344	235.81	23.4	17.0	1.0	17.0
26/1/2008	20:22:00	6.316	0.338	235.73	26.8	38.0	1.0	17.0
26/1/2008	20:23:00	6.008	0.34	236.03	25.4	37.0	2.0	17.0
26/1/2008	20:30:00	5.686	0.334	233.87	24.6	27.0	2.0	17.0
26/1/2008	20:31:00	5.902	0.328	233.32	25.2	37.0	1.0	16.0
26/1/2008	20:34:00	6.266	0.228	233.57	27.0	31.0	1.0	17.0
26/1/2008	20:35:00	6.392	0.228	233.73	27.2	36.0	2.0	17.0
26/1/2008	20:36:00	5.99	0.232	233.91	25.6	38.0	1.0	17.0
26/1/2008	20:37:00	5.934	0.234	234.24	25.2	37.0	1.0	17.0
26/1/2008	20:38:00	5.84	0.23	232.95	25.0	37.0	1.0	16.0
26/1/2008	23:13:00	5.53	0.172	236.81	24.0	20.0	1.0	17.0
26/1/2008	23:14:00	6.346	0.138	235.78	27.0	37.0	2.0	17.0
26/1/2008	23:15:00	6.746	0.142	235.74	29.0	37.0	1.0	17.0
26/1/2008	23:16:00	8.746	0.13	233.96	37.4	37.0	1.0	17.0
26/1/2008	23:17:00	8.1	0.1	235.67	34.4	37.0	2.0	17.0
26/1/2008	23:18:00	7.166	0.0	236.47	30.8	37.0	1.0	17.0
26/1/2008	23:19:00	5.318	0.0	237.63	22.4	38.0	1.0	18.0
26/1/2008	23:20:00	5.088	0.0	238.4	21.2	38.0	2.0	17.0
26/1/2008	23:21:00	5.038	0.0	239.1	21.0	38.0	1.0	18.0
26/1/2008	23:22:00	5.042	0.0	239.16	21.0	38.0	1.0	17.0
26/1/2008	23:28:00	5.01	0.0	238.25	21.0	38.0	2.0	17.0
27/1/2008	13:45:00	5.854	0.072	236.74	24.6	0.0	73.0	17.0
27/1/2008	13:46:00	5.83	0.082	236.72	24.6	0.0	72.0	17.0
27/1/2008	13:47:00	5.844	0.074	237.23	24.6	0.0	73.0	18.0
27/1/2008	13:48:00	5.886	0.086	238.0	24.6	0.0	74.0	17.0
27/1/2008	13:49:00	5.824	0.0	237.64	24.4	0.0	73.0	17.0
27/1/2008	13:50:00	5.788	0.0	237.08	24.4	0.0	74.0	18.0
27/1/2008	13:51:00	5.82	0.0	237.95	24.4	0.0	73.0	17.0
27/1/2008	13:52:00	5.83	0.0	238.13	24.4	0.0	74.0	18.0
27/1/2008	13:53:00	5.82	0.0	237.85	24.4	0.0	73.0	17.0
27/1/2008	13:54:00	5.762	0.0	236.13	24.4	0.0	73.0	17.0
27/1/2008	18:40:00	5.502	0.23	233.64	23.4	37.0	0.0	0.0
27/1/2008	18:41:00	5.376	0.234	234.46	22.8	37.0	0.0	0.0
27/1/2008	18:45:00	5.576	0.154	234.3	23.8	37.0	0.0	0.0
27/1/2008	18:46:00	5.524	0.152	232.7	23.6	37.0	0.0	0.0
27/1/2008	18:47:00	5.498	0.146	232.25	23.6	37.0	0.0	0.0
27/1/2008	18:51:00	5.608	0.148	234.93	23.8	38.0	0.0	0.0
27/1/2008	18:52:00	5.672	0.208	234.35	24.2	37.0	1.0	0.0
27/1/2008	18:53:00	5.336	0.268	233.42	23.0	34.0	0.0	0.0
27/1/2008	18:57:00	5.714	0.28	234.97	24.2	37.0	0.0	0.0
27/1/2008	18:58:00	5.752	0.288	235.49	24.4	38.0	1.0	0.0
27/1/2008	19:02:00	5.19	0.288	235.92	22.4	26.0	0.0	0.0
27/1/2008	19:03:00	5.776	0.292	236.27	24.4	38.0	0.0	0.0
27/1/2008	19:04:00	5.788	0.29	236.88	24.4	38.0	0.0	0.0
27/1/2008	19:08:00	5.082	0.294	237.5	21.8	24.0	0.0	0.0
27/1/2008	19:09:00	5.746	0.288	235.41	24.4	38.0	0.0	0.0
27/1/2008	19:10:00	5.654	0.186	235.55	24.0	37.0	0.0	0.0
27/1/2008	19:14:00	5.134	0.158	235.37	22.2	28.0	0.0	0.0
27/1/2008	19:15:00	5.608	0.156	234.48	23.8	37.0	0.0	0.0
27/1/2008	19:16:00	5.608	0.172	233.88	24.0	37.0	0.0	0.0
27/1/2008	19:22:00	6.38	0.27	233.1	27.8	38.0	0.0	0.0
27/1/2008	19:23:00	8.592	0.246	231.3	37.2	41.0	0.0	0.0
27/1/2008	19:24:00	10.162	0.224	229.16	44.2	71.0	0.0	0.0
27/1/2008	19:25:00	9.606	0.23	229.5	42.0	71.0	1.0	0.0
27/1/2008	19:26:00	5.784	0.23	233.56	25.0	46.0	0.0	0.0
27/1/2008	19:27:00	5.156	0.116	234.1	22.0	36.0	0.0	0.0
27/1/2008	19:28:00	5.188	0.104	234.0	22.2	37.0	0.0	0.0
27/1/2008	19:29:00	5.166	0.106	234.11	22.0	37.0	0.0	0.0
27/1/2008	19:30:00	5.596	0.212	233.65	24.2	37.0	0.0	0.0
27/1/2008	19:31:00	5.09	0.0	234.11	21.8	37.0	1.0	0.0
27/1/2008	19:32:00	5.126	0.046	234.77	21.8	37.0	0.0	0.0
27/1/2008	19:33:00	5.106	0.0	234.91	21.8	37.0	0.0	0.0
27/1/2008	19:34:00	5.03	0.0	236.08	21.2	38.0	0.0	0.0
27/1/2008	19:46:00	5.868	0.05	234.23	25.0	37.0	0.0	14.0
27/1/2008	19:47:00	5.9	0.0	233.49	25.2	36.0	0.0	17.0
27/1/2008	19:48:00	5.898	0.0	234.05	25.2	37.0	0.0	17.0
27/1/2008	19:49:00	5.892	0.0	234.61	25.0	36.0	0.0	18.0
27/1/2008	19:50:00	5.866	0.0	234.43	25.0	37.0	0.0	17.0
27/1/2008	19:51:00	5.292	0.0	234.44	22.8	30.0	0.0	17.0
27/1/2008	20:36:00	5.528	0.162	233.55	23.6	36.0	2.0	17.0
27/1/2008	20:37:00	5.506	0.164	233.39	23.6	37.0	1.0	17.0
27/1/2008	20:38:00	5.526	0.166	234.11	23.6	37.0	1.0	17.0
27/1/2008	20:39:00	5.538	0.17	234.46	23.6	36.0	2.0	17.0
27/1/2008	20:40:00	5.528	0.168	234.18	23.6	37.0	1.0	16.0
27/1/2008	20:41:00	5.48	0.16	233.17	23.4	36.0	2.0	17.0
27/1/2008	20:42:00	5.414	0.0	233.52	23.2	37.0	1.0	17.0
27/1/2008	20:43:00	5.49	0.138	233.45	23.4	36.0	1.0	17.0
27/1/2008	20:44:00	5.418	0.134	231.81	23.4	36.0	2.0	16.0
27/1/2008	20:45:00	5.414	0.132	231.8	23.4	36.0	1.0	17.0
29/1/2008	05:20:00	5.062	0.0	241.2	21.0	0.0	0.0	7.0
29/1/2008	12:10:00	5.81	0.084	235.11	25.0	25.0	37.0	17.0
29/1/2008	12:11:00	6.354	0.09	233.78	27.2	37.0	36.0	17.0
29/1/2008	12:12:00	6.34	0.078	233.3	27.2	36.0	37.0	16.0
29/1/2008	12:13:00	6.348	0.046	233.24	27.2	37.0	36.0	17.0
29/1/2008	12:14:00	6.318	0.048	232.66	27.0	37.0	36.0	17.0
29/1/2008	12:15:00	6.348	0.0	232.69	27.2	37.0	36.0	16.0
29/1/2008	12:16:00	6.254	0.0	233.55	26.8	37.0	36.0	17.0
29/1/2008	12:17:00	5.972	0.056	234.63	25.4	37.0	37.0	17.0
29/1/2008	12:18:00	6.012	0.082	235.19	25.6	37.0	36.0	17.0
29/1/2008	12:19:00	6.042	0.11	234.91	25.6	37.0	37.0	17.0
29/1/2008	12:20:00	6.088	0.18	235.19	25.8	37.0	37.0	17.0
29/1/2008	12:21:00	5.336	0.184	235.76	23.0	38.0	26.0	17.0
29/1/2008	12:33:00	5.496	0.46	235.16	23.8	2.0	30.0	17.0
29/1/2008	12:44:00	5.514	0.072	235.62	23.6	37.0	2.0	17.0
29/1/2008	13:23:00	5.83	0.14	234.75	24.8	2.0	67.0	17.0
29/1/2008	13:24:00	5.904	0.112	235.28	25.0	0.0	72.0	17.0
29/1/2008	13:25:00	5.936	0.0	235.97	25.0	1.0	72.0	17.0
29/1/2008	13:26:00	7.542	0.0	234.76	32.2	28.0	72.0	17.0
29/1/2008	13:27:00	7.962	0.0	234.52	33.8	36.0	71.0	17.0
29/1/2008	13:28:00	7.94	0.0	233.64	34.0	37.0	72.0	16.0
29/1/2008	13:29:00	7.912	0.048	233.53	33.8	36.0	71.0	17.0
29/1/2008	13:30:00	7.948	0.0	233.91	34.0	37.0	71.0	17.0
29/1/2008	13:31:00	7.93	0.048	233.94	33.8	36.0	71.0	17.0
29/1/2008	13:32:00	7.884	0.0	232.98	33.8	36.0	71.0	16.0
29/1/2008	13:33:00	7.862	0.052	232.93	33.6	36.0	70.0	17.0
29/1/2008	13:34:00	7.918	0.0	233.6	33.8	36.0	71.0	17.0
29/1/2008	13:35:00	7.924	0.05	233.99	33.8	37.0	71.0	17.0
29/1/2008	13:36:00	6.916	0.0	234.55	29.8	36.0	57.0	17.0
29/1/2008	13:37:00	5.862	0.0	235.73	24.8	37.0	36.0	17.0
29/1/2008	13:38:00	5.894	0.0	236.15	24.8	37.0	37.0	17.0
29/1/2008	13:39:00	6.98	0.232	234.96	30.0	37.0	35.0	17.0
29/1/2008	13:40:00	6.954	0.248	234.04	30.0	32.0	36.0	17.0
29/1/2008	13:43:00	5.088	0.326	236.2	21.8	1.0	37.0	18.0
29/1/2008	13:44:00	5.228	0.376	235.52	22.2	0.0	36.0	17.0
29/1/2008	13:45:00	5.172	0.35	235.8	22.0	0.0	37.0	17.0
29/1/2008	13:46:00	5.244	0.396	237.9	22.2	0.0	37.0	17.0
29/1/2008	13:47:00	5.226	0.368	237.68	22.0	0.0	36.0	17.0
29/1/2008	13:48:00	5.196	0.352	237.36	22.0	0.0	37.0	18.0
29/1/2008	13:49:00	5.204	0.328	238.0	22.0	0.0	36.0	17.0
29/1/2008	13:50:00	5.24	0.344	237.64	22.2	0.0	37.0	17.0
29/1/2008	13:51:00	5.26	0.354	237.39	22.2	0.0	37.0	18.0
29/1/2008	14:04:00	5.522	0.192	235.81	23.4	0.0	59.0	17.0
29/1/2008	14:05:00	6.252	0.184	235.35	26.6	0.0	72.0	17.0
29/1/2008	14:06:00	5.212	0.12	236.41	22.0	0.0	56.0	17.0
29/1/2008	14:07:00	5.754	0.084	236.12	24.4	0.0	66.0	17.0
29/1/2008	14:08:00	5.802	0.086	236.04	24.6	0.0	65.0	18.0
29/1/2008	14:11:00	5.524	0.0	235.73	23.6	0.0	63.0	17.0
29/1/2008	14:12:00	5.766	0.052	233.62	24.8	0.0	65.0	17.0
29/1/2008	14:13:00	5.804	0.048	233.43	25.0	0.0	69.0	17.0
29/1/2008	14:15:00	6.046	0.0	234.89	25.6	0.0	70.0	17.0
29/1/2008	14:32:00	5.262	0.0	236.51	22.2	0.0	36.0	17.0
29/1/2008	14:37:00	5.026	0.134	239.96	21.0	0.0	38.0	17.0
29/1/2008	14:38:00	5.036	0.088	239.69	21.0	0.0	37.0	18.0
30/1/2008	06:40:00	5.63	0.0	240.86	23.4	0.0	0.0	18.0
30/1/2008	06:41:00	6.134	0.106	239.79	25.6	0.0	0.0	18.0
31/1/2008	06:53:00	6.188	0.228	238.3	26.0	0.0	0.0	17.0
31/1/2008	06:54:00	5.766	0.238	239.42	24.4	0.0	0.0	18.0
31/1/2008	20:29:00	5.808	0.084	237.23	24.4	38.0	0.0	17.0
31/1/2008	20:30:00	5.804	0.084	237.44	24.4	38.0	0.0	18.0
31/1/2008	20:31:00	5.82	0.086	237.48	24.4	38.0	0.0	17.0
31/1/2008	20:32:00	5.78	0.082	236.93	24.4	37.0	0.0	17.0
31/1/2008	20:33:00	5.742	0.08	236.15	24.2	37.0	0.0	17.0
31/1/2008	20:34:00	5.732	0.078	236.16	24.2	38.0	0.0	18.0
31/1/2008	20:35:00	5.748	0.08	236.4	24.2	37.0	0.0	17.0
31/1/2008	20:36:00	5.768	0.082	237.13	24.2	37.0	0.0	17.0
31/1/2008	20:37:00	5.734	0.078	236.24	24.2	38.0	0.0	17.0
31/1/2008	20:38:00	5.708	0.076	235.55	24.2	37.0	0.0	17.0
31/1/2008	20:39:00	5.72	0.08	236.01	24.2	37.0	0.0	17.0
31/1/2008	20:40:00	5.768	0.11	236.26	24.4	37.0	0.0	17.0
31/1/2008	20:41:00	5.946	0.24	235.79	25.2	37.0	0.0	17.0
31/1/2008	21:45:00	5.68	0.0	235.68	24.0	37.0	0.0	17.0
31/1/2008	21:46:00	5.748	0.0	235.81	24.4	37.0	0.0	18.0
31/1/2008	21:47:00	5.666	0.0	233.99	24.2	36.0	0.0	16.0
31/1/2008	21:48:00	5.52	0.0	233.76	23.6	37.0	0.0	17.0
31/1/2008	21:49:00	5.016	0.0	234.19	21.4	36.0	0.0	17.0
1/2/2008	06:54:00	6.144	0.286	237.67	26.0	0.0	0.0	15.0
1/2/2008	06:55:00	6.56	0.346	236.02	28.0	0.0	0.0	18.0
2/2/2008	08:29:00	6.282	0.216	238.25	26.4	0.0	0.0	17.0
2/2/2008	08:30:00	6.366	0.15	237.07	26.8	0.0	0.0	18.0
2/2/2008	08:31:00	7.094	0.162	236.71	30.0	0.0	0.0	17.0
2/2/2008	08:32:00	6.934	0.216	235.26	29.6	0.0	0.0	17.0
2/2/2008	17:13:00	5.488	0.526	233.87	24.0	34.0	23.0	17.0
2/2/2008	19:04:00	5.15	0.142	233.35	22.0	0.0	33.0	17.0
2/2/2008	19:05:00	5.078	0.16	233.44	21.6	0.0	35.0	17.0
2/2/2008	19:06:00	5.082	0.144	233.78	21.6	0.0	35.0	17.0
2/2/2008	19:07:00	5.084	0.16	233.44	21.8	0.0	35.0	16.0
2/2/2008	19:08:00	5.072	0.144	233.7	21.6	0.0	35.0	17.0
2/2/2008	19:09:00	5.058	0.16	233.08	21.6	0.0	35.0	17.0
2/2/2008	19:10:00	5.014	0.138	232.27	21.6	0.0	34.0	16.0
2/2/2008	19:11:00	5.112	0.24	232.36	22.0	0.0	35.0	17.0
2/2/2008	19:12:00	5.136	0.262	232.73	22.0	0.0	35.0	17.0
2/2/2008	19:13:00	5.96	0.312	232.0	26.0	11.0	34.0	16.0
2/2/2008	19:14:00	7.222	0.336	230.3	31.4	37.0	34.0	17.0
2/2/2008	19:15:00	7.206	0.352	230.45	31.2	36.0	34.0	16.0
2/2/2008	19:16:00	6.6	0.34	231.41	28.8	27.0	34.0	16.0
2/2/2008	19:17:00	6.834	0.43	230.82	29.8	26.0	34.0	17.0
2/2/2008	19:18:00	7.262	0.426	230.24	31.6	36.0	34.0	16.0
2/2/2008	19:19:00	7.65	0.438	230.06	33.2	36.0	34.0	16.0
2/2/2008	19:20:00	7.732	0.422	230.46	33.6	36.0	34.0	17.0
2/2/2008	19:21:00	7.732	0.438	230.33	33.6	36.0	34.0	16.0
2/2/2008	19:22:00	7.636	0.422	230.32	33.2	36.0	34.0	16.0
2/2/2008	19:23:00	7.678	0.452	232.04	33.0	37.0	34.0	17.0
2/2/2008	19:24:00	7.624	0.428	231.23	33.0	36.0	34.0	16.0
2/2/2008	19:25:00	7.578	0.44	230.4	32.8	36.0	34.0	17.0
2/2/2008	19:26:00	7.568	0.422	230.46	32.8	36.0	34.0	16.0
2/2/2008	19:27:00	7.526	0.458	230.32	32.8	35.0	35.0	16.0
2/2/2008	19:28:00	5.806	0.554	232.14	25.0	1.0	35.0	17.0
2/2/2008	19:29:00	6.22	0.568	232.31	26.8	1.0	36.0	16.0
2/2/2008	19:30:00	7.668	0.488	230.11	33.6	22.0	35.0	17.0
2/2/2008	19:31:00	7.976	0.414	229.02	34.8	36.0	35.0	16.0
2/2/2008	19:32:00	7.77	0.464	229.22	33.8	36.0	35.0	16.0
2/2/2008	19:33:00	7.988	0.608	229.99	34.8	35.0	35.0	16.0
2/2/2008	19:34:00	7.98	0.586	230.16	34.6	36.0	35.0	16.0
2/2/2008	19:35:00	7.972	0.596	229.91	34.6	36.0	36.0	17.0
2/2/2008	19:36:00	7.796	0.578	230.73	34.0	33.0	35.0	16.0
2/2/2008	19:37:00	6.162	0.608	232.39	26.6	1.0	36.0	17.0
2/2/2008	19:38:00	6.152	0.588	232.42	26.6	1.0	36.0	16.0
2/2/2008	19:39:00	7.9	0.578	230.22	34.8	21.0	35.0	17.0
2/2/2008	19:40:00	8.716	0.534	227.63	38.2	35.0	35.0	16.0
2/2/2008	19:41:00	8.456	0.546	227.48	37.2	35.0	34.0	15.0
2/2/2008	19:42:00	7.076	0.546	228.62	31.2	21.0	35.0	17.0
2/2/2008	19:43:00	6.104	0.586	230.98	26.4	1.0	36.0	16.0
2/2/2008	19:44:00	6.052	0.56	230.1	26.4	1.0	35.0	16.0
2/2/2008	19:45:00	7.22	0.564	229.54	31.8	19.0	35.0	16.0
2/2/2008	19:46:00	8.168	0.54	228.91	35.6	35.0	35.0	17.0
2/2/2008	19:47:00	8.456	0.474	227.77	37.2	35.0	34.0	16.0
2/2/2008	19:48:00	7.448	0.46	230.31	32.6	19.0	36.0	16.0
2/2/2008	19:49:00	6.462	0.49	232.19	27.8	1.0	35.0	16.0
2/2/2008	19:50:00	6.522	0.48	232.6	28.0	1.0	36.0	17.0
2/2/2008	19:51:00	7.302	0.476	230.7	32.0	15.0	36.0	16.0
2/2/2008	19:52:00	6.62	0.468	231.74	28.8	36.0	16.0	17.0
2/2/2008	19:53:00	6.058	0.478	230.7	26.2	36.0	5.0	16.0
2/2/2008	19:58:00	5.84	0.588	230.9	25.4	36.0	5.0	16.0
2/2/2008	19:59:00	5.876	0.608	231.57	25.4	37.0	4.0	16.0
2/2/2008	20:30:00	5.948	0.236	232.63	25.6	36.0	0.0	16.0
2/2/2008	20:31:00	5.902	0.196	234.07	25.2	37.0	0.0	17.0
2/2/2008	20:32:00	5.794	0.192	234.25	24.6	37.0	0.0	17.0
2/2/2008	20:33:00	5.728	0.19	233.45	24.4	36.0	1.0	17.0
2/2/2008	20:34:00	5.696	0.156	233.76	24.4	37.0	0.0	16.0
2/2/2008	20:35:00	5.67	0.096	233.61	24.2	36.0	0.0	17.0
2/2/2008	20:36:00	5.934	0.09	233.16	25.4	37.0	0.0	17.0
2/2/2008	20:37:00	5.956	0.092	234.04	25.4	36.0	0.0	17.0
2/2/2008	20:38:00	6.836	0.168	233.99	29.4	47.0	0.0	17.0
2/2/2008	20:39:00	6.012	0.188	232.96	25.8	38.0	1.0	16.0
2/2/2008	20:40:00	5.75	0.204	232.34	24.6	38.0	0.0	17.0
2/2/2008	20:41:00	5.732	0.212	233.04	24.6	37.0	0.0	16.0
2/2/2008	20:42:00	5.836	0.202	233.89	24.8	38.0	0.0	17.0
2/2/2008	20:43:00	6.86	0.198	232.43	29.8	55.0	0.0	17.0
2/2/2008	20:44:00	7.898	0.298	231.37	34.0	71.0	1.0	16.0
2/2/2008	20:45:00	7.078	0.306	232.12	30.8	61.0	0.0	17.0
2/2/2008	20:46:00	5.826	0.338	232.35	25.0	37.0	0.0	17.0
2/2/2008	20:47:00	5.808	0.31	232.49	25.0	38.0	0.0	16.0
2/2/2008	20:48:00	6.932	0.296	230.24	30.4	54.0	0.0	16.0
2/2/2008	20:49:00	7.73	0.28	229.12	33.6	71.0	0.0	17.0
2/2/2008	20:50:00	7.764	0.284	229.46	33.8	71.0	0.0	16.0
2/2/2008	20:51:00	6.216	0.294	230.83	27.2	46.0	0.0	16.0
2/2/2008	20:52:00	5.802	0.3	231.15	25.0	37.0	1.0	17.0
2/2/2008	20:53:00	6.166	0.292	230.12	27.0	42.0	0.0	16.0
2/2/2008	20:54:00	6.13	0.234	230.08	27.0	48.0	0.0	16.0
2/2/2008	20:55:00	5.35	0.208	230.73	23.2	36.0	0.0	17.0
2/2/2008	22:06:00	5.162	0.074	236.43	22.2	28.0	2.0	17.0
2/2/2008	22:07:00	5.488	0.074	235.64	23.2	36.0	2.0	17.0
2/2/2008	22:08:00	5.432	0.074	235.47	23.0	37.0	1.0	17.0
2/2/2008	22:09:00	5.434	0.074	235.2	23.0	37.0	2.0	17.0
2/2/2008	22:10:00	5.41	0.066	235.12	23.0	37.0	1.0	17.0
2/2/2008	22:11:00	5.438	0.074	235.45	23.0	37.0	2.0	17.0
2/2/2008	22:12:00	5.404	0.068	234.86	23.0	37.0	2.0	17.0
2/2/2008	22:13:00	5.248	0.072	235.12	22.4	36.0	1.0	17.0
2/2/2008	22:20:00	5.236	0.204	236.93	22.4	30.0	2.0	17.0
2/2/2008	22:21:00	5.586	0.2	236.71	23.6	38.0	1.0	17.0
2/2/2008	22:25:00	5.306	0.202	237.01	22.6	31.0	2.0	18.0
2/2/2008	22:26:00	5.592	0.282	235.65	23.8	37.0	1.0	17.0
2/2/2008	22:27:00	5.608	0.294	235.75	23.8	37.0	1.0	17.0
2/2/2008	22:28:00	5.576	0.29	235.44	23.6	37.0	2.0	17.0
2/2/2008	22:29:00	5.564	0.29	234.9	23.8	37.0	1.0	17.0
2/2/2008	22:30:00	5.532	0.284	234.55	23.6	36.0	1.0	17.0
2/2/2008	22:31:00	5.556	0.29	234.82	23.6	37.0	2.0	17.0
2/2/2008	22:45:00	5.796	0.0	236.62	24.4	39.0	0.0	17.0
2/2/2008	22:46:00	5.892	0.0	236.48	25.0	37.0	1.0	18.0
2/2/2008	22:47:00	5.896	0.0	236.6	24.8	38.0	0.0	17.0
2/2/2008	22:48:00	5.79	0.0	236.81	24.4	38.0	0.0	17.0
2/2/2008	22:49:00	5.66	0.0	236.98	23.8	39.0	0.0	17.0
2/2/2008	22:50:00	5.55	0.0	236.62	23.4	38.0	0.0	17.0
2/2/2008	22:51:00	5.462	0.0	235.28	23.2	37.0	0.0	17.0
2/2/2008	22:52:00	5.486	0.14	235.59	23.2	38.0	1.0	17.0
3/2/2008	12:25:00	5.5	0.122	235.71	23.4	0.0	69.0	0.0
3/2/2008	12:27:00	5.392	0.122	236.1	22.8	0.0	72.0	0.0
3/2/2008	12:30:00	5.138	0.144	235.78	21.8	0.0	72.0	0.0
4/2/2008	06:38:00	5.108	0.102	238.14	21.6	0.0	1.0	0.0
4/2/2008	06:39:00	5.034	0.09	238.41	21.0	0.0	1.0	0.0
5/2/2008	06:37:00	5.522	0.056	237.51	23.2	0.0	0.0	16.0
5/2/2008	12:44:00	5.558	0.192	237.59	23.6	0.0	63.0	17.0
5/2/2008	12:45:00	6.16	0.176	236.47	26.0	0.0	73.0	18.0
5/2/2008	12:46:00	5.646	0.088	237.38	24.0	0.0	64.0	17.0
5/2/2008	12:47:00	6.132	0.102	235.94	26.0	0.0	72.0	17.0
5/2/2008	12:48:00	6.16	0.092	236.86	26.0	0.0	72.0	17.0
5/2/2008	12:49:00	6.164	0.108	237.02	26.0	0.0	73.0	17.0
5/2/2008	12:50:00	6.146	0.088	236.65	25.8	0.0	72.0	18.0
5/2/2008	12:51:00	6.152	0.102	236.69	26.0	0.0	73.0	17.0
5/2/2008	13:07:00	5.25	0.37	239.17	22.0	0.0	37.0	18.0
5/2/2008	13:08:00	5.194	0.362	238.87	21.8	0.0	37.0	18.0
5/2/2008	13:09:00	5.158	0.392	237.99	21.8	0.0	37.0	17.0
5/2/2008	13:10:00	5.258	0.392	238.51	22.0	0.0	38.0	17.0
5/2/2008	13:11:00	5.2	0.394	238.74	22.0	0.0	42.0	18.0
5/2/2008	13:21:00	5.284	0.482	235.82	22.6	0.0	37.0	17.0
5/2/2008	13:49:00	5.34	0.222	237.31	22.8	0.0	57.0	17.0
5/2/2008	13:50:00	6.308	0.208	236.53	26.6	0.0	73.0	17.0
5/2/2008	13:51:00	5.748	0.098	236.49	24.6	0.0	65.0	17.0
5/2/2008	13:52:00	6.198	0.072	235.62	26.2	0.0	73.0	17.0
5/2/2008	13:53:00	6.174	0.076	235.08	26.2	0.0	73.0	17.0
5/2/2008	13:54:00	5.8	0.074	235.51	24.6	0.0	67.0	17.0
5/2/2008	13:55:00	5.288	0.086	236.16	22.4	0.0	57.0	17.0
5/2/2008	13:56:00	7.166	0.338	234.24	30.8	0.0	72.0	17.0
5/2/2008	13:57:00	6.008	0.45	235.72	25.6	0.0	45.0	17.0
5/2/2008	13:58:00	5.428	0.244	237.29	23.2	0.0	49.0	18.0
5/2/2008	13:59:00	7.09	0.452	236.35	30.2	0.0	61.0	17.0
5/2/2008	14:00:00	7.706	0.442	235.36	32.8	0.0	73.0	17.0
5/2/2008	14:01:00	6.878	0.522	235.81	29.2	0.0	58.0	17.0
6/2/2008	06:42:00	5.208	0.1	239.61	21.8	0.0	1.0	18.0
6/2/2008	20:41:00	5.6	0.0	234.17	23.8	37.0	0.0	17.0
6/2/2008	20:42:00	5.57	0.058	234.66	23.6	37.0	0.0	17.0
6/2/2008	20:43:00	5.53	0.072	233.93	23.6	37.0	0.0	17.0
6/2/2008	20:44:00	5.478	0.076	232.82	23.4	36.0	0.0	17.0
6/2/2008	20:45:00	5.472	0.076	232.52	23.4	36.0	0.0	16.0
6/2/2008	20:46:00	5.498	0.076	233.22	23.6	36.0	0.0	17.0
6/2/2008	20:47:00	5.534	0.074	233.91	23.6	37.0	0.0	17.0
6/2/2008	20:48:00	5.544	0.074	234.26	23.6	37.0	0.0	17.0
6/2/2008	20:49:00	5.658	0.0	234.65	24.0	36.0	0.0	16.0
6/2/2008	20:50:00	5.672	0.05	234.97	24.0	37.0	0.0	17.0
6/2/2008	20:51:00	5.748	0.056	236.9	24.2	37.0	0.0	18.0
6/2/2008	20:52:00	5.764	0.058	237.55	24.2	38.0	0.0	17.0
7/2/2008	06:33:00	5.796	0.094	236.09	25.0	0.0	0.0	18.0
7/2/2008	06:34:00	5.57	0.0	236.22	23.6	0.0	0.0	17.0
7/2/2008	06:35:00	5.408	0.0	236.47	23.4	0.0	0.0	18.0
8/2/2008	12:44:00	5.364	0.444	234.98	23.0	0.0	30.0	17.0
8/2/2008	12:45:00	5.064	0.476	235.39	21.8	0.0	27.0	17.0
8/2/2008	13:38:00	5.104	0.304	233.88	21.8	37.0	0.0	17.0
8/2/2008	13:39:00	5.094	0.304	233.65	21.8	36.0	0.0	17.0
8/2/2008	13:40:00	5.102	0.306	233.8	21.8	36.0	0.0	17.0
8/2/2008	13:41:00	5.106	0.308	233.9	21.8	37.0	0.0	16.0
8/2/2008	21:38:00	5.102	0.208	234.55	21.8	0.0	0.0	0.0
9/2/2008	08:30:00	5.598	0.098	236.79	23.6	0.0	0.0	17.0
9/2/2008	08:31:00	5.62	0.096	236.44	23.6	0.0	0.0	17.0
9/2/2008	08:32:00	5.608	0.096	236.16	23.6	0.0	0.0	17.0
9/2/2008	20:25:00	5.144	0.412	235.31	21.8	0.0	36.0	17.0
9/2/2008	20:32:00	5.156	0.388	235.56	22.0	0.0	37.0	17.0
9/2/2008	20:33:00	5.866	0.458	234.19	25.0	0.0	37.0	17.0
9/2/2008	20:34:00	5.89	0.488	235.09	25.0	0.0	37.0	17.0
9/2/2008	20:35:00	5.912	0.472	235.63	25.0	0.0	37.0	17.0
9/2/2008	20:36:00	5.666	0.49	235.41	24.0	0.0	37.0	17.0
9/2/2008	20:37:00	5.468	0.462	235.84	23.2	0.0	36.0	17.0
9/2/2008	20:38:00	5.03	0.474	235.34	21.4	0.0	38.0	17.0
9/2/2008	20:39:00	5.068	0.456	235.22	21.6	0.0	36.0	17.0
9/2/2008	20:41:00	5.476	0.458	235.34	23.6	0.0	37.0	17.0
9/2/2008	20:42:00	5.592	0.466	235.99	24.0	0.0	37.0	17.0
9/2/2008	21:17:00	5.016	0.324	237.33	21.2	0.0	19.0	18.0
9/2/2008	21:18:00	5.386	0.372	237.22	23.2	0.0	32.0	18.0
9/2/2008	21:40:00	5.192	0.052	237.5	21.8	38.0	0.0	17.0
9/2/2008	21:41:00	5.244	0.054	237.64	22.0	37.0	0.0	17.0
9/2/2008	21:42:00	5.366	0.056	236.91	22.6	38.0	0.0	17.0
9/2/2008	21:43:00	5.382	0.058	236.43	22.6	37.0	0.0	18.0
9/2/2008	21:44:00	5.33	0.058	235.93	22.6	37.0	0.0	17.0
9/2/2008	21:45:00	5.398	0.058	236.36	22.8	38.0	0.0	17.0
9/2/2008	21:46:00	5.428	0.056	236.91	22.8	37.0	0.0	17.0
9/2/2008	21:47:00	5.4	0.058	236.56	22.8	37.0	0.0	17.0
9/2/2008	21:48:00	5.282	0.056	236.76	22.2	38.0	0.0	17.0
9/2/2008	21:49:00	5.284	0.056	236.78	22.2	37.0	0.0	18.0
9/2/2008	21:50:00	5.244	0.054	236.57	22.0	37.0	0.0	17.0
9/2/2008	21:51:00	5.276	0.054	237.17	22.2	38.0	0.0	17.0
9/2/2008	21:52:00	5.406	0.054	237.97	22.6	37.0	0.0	17.0
10/2/2008	17:25:00	5.23	0.052	233.72	22.2	0.0	0.0	17.0
10/2/2008	17:26:00	5.246	0.052	234.21	22.4	0.0	0.0	17.0
10/2/2008	18:40:00	6.31	0.246	233.47	27.2	32.0	0.0	17.0
10/2/2008	18:41:00	6.394	0.248	232.73	27.4	37.0	0.0	16.0
10/2/2008	18:42:00	6.34	0.158	232.9	27.2	37.0	0.0	17.0
10/2/2008	18:43:00	6.45	0.142	232.13	27.8	37.0	0.0	17.0
10/2/2008	18:44:00	6.678	0.14	231.01	28.8	36.0	1.0	16.0
10/2/2008	18:45:00	6.614	0.132	229.89	28.8	36.0	0.0	16.0
10/2/2008	18:46:00	6.63	0.136	229.36	28.8	36.0	0.0	16.0
10/2/2008	18:47:00	6.554	0.13	228.74	28.6	35.0	0.0	17.0
10/2/2008	18:48:00	6.478	0.132	228.72	28.2	36.0	0.0	16.0
10/2/2008	18:49:00	6.312	0.128	229.17	27.4	36.0	0.0	16.0
10/2/2008	18:50:00	6.288	0.132	228.24	27.4	35.0	0.0	16.0
10/2/2008	18:51:00	6.46	0.128	229.07	28.2	36.0	0.0	16.0
10/2/2008	18:52:00	6.368	0.134	229.6	27.6	36.0	1.0	16.0
10/2/2008	18:53:00	6.352	0.128	229.24	27.6	35.0	0.0	16.0
10/2/2008	18:54:00	6.364	0.126	228.35	27.8	36.0	0.0	16.0
10/2/2008	18:55:00	6.42	0.144	230.34	27.8	36.0	0.0	17.0
10/2/2008	18:56:00	6.516	0.242	231.1	28.2	36.0	2.0	16.0
10/2/2008	18:57:00	6.542	0.238	231.9	28.2	37.0	2.0	17.0
10/2/2008	18:58:00	6.618	0.25	233.34	28.4	37.0	1.0	16.0
10/2/2008	18:59:00	6.566	0.292	232.83	28.2	37.0	2.0	17.0
10/2/2008	19:00:00	6.582	0.324	232.91	28.2	36.0	1.0	17.0
10/2/2008	19:01:00	6.604	0.326	233.11	28.2	37.0	2.0	16.0
10/2/2008	19:02:00	6.582	0.324	233.13	28.2	37.0	1.0	17.0
10/2/2008	19:03:00	6.554	0.326	232.47	28.2	37.0	2.0	17.0
10/2/2008	19:04:00	6.544	0.322	232.59	28.2	37.0	1.0	16.0
10/2/2008	19:05:00	6.584	0.326	233.03	28.2	37.0	2.0	17.0
10/2/2008	19:06:00	6.59	0.318	232.29	28.4	37.0	1.0	17.0
10/2/2008	19:07:00	6.504	0.318	231.58	28.0	36.0	2.0	16.0
10/2/2008	19:08:00	5.434	0.452	233.21	23.6	18.0	1.0	17.0
10/2/2008	19:10:00	5.93	0.544	233.25	25.8	21.0	1.0	16.0
10/2/2008	19:11:00	6.726	0.538	232.59	29.0	37.0	2.0	17.0
10/2/2008	19:12:00	6.622	0.536	232.96	28.4	37.0	1.0	17.0
10/2/2008	19:13:00	6.196	0.514	233.32	26.6	37.0	2.0	16.0
10/2/2008	19:14:00	6.136	0.5	232.39	26.4	37.0	1.0	17.0
10/2/2008	19:17:00	5.402	0.498	232.97	23.2	36.0	2.0	17.0
10/2/2008	19:18:00	5.392	0.496	233.3	23.2	37.0	1.0	16.0
10/2/2008	19:19:00	5.464	0.508	234.61	23.4	37.0	1.0	17.0
10/2/2008	19:20:00	5.332	0.502	234.61	22.8	38.0	2.0	17.0
10/2/2008	19:23:00	5.104	0.512	235.04	22.0	29.0	2.0	17.0
10/2/2008	19:24:00	5.362	0.49	232.79	23.0	37.0	1.0	16.0
10/2/2008	19:25:00	5.288	0.338	232.9	22.6	37.0	1.0	17.0
10/2/2008	20:11:00	5.096	0.098	235.16	21.8	0.0	0.0	17.0
11/2/2008	06:43:00	5.864	0.0	239.8	24.6	0.0	0.0	18.0
12/2/2008	06:42:00	5.386	0.086	236.55	22.8	0.0	0.0	0.0
12/2/2008	14:02:00	5.728	0.078	230.32	24.8	35.0	36.0	16.0
12/2/2008	14:46:00	5.154	0.436	234.07	22.0	37.0	0.0	16.0
12/2/2008	14:47:00	5.144	0.434	233.95	22.0	36.0	0.0	17.0
12/2/2008	14:48:00	5.152	0.434	233.99	22.0	37.0	0.0	17.0
12/2/2008	14:49:00	5.17	0.44	234.33	22.2	36.0	0.0	17.0
12/2/2008	14:56:00	5.198	0.09	233.79	22.4	36.0	24.0	17.0
12/2/2008	14:57:00	5.736	0.094	233.47	24.4	36.0	35.0	16.0
12/2/2008	14:58:00	5.208	0.084	233.51	22.6	36.0	27.0	17.0
12/2/2008	14:59:00	5.27	0.096	233.49	22.8	31.0	35.0	17.0
12/2/2008	15:20:00	5.044	0.452	234.37	21.6	0.0	37.0	17.0
13/2/2008	11:13:00	5.484	0.324	234.37	23.6	38.0	0.0	10.0
13/2/2008	11:14:00	5.072	0.324	236.03	21.8	37.0	0.0	0.0
14/2/2008	06:39:00	5.068	0.0	238.16	21.6	0.0	0.0	0.0
14/2/2008	08:39:00	5.482	0.0	231.99	23.6	36.0	0.0	17.0
14/2/2008	08:49:00	5.564	0.0	234.83	23.6	36.0	0.0	17.0
15/2/2008	06:52:00	5.614	0.056	239.05	23.4	0.0	0.0	18.0
15/2/2008	06:53:00	5.518	0.0	238.2	23.0	0.0	0.0	18.0
15/2/2008	06:54:00	5.078	0.0	239.16	22.6	0.0	0.0	18.0
15/2/2008	13:27:00	5.904	0.138	238.57	25.2	0.0	38.0	17.0
15/2/2008	13:28:00	6.392	0.0	237.6	26.8	0.0	38.0	17.0
15/2/2008	13:29:00	6.916	0.176	236.1	29.4	0.0	38.0	18.0
15/2/2008	21:15:00	5.12	0.084	232.21	22.0	0.0	0.0	17.0
15/2/2008	21:16:00	5.058	0.0	231.42	21.8	0.0	1.0	16.0
15/2/2008	21:30:00	5.742	0.178	235.56	24.4	37.0	0.0	17.0
15/2/2008	21:31:00	6.132	0.202	234.85	26.2	37.0	0.0	17.0
15/2/2008	21:32:00	6.246	0.178	234.85	26.8	37.0	0.0	17.0
15/2/2008	21:33:00	5.418	0.098	234.88	23.0	37.0	0.0	17.0
15/2/2008	21:34:00	5.186	0.06	235.08	22.0	37.0	0.0	17.0
15/2/2008	21:35:00	5.212	0.064	235.41	22.0	37.0	1.0	17.0
15/2/2008	21:36:00	5.19	0.06	235.32	22.0	37.0	0.0	17.0
15/2/2008	21:37:00	5.182	0.064	234.77	22.0	37.0	0.0	17.0
15/2/2008	21:38:00	5.116	0.058	233.3	21.8	36.0	0.0	17.0
15/2/2008	21:39:00	5.194	0.066	235.17	22.0	37.0	0.0	17.0
15/2/2008	21:40:00	5.176	0.06	235.06	22.0	37.0	0.0	17.0
15/2/2008	21:41:00	5.194	0.066	235.32	22.0	37.0	1.0	17.0
15/2/2008	21:42:00	5.19	0.064	236.02	22.0	37.0	0.0	17.0
17/2/2008	14:46:00	5.49	0.126	238.38	23.0	38.0	29.0	17.0
17/2/2008	14:47:00	5.176	0.11	238.78	21.8	38.0	26.0	18.0
17/2/2008	14:48:00	5.192	0.128	238.53	21.8	38.0	24.0	17.0
17/2/2008	14:49:00	5.37	0.11	239.07	22.6	38.0	29.0	18.0
17/2/2008	14:51:00	5.416	0.106	238.47	22.8	37.0	30.0	17.0
17/2/2008	14:53:00	5.48	0.102	238.91	23.0	38.0	30.0	17.0
17/2/2008	14:55:00	5.85	0.1	238.15	24.8	37.0	27.0	17.0
17/2/2008	14:57:00	5.474	0.0	238.42	23.0	37.0	25.0	17.0
17/2/2008	14:58:00	5.454	0.0	239.59	23.0	38.0	21.0	18.0
17/2/2008	20:22:00	6.076	0.0	233.51	26.0	36.0	0.0	17.0
17/2/2008	20:23:00	6.066	0.0	233.76	26.0	37.0	0.0	17.0
17/2/2008	20:24:00	6.07	0.0	234.02	26.0	37.0	0.0	17.0
17/2/2008	20:25:00	6.116	0.0	233.6	26.2	36.0	0.0	17.0
17/2/2008	20:26:00	6.078	0.048	233.4	26.0	37.0	0.0	16.0
17/2/2008	20:27:00	6.052	0.096	235.13	25.8	36.0	0.0	17.0
17/2/2008	20:28:00	6.02	0.094	234.78	25.6	37.0	0.0	17.0
17/2/2008	20:29:00	6.022	0.094	234.95	25.6	37.0	0.0	17.0
17/2/2008	20:30:00	5.998	0.096	233.55	25.6	36.0	0.0	17.0
17/2/2008	20:31:00	6.03	0.096	233.5	25.8	37.0	0.0	17.0
17/2/2008	20:32:00	5.994	0.096	233.86	25.6	36.0	0.0	17.0
17/2/2008	20:33:00	5.916	0.088	233.56	25.4	36.0	0.0	16.0
17/2/2008	20:34:00	5.634	0.086	233.3	24.2	37.0	0.0	17.0
17/2/2008	21:11:00	5.132	0.09	236.28	21.6	37.0	0.0	0.0
17/2/2008	21:12:00	5.02	0.092	234.31	21.4	37.0	0.0	0.0
17/2/2008	21:13:00	5.024	0.09	234.52	21.4	36.0	0.0	0.0
17/2/2008	21:14:00	5.034	0.092	234.94	21.4	37.0	0.0	0.0
17/2/2008	21:15:00	5.052	0.094	234.59	21.6	37.0	0.0	0.0
17/2/2008	21:16:00	5.124	0.092	235.32	21.8	36.0	0.0	0.0
17/2/2008	21:17:00	5.196	0.094	235.71	22.0	37.0	0.0	0.0
17/2/2008	21:18:00	5.106	0.09	236.88	21.6	37.0	0.0	0.0
17/2/2008	21:19:00	5.064	0.086	235.86	21.4	37.0	0.0	0.0
17/2/2008	21:20:00	5.054	0.076	235.95	21.4	37.0	0.0	0.0
17/2/2008	21:21:00	5.046	0.082	235.18	21.4	37.0	0.0	0.0
17/2/2008	21:22:00	5.066	0.08	235.98	21.4	37.0	0.0	0.0
17/2/2008	21:23:00	5.014	0.082	234.94	21.2	36.0	0.0	0.0
18/2/2008	06:41:00	5.916	0.122	239.77	25.0	0.0	0.0	19.0
18/2/2008	07:19:00	5.512	0.0	235.81	23.4	0.0	0.0	17.0
18/2/2008	07:20:00	5.48	0.0	234.27	23.4	0.0	0.0	17.0
18/2/2008	07:21:00	5.184	0.0	237.37	22.0	0.0	0.0	17.0
19/2/2008	10:08:00	5.574	0.076	232.43	23.8	37.0	36.0	17.0
19/2/2008	10:09:00	5.614	0.074	233.16	24.0	36.0	36.0	17.0
19/2/2008	10:10:00	5.638	0.072	234.07	24.0	37.0	37.0	17.0
19/2/2008	10:11:00	5.7	0.072	235.53	24.2	37.0	36.0	17.0
19/2/2008	10:12:00	5.718	0.0	235.2	24.2	36.0	37.0	17.0
19/2/2008	11:03:00	5.036	0.474	234.05	21.6	36.0	1.0	17.0
19/2/2008	11:34:00	5.008	0.374	236.38	21.2	0.0	37.0	17.0
19/2/2008	11:47:00	5.004	0.344	234.2	21.4	0.0	35.0	16.0
19/2/2008	11:48:00	5.046	0.366	234.77	21.6	0.0	36.0	17.0
19/2/2008	11:49:00	5.224	0.356	236.68	22.0	0.0	36.0	18.0
19/2/2008	11:50:00	5.21	0.37	236.2	22.0	0.0	36.0	17.0
19/2/2008	11:51:00	5.124	0.346	234.19	21.8	0.0	36.0	17.0
19/2/2008	11:52:00	5.156	0.366	234.79	22.0	0.0	36.0	17.0
19/2/2008	11:53:00	5.25	0.398	236.25	22.2	0.0	36.0	17.0
20/2/2008	07:38:00	5.614	0.0	240.37	23.2	0.0	0.0	18.0
20/2/2008	19:26:00	5.876	0.154	234.45	25.0	50.0	0.0	0.0
20/2/2008	19:27:00	5.93	0.268	234.04	25.4	51.0	0.0	0.0
20/2/2008	19:28:00	6.032	0.322	235.44	25.6	51.0	0.0	0.0
20/2/2008	19:29:00	5.924	0.5	235.6	25.2	51.0	0.0	0.0
20/2/2008	19:30:00	5.93	0.486	235.93	25.2	51.0	0.0	0.0
20/2/2008	19:31:00	5.928	0.478	236.08	25.2	51.0	0.0	0.0
20/2/2008	19:32:00	5.902	0.466	235.21	25.0	51.0	0.0	0.0
20/2/2008	19:33:00	5.856	0.46	234.43	25.0	50.0	0.0	0.0
20/2/2008	19:34:00	5.832	0.452	233.76	25.0	51.0	0.0	0.0
20/2/2008	19:35:00	5.916	0.532	233.9	25.4	50.0	0.0	0.0
20/2/2008	19:38:00	5.932	0.574	234.06	25.4	51.0	0.0	0.0
20/2/2008	19:39:00	5.532	0.588	235.35	24.0	46.0	0.0	0.0
20/2/2008	19:42:00	6.064	0.644	234.91	25.8	51.0	0.0	0.0
20/2/2008	19:43:00	5.566	0.78	235.54	24.6	41.0	0.0	0.0
20/2/2008	19:46:00	5.906	0.592	236.33	25.0	51.0	0.0	0.0
20/2/2008	19:47:00	5.31	0.61	237.15	23.0	43.0	0.0	0.0
20/2/2008	19:50:00	6.124	0.448	236.07	26.0	51.0	0.0	0.0
20/2/2008	19:51:00	6.53	0.424	236.12	28.4	36.0	29.0	0.0
20/2/2008	19:53:00	6.028	0.274	238.34	26.8	21.0	27.0	0.0
20/2/2008	19:54:00	8.022	0.24	235.35	34.0	51.0	36.0	0.0
20/2/2008	19:55:00	7.542	0.222	236.05	32.2	51.0	27.0	0.0
20/2/2008	19:56:00	5.896	0.264	237.01	25.4	15.0	36.0	0.0
20/2/2008	19:57:00	5.18	0.256	237.65	21.8	2.0	37.0	0.0
20/2/2008	19:58:00	6.218	0.264	237.28	27.0	16.0	36.0	0.0
20/2/2008	19:59:00	8.136	0.224	234.42	34.6	50.0	35.0	0.0
20/2/2008	20:00:00	6.328	0.26	236.87	27.4	21.0	36.0	0.0
20/2/2008	20:01:00	5.19	0.254	238.05	21.8	1.0	37.0	0.0
20/2/2008	20:02:00	5.946	0.262	236.98	25.8	13.0	36.0	0.0
20/2/2008	20:03:00	8.0	0.224	235.05	34.0	50.0	35.0	0.0
20/2/2008	20:04:00	6.46	0.252	236.03	28.0	27.0	36.0	0.0
20/2/2008	20:05:00	5.076	0.244	236.58	21.4	1.0	36.0	0.0
20/2/2008	20:06:00	5.18	0.264	236.71	22.0	2.0	36.0	0.0
20/2/2008	20:07:00	7.68	0.22	233.75	32.8	50.0	35.0	0.0
20/2/2008	20:08:00	7.362	0.248	235.61	31.6	47.0	36.0	0.0
20/2/2008	20:11:00	6.53	0.232	235.0	28.4	27.0	36.0	0.0
20/2/2008	20:12:00	7.694	0.236	233.87	32.8	50.0	35.0	0.0
20/2/2008	20:13:00	5.16	0.21	236.8	22.0	9.0	36.0	0.0
20/2/2008	20:21:00	5.002	0.388	235.07	21.2	0.0	37.0	0.0
20/2/2008	20:25:00	5.06	0.514	234.24	21.6	1.0	37.0	0.0
20/2/2008	20:30:00	5.004	0.522	232.63	21.6	0.0	35.0	0.0
20/2/2008	20:44:00	5.1	0.458	231.18	22.6	0.0	24.0	0.0
21/2/2008	07:03:00	5.078	0.048	236.94	21.8	0.0	0.0	17.0
21/2/2008	07:04:00	5.168	0.062	236.44	21.8	0.0	0.0	17.0
21/2/2008	07:05:00	5.246	0.064	234.51	22.4	0.0	0.0	17.0
21/2/2008	07:06:00	5.028	0.058	235.03	21.6	0.0	0.0	17.0
21/2/2008	20:01:00	5.092	0.324	233.93	21.8	0.0	0.0	17.0
21/2/2008	20:03:00	5.038	0.414	235.05	21.4	0.0	0.0	17.0
22/2/2008	06:47:00	5.106	0.06	237.28	21.6	0.0	0.0	0.0
22/2/2008	06:48:00	5.508	0.068	236.27	23.2	0.0	0.0	0.0
22/2/2008	06:49:00	5.16	0.072	236.44	22.2	0.0	0.0	0.0
22/2/2008	13:53:00	5.164	0.438	237.2	22.0	0.0	37.0	17.0
22/2/2008	13:55:00	6.686	0.708	235.46	28.6	0.0	36.0	17.0
22/2/2008	13:59:00	5.208	0.38	239.08	21.8	0.0	37.0	18.0
22/2/2008	14:00:00	5.19	0.37	239.47	21.8	0.0	36.0	18.0
22/2/2008	14:01:00	5.17	0.366	239.49	21.6	0.0	37.0	17.0
22/2/2008	20:41:00	5.738	0.478	236.21	24.8	0.0	1.0	0.0
23/2/2008	13:33:00	6.374	0.266	235.64	27.0	0.0	36.0	17.0
23/2/2008	13:34:00	6.344	0.246	235.41	26.8	0.0	35.0	17.0
23/2/2008	17:16:00	5.282	0.066	233.02	22.6	0.0	2.0	16.0
23/2/2008	17:17:00	5.28	0.066	232.9	22.6	0.0	1.0	17.0
23/2/2008	19:10:00	5.478	0.306	232.52	23.8	27.0	0.0	16.0
23/2/2008	19:11:00	5.822	0.318	231.95	25.0	37.0	0.0	17.0
23/2/2008	19:12:00	5.732	0.314	231.37	24.8	36.0	0.0	16.0
23/2/2008	19:13:00	5.72	0.31	230.6	24.8	36.0	0.0	17.0
23/2/2008	19:14:00	5.736	0.308	230.88	24.8	37.0	0.0	16.0
23/2/2008	19:15:00	5.74	0.31	231.33	24.8	36.0	0.0	17.0
23/2/2008	19:16:00	5.698	0.308	230.91	24.6	36.0	0.0	16.0
23/2/2008	19:17:00	5.746	0.312	231.97	24.8	37.0	0.0	16.0
23/2/2008	19:18:00	5.788	0.314	232.87	24.8	37.0	0.0	17.0
23/2/2008	19:19:00	6.602	0.316	231.57	28.8	36.0	0.0	17.0
23/2/2008	19:20:00	7.694	0.318	230.54	33.4	36.0	0.0	16.0
23/2/2008	19:21:00	7.676	0.316	230.22	33.2	36.0	0.0	16.0
23/2/2008	19:22:00	7.584	0.22	230.0	33.0	36.0	0.0	17.0
23/2/2008	19:23:00	7.574	0.206	229.7	33.0	36.0	0.0	16.0
23/2/2008	19:24:00	6.758	0.29	231.62	29.6	35.0	0.0	16.0
