2/3/2008	15:48:00	5.002	0.052	233.99	21.4	0.0	71.0	0.0
2/3/2008	15:49:00	5.13	0.0	233.68	21.8	0.0	72.0	0.0
2/3/2008	15:50:00	5.084	0.0	233.54	21.6	0.0	71.0	0.0
2/3/2008	15:51:00	5.098	0.062	233.97	21.8	0.0	71.0	0.0
2/3/2008	15:52:00	5.102	0.046	234.7	21.6	0.0	72.0	0.0
2/3/2008	15:53:00	5.126	0.064	234.94	21.8	0.0	72.0	0.0
2/3/2008	15:54:00	5.094	0.046	234.56	21.6	0.0	71.0	0.0
2/3/2008	15:55:00	5.072	0.06	233.82	21.6	0.0	72.0	0.0
4/3/2008	16:02:00	5.042	0.132	237.65	21.4	38.0	11.0	17.0
4/3/2008	16:03:00	6.306	0.1	235.45	26.8	37.0	32.0	17.0
4/3/2008	16:04:00	6.318	0.118	235.86	26.8	38.0	36.0	17.0
4/3/2008	16:05:00	6.172	0.102	235.85	26.2	37.0	29.0	17.0
4/3/2008	16:06:00	6.474	0.124	236.07	27.4	37.0	37.0	17.0
4/3/2008	16:07:00	5.916	0.104	236.65	25.2	37.0	28.0	17.0
4/3/2008	16:08:00	6.312	0.124	235.82	26.6	37.0	37.0	18.0
4/3/2008	16:09:00	6.314	0.106	236.23	26.6	38.0	37.0	17.0
4/3/2008	16:10:00	6.316	0.124	236.07	26.6	37.0	37.0	17.0
4/3/2008	16:11:00	6.328	0.108	236.62	26.6	37.0	37.0	17.0
4/3/2008	16:12:00	6.312	0.124	236.1	26.6	37.0	37.0	17.0
4/3/2008	16:13:00	5.808	0.112	237.17	24.8	31.0	37.0	17.0
4/3/2008	16:16:00	6.026	0.126	236.31	25.6	37.0	33.0	18.0
4/3/2008	17:18:00	6.504	0.102	234.89	27.8	37.0	31.0	17.0
4/3/2008	17:19:00	6.416	0.12	235.11	27.4	37.0	33.0	17.0
4/3/2008	17:20:00	6.404	0.104	235.7	27.2	37.0	29.0	17.0
4/3/2008	17:21:00	6.606	0.122	236.03	28.0	37.0	36.0	17.0
4/3/2008	17:22:00	6.296	0.104	236.25	26.8	37.0	26.0	17.0
4/3/2008	17:23:00	5.576	0.086	236.97	24.0	37.0	19.0	18.0
4/3/2008	17:25:00	5.26	0.122	236.95	22.4	37.0	11.0	17.0
4/3/2008	17:26:00	6.24	0.1	234.17	26.8	36.0	35.0	17.0
5/3/2008	14:50:00	5.262	0.0	238.28	22.4	0.0	64.0	17.0
5/3/2008	14:51:00	5.216	0.0	237.63	22.2	0.0	65.0	18.0
5/3/2008	14:52:00	5.686	0.0	236.66	24.0	0.0	73.0	17.0
5/3/2008	14:53:00	5.674	0.0	236.29	24.0	0.0	74.0	17.0
5/3/2008	14:54:00	5.358	0.0	237.46	22.6	0.0	73.0	12.0
5/3/2008	16:56:00	5.608	0.092	236.71	23.8	0.0	69.0	17.0
5/3/2008	16:58:00	5.386	0.096	237.85	22.8	0.0	65.0	18.0
5/3/2008	17:00:00	5.378	0.092	238.31	22.8	0.0	65.0	18.0
5/3/2008	17:02:00	5.224	0.0	238.07	22.2	0.0	63.0	17.0
5/3/2008	17:04:00	5.064	0.0	237.6	21.6	0.0	62.0	17.0
5/3/2008	18:30:00	6.276	0.172	234.28	26.8	0.0	68.0	0.0
5/3/2008	18:31:00	6.402	0.154	234.2	27.2	0.0	72.0	0.0
5/3/2008	18:32:00	6.424	0.168	234.17	27.4	0.0	72.0	0.0
5/3/2008	18:33:00	6.506	0.256	233.94	27.8	0.0	72.0	0.0
5/3/2008	18:34:00	6.5	0.288	233.59	27.8	0.0	72.0	0.0
5/3/2008	18:35:00	6.512	0.272	233.92	27.8	0.0	72.0	0.0
5/3/2008	18:36:00	6.524	0.286	233.65	27.8	0.0	72.0	0.0
5/3/2008	18:37:00	6.58	0.27	233.81	28.0	0.0	72.0	0.0
5/3/2008	18:59:00	5.188	0.084	231.9	22.6	0.0	39.0	0.0
5/3/2008	19:00:00	5.054	0.09	232.4	22.4	0.0	42.0	0.0
5/3/2008	21:25:00	5.524	0.0	236.48	23.4	0.0	0.0	14.0
5/3/2008	21:26:00	5.572	0.072	236.61	23.4	0.0	0.0	18.0
5/3/2008	21:27:00	5.646	0.054	235.96	23.8	1.0	0.0	18.0
5/3/2008	21:28:00	5.58	0.046	235.45	23.6	2.0	0.0	17.0
5/3/2008	21:32:00	5.088	0.0	234.8	22.0	1.0	6.0	17.0
5/3/2008	21:33:00	6.468	0.0	233.87	27.6	2.0	35.0	16.0
5/3/2008	21:34:00	6.114	0.0	234.58	26.2	1.0	27.0	17.0
5/3/2008	21:35:00	6.566	0.0	233.93	28.0	1.0	36.0	17.0
5/3/2008	21:36:00	6.09	0.092	234.53	26.2	1.0	27.0	17.0
5/3/2008	21:37:00	6.558	0.074	233.64	28.0	1.0	35.0	17.0
5/3/2008	21:38:00	6.58	0.092	233.98	28.0	2.0	36.0	17.0
5/3/2008	21:39:00	7.302	0.062	233.13	31.6	21.0	35.0	16.0
5/3/2008	21:40:00	8.06	0.076	232.96	34.6	36.0	35.0	17.0
5/3/2008	21:41:00	8.038	0.06	232.93	34.4	37.0	35.0	17.0
5/3/2008	21:42:00	8.336	0.072	232.52	35.8	36.0	35.0	16.0
5/3/2008	21:43:00	8.052	0.058	232.94	34.6	36.0	35.0	17.0
5/3/2008	21:44:00	7.922	0.08	233.75	33.8	37.0	35.0	17.0
5/3/2008	21:45:00	7.916	0.064	233.95	33.8	36.0	36.0	17.0
5/3/2008	21:46:00	7.984	0.094	233.51	34.2	37.0	35.0	16.0
5/3/2008	21:47:00	7.992	0.076	233.57	34.2	36.0	35.0	17.0
5/3/2008	21:48:00	8.018	0.094	233.94	34.2	37.0	36.0	17.0
5/3/2008	21:49:00	7.998	0.0	234.29	34.0	36.0	35.0	17.0
5/3/2008	21:50:00	7.938	0.0	233.41	34.0	37.0	35.0	17.0
5/3/2008	21:51:00	7.896	0.0	232.97	33.8	36.0	35.0	16.0
5/3/2008	21:52:00	7.89	0.0	232.62	33.8	36.0	35.0	17.0
5/3/2008	21:53:00	6.372	0.0	233.72	27.6	12.0	36.0	17.0
5/3/2008	21:54:00	5.882	0.0	234.8	25.0	1.0	35.0	17.0
5/3/2008	21:55:00	5.8	0.0	233.17	24.8	1.0	35.0	16.0
5/3/2008	21:56:00	5.81	0.0	233.17	24.8	1.0	36.0	17.0
5/3/2008	21:57:00	5.826	0.0	233.77	24.8	2.0	35.0	17.0
5/3/2008	21:58:00	5.782	0.0	232.15	24.8	1.0	35.0	16.0
5/3/2008	21:59:00	5.786	0.0	232.52	24.8	1.0	35.0	17.0
5/3/2008	22:00:00	5.788	0.0	232.31	24.8	1.0	35.0	17.0
5/3/2008	22:01:00	5.782	0.0	232.52	24.8	1.0	35.0	16.0
5/3/2008	22:02:00	5.786	0.0	232.73	24.8	1.0	35.0	17.0
5/3/2008	22:03:00	5.916	0.104	233.22	25.4	1.0	35.0	16.0
5/3/2008	22:04:00	5.938	0.13	233.98	25.4	1.0	36.0	17.0
5/3/2008	22:05:00	5.33	0.124	234.38	22.8	2.0	26.0	17.0
5/3/2008	22:06:00	5.242	0.136	234.42	22.4	1.0	23.0	17.0
5/3/2008	22:07:00	5.936	0.11	233.84	25.4	1.0	35.0	17.0
5/3/2008	22:08:00	5.946	0.128	234.13	25.4	1.0	36.0	17.0
5/3/2008	22:09:00	5.948	0.116	234.31	25.4	1.0	35.0	17.0
5/3/2008	22:10:00	5.528	0.132	234.84	23.6	1.0	30.0	16.0
5/3/2008	22:11:00	5.244	0.218	235.47	22.4	2.0	20.0	17.0
5/3/2008	22:12:00	6.562	0.29	234.21	28.0	1.0	37.0	17.0
5/3/2008	22:13:00	6.204	0.232	234.29	26.4	1.0	37.0	17.0
5/3/2008	22:14:00	5.662	0.27	235.01	24.2	1.0	31.0	17.0
5/3/2008	22:16:00	5.182	0.33	235.7	22.0	1.0	37.0	0.0
5/3/2008	22:19:00	5.198	0.342	236.61	22.0	1.0	38.0	0.0
5/3/2008	22:22:00	5.126	0.228	237.2	21.6	1.0	38.0	0.0
5/3/2008	22:25:00	5.046	0.232	236.99	21.4	1.0	37.0	0.0
5/3/2008	22:26:00	5.542	0.228	236.54	23.8	27.0	18.0	0.0
5/3/2008	22:27:00	7.032	0.202	235.11	30.0	37.0	34.0	0.0
5/3/2008	22:28:00	6.56	0.21	235.4	28.0	37.0	28.0	0.0
5/3/2008	22:29:00	6.412	0.132	235.46	27.4	37.0	24.0	0.0
5/3/2008	22:30:00	6.804	0.106	234.5	29.0	36.0	34.0	0.0
5/3/2008	22:31:00	5.996	0.108	235.13	25.6	37.0	17.0	0.0
5/3/2008	22:32:00	7.012	0.098	233.56	30.0	36.0	37.0	0.0
5/3/2008	22:33:00	6.138	0.096	233.57	26.4	36.0	23.0	0.0
5/3/2008	22:34:00	6.446	0.098	232.91	27.8	37.0	27.0	0.0
5/3/2008	22:35:00	6.196	0.096	233.5	26.8	36.0	24.0	0.0
5/3/2008	22:36:00	5.778	0.118	233.89	24.8	36.0	22.0	0.0
5/3/2008	22:37:00	6.222	0.1	232.24	27.0	36.0	28.0	0.0
5/3/2008	22:38:00	6.016	0.11	232.67	26.0	36.0	25.0	0.0
5/3/2008	22:39:00	5.742	0.11	233.52	24.8	36.0	17.0	0.0
5/3/2008	22:40:00	6.614	0.106	232.47	28.4	36.0	34.0	0.0
5/3/2008	22:41:00	5.484	0.112	234.45	23.4	36.0	14.0	0.0
5/3/2008	22:42:00	5.312	0.116	235.21	23.2	16.0	34.0	0.0
6/3/2008	06:41:00	6.598	0.078	235.79	28.0	0.0	0.0	17.0
6/3/2008	06:42:00	6.924	0.066	235.92	29.4	0.0	0.0	17.0
6/3/2008	06:43:00	6.756	0.08	236.38	28.6	0.0	0.0	18.0
6/3/2008	06:44:00	5.544	0.064	237.18	24.0	0.0	0.0	17.0
6/3/2008	07:48:00	5.046	0.184	234.24	21.6	0.0	2.0	17.0
6/3/2008	21:01:00	5.28	0.0	231.16	22.8	36.0	0.0	17.0
6/3/2008	21:02:00	5.264	0.0	231.0	22.8	37.0	0.0	17.0
6/3/2008	21:03:00	5.268	0.0	231.66	22.6	36.0	0.0	17.0
6/3/2008	21:04:00	5.332	0.0	231.58	23.0	37.0	0.0	17.0
6/3/2008	21:05:00	5.536	0.0	231.09	24.0	36.0	0.0	16.0
6/3/2008	21:06:00	5.516	0.0	230.2	24.0	36.0	0.0	17.0
6/3/2008	21:07:00	5.702	0.0	229.89	24.8	36.0	0.0	16.0
6/3/2008	21:08:00	5.772	0.0	230.38	25.0	36.0	0.0	16.0
6/3/2008	21:09:00	5.8	0.086	230.55	25.2	36.0	0.0	17.0
6/3/2008	21:10:00	5.49	0.086	230.96	23.8	36.0	0.0	16.0
7/3/2008	06:45:00	5.59	0.046	235.58	23.8	0.0	0.0	17.0
7/3/2008	11:10:00	5.116	0.0	235.08	22.0	0.0	60.0	17.0
7/3/2008	11:11:00	5.324	0.0	235.69	22.8	0.0	67.0	17.0
7/3/2008	11:12:00	5.622	0.046	235.34	23.8	0.0	69.0	17.0
7/3/2008	11:13:00	5.714	0.0	235.15	24.2	0.0	73.0	17.0
7/3/2008	11:14:00	5.708	0.0	235.33	24.2	0.0	72.0	17.0
7/3/2008	11:15:00	5.702	0.0	235.07	24.2	0.0	72.0	17.0
7/3/2008	11:16:00	5.672	0.046	234.75	24.0	0.0	72.0	17.0
7/3/2008	11:17:00	5.682	0.0	234.81	24.2	0.0	72.0	16.0
7/3/2008	11:18:00	5.646	0.046	234.39	24.0	0.0	71.0	17.0
7/3/2008	11:19:00	5.642	0.0	234.17	24.0	0.0	71.0	17.0
7/3/2008	11:20:00	5.64	0.046	234.39	24.0	0.0	72.0	17.0
7/3/2008	11:21:00	5.646	0.0	234.4	24.0	0.0	71.0	17.0
7/3/2008	11:22:00	5.634	0.046	234.35	24.0	0.0	71.0	17.0
7/3/2008	11:23:00	5.64	0.0	234.28	24.0	0.0	71.0	17.0
7/3/2008	11:24:00	5.622	0.048	234.09	24.0	0.0	71.0	16.0
7/3/2008	11:25:00	5.658	0.0	234.52	24.0	0.0	72.0	17.0
7/3/2008	11:26:00	5.672	0.046	235.14	24.0	0.0	71.0	17.0
7/3/2008	11:27:00	5.69	0.0	235.56	24.0	0.0	72.0	17.0
7/3/2008	11:28:00	5.684	0.0	236.02	24.0	0.0	72.0	17.0
7/3/2008	11:29:00	5.714	0.0	236.45	24.0	0.0	72.0	18.0
7/3/2008	11:30:00	5.676	0.0	235.88	24.0	0.0	71.0	17.0
7/3/2008	11:31:00	6.686	0.0	234.48	28.8	0.0	63.0	17.0
7/3/2008	11:32:00	5.372	0.0	235.07	23.0	0.0	37.0	17.0
7/3/2008	11:46:00	5.51	0.132	232.47	23.6	0.0	36.0	17.0
7/3/2008	11:49:00	5.378	0.196	235.07	23.0	0.0	31.0	17.0
7/3/2008	11:54:00	5.134	0.108	236.92	21.8	0.0	26.0	17.0
7/3/2008	11:55:00	5.778	0.132	236.41	24.4	0.0	33.0	17.0
7/3/2008	11:59:00	5.382	0.046	235.95	23.0	0.0	37.0	17.0
7/3/2008	12:01:00	5.32	0.0	236.0	22.6	0.0	33.0	17.0
7/3/2008	12:05:00	5.74	0.0	235.52	24.4	0.0	34.0	17.0
7/3/2008	12:07:00	5.072	0.0	236.4	22.0	0.0	30.0	17.0
8/3/2008	16:37:00	5.368	0.944	241.41	22.6	40.0	2.0	18.0
8/3/2008	16:38:00	5.872	0.964	239.34	25.2	49.0	1.0	17.0
8/3/2008	16:39:00	7.224	0.808	235.97	30.8	74.0	1.0	17.0
8/3/2008	16:40:00	6.648	0.436	236.28	28.2	76.0	2.0	18.0
8/3/2008	16:41:00	6.758	0.434	236.18	28.6	74.0	1.0	17.0
8/3/2008	16:42:00	6.756	0.432	235.94	28.6	75.0	2.0	17.0
8/3/2008	16:43:00	6.766	0.428	235.23	28.8	74.0	1.0	17.0
8/3/2008	16:44:00	6.826	0.434	237.01	28.8	76.0	1.0	17.0
8/3/2008	16:45:00	6.642	0.444	238.24	27.8	76.0	2.0	17.0
8/3/2008	16:46:00	6.826	0.446	238.46	28.6	76.0	1.0	18.0
8/3/2008	16:47:00	6.714	0.44	237.59	28.2	76.0	1.0	17.0
8/3/2008	16:48:00	6.296	0.448	238.75	26.6	70.0	2.0	18.0
8/3/2008	17:26:00	6.008	0.372	237.61	25.6	66.0	0.0	17.0
8/3/2008	17:27:00	6.51	0.456	236.88	27.4	75.0	0.0	18.0
8/3/2008	17:28:00	5.174	0.51	238.35	22.2	55.0	0.0	17.0
8/3/2008	17:33:00	5.148	0.324	236.4	22.4	53.0	0.0	17.0
8/3/2008	17:34:00	5.328	0.29	236.14	23.0	52.0	0.0	17.0
8/3/2008	18:07:00	6.012	0.118	236.63	25.4	0.0	0.0	18.0
8/3/2008	18:08:00	5.682	0.12	236.51	24.0	1.0	0.0	17.0
8/3/2008	19:08:00	5.494	0.4	235.48	23.4	38.0	0.0	17.0
8/3/2008	19:09:00	5.498	0.402	236.03	23.2	37.0	0.0	17.0
8/3/2008	19:10:00	5.534	0.404	236.79	23.4	38.0	0.0	17.0
8/3/2008	19:11:00	5.526	0.402	236.59	23.4	38.0	0.0	17.0
8/3/2008	19:12:00	5.508	0.398	236.05	23.4	38.0	0.0	17.0
8/3/2008	19:13:00	5.512	0.392	234.89	23.4	38.0	0.0	17.0
8/3/2008	19:14:00	5.482	0.392	234.76	23.4	37.0	0.0	17.0
8/3/2008	19:15:00	5.622	0.39	234.91	24.0	38.0	0.0	17.0
8/3/2008	19:16:00	5.298	0.396	235.6	22.6	35.0	0.0	17.0
8/3/2008	19:22:00	5.474	0.374	233.85	23.4	37.0	1.0	16.0
8/3/2008	19:27:00	5.396	0.374	233.93	23.0	37.0	1.0	16.0
8/3/2008	19:30:00	5.688	0.394	235.13	24.2	37.0	1.0	17.0
8/3/2008	19:31:00	5.666	0.392	234.67	24.2	38.0	1.0	17.0
8/3/2008	19:37:00	5.482	0.306	236.8	23.0	38.0	1.0	17.0
8/3/2008	19:38:00	5.454	0.304	236.44	23.0	38.0	2.0	17.0
8/3/2008	19:43:00	5.384	0.298	234.8	22.8	38.0	1.0	17.0
8/3/2008	19:44:00	5.43	0.302	235.89	23.0	38.0	1.0	17.0
8/3/2008	19:50:00	5.328	0.302	235.68	22.6	37.0	1.0	17.0
8/3/2008	19:51:00	5.164	0.38	236.35	22.0	36.0	2.0	17.0
8/3/2008	19:55:00	5.218	0.302	232.82	22.4	37.0	0.0	16.0
8/3/2008	19:56:00	5.222	0.302	232.92	22.4	36.0	0.0	17.0
8/3/2008	19:57:00	5.266	0.322	233.65	22.4	38.0	0.0	17.0
8/3/2008	19:58:00	5.332	0.334	233.47	22.8	38.0	0.0	17.0
8/3/2008	19:59:00	5.836	0.32	233.65	25.2	45.0	0.0	16.0
8/3/2008	20:00:00	6.144	0.368	234.72	26.4	53.0	0.0	17.0
8/3/2008	20:01:00	5.408	0.422	235.15	23.0	38.0	0.0	17.0
8/3/2008	20:02:00	5.416	0.426	235.31	23.0	38.0	0.0	17.0
8/3/2008	20:03:00	5.444	0.408	234.51	23.2	37.0	0.0	17.0
8/3/2008	20:04:00	5.488	0.32	234.59	23.4	37.0	0.0	17.0
8/3/2008	20:05:00	5.282	0.314	234.39	22.6	36.0	0.0	17.0
8/3/2008	20:18:00	5.496	0.296	236.7	23.6	47.0	0.0	17.0
8/3/2008	20:19:00	6.978	0.284	234.99	29.6	74.0	0.0	17.0
8/3/2008	20:20:00	7.02	0.282	234.3	29.8	74.0	0.0	17.0
8/3/2008	20:21:00	6.972	0.278	233.73	29.8	73.0	0.0	17.0
8/3/2008	20:22:00	6.972	0.282	234.66	29.6	74.0	0.0	17.0
8/3/2008	20:23:00	6.756	0.286	235.51	28.8	71.0	0.0	17.0
9/3/2008	20:12:00	5.83	0.29	235.87	24.6	38.0	0.0	17.0
9/3/2008	20:13:00	5.79	0.242	235.9	24.4	38.0	0.0	17.0
9/3/2008	20:14:00	5.112	0.186	237.74	22.0	18.0	0.0	17.0
10/3/2008	06:36:00	5.138	0.16	240.38	21.4	0.0	0.0	0.0
10/3/2008	07:32:00	5.068	0.14	238.28	21.2	0.0	0.0	17.0
10/3/2008	20:52:00	5.38	0.14	235.1	23.0	0.0	0.0	17.0
10/3/2008	20:53:00	5.036	0.148	236.64	21.4	0.0	0.0	9.0
11/3/2008	12:42:00	5.126	0.58	234.72	22.4	0.0	29.0	17.0
11/3/2008	12:43:00	7.426	0.576	232.51	32.2	0.0	66.0	16.0
11/3/2008	12:44:00	7.598	0.644	230.81	33.0	0.0	71.0	17.0
11/3/2008	12:45:00	7.644	0.644	231.49	33.2	0.0	72.0	16.0
11/3/2008	12:46:00	6.77	0.434	233.03	29.2	0.0	73.0	17.0
11/3/2008	12:47:00	6.51	0.356	231.98	28.4	0.0	71.0	16.0
11/3/2008	12:48:00	8.662	0.452	229.35	37.8	0.0	71.0	17.0
11/3/2008	12:49:00	8.636	0.442	229.21	37.6	0.0	70.0	16.0
11/3/2008	12:50:00	6.97	0.454	231.1	30.6	0.0	72.0	16.0
11/3/2008	12:51:00	6.246	0.462	233.01	26.8	0.0	72.0	17.0
11/3/2008	12:52:00	6.15	0.462	232.93	26.4	0.0	73.0	16.0
11/3/2008	12:53:00	5.856	0.46	232.99	25.2	0.0	69.0	17.0
11/3/2008	12:54:00	5.134	0.402	234.56	22.0	0.0	55.0	17.0
11/3/2008	12:55:00	6.85	0.63	232.62	29.6	0.0	68.0	17.0
11/3/2008	12:56:00	5.572	0.738	234.39	24.4	0.0	41.0	17.0
11/3/2008	12:57:00	5.066	0.74	235.24	22.0	0.0	32.0	16.0
11/3/2008	13:38:00	5.054	0.444	234.38	21.6	0.0	35.0	17.0
11/3/2008	22:05:00	5.06	0.08	236.01	21.4	37.0	0.0	17.0
12/3/2008	10:22:00	5.322	0.0	235.91	22.8	0.0	62.0	17.0
12/3/2008	10:23:00	5.696	0.074	235.44	24.2	0.0	72.0	17.0
12/3/2008	10:24:00	5.184	0.052	235.94	22.2	0.0	64.0	17.0
12/3/2008	10:25:00	5.666	0.072	235.11	24.0	0.0	72.0	17.0
12/3/2008	10:26:00	5.64	0.052	234.94	24.0	0.0	71.0	17.0
12/3/2008	10:27:00	5.164	0.076	235.5	22.2	0.0	65.0	17.0
12/3/2008	10:29:00	5.622	0.068	234.56	23.8	0.0	72.0	17.0
12/3/2008	21:48:00	5.16	0.0	234.68	21.8	37.0	0.0	17.0
12/3/2008	21:49:00	5.094	0.0	234.06	21.6	37.0	0.0	17.0
12/3/2008	21:50:00	5.078	0.0	234.08	21.6	37.0	0.0	16.0
12/3/2008	21:51:00	5.074	0.054	235.69	21.4	37.0	0.0	17.0
12/3/2008	21:57:00	5.024	0.0	234.89	21.4	37.0	0.0	17.0
13/3/2008	06:42:00	5.142	0.106	239.9	21.6	0.0	0.0	0.0
13/3/2008	20:33:00	6.526	0.0	233.92	27.8	1.0	0.0	17.0
13/3/2008	20:34:00	6.21	0.08	233.81	27.2	1.0	0.0	16.0
13/3/2008	20:35:00	5.596	0.102	234.53	24.2	1.0	25.0	17.0
13/3/2008	20:36:00	5.664	0.082	233.48	24.2	1.0	35.0	17.0
13/3/2008	20:37:00	5.144	0.07	233.34	22.4	2.0	27.0	17.0
13/3/2008	20:38:00	5.638	0.074	232.84	24.2	1.0	35.0	16.0
13/3/2008	20:39:00	5.102	0.0	233.84	22.2	1.0	27.0	17.0
13/3/2008	20:40:00	5.67	0.0	232.49	24.4	1.0	35.0	17.0
13/3/2008	20:41:00	5.664	0.0	232.25	24.4	1.0	35.0	16.0
13/3/2008	20:42:00	5.846	0.1	232.54	25.2	1.0	35.0	17.0
13/3/2008	20:43:00	6.71	0.08	229.71	29.6	16.0	34.0	16.0
13/3/2008	20:44:00	7.63	0.076	226.95	33.6	35.0	34.0	16.0
13/3/2008	20:45:00	7.71	0.07	228.5	33.6	35.0	33.0	16.0
13/3/2008	20:46:00	7.774	0.084	229.82	33.8	36.0	35.0	16.0
13/3/2008	20:47:00	7.778	0.074	230.6	33.6	35.0	34.0	17.0
13/3/2008	20:48:00	7.434	0.09	231.1	32.2	36.0	35.0	16.0
13/3/2008	20:49:00	7.434	0.082	231.53	32.0	36.0	34.0	16.0
13/3/2008	20:50:00	7.412	0.092	230.97	32.0	36.0	35.0	17.0
13/3/2008	20:51:00	7.52	0.074	230.14	32.6	35.0	34.0	16.0
13/3/2008	20:52:00	7.452	0.088	229.96	32.4	36.0	34.0	16.0
13/3/2008	20:53:00	7.354	0.08	230.14	32.0	35.0	35.0	17.0
13/3/2008	20:54:00	7.354	0.094	230.42	31.8	36.0	34.0	16.0
13/3/2008	20:55:00	7.082	0.088	230.68	30.6	35.0	34.0	16.0
13/3/2008	20:56:00	7.348	0.102	230.68	31.8	36.0	35.0	17.0
13/3/2008	20:57:00	7.318	0.096	230.22	31.8	35.0	34.0	16.0
13/3/2008	20:58:00	7.332	0.112	230.33	31.8	35.0	35.0	16.0
13/3/2008	20:59:00	5.972	0.096	231.49	25.8	8.0	34.0	17.0
13/3/2008	21:00:00	5.848	0.106	229.79	25.4	1.0	34.0	16.0
13/3/2008	21:01:00	5.968	0.092	229.27	26.0	4.0	34.0	16.0
13/3/2008	21:02:00	5.44	0.114	230.03	23.6	1.0	35.0	16.0
13/3/2008	21:03:00	5.504	0.098	230.8	23.8	1.0	34.0	17.0
13/3/2008	21:04:00	5.446	0.116	230.78	23.6	1.0	35.0	16.0
13/3/2008	21:05:00	5.454	0.102	231.5	23.4	1.0	34.0	16.0
13/3/2008	21:06:00	5.476	0.12	231.87	23.6	2.0	35.0	17.0
13/3/2008	21:07:00	5.506	0.104	232.78	23.6	1.0	35.0	17.0
13/3/2008	21:08:00	5.574	0.128	234.24	23.8	1.0	36.0	16.0
13/3/2008	21:10:00	5.2	0.188	233.94	22.4	1.0	27.0	17.0
13/3/2008	21:11:00	5.61	0.204	233.53	24.0	2.0	36.0	17.0
13/3/2008	21:12:00	5.688	0.23	235.31	24.2	1.0	35.0	17.0
13/3/2008	21:13:00	5.328	0.216	235.9	22.6	1.0	31.0	17.0
13/3/2008	21:15:00	5.56	0.082	234.54	23.6	1.0	36.0	17.0
13/3/2008	21:16:00	5.614	0.102	235.63	23.8	2.0	36.0	17.0
13/3/2008	21:17:00	5.654	0.082	235.18	24.0	1.0	36.0	17.0
13/3/2008	21:19:00	5.194	0.11	234.51	22.2	1.0	24.0	17.0
13/3/2008	21:20:00	5.866	0.132	234.1	25.0	1.0	36.0	17.0
13/3/2008	21:21:00	5.704	0.116	233.01	24.4	0.0	35.0	16.0
13/3/2008	21:22:00	5.31	0.12	233.93	22.8	1.0	29.0	17.0
13/3/2008	21:24:00	5.756	0.0	233.69	24.6	1.0	36.0	17.0
13/3/2008	21:25:00	5.754	0.0	233.65	24.6	1.0	35.0	17.0
13/3/2008	21:27:00	5.336	0.0	235.17	22.8	1.0	27.0	17.0
13/3/2008	21:28:00	5.81	0.0	235.08	24.6	1.0	36.0	16.0
13/3/2008	21:29:00	5.062	0.0	236.13	21.4	1.0	24.0	18.0
13/3/2008	21:30:00	5.244	0.0	235.97	22.2	1.0	25.0	17.0
13/3/2008	21:31:00	5.508	0.0	234.76	23.4	2.0	36.0	17.0
13/3/2008	21:34:00	5.344	0.0	233.52	23.2	15.0	35.0	16.0
13/3/2008	21:35:00	5.446	0.0	233.39	23.4	36.0	25.0	17.0
13/3/2008	21:36:00	5.586	0.0	234.58	23.8	37.0	23.0	17.0
13/3/2008	21:37:00	6.168	0.0	234.11	26.2	36.0	36.0	17.0
13/3/2008	21:38:00	5.112	0.0	235.86	21.6	37.0	17.0	17.0
13/3/2008	21:39:00	6.204	0.0	235.12	26.4	37.0	32.0	17.0
13/3/2008	21:40:00	5.874	0.108	235.16	25.0	37.0	27.0	17.0
13/3/2008	21:41:00	5.578	0.09	234.55	23.8	36.0	22.0	17.0
13/3/2008	21:42:00	6.026	0.104	234.16	25.8	37.0	33.0	16.0
13/3/2008	21:43:00	5.144	0.094	234.87	21.8	36.0	16.0	17.0
13/3/2008	21:44:00	6.226	0.1	233.66	26.6	37.0	35.0	17.0
13/3/2008	21:45:00	5.226	0.09	234.06	22.4	36.0	20.0	17.0
13/3/2008	21:46:00	5.866	0.102	233.73	25.2	36.0	29.0	17.0
13/3/2008	21:47:00	5.558	0.09	234.75	23.8	37.0	25.0	17.0
13/3/2008	21:48:00	5.608	0.108	235.12	23.8	36.0	23.0	17.0
13/3/2008	21:49:00	5.556	0.154	233.5	24.0	36.0	26.0	16.0
14/3/2008	15:38:00	5.28	0.31	240.06	22.0	39.0	2.0	18.0
14/3/2008	15:39:00	5.264	0.3	240.38	21.8	38.0	2.0	18.0
14/3/2008	15:40:00	5.266	0.298	240.44	21.8	38.0	2.0	17.0
14/3/2008	15:41:00	5.294	0.358	239.98	22.0	38.0	1.0	18.0
14/3/2008	15:42:00	5.33	0.402	240.42	22.2	38.0	2.0	18.0
14/3/2008	15:43:00	5.29	0.392	240.34	22.0	39.0	2.0	17.0
14/3/2008	15:44:00	5.294	0.396	239.64	22.2	38.0	2.0	18.0
14/3/2008	15:45:00	5.248	0.394	239.1	22.0	37.0	2.0	18.0
14/3/2008	18:10:00	6.096	0.114	234.56	26.0	0.0	33.0	17.0
15/3/2008	07:39:00	5.094	0.054	234.67	21.8	0.0	0.0	0.0
16/3/2008	18:28:00	6.608	0.452	236.57	28.0	39.0	0.0	14.0
16/3/2008	18:29:00	6.728	0.446	236.64	28.4	38.0	0.0	18.0
16/3/2008	18:30:00	6.71	0.442	236.73	28.4	38.0	0.0	17.0
16/3/2008	18:31:00	6.564	0.436	236.17	27.8	38.0	0.0	18.0
16/3/2008	18:46:00	5.098	0.298	236.01	22.0	23.0	0.0	17.0
16/3/2008	18:47:00	5.816	0.292	235.56	24.6	38.0	0.0	17.0
16/3/2008	18:53:00	5.146	0.288	236.4	21.8	38.0	0.0	17.0
16/3/2008	18:54:00	5.162	0.29	236.93	21.8	38.0	0.0	17.0
16/3/2008	18:58:00	5.44	0.262	234.79	23.6	20.0	0.0	17.0
16/3/2008	18:59:00	6.228	0.192	233.38	26.6	37.0	0.0	16.0
16/3/2008	19:00:00	6.264	0.194	234.09	26.6	37.0	0.0	17.0
16/3/2008	19:11:00	5.562	0.29	233.95	24.0	30.0	0.0	17.0
16/3/2008	19:12:00	5.76	0.288	233.39	24.6	37.0	0.0	17.0
16/3/2008	19:13:00	5.724	0.284	232.6	24.6	37.0	0.0	16.0
16/3/2008	19:14:00	5.142	0.286	232.42	22.2	37.0	0.0	17.0
16/3/2008	20:29:00	5.61	0.0	233.91	24.0	37.0	1.0	16.0
16/3/2008	20:30:00	5.618	0.0	233.65	24.0	37.0	2.0	17.0
16/3/2008	20:31:00	5.304	0.0	234.29	22.6	37.0	1.0	17.0
16/3/2008	20:32:00	5.292	0.0	234.2	22.6	36.0	1.0	17.0
16/3/2008	20:33:00	5.23	0.0	234.17	22.2	37.0	1.0	17.0
16/3/2008	20:34:00	5.354	0.0	234.51	22.8	36.0	1.0	16.0
16/3/2008	20:35:00	5.41	0.0	233.91	23.2	37.0	1.0	17.0
16/3/2008	20:36:00	5.988	0.0	233.3	25.6	36.0	1.0	17.0
16/3/2008	20:37:00	6.002	0.0	232.52	25.8	36.0	1.0	17.0
16/3/2008	20:38:00	5.408	0.0	233.89	23.2	37.0	1.0	16.0
16/3/2008	20:39:00	5.168	0.0	234.45	22.0	36.0	2.0	17.0
16/3/2008	20:40:00	5.214	0.0	234.4	22.2	37.0	1.0	17.0
17/3/2008	06:43:00	5.052	0.2	236.81	21.4	0.0	1.0	15.0
17/3/2008	11:23:00	5.544	0.348	232.38	24.0	0.0	68.0	16.0
17/3/2008	11:24:00	5.634	0.406	232.87	24.4	0.0	66.0	17.0
17/3/2008	11:25:00	5.802	0.446	232.09	25.0	0.0	72.0	16.0
17/3/2008	11:26:00	5.44	0.36	232.59	23.6	0.0	64.0	17.0
17/3/2008	11:27:00	5.844	0.332	233.19	25.0	0.0	72.0	17.0
17/3/2008	11:28:00	5.828	0.292	233.5	25.0	0.0	73.0	16.0
17/3/2008	11:29:00	5.804	0.238	233.75	24.8	0.0	73.0	17.0
17/3/2008	20:05:00	5.138	0.41	235.74	22.0	38.0	0.0	0.0
18/3/2008	06:39:00	5.292	0.0	240.3	22.2	0.0	0.0	19.0
18/3/2008	06:41:00	5.43	0.048	238.78	22.6	0.0	0.0	18.0
18/3/2008	06:42:00	5.284	0.0	238.96	22.6	0.0	0.0	17.0
18/3/2008	16:11:00	6.054	0.074	234.36	26.0	0.0	72.0	17.0
18/3/2008	16:12:00	5.732	0.0	235.72	24.2	0.0	72.0	17.0
18/3/2008	16:13:00	5.74	0.0	235.8	24.2	0.0	73.0	17.0
18/3/2008	16:14:00	6.766	0.236	233.9	29.0	0.0	71.0	17.0
18/3/2008	16:15:00	6.502	0.178	233.98	28.0	0.0	72.0	16.0
18/3/2008	16:16:00	5.722	0.0	235.29	24.2	0.0	73.0	17.0
18/3/2008	16:17:00	5.77	0.0	235.52	24.4	0.0	72.0	18.0
18/3/2008	16:18:00	5.8	0.062	234.66	24.6	0.0	72.0	16.0
18/3/2008	16:19:00	5.81	0.072	234.37	24.8	0.0	72.0	17.0
18/3/2008	16:20:00	5.816	0.066	235.89	24.6	0.0	73.0	17.0
21/3/2008	07:28:00	5.218	0.062	236.83	22.2	0.0	0.0	18.0
21/3/2008	07:29:00	5.316	0.048	235.24	22.6	0.0	0.0	17.0
21/3/2008	07:30:00	5.22	0.058	235.27	22.2	0.0	0.0	17.0
21/3/2008	14:36:00	5.444	0.312	236.8	23.2	37.0	38.0	0.0
21/3/2008	14:37:00	6.318	0.53	235.31	26.8	37.0	38.0	0.0
21/3/2008	14:38:00	6.348	0.532	236.13	27.0	37.0	39.0	0.0
21/3/2008	14:39:00	6.262	0.506	236.98	26.6	38.0	38.0	0.0
21/3/2008	14:40:00	5.052	0.284	239.52	21.0	38.0	39.0	0.0
21/3/2008	14:41:00	6.18	0.564	238.76	26.2	38.0	40.0	0.0
21/3/2008	14:42:00	6.52	0.644	238.37	27.4	38.0	38.0	0.0
21/3/2008	14:43:00	6.172	0.56	238.14	26.0	37.0	39.0	0.0
21/3/2008	15:51:00	7.412	0.222	238.34	31.4	23.0	76.0	18.0
21/3/2008	15:52:00	8.11	0.196	236.87	34.2	37.0	74.0	17.0
21/3/2008	15:53:00	8.06	0.204	236.07	34.0	37.0	74.0	17.0
21/3/2008	15:54:00	8.078	0.19	236.22	34.2	37.0	74.0	17.0
21/3/2008	15:55:00	8.126	0.204	236.94	34.2	38.0	74.0	17.0
21/3/2008	15:56:00	8.046	0.19	235.81	34.0	37.0	74.0	17.0
21/3/2008	15:57:00	8.04	0.196	235.72	34.0	37.0	74.0	17.0
21/3/2008	15:58:00	8.102	0.192	236.77	34.2	37.0	74.0	18.0
21/3/2008	15:59:00	7.206	0.214	238.42	30.4	37.0	60.0	17.0
21/3/2008	16:00:00	6.07	0.22	239.87	25.2	39.0	39.0	18.0
21/3/2008	16:01:00	7.454	0.198	235.51	31.8	36.0	64.0	17.0
21/3/2008	16:02:00	5.906	0.252	237.13	24.8	38.0	38.0	17.0
21/3/2008	16:03:00	5.882	0.258	236.47	24.8	37.0	38.0	17.0
21/3/2008	16:04:00	5.866	0.226	236.16	24.8	36.0	38.0	17.0
21/3/2008	16:05:00	5.55	0.226	236.21	23.6	33.0	38.0	17.0
21/3/2008	16:06:00	5.252	0.586	236.9	22.2	0.0	38.0	18.0
21/3/2008	21:18:00	5.124	0.338	235.58	21.8	0.0	1.0	17.0
21/3/2008	21:19:00	5.008	0.302	235.6	21.4	0.0	1.0	17.0
22/3/2008	16:46:00	5.406	0.152	237.09	22.8	38.0	0.0	18.0
22/3/2008	16:52:00	5.514	0.148	237.55	23.2	37.0	0.0	18.0
22/3/2008	16:53:00	5.47	0.146	237.14	23.0	38.0	0.0	17.0
22/3/2008	19:15:00	5.25	0.558	229.07	23.2	35.0	0.0	16.0
22/3/2008	19:16:00	5.444	0.746	228.98	24.0	36.0	0.0	16.0
22/3/2008	19:17:00	5.118	0.42	230.07	22.4	35.0	0.0	17.0
22/3/2008	19:20:00	5.02	0.276	229.7	21.8	36.0	0.0	17.0
22/3/2008	19:21:00	5.158	0.274	230.18	22.4	35.0	0.0	16.0
22/3/2008	19:22:00	5.57	0.274	232.07	24.0	36.0	0.0	16.0
22/3/2008	19:23:00	5.456	0.278	232.6	23.4	36.0	0.0	17.0
22/3/2008	19:24:00	5.368	0.316	232.43	23.0	36.0	0.0	17.0
22/3/2008	19:55:00	5.99	0.238	233.92	25.8	1.0	0.0	17.0
22/3/2008	19:56:00	6.086	0.226	233.09	26.0	1.0	0.0	17.0
22/3/2008	19:57:00	6.026	0.14	233.26	25.8	1.0	0.0	17.0
22/3/2008	19:58:00	5.974	0.054	233.16	25.6	1.0	0.0	16.0
22/3/2008	20:33:00	5.052	0.06	233.3	21.8	37.0	0.0	17.0
22/3/2008	20:34:00	6.066	0.054	232.36	26.0	36.0	0.0	16.0
22/3/2008	20:35:00	5.554	0.06	233.69	23.8	36.0	0.0	17.0
23/3/2008	14:25:00	5.53	0.602	238.25	23.6	37.0	2.0	17.0
23/3/2008	18:42:00	5.084	0.216	238.49	21.2	38.0	0.0	17.0
23/3/2008	18:43:00	5.16	0.218	238.23	21.6	37.0	0.0	17.0
23/3/2008	18:44:00	5.132	0.214	237.67	21.6	38.0	0.0	18.0
23/3/2008	19:57:00	5.13	0.0	236.59	21.6	37.0	1.0	17.0
23/3/2008	19:58:00	5.166	0.0	236.62	21.8	38.0	1.0	17.0
23/3/2008	19:59:00	5.124	0.068	236.54	21.6	37.0	0.0	17.0
23/3/2008	20:00:00	5.12	0.074	236.15	21.6	37.0	1.0	18.0
23/3/2008	20:02:00	5.218	0.0	233.27	22.2	35.0	1.0	16.0
23/3/2008	20:03:00	5.398	0.078	232.97	23.0	36.0	2.0	17.0
23/3/2008	20:10:00	5.316	0.272	235.32	22.8	29.0	2.0	17.0
23/3/2008	20:11:00	5.278	0.27	235.38	22.4	37.0	1.0	17.0
23/3/2008	20:15:00	5.454	0.272	236.99	23.2	32.0	2.0	17.0
23/3/2008	20:16:00	5.52	0.168	236.26	23.2	37.0	1.0	17.0
23/3/2008	20:17:00	6.448	0.22	235.07	27.6	37.0	14.0	17.0
23/3/2008	20:18:00	7.444	0.196	233.47	31.8	36.0	37.0	17.0
23/3/2008	20:19:00	7.0	0.214	234.6	30.0	36.0	28.0	17.0
23/3/2008	20:20:00	7.564	0.194	233.44	32.4	37.0	36.0	17.0
23/3/2008	20:21:00	6.976	0.212	234.04	30.0	36.0	29.0	17.0
23/3/2008	20:22:00	6.246	0.216	234.55	26.8	14.0	37.0	17.0
23/3/2008	20:23:00	5.09	0.244	235.16	21.6	1.0	37.0	16.0
23/3/2008	20:24:00	6.124	0.19	233.99	26.4	0.0	55.0	17.0
23/3/2008	20:25:00	7.128	0.244	233.14	30.6	0.0	72.0	17.0
23/3/2008	20:26:00	7.09	0.194	233.25	30.4	0.0	72.0	17.0
23/3/2008	20:27:00	7.222	0.208	233.36	30.8	0.0	73.0	16.0
23/3/2008	20:28:00	7.268	0.192	233.61	31.0	0.0	72.0	17.0
23/3/2008	20:29:00	7.222	0.202	233.71	30.8	0.0	73.0	17.0
23/3/2008	20:30:00	6.952	0.178	234.24	29.6	0.0	72.0	17.0
23/3/2008	20:31:00	6.958	0.188	233.62	29.8	0.0	73.0	17.0
23/3/2008	20:32:00	6.654	0.178	233.4	28.4	0.0	73.0	16.0
23/3/2008	20:33:00	6.49	0.196	234.04	27.6	0.0	72.0	17.0
23/3/2008	20:34:00	6.668	0.18	233.65	28.4	0.0	73.0	17.0
23/3/2008	20:35:00	6.692	0.188	233.15	28.6	0.0	72.0	17.0
23/3/2008	20:36:00	6.708	0.18	234.1	28.6	0.0	73.0	16.0
24/3/2008	09:25:00	5.2	0.112	237.31	22.0	0.0	40.0	18.0
24/3/2008	09:26:00	6.952	0.11	234.53	29.6	0.0	72.0	16.0
24/3/2008	09:27:00	6.962	0.094	235.0	29.6	0.0	73.0	17.0
24/3/2008	09:28:00	6.974	0.0	235.21	29.6	0.0	72.0	17.0
24/3/2008	09:29:00	6.978	0.066	235.53	29.6	0.0	73.0	17.0
24/3/2008	09:30:00	5.964	0.072	236.44	25.2	0.0	73.0	18.0
24/3/2008	09:31:00	5.756	0.052	236.54	24.2	0.0	73.0	17.0
24/3/2008	09:32:00	5.756	0.07	236.39	24.2	0.0	73.0	17.0
24/3/2008	09:33:00	5.714	0.05	235.75	24.2	0.0	73.0	17.0
24/3/2008	09:34:00	5.768	0.062	234.95	24.4	0.0	72.0	17.0
24/3/2008	09:35:00	5.72	0.048	235.39	24.2	0.0	73.0	17.0
24/3/2008	09:36:00	5.076	0.07	235.93	21.8	0.0	64.0	17.0
24/3/2008	11:45:00	5.64	0.648	231.35	24.6	0.0	70.0	0.0
24/3/2008	11:46:00	5.526	0.65	231.17	24.2	0.0	70.0	0.0
24/3/2008	11:47:00	5.316	0.51	232.05	23.0	0.0	70.0	0.0
24/3/2008	15:06:00	5.948	0.06	239.22	24.8	38.0	37.0	17.0
24/3/2008	15:07:00	5.33	0.086	239.28	22.4	38.0	29.0	18.0
24/3/2008	15:08:00	5.226	0.074	240.86	21.8	39.0	24.0	18.0
24/3/2008	15:09:00	5.958	0.08	239.31	24.8	38.0	38.0	17.0
24/3/2008	15:11:00	5.604	0.076	238.03	23.6	37.0	31.0	17.0
24/3/2008	15:12:00	5.364	0.062	238.68	22.6	38.0	30.0	18.0
24/3/2008	15:13:00	5.098	0.086	239.41	21.4	38.0	23.0	17.0
24/3/2008	15:14:00	5.772	0.066	240.22	24.0	38.0	35.0	18.0
24/3/2008	15:16:00	5.99	0.064	240.38	24.8	38.0	38.0	18.0
24/3/2008	15:18:00	5.104	0.074	241.41	21.4	30.0	33.0	18.0
25/3/2008	13:12:00	5.024	0.0	238.25	21.4	0.0	36.0	17.0
25/3/2008	20:46:00	5.836	0.072	236.08	25.6	2.0	0.0	18.0
25/3/2008	20:47:00	6.62	0.064	235.54	28.2	1.0	0.0	17.0
25/3/2008	21:05:00	5.474	0.16	237.15	23.0	37.0	0.0	17.0
25/3/2008	21:06:00	5.484	0.16	238.07	23.0	38.0	0.0	17.0
25/3/2008	21:07:00	5.444	0.162	236.7	23.0	38.0	1.0	18.0
25/3/2008	21:08:00	5.412	0.156	236.49	22.8	37.0	0.0	17.0
25/3/2008	21:09:00	5.422	0.158	236.43	22.8	37.0	0.0	17.0
25/3/2008	21:10:00	5.44	0.156	236.78	23.0	38.0	0.0	17.0
25/3/2008	21:11:00	5.496	0.162	236.87	23.2	37.0	0.0	17.0
25/3/2008	21:12:00	5.46	0.156	236.85	23.0	38.0	0.0	18.0
25/3/2008	21:13:00	5.376	0.156	235.43	22.8	36.0	0.0	17.0
25/3/2008	21:14:00	5.378	0.154	236.06	22.8	38.0	0.0	17.0
25/3/2008	21:15:00	5.406	0.16	236.42	22.8	37.0	1.0	17.0
25/3/2008	21:16:00	5.29	0.092	235.81	22.6	35.0	0.0	17.0
26/3/2008	06:43:00	5.528	0.054	238.08	23.2	0.0	0.0	19.0
26/3/2008	06:44:00	5.118	0.066	238.52	21.4	0.0	0.0	17.0
26/3/2008	06:45:00	5.216	0.066	238.66	22.0	0.0	0.0	18.0
28/3/2008	06:53:00	5.254	0.22	239.77	22.0	0.0	0.0	18.0
28/3/2008	11:16:00	5.13	0.352	235.76	21.8	0.0	35.0	17.0
28/3/2008	11:17:00	5.15	0.358	236.13	21.8	0.0	36.0	18.0
28/3/2008	11:18:00	5.14	0.352	236.05	21.8	0.0	36.0	17.0
28/3/2008	11:19:00	5.166	0.358	236.63	21.8	0.0	36.0	17.0
28/3/2008	11:20:00	5.168	0.352	236.75	21.8	0.0	36.0	17.0
28/3/2008	11:21:00	5.14	0.356	236.17	21.8	0.0	36.0	17.0
28/3/2008	19:22:00	5.202	0.308	234.7	22.2	37.0	0.0	17.0
28/3/2008	19:23:00	5.076	0.3	234.82	21.6	38.0	0.0	17.0
28/3/2008	19:27:00	5.06	0.42	236.0	21.6	34.0	0.0	17.0
28/3/2008	19:28:00	5.07	0.3	236.91	21.4	38.0	0.0	18.0
28/3/2008	19:30:00	5.002	0.264	235.99	21.2	38.0	1.0	17.0
28/3/2008	19:34:00	5.28	0.256	234.76	22.4	37.0	0.0	17.0
28/3/2008	19:35:00	5.246	0.252	234.28	22.4	37.0	0.0	16.0
28/3/2008	19:39:00	5.088	0.414	234.03	22.2	22.0	0.0	17.0
28/3/2008	19:45:00	5.33	0.402	234.08	22.8	38.0	0.0	17.0
28/3/2008	19:46:00	5.14	0.398	233.03	22.0	36.0	0.0	17.0
28/3/2008	19:51:00	5.03	0.284	235.63	21.4	34.0	0.0	17.0
28/3/2008	19:52:00	5.04	0.248	234.03	21.4	37.0	0.0	17.0
29/3/2008	11:03:00	5.864	0.376	231.16	25.4	71.0	0.0	17.0
29/3/2008	11:06:00	5.408	0.392	232.66	23.6	61.0	0.0	17.0
29/3/2008	11:07:00	5.96	0.382	231.88	25.6	72.0	0.0	16.0
29/3/2008	11:08:00	5.99	0.386	232.21	25.8	72.0	0.0	17.0
29/3/2008	11:09:00	5.374	0.396	232.63	23.4	63.0	0.0	17.0
29/3/2008	11:12:00	6.826	0.544	231.2	29.8	59.0	0.0	16.0
29/3/2008	11:13:00	6.04	0.398	233.28	25.8	73.0	0.0	17.0
29/3/2008	11:14:00	5.998	0.364	233.39	25.6	73.0	0.0	17.0
29/3/2008	19:00:00	6.834	0.066	233.41	29.2	35.0	0.0	17.0
29/3/2008	19:01:00	6.94	0.066	233.58	29.6	36.0	0.0	17.0
29/3/2008	19:02:00	5.284	0.158	235.44	23.0	37.0	0.0	17.0
29/3/2008	19:23:00	5.088	0.272	234.25	21.6	36.0	0.0	17.0
29/3/2008	19:24:00	5.134	0.234	234.08	21.8	37.0	0.0	17.0
29/3/2008	19:25:00	5.034	0.138	234.43	21.4	36.0	0.0	17.0
29/3/2008	20:14:00	5.606	0.364	235.22	23.8	35.0	1.0	17.0
29/3/2008	20:15:00	5.01	0.362	235.75	21.2	38.0	1.0	17.0
29/3/2008	20:37:00	5.142	0.502	236.2	21.8	38.0	1.0	17.0
29/3/2008	20:38:00	5.158	0.562	236.51	21.8	38.0	2.0	18.0
30/3/2008	13:03:00	5.494	0.584	235.42	23.6	0.0	28.0	17.0
30/3/2008	16:24:00	5.634	0.14	240.19	23.4	38.0	1.0	0.0
30/3/2008	16:25:00	5.608	0.138	239.52	23.4	37.0	2.0	0.0
30/3/2008	16:26:00	5.58	0.134	239.07	23.2	38.0	1.0	0.0
30/3/2008	18:23:00	5.036	0.334	234.42	21.4	37.0	0.0	16.0
30/3/2008	18:24:00	5.134	0.33	234.22	21.8	38.0	0.0	17.0
30/3/2008	18:25:00	5.118	0.328	233.83	21.8	37.0	0.0	17.0
30/3/2008	18:26:00	5.122	0.326	233.87	21.8	37.0	0.0	17.0
30/3/2008	18:27:00	5.154	0.33	234.84	22.0	37.0	0.0	17.0
30/3/2008	18:28:00	5.152	0.298	235.45	21.8	38.0	0.0	17.0
30/3/2008	18:32:00	5.312	0.106	235.68	22.4	37.0	0.0	17.0
30/3/2008	18:33:00	5.316	0.106	235.66	22.4	38.0	0.0	17.0
30/3/2008	20:38:00	5.626	0.086	233.91	24.0	36.0	1.0	17.0
30/3/2008	20:39:00	5.57	0.0	233.58	23.8	37.0	1.0	16.0
30/3/2008	20:40:00	5.508	0.0	235.58	23.4	37.0	1.0	17.0
30/3/2008	20:41:00	5.312	0.0	235.14	22.6	37.0	1.0	17.0
30/3/2008	20:42:00	5.314	0.0	235.24	22.6	37.0	1.0	17.0
30/3/2008	20:43:00	5.274	0.0	234.43	22.4	36.0	2.0	17.0
30/3/2008	20:44:00	5.054	0.0	234.88	21.4	37.0	1.0	17.0
31/3/2008	07:12:00	5.914	0.07	236.4	25.0	0.0	0.0	17.0
31/3/2008	07:13:00	5.516	0.054	236.57	23.4	0.0	0.0	17.0
31/3/2008	07:14:00	5.258	0.068	236.23	22.2	0.0	0.0	17.0
31/3/2008	07:15:00	5.682	0.07	235.88	24.0	0.0	0.0	17.0
1/4/2008	13:40:00	5.666	0.218	236.4	24.2	0.0	59.0	17.0
1/4/2008	13:41:00	6.318	0.212	235.49	26.8	0.0	73.0	17.0
1/4/2008	13:42:00	5.804	0.206	235.77	24.8	0.0	64.0	17.0
1/4/2008	13:43:00	6.298	0.214	235.3	26.8	0.0	72.0	17.0
1/4/2008	13:44:00	5.808	0.206	235.93	24.8	0.0	64.0	17.0
1/4/2008	13:45:00	6.31	0.21	235.57	26.8	0.0	73.0	17.0
1/4/2008	13:46:00	6.314	0.206	235.69	26.8	0.0	73.0	17.0
1/4/2008	13:47:00	6.32	0.212	235.9	26.8	0.0	72.0	17.0
1/4/2008	13:48:00	6.316	0.208	235.92	26.8	0.0	73.0	17.0
1/4/2008	13:49:00	6.282	0.2	235.64	26.6	0.0	72.0	17.0
1/4/2008	13:50:00	6.276	0.192	235.84	26.6	0.0	73.0	18.0
1/4/2008	13:51:00	6.068	0.198	235.77	25.8	0.0	71.0	17.0
1/4/2008	13:54:00	5.29	0.242	236.21	22.8	0.0	58.0	17.0
1/4/2008	13:59:00	5.384	0.192	236.07	23.2	0.0	57.0	17.0
1/4/2008	14:18:00	5.316	0.494	238.13	22.6	0.0	39.0	17.0
1/4/2008	14:20:00	5.648	0.568	238.08	23.8	0.0	37.0	17.0
1/4/2008	14:21:00	5.748	0.586	238.14	24.2	0.0	39.0	18.0
1/4/2008	14:22:00	5.03	0.414	239.21	21.4	0.0	39.0	17.0
1/4/2008	14:30:00	5.746	0.602	242.97	23.8	0.0	33.0	19.0
1/4/2008	14:31:00	5.788	0.606	240.81	24.2	0.0	40.0	17.0
1/4/2008	20:38:00	5.17	0.07	230.81	23.0	1.0	0.0	16.0
1/4/2008	20:39:00	5.738	0.0	229.9	25.0	2.0	0.0	16.0
1/4/2008	21:00:00	5.132	0.22	235.94	21.6	37.0	0.0	17.0
1/4/2008	21:01:00	5.14	0.22	235.6	21.8	37.0	0.0	17.0
1/4/2008	21:02:00	5.032	0.22	235.47	21.4	37.0	0.0	17.0
2/4/2008	07:21:00	5.176	0.0	235.3	22.0	0.0	0.0	0.0
2/4/2008	21:59:00	5.026	0.056	234.04	21.4	36.0	0.0	16.0
2/4/2008	22:00:00	5.19	0.062	234.58	22.0	37.0	1.0	17.0
2/4/2008	22:01:00	5.322	0.06	235.35	22.6	37.0	0.0	17.0
2/4/2008	22:02:00	5.312	0.06	234.75	22.6	36.0	0.0	17.0
2/4/2008	22:03:00	5.152	0.062	235.96	22.0	36.0	0.0	17.0
3/4/2008	06:39:00	5.81	0.146	229.71	25.4	0.0	1.0	11.0
3/4/2008	06:40:00	6.066	0.056	229.76	26.4	0.0	1.0	16.0
3/4/2008	06:41:00	5.978	0.058	230.64	25.8	0.0	1.0	17.0
4/4/2008	07:08:00	5.458	0.242	233.89	23.4	0.0	2.0	17.0
5/4/2008	20:15:00	5.02	0.526	236.22	21.2	38.0	3.0	18.0
5/4/2008	20:32:00	5.354	0.316	232.68	23.2	37.0	3.0	17.0
5/4/2008	20:33:00	5.214	0.272	233.38	22.6	33.0	5.0	17.0
5/4/2008	20:37:00	5.162	0.13	232.43	22.2	36.0	1.0	17.0
5/4/2008	20:38:00	5.162	0.096	232.94	22.2	37.0	0.0	18.0
5/4/2008	20:44:00	5.142	0.094	232.58	22.0	37.0	0.0	17.0
5/4/2008	20:45:00	5.142	0.094	232.4	22.0	37.0	0.0	17.0
5/4/2008	20:48:00	5.198	0.096	233.97	22.2	37.0	0.0	17.0
5/4/2008	20:49:00	5.2	0.098	234.06	22.2	37.0	0.0	18.0
5/4/2008	20:50:00	5.224	0.098	234.59	22.2	37.0	0.0	17.0
5/4/2008	20:51:00	5.242	0.098	235.03	22.2	38.0	0.0	18.0
6/4/2008	11:36:00	5.85	0.0	236.76	24.6	38.0	36.0	18.0
6/4/2008	11:37:00	5.814	0.0	235.44	24.6	37.0	36.0	18.0
6/4/2008	11:38:00	5.874	0.084	234.38	25.0	37.0	36.0	17.0
6/4/2008	11:39:00	5.956	0.106	235.59	25.2	37.0	36.0	18.0
6/4/2008	11:40:00	5.914	0.09	236.19	25.0	37.0	35.0	18.0
6/4/2008	11:41:00	5.924	0.112	236.37	25.0	37.0	36.0	17.0
6/4/2008	11:42:00	5.888	0.102	236.2	24.8	37.0	36.0	18.0
6/4/2008	11:43:00	5.862	0.118	235.46	24.8	37.0	36.0	18.0
6/4/2008	11:44:00	5.808	0.096	234.49	24.6	37.0	36.0	17.0
6/4/2008	11:45:00	5.82	0.114	234.63	24.8	36.0	35.0	18.0
6/4/2008	11:46:00	5.824	0.098	235.01	24.6	37.0	36.0	17.0
6/4/2008	11:47:00	5.858	0.118	235.59	24.8	37.0	36.0	18.0
6/4/2008	12:45:00	5.1	0.586	241.71	21.4	1.0	1.0	19.0
6/4/2008	12:46:00	6.16	0.81	240.6	25.8	1.0	1.0	18.0
7/4/2008	19:00:00	5.114	0.298	239.28	21.4	40.0	39.0	1.0
7/4/2008	19:01:00	5.092	0.304	239.1	21.2	39.0	39.0	0.0
7/4/2008	19:02:00	5.16	0.412	238.95	21.6	38.0	39.0	1.0
7/4/2008	19:03:00	5.228	0.424	239.85	21.8	40.0	39.0	0.0
7/4/2008	19:04:00	5.166	0.414	240.42	21.4	39.0	40.0	1.0
7/4/2008	19:06:00	5.034	0.602	240.55	21.2	39.0	31.0	0.0
8/4/2008	06:37:00	5.064	0.228	238.42	21.2	0.0	0.0	7.0
8/4/2008	06:38:00	5.594	0.22	236.8	23.6	0.0	0.0	19.0
8/4/2008	06:39:00	6.486	0.192	235.49	27.6	0.0	0.0	18.0
8/4/2008	07:38:00	5.216	0.0	234.47	22.4	0.0	36.0	17.0
8/4/2008	07:43:00	5.746	0.0	235.4	24.4	0.0	72.0	18.0
8/4/2008	07:44:00	5.738	0.13	233.83	24.4	0.0	72.0	17.0
8/4/2008	07:45:00	5.89	0.198	233.25	25.2	1.0	71.0	18.0
8/4/2008	07:46:00	5.81	0.19	233.33	24.8	1.0	72.0	17.0
8/4/2008	07:47:00	5.844	0.056	235.47	24.8	2.0	72.0	18.0
8/4/2008	07:48:00	5.86	0.0	236.2	24.8	1.0	73.0	18.0
8/4/2008	07:49:00	5.866	0.0	236.33	24.8	1.0	74.0	17.0
8/4/2008	07:50:00	5.846	0.0	235.75	24.8	1.0	73.0	18.0
8/4/2008	07:51:00	5.838	0.0	235.8	24.6	2.0	73.0	18.0
8/4/2008	07:52:00	5.848	0.0	236.05	24.6	1.0	73.0	18.0
8/4/2008	07:53:00	6.032	0.0	236.24	25.4	1.0	73.0	17.0
8/4/2008	07:54:00	6.124	0.0	237.16	25.8	1.0	74.0	18.0
8/4/2008	07:55:00	5.408	0.0	238.0	23.0	2.0	64.0	18.0
8/4/2008	08:06:00	5.036	0.166	238.46	21.2	38.0	16.0	18.0
8/4/2008	08:07:00	6.166	0.104	237.75	25.8	38.0	36.0	18.0
8/4/2008	08:09:00	5.98	0.1	236.97	25.2	38.0	33.0	18.0
8/4/2008	08:11:00	5.856	0.092	235.66	24.8	37.0	31.0	18.0
8/4/2008	08:13:00	6.122	0.172	236.08	26.0	37.0	36.0	18.0
8/4/2008	08:14:00	5.24	0.242	238.79	22.0	38.0	21.0	18.0
8/4/2008	08:15:00	6.266	0.304	238.45	26.4	38.0	34.0	18.0
8/4/2008	08:16:00	5.634	0.332	238.7	23.8	37.0	27.0	18.0
8/4/2008	10:13:00	6.324	0.152	239.94	26.4	0.0	67.0	18.0
8/4/2008	10:14:00	6.646	0.146	239.68	27.6	0.0	75.0	19.0
8/4/2008	10:15:00	6.61	0.126	239.42	27.6	0.0	75.0	18.0
8/4/2008	10:16:00	6.576	0.14	238.6	27.4	0.0	74.0	18.0
8/4/2008	10:17:00	6.568	0.12	238.6	27.4	0.0	75.0	18.0
8/4/2008	10:18:00	6.624	0.14	239.33	27.6	0.0	75.0	18.0
8/4/2008	10:19:00	6.602	0.122	239.18	27.6	0.0	74.0	18.0
8/4/2008	10:20:00	6.604	0.138	239.06	27.6	0.0	75.0	19.0
8/4/2008	10:21:00	6.586	0.12	239.04	27.4	0.0	74.0	18.0
8/4/2008	10:22:00	6.572	0.136	238.5	27.4	0.0	75.0	18.0
8/4/2008	10:23:00	6.598	0.14	238.65	27.6	0.0	74.0	18.0
8/4/2008	10:24:00	6.032	0.24	238.57	25.6	0.0	66.0	18.0
8/4/2008	10:40:00	5.274	0.972	239.59	22.4	0.0	38.0	18.0
8/4/2008	10:43:00	5.518	1.012	239.84	23.4	0.0	42.0	18.0
8/4/2008	10:46:00	5.036	0.808	240.65	21.4	0.0	40.0	18.0
8/4/2008	11:17:00	5.38	0.44	240.53	22.6	0.0	50.0	19.0
8/4/2008	11:18:00	5.068	0.438	240.61	21.2	0.0	46.0	18.0
8/4/2008	11:19:00	6.768	0.42	238.93	28.2	0.0	74.0	18.0
8/4/2008	11:20:00	6.292	0.43	238.83	26.6	0.0	66.0	18.0
8/4/2008	11:21:00	6.75	0.356	238.44	28.2	0.0	74.0	18.0
8/4/2008	11:22:00	6.248	0.316	239.67	26.4	0.0	66.0	19.0
8/4/2008	11:23:00	6.576	0.186	238.87	27.4	0.0	74.0	18.0
8/4/2008	11:24:00	6.474	0.0	238.7	27.0	0.0	75.0	18.0
8/4/2008	11:25:00	6.452	0.0	238.67	27.0	0.0	74.0	18.0
8/4/2008	11:26:00	6.44	0.0	238.25	27.0	0.0	74.0	18.0
8/4/2008	11:27:00	6.412	0.0	237.91	26.8	0.0	73.0	18.0
8/4/2008	11:28:00	6.406	0.0	237.58	26.8	0.0	74.0	18.0
8/4/2008	11:29:00	6.438	0.0	238.49	27.0	0.0	73.0	18.0
8/4/2008	11:30:00	6.482	0.0	239.2	27.0	0.0	75.0	18.0
8/4/2008	11:31:00	6.482	0.0	239.43	27.0	0.0	74.0	19.0
8/4/2008	11:32:00	6.488	0.0	239.35	27.0	0.0	75.0	18.0
8/4/2008	11:33:00	6.482	0.0	239.46	27.0	0.0	74.0	18.0
8/4/2008	11:34:00	6.494	0.0	239.49	27.0	0.0	75.0	18.0
8/4/2008	11:35:00	5.39	0.0	239.82	22.8	0.0	58.0	19.0
8/4/2008	11:38:00	5.43	0.0	238.99	23.0	0.0	59.0	18.0
8/4/2008	11:42:00	5.018	0.0	238.54	21.4	0.0	48.0	18.0
8/4/2008	11:43:00	5.576	0.384	237.57	24.2	0.0	58.0	18.0
8/4/2008	11:45:00	5.186	0.852	237.66	22.2	0.0	39.0	18.0
8/4/2008	12:25:00	5.696	0.088	235.95	24.2	0.0	69.0	17.0
8/4/2008	12:26:00	5.446	0.106	236.68	23.2	0.0	70.0	18.0
8/4/2008	12:27:00	5.57	0.086	236.34	23.6	0.0	70.0	18.0
8/4/2008	12:28:00	5.734	0.104	235.68	24.2	0.0	73.0	18.0
8/4/2008	12:29:00	5.714	0.086	235.68	24.2	0.0	74.0	17.0
8/4/2008	12:30:00	5.704	0.114	235.12	24.2	0.0	73.0	18.0
8/4/2008	12:31:00	5.4	0.114	235.59	23.2	0.0	69.0	18.0
8/4/2008	12:52:00	5.434	0.304	237.48	23.2	24.0	42.0	18.0
8/4/2008	12:53:00	6.08	0.276	236.92	25.6	38.0	41.0	18.0
8/4/2008	12:54:00	5.872	0.176	237.76	24.6	37.0	38.0	18.0
8/4/2008	12:55:00	5.87	0.124	238.46	24.6	38.0	38.0	18.0
8/4/2008	12:56:00	5.87	0.14	238.38	24.6	38.0	38.0	18.0
8/4/2008	12:57:00	5.93	0.212	238.11	24.8	38.0	38.0	18.0
8/4/2008	12:58:00	5.938	0.266	237.62	25.0	37.0	37.0	18.0
8/4/2008	13:06:00	5.238	0.268	238.33	22.4	24.0	38.0	18.0
8/4/2008	13:07:00	5.91	0.26	237.33	24.8	37.0	37.0	18.0
8/4/2008	13:11:00	5.31	0.266	237.72	22.6	26.0	37.0	18.0
8/4/2008	13:12:00	5.88	0.252	237.02	24.8	37.0	38.0	18.0
8/4/2008	13:13:00	5.904	0.256	237.41	24.8	38.0	37.0	18.0
8/4/2008	13:14:00	5.256	0.266	238.44	22.2	37.0	28.0	18.0
8/4/2008	13:15:00	5.26	0.272	239.4	22.0	38.0	25.0	18.0
8/4/2008	13:16:00	5.866	0.162	238.41	24.6	38.0	38.0	18.0
8/4/2008	13:17:00	5.234	0.138	238.97	22.2	29.0	38.0	18.0
8/4/2008	20:59:00	5.03	0.068	235.06	21.4	37.0	2.0	18.0
8/4/2008	21:00:00	5.026	0.068	235.04	21.4	37.0	1.0	18.0
8/4/2008	21:01:00	5.024	0.068	235.14	21.2	37.0	1.0	17.0
8/4/2008	21:02:00	5.012	0.068	234.92	21.2	37.0	2.0	18.0
9/4/2008	07:13:00	6.398	0.0	239.65	26.8	0.0	0.0	18.0
9/4/2008	07:14:00	5.778	0.0	240.56	24.0	0.0	0.0	19.0
10/4/2008	06:42:00	6.382	0.116	239.87	26.6	0.0	1.0	18.0
10/4/2008	06:43:00	6.28	0.242	240.15	26.2	0.0	1.0	19.0
10/4/2008	06:44:00	6.024	0.258	239.65	25.0	0.0	2.0	18.0
11/4/2008	06:45:00	5.498	0.054	238.52	23.0	0.0	0.0	18.0
11/4/2008	06:46:00	6.082	0.0	238.1	25.6	0.0	0.0	19.0
11/4/2008	20:05:00	5.464	0.504	233.86	23.8	30.0	0.0	17.0
12/4/2008	14:22:00	5.082	0.714	238.27	21.6	39.0	2.0	27.0
12/4/2008	14:24:00	6.676	0.666	236.26	28.4	38.0	33.0	28.0
12/4/2008	14:25:00	6.852	0.656	235.71	29.2	38.0	38.0	28.0
12/4/2008	14:26:00	6.742	0.726	235.4	28.8	38.0	38.0	21.0
12/4/2008	14:27:00	6.664	0.696	235.71	28.4	37.0	38.0	18.0
12/4/2008	14:28:00	6.708	0.7	236.5	28.4	38.0	39.0	18.0
12/4/2008	14:29:00	6.67	0.738	237.61	28.2	39.0	39.0	18.0
12/4/2008	14:30:00	6.74	0.856	237.95	28.4	38.0	39.0	18.0
12/4/2008	14:31:00	6.708	0.73	238.52	28.2	39.0	39.0	18.0
12/4/2008	14:32:00	6.736	0.754	238.79	28.4	38.0	39.0	18.0
12/4/2008	14:33:00	6.552	0.716	239.03	27.6	39.0	39.0	18.0
12/4/2008	14:54:00	6.024	0.86	237.31	25.6	39.0	6.0	18.0
12/4/2008	14:55:00	5.78	0.802	237.85	24.6	38.0	7.0	18.0
12/4/2008	18:06:00	5.632	0.56	237.38	24.2	15.0	37.0	18.0
12/4/2008	18:07:00	7.49	0.574	235.39	33.0	40.0	28.0	18.0
12/4/2008	18:08:00	9.292	0.558	232.5	40.0	37.0	36.0	17.0
12/4/2008	18:09:00	8.796	0.548	232.5	38.0	38.0	27.0	17.0
12/4/2008	18:10:00	8.89	0.556	232.77	38.4	38.0	36.0	17.0
12/4/2008	18:11:00	6.758	0.472	235.81	28.6	39.0	36.0	18.0
12/4/2008	18:12:00	6.722	0.48	235.5	28.6	38.0	35.0	18.0
12/4/2008	18:13:00	6.714	0.472	235.86	28.4	39.0	36.0	17.0
12/4/2008	18:14:00	6.652	0.378	236.14	28.2	39.0	36.0	18.0
12/4/2008	18:19:00	6.568	0.394	237.7	27.6	34.0	36.0	18.0
12/4/2008	18:20:00	6.666	0.406	238.0	28.0	39.0	37.0	18.0
12/4/2008	18:21:00	5.02	0.308	239.23	21.4	20.0	36.0	18.0
12/4/2008	18:26:00	6.544	0.26	235.87	27.6	38.0	36.0	18.0
12/4/2008	18:27:00	6.564	0.25	237.02	27.6	39.0	36.0	18.0
12/4/2008	18:28:00	5.09	0.306	238.68	21.6	16.0	28.0	18.0
12/4/2008	18:30:00	5.606	0.338	238.02	23.6	2.0	36.0	18.0
12/4/2008	18:32:00	5.058	0.32	237.99	21.4	2.0	26.0	18.0
12/4/2008	18:33:00	9.482	0.238	232.95	40.8	66.0	35.0	17.0
12/4/2008	18:34:00	8.898	0.264	234.13	38.0	73.0	22.0	18.0
12/4/2008	18:35:00	8.022	0.256	235.13	34.2	55.0	26.0	17.0
12/4/2008	18:36:00	7.544	0.28	235.77	32.0	38.0	35.0	18.0
12/4/2008	18:37:00	6.51	0.27	236.55	27.4	38.0	16.0	18.0
12/4/2008	18:38:00	7.574	0.274	235.2	32.2	38.0	34.0	18.0
12/4/2008	18:39:00	6.584	0.27	236.46	27.8	38.0	18.0	17.0
12/4/2008	18:40:00	9.21	0.258	233.91	39.6	67.0	30.0	18.0
12/4/2008	18:41:00	9.162	0.244	234.27	39.2	73.0	27.0	17.0
12/4/2008	18:42:00	7.948	0.272	235.14	33.8	58.0	21.0	18.0
12/4/2008	18:43:00	7.108	0.358	236.07	30.2	38.0	27.0	17.0
12/4/2008	18:44:00	5.932	0.436	238.22	24.8	38.0	4.0	19.0
12/4/2008	18:45:00	5.912	0.414	238.28	24.8	39.0	3.0	18.0
12/4/2008	18:46:00	5.132	0.438	238.44	22.0	27.0	4.0	18.0
12/4/2008	18:47:00	5.304	0.404	237.91	22.6	26.0	3.0	18.0
12/4/2008	18:48:00	5.938	0.44	237.99	25.0	39.0	3.0	18.0
12/4/2008	18:49:00	5.462	0.576	238.5	23.4	24.0	4.0	23.0
12/4/2008	18:55:00	5.862	0.474	239.64	24.4	39.0	1.0	19.0
12/4/2008	18:56:00	5.268	0.484	240.74	22.2	31.0	0.0	18.0
12/4/2008	19:02:00	5.85	0.468	239.73	24.4	39.0	0.0	18.0
12/4/2008	19:03:00	5.854	0.472	239.68	24.4	39.0	0.0	18.0
12/4/2008	19:09:00	5.76	0.364	238.66	24.0	38.0	1.0	18.0
12/4/2008	19:10:00	5.716	0.358	238.58	24.0	39.0	0.0	18.0
12/4/2008	19:16:00	5.376	0.346	237.0	23.0	30.0	0.0	18.0
12/4/2008	19:17:00	5.746	0.348	236.39	24.2	38.0	0.0	18.0
12/4/2008	19:24:00	5.804	0.232	235.72	24.6	38.0	0.0	18.0
12/4/2008	19:25:00	5.538	0.226	235.02	23.6	36.0	0.0	18.0
12/4/2008	23:15:00	5.062	0.174	238.14	21.2	38.0	0.0	18.0
12/4/2008	23:16:00	5.164	0.17	238.52	21.6	38.0	0.0	18.0
12/4/2008	23:17:00	5.132	0.174	238.45	21.4	38.0	1.0	18.0
12/4/2008	23:18:00	5.1	0.18	238.35	21.4	37.0	0.0	18.0
13/4/2008	00:22:00	5.534	0.226	237.91	23.2	1.0	37.0	18.0
13/4/2008	00:23:00	5.254	0.128	237.8	22.0	1.0	37.0	18.0
13/4/2008	00:24:00	5.058	0.112	238.04	21.2	1.0	37.0	18.0
13/4/2008	00:25:00	5.28	0.09	237.36	22.2	2.0	37.0	18.0
13/4/2008	00:26:00	5.514	0.134	236.82	23.2	0.0	37.0	18.0
13/4/2008	00:27:00	5.634	0.128	236.48	23.8	1.0	36.0	18.0
13/4/2008	00:30:00	5.518	0.102	236.76	23.2	35.0	1.0	18.0
13/4/2008	18:37:00	5.088	0.638	234.97	21.8	32.0	1.0	18.0
13/4/2008	18:38:00	5.296	0.624	234.55	22.6	37.0	2.0	17.0
13/4/2008	18:39:00	5.316	0.612	233.86	22.8	36.0	3.0	18.0
13/4/2008	18:40:00	5.416	0.622	234.31	23.2	37.0	2.0	17.0
13/4/2008	18:41:00	5.32	0.606	232.96	23.0	36.0	3.0	17.0
13/4/2008	18:42:00	5.282	0.63	233.16	22.8	36.0	3.0	18.0
13/4/2008	18:43:00	6.29	1.364	231.14	28.0	36.0	6.0	17.0
13/4/2008	18:44:00	6.342	1.39	231.77	28.0	36.0	7.0	17.0
13/4/2008	18:45:00	5.796	0.918	233.33	25.2	36.0	6.0	17.0
13/4/2008	18:46:00	5.646	0.854	232.77	24.6	36.0	6.0	17.0
13/4/2008	18:47:00	5.202	0.614	232.54	22.6	36.0	4.0	18.0
13/4/2008	18:48:00	5.132	0.592	232.72	22.2	35.0	2.0	17.0
13/4/2008	18:51:00	5.106	0.444	233.99	22.4	21.0	37.0	0.0
14/4/2008	06:53:00	5.708	0.116	238.52	24.8	0.0	1.0	8.0
14/4/2008	06:54:00	6.89	0.124	236.99	29.0	0.0	1.0	18.0
14/4/2008	06:55:00	6.844	0.15	237.56	28.8	0.0	1.0	19.0
14/4/2008	06:56:00	6.614	0.178	239.45	27.6	0.0	1.0	18.0
15/4/2008	12:04:00	6.202	0.454	233.73	26.6	36.0	35.0	18.0
15/4/2008	12:05:00	6.164	0.79	234.11	27.0	36.0	32.0	17.0
15/4/2008	12:09:00	5.586	0.148	235.01	24.0	2.0	37.0	18.0
15/4/2008	12:12:00	5.138	0.13	235.68	22.2	1.0	37.0	18.0
15/4/2008	12:14:00	5.332	0.124	234.52	23.0	1.0	36.0	17.0
15/4/2008	12:19:00	5.872	0.13	234.39	25.0	1.0	37.0	18.0
15/4/2008	12:20:00	5.748	0.136	234.1	24.6	13.0	28.0	17.0
15/4/2008	12:21:00	7.114	0.112	232.75	30.8	36.0	36.0	18.0
15/4/2008	12:22:00	6.26	0.13	233.19	27.6	29.0	30.0	17.0
15/4/2008	12:24:00	5.558	0.148	233.94	23.8	1.0	36.0	18.0
15/4/2008	12:25:00	6.398	0.116	233.14	28.0	14.0	36.0	17.0
15/4/2008	12:26:00	7.394	0.118	231.34	32.0	36.0	36.0	17.0
15/4/2008	12:27:00	6.74	0.104	231.5	29.4	35.0	36.0	17.0
15/4/2008	12:28:00	6.708	0.12	231.57	29.2	36.0	35.0	17.0
15/4/2008	12:29:00	5.836	0.114	233.13	25.4	36.0	26.0	18.0
15/4/2008	12:38:00	5.29	0.624	235.51	22.6	0.0	37.0	18.0
15/4/2008	12:39:00	5.236	0.572	235.35	22.4	0.0	37.0	18.0
15/4/2008	12:40:00	5.196	0.54	235.42	22.2	0.0	36.0	17.0
15/4/2008	12:41:00	5.138	0.498	235.13	22.0	0.0	37.0	18.0
17/4/2008	06:52:00	5.478	0.05	240.5	23.0	0.0	0.0	18.0
17/4/2008	20:50:00	5.1	0.208	234.08	22.0	37.0	1.0	17.0
17/4/2008	21:16:00	5.736	0.178	233.0	24.6	36.0	0.0	17.0
17/4/2008	21:17:00	5.632	0.178	233.63	24.0	37.0	0.0	17.0
17/4/2008	21:18:00	5.61	0.176	234.61	23.8	37.0	0.0	18.0
17/4/2008	21:19:00	5.572	0.172	234.0	23.8	37.0	0.0	17.0
17/4/2008	21:20:00	5.58	0.172	234.21	23.8	36.0	0.0	18.0
17/4/2008	21:21:00	5.568	0.178	234.98	23.6	37.0	0.0	17.0
17/4/2008	21:22:00	5.442	0.18	235.1	23.2	37.0	0.0	18.0
17/4/2008	21:23:00	5.458	0.18	235.55	23.2	37.0	0.0	18.0
17/4/2008	21:24:00	5.504	0.17	235.55	23.4	37.0	0.0	17.0
17/4/2008	21:25:00	5.518	0.168	235.93	23.4	37.0	0.0	18.0
17/4/2008	21:35:00	5.178	0.048	238.12	21.8	38.0	0.0	18.0
17/4/2008	21:40:00	5.418	0.0	235.97	23.0	37.0	0.0	23.0
17/4/2008	21:41:00	5.63	0.0	236.07	23.8	37.0	0.0	26.0
17/4/2008	21:42:00	5.652	0.0	235.89	24.0	37.0	0.0	27.0
17/4/2008	21:43:00	5.672	0.0	235.86	24.0	37.0	0.0	28.0
17/4/2008	21:44:00	5.358	0.0	236.35	22.6	37.0	0.0	23.0
17/4/2008	21:45:00	5.122	0.046	236.99	21.6	38.0	0.0	17.0
17/4/2008	21:46:00	5.122	0.046	237.23	21.6	37.0	0.0	18.0
18/4/2008	06:55:00	5.16	0.176	239.05	21.6	0.0	0.0	1.0
18/4/2008	10:39:00	7.24	0.208	232.95	31.6	37.0	50.0	17.0
18/4/2008	10:40:00	7.736	0.188	232.12	33.4	36.0	62.0	17.0
18/4/2008	10:41:00	8.244	0.196	232.26	35.4	36.0	70.0	18.0
18/4/2008	10:42:00	7.75	0.188	232.45	33.4	36.0	62.0	17.0
18/4/2008	10:43:00	8.22	0.194	231.89	35.4	36.0	70.0	17.0
18/4/2008	10:44:00	7.73	0.184	232.03	33.4	35.0	63.0	17.0
18/4/2008	10:45:00	7.246	0.156	232.07	31.4	22.0	70.0	17.0
18/4/2008	10:46:00	5.65	0.102	233.75	24.4	2.0	63.0	17.0
18/4/2008	10:47:00	6.17	0.114	234.05	26.2	1.0	71.0	18.0
18/4/2008	10:48:00	7.408	0.092	232.91	32.0	29.0	63.0	17.0
18/4/2008	10:49:00	8.146	0.1	231.88	35.0	36.0	70.0	17.0
18/4/2008	10:50:00	6.236	0.0	234.51	27.4	13.0	63.0	18.0
18/4/2008	10:51:00	5.41	0.0	235.39	23.0	1.0	61.0	17.0
18/4/2008	11:06:00	5.614	0.0	234.1	24.2	37.0	30.0	17.0
18/4/2008	11:54:00	6.092	0.096	233.64	26.0	36.0	33.0	17.0
18/4/2008	11:55:00	5.812	0.114	234.25	25.0	36.0	33.0	18.0
18/4/2008	11:56:00	6.03	0.154	234.2	25.8	37.0	32.0	17.0
18/4/2008	11:57:00	6.02	0.212	234.22	25.8	36.0	35.0	18.0
18/4/2008	11:58:00	5.87	0.196	234.33	25.2	37.0	29.0	17.0
18/4/2008	11:59:00	6.092	0.214	233.93	26.0	36.0	36.0	18.0
18/4/2008	12:00:00	6.074	0.198	233.98	25.8	36.0	36.0	17.0
18/4/2008	12:01:00	6.08	0.214	233.86	26.0	37.0	37.0	17.0
18/4/2008	12:02:00	6.052	0.194	233.61	25.8	36.0	36.0	18.0
18/4/2008	12:03:00	5.16	0.226	234.92	22.4	22.0	36.0	17.0
19/4/2008	13:54:00	5.076	0.092	239.05	21.2	38.0	38.0	1.0
19/4/2008	13:55:00	5.022	0.094	237.74	21.0	38.0	38.0	0.0
19/4/2008	13:56:00	5.016	0.092	237.75	21.0	38.0	38.0	1.0
19/4/2008	15:03:00	5.338	0.5	239.0	22.4	36.0	38.0	1.0
19/4/2008	15:04:00	5.354	0.5	240.1	22.4	39.0	38.0	1.0
19/4/2008	15:05:00	5.348	0.492	240.22	22.2	39.0	38.0	0.0
19/4/2008	15:06:00	5.336	0.492	239.86	22.2	39.0	38.0	1.0
19/4/2008	15:07:00	5.306	0.478	239.21	22.2	39.0	38.0	1.0
19/4/2008	15:08:00	5.324	0.482	239.67	22.2	39.0	38.0	0.0
19/4/2008	15:11:00	5.312	0.472	239.47	22.2	38.0	38.0	0.0
19/4/2008	15:14:00	5.288	0.47	238.84	22.2	39.0	38.0	0.0
19/4/2008	15:24:00	5.2	0.488	237.45	22.0	39.0	35.0	1.0
19/4/2008	15:26:00	5.036	0.51	238.47	21.4	39.0	31.0	2.0
20/4/2008	20:44:00	5.064	0.162	236.41	21.4	37.0	0.0	18.0
20/4/2008	20:52:00	5.032	0.078	237.59	21.2	37.0	0.0	18.0
20/4/2008	20:53:00	5.494	0.162	236.52	23.2	37.0	1.0	18.0
20/4/2008	20:54:00	5.894	0.24	235.23	25.4	37.0	13.0	18.0
20/4/2008	20:55:00	7.636	0.284	233.67	32.6	37.0	37.0	17.0
20/4/2008	20:56:00	5.334	0.206	235.94	22.8	2.0	30.0	18.0
20/4/2008	20:57:00	5.838	0.22	235.12	24.8	2.0	37.0	17.0
20/4/2008	20:58:00	5.542	0.322	235.42	23.8	1.0	30.0	18.0
20/4/2008	20:59:00	7.262	0.292	233.28	31.4	1.0	50.0	17.0
20/4/2008	21:00:00	8.268	0.312	232.3	35.6	1.0	72.0	17.0
20/4/2008	21:01:00	8.084	0.288	232.56	34.6	1.0	71.0	18.0
20/4/2008	21:02:00	7.788	0.322	232.29	33.4	2.0	72.0	17.0
20/4/2008	21:03:00	7.798	0.328	231.76	33.6	1.0	71.0	17.0
20/4/2008	21:04:00	7.756	0.348	232.11	33.4	1.0	72.0	17.0
20/4/2008	21:05:00	7.654	0.328	231.89	33.0	1.0	72.0	17.0
20/4/2008	21:06:00	7.616	0.346	231.83	32.8	1.0	71.0	17.0
20/4/2008	21:07:00	7.452	0.346	232.31	32.2	1.0	68.0	17.0
20/4/2008	21:08:00	6.366	0.368	232.97	27.4	2.0	37.0	18.0
20/4/2008	21:09:00	7.13	0.34	232.47	31.0	1.0	44.0	17.0
20/4/2008	21:10:00	7.234	0.38	231.95	31.6	1.0	50.0	17.0
20/4/2008	21:11:00	6.436	0.382	232.1	27.6	1.0	37.0	17.0
20/4/2008	21:12:00	6.378	0.3	232.96	27.4	1.0	36.0	17.0
20/4/2008	21:13:00	6.228	0.22	232.23	26.8	1.0	37.0	18.0
20/4/2008	21:14:00	6.234	0.228	232.2	26.8	2.0	37.0	17.0
20/4/2008	21:15:00	6.2	0.216	232.51	26.6	1.0	37.0	17.0
20/4/2008	21:16:00	5.886	0.246	232.99	25.2	1.0	37.0	17.0
20/4/2008	21:17:00	5.406	0.29	232.57	23.2	1.0	37.0	17.0
20/4/2008	21:18:00	5.418	0.294	233.14	23.2	1.0	37.0	18.0
20/4/2008	21:19:00	5.438	0.234	233.32	23.2	1.0	37.0	17.0
20/4/2008	21:20:00	5.406	0.15	233.46	23.0	1.0	37.0	17.0
20/4/2008	21:21:00	5.436	0.126	234.5	23.2	1.0	37.0	18.0
20/4/2008	21:22:00	5.47	0.132	234.38	23.2	2.0	38.0	17.0
20/4/2008	21:23:00	5.394	0.124	234.21	23.0	1.0	37.0	18.0
20/4/2008	21:24:00	5.362	0.18	233.29	23.0	1.0	37.0	17.0
20/4/2008	21:25:00	5.69	0.328	234.04	24.2	1.0	42.0	18.0
20/4/2008	21:26:00	5.668	0.358	234.18	24.2	1.0	41.0	17.0
20/4/2008	21:27:00	5.622	0.348	234.16	24.0	1.0	41.0	17.0
20/4/2008	21:28:00	5.666	0.342	234.16	24.2	1.0	41.0	18.0
20/4/2008	21:29:00	7.486	0.288	232.0	32.2	34.0	37.0	17.0
20/4/2008	21:30:00	7.374	0.252	231.73	31.8	36.0	36.0	17.0
20/4/2008	21:31:00	6.98	0.252	233.15	30.0	36.0	30.0	17.0
20/4/2008	21:32:00	6.59	0.262	233.57	28.2	36.0	21.0	18.0
20/4/2008	21:33:00	7.384	0.246	232.02	31.8	36.0	36.0	17.0
20/4/2008	21:34:00	7.358	0.25	231.96	31.6	36.0	36.0	17.0
20/4/2008	21:35:00	6.816	0.25	232.61	29.4	36.0	35.0	17.0
20/4/2008	21:36:00	5.166	0.266	233.7	22.0	36.0	17.0	18.0
20/4/2008	21:37:00	6.22	0.248	232.18	26.8	36.0	34.0	17.0
20/4/2008	21:38:00	6.336	0.246	231.7	27.2	36.0	36.0	17.0
20/4/2008	21:39:00	6.34	0.13	232.41	27.2	36.0	36.0	17.0
20/4/2008	21:40:00	6.4	0.126	232.68	27.4	35.0	36.0	17.0
20/4/2008	21:41:00	6.02	0.132	233.53	25.8	36.0	32.0	18.0
20/4/2008	21:42:00	5.352	0.138	233.75	22.8	37.0	19.0	17.0
20/4/2008	21:43:00	5.008	0.134	233.27	21.8	16.0	36.0	17.0
22/4/2008	13:31:00	5.484	0.304	235.56	23.2	0.0	38.0	16.0
22/4/2008	13:32:00	5.542	0.304	235.21	23.6	0.0	37.0	18.0
22/4/2008	13:33:00	5.584	0.308	236.23	23.6	0.0	37.0	18.0
22/4/2008	13:34:00	5.448	0.27	236.74	23.0	0.0	38.0	19.0
22/4/2008	14:41:00	5.062	0.504	236.02	21.6	0.0	37.0	18.0
22/4/2008	14:42:00	5.136	0.12	235.52	22.2	0.0	38.0	18.0
22/4/2008	14:49:00	5.022	0.104	234.75	21.8	0.0	37.0	18.0
22/4/2008	14:50:00	5.312	0.116	234.61	22.8	0.0	37.0	17.0
22/4/2008	14:51:00	5.746	0.102	234.82	24.4	0.0	37.0	18.0
22/4/2008	14:52:00	5.12	0.122	236.22	22.0	0.0	37.0	18.0
22/4/2008	14:55:00	5.094	0.104	235.11	22.0	0.0	37.0	18.0
22/4/2008	14:56:00	5.124	0.202	234.62	22.2	0.0	36.0	17.0
22/4/2008	14:59:00	5.27	0.236	235.6	22.6	0.0	37.0	17.0
22/4/2008	15:01:00	5.808	0.228	234.2	24.8	0.0	37.0	18.0
22/4/2008	15:02:00	5.322	0.228	234.91	23.0	0.0	28.0	17.0
22/4/2008	15:04:00	5.054	0.238	235.34	21.8	0.0	38.0	18.0
22/4/2008	15:05:00	5.052	0.24	235.82	21.8	0.0	37.0	17.0
25/4/2008	13:20:00	5.41	0.512	236.81	23.0	38.0	3.0	18.0
25/4/2008	13:21:00	5.438	0.528	236.6	23.0	37.0	5.0	18.0
25/4/2008	13:22:00	5.418	0.522	236.58	23.0	38.0	4.0	18.0
25/4/2008	13:23:00	5.4	0.516	236.61	22.8	37.0	5.0	18.0
25/4/2008	13:24:00	5.322	0.51	236.36	22.6	37.0	3.0	17.0
25/4/2008	13:25:00	5.11	0.474	235.82	21.8	37.0	1.0	18.0
25/4/2008	13:26:00	5.08	0.45	235.33	21.6	37.0	0.0	18.0
25/4/2008	13:27:00	5.086	0.454	235.52	21.6	37.0	0.0	17.0
29/4/2008	10:40:00	5.396	0.0	231.8	23.4	36.0	39.0	9.0
29/4/2008	10:41:00	5.878	0.0	231.2	25.4	36.0	38.0	18.0
29/4/2008	10:42:00	5.756	0.0	230.88	24.8	35.0	39.0	17.0
29/4/2008	10:43:00	5.75	0.0	231.17	24.8	36.0	39.0	17.0
29/4/2008	10:44:00	5.822	0.0	232.25	25.0	36.0	39.0	18.0
29/4/2008	10:45:00	6.394	0.126	231.88	27.6	36.0	39.0	17.0
29/4/2008	10:46:00	7.222	0.338	231.46	31.2	35.0	39.0	17.0
29/4/2008	10:47:00	7.198	0.326	231.69	31.0	36.0	38.0	17.0
29/4/2008	10:48:00	7.194	0.334	231.39	31.0	36.0	39.0	17.0
29/4/2008	10:49:00	5.504	0.332	232.98	23.8	8.0	39.0	18.0
29/4/2008	10:50:00	5.806	0.322	232.83	25.2	11.0	39.0	17.0
29/4/2008	10:51:00	6.366	0.28	231.96	27.8	36.0	27.0	17.0
29/4/2008	11:06:00	5.28	0.418	233.11	22.6	36.0	1.0	17.0
29/4/2008	11:07:00	5.294	0.422	234.0	22.6	37.0	1.0	17.0
29/4/2008	12:00:00	5.684	0.0	236.32	24.2	37.0	28.0	18.0
29/4/2008	12:01:00	6.102	0.076	236.35	25.8	37.0	38.0	18.0
29/4/2008	12:02:00	6.992	0.0	234.91	30.0	37.0	51.0	17.0
29/4/2008	12:03:00	8.05	0.0	233.39	34.4	36.0	71.0	17.0
29/4/2008	12:04:00	7.59	0.0	233.82	32.6	36.0	64.0	18.0
29/4/2008	12:05:00	8.264	0.144	233.56	35.4	36.0	71.0	17.0
29/4/2008	12:06:00	6.124	0.264	235.75	26.6	10.0	66.0	18.0
29/4/2008	12:07:00	6.156	0.296	235.77	26.0	0.0	74.0	17.0
29/4/2008	12:08:00	5.566	0.318	236.42	23.8	0.0	66.0	18.0
29/4/2008	12:53:00	7.414	0.388	236.17	31.4	0.0	37.0	29.0
29/4/2008	12:54:00	7.178	0.388	236.58	30.4	0.0	37.0	26.0
29/4/2008	12:57:00	5.844	0.898	238.4	24.8	0.0	37.0	18.0
29/4/2008	12:58:00	5.826	0.904	238.3	24.6	0.0	38.0	18.0
29/4/2008	12:59:00	5.538	0.812	238.24	23.6	0.0	38.0	18.0
29/4/2008	13:01:00	5.532	0.846	236.88	23.6	0.0	35.0	18.0
29/4/2008	13:04:00	5.542	0.818	236.93	23.8	0.0	37.0	18.0
29/4/2008	13:05:00	5.234	0.706	237.74	22.4	0.0	38.0	18.0
29/4/2008	13:06:00	5.236	0.87	237.75	22.4	0.0	28.0	18.0
29/4/2008	13:07:00	5.01	0.832	237.69	21.6	0.0	24.0	18.0
29/4/2008	13:08:00	5.826	0.858	236.99	24.8	0.0	38.0	18.0
29/4/2008	13:09:00	5.446	0.854	237.51	23.2	0.0	32.0	18.0
29/4/2008	13:11:00	5.646	0.706	236.67	24.0	0.0	37.0	18.0
29/4/2008	13:21:00	5.202	0.698	237.87	22.4	0.0	28.0	18.0
29/4/2008	13:27:00	5.73	0.62	237.69	24.2	0.0	37.0	18.0
29/4/2008	13:45:00	5.43	0.464	239.04	22.8	0.0	36.0	18.0
29/4/2008	22:14:00	5.542	0.302	235.93	23.6	0.0	0.0	18.0
30/4/2008	02:04:00	5.038	0.134	236.06	21.2	37.0	0.0	18.0
2/5/2008	10:02:00	5.558	0.608	233.72	23.8	37.0	4.0	18.0
2/5/2008	10:07:00	5.264	0.436	232.79	22.6	36.0	1.0	17.0
2/5/2008	10:14:00	5.85	0.056	234.1	24.8	36.0	1.0	18.0
3/5/2008	10:26:00	5.166	0.572	235.22	22.0	38.0	1.0	17.0
3/5/2008	10:27:00	5.14	0.568	234.76	22.0	37.0	1.0	18.0
4/5/2008	18:41:00	6.292	0.32	235.5	26.8	38.0	29.0	18.0
4/5/2008	18:42:00	6.422	0.348	235.06	27.4	37.0	35.0	18.0
4/5/2008	18:46:00	6.576	0.318	236.65	27.8	38.0	36.0	18.0
4/5/2008	18:47:00	6.426	0.302	237.03	27.0	38.0	35.0	18.0
4/5/2008	18:48:00	6.502	0.422	236.57	27.4	38.0	38.0	18.0
4/5/2008	18:52:00	6.208	0.46	237.36	26.4	32.0	38.0	18.0
4/5/2008	18:53:00	6.264	0.436	237.14	26.6	38.0	32.0	18.0
4/5/2008	18:54:00	5.616	0.458	237.1	23.8	38.0	20.0	18.0
4/5/2008	18:58:00	6.462	0.496	236.26	27.4	38.0	37.0	18.0
4/5/2008	18:59:00	5.932	0.466	237.08	25.2	38.0	30.0	18.0
4/5/2008	19:00:00	5.314	0.488	237.5	22.6	35.0	22.0	18.0
4/5/2008	19:04:00	5.754	0.48	236.84	24.4	38.0	26.0	18.0
4/5/2008	19:05:00	5.95	0.454	236.56	25.2	38.0	25.0	17.0
4/5/2008	19:06:00	5.184	0.484	237.31	23.0	26.0	32.0	18.0
4/5/2008	19:10:00	6.298	0.454	234.59	26.8	37.0	37.0	18.0
4/5/2008	19:11:00	5.208	0.458	236.24	22.0	38.0	17.0	17.0
4/5/2008	19:15:00	5.01	0.346	236.88	21.2	32.0	18.0	18.0
4/5/2008	19:16:00	6.028	0.346	235.26	25.6	38.0	31.0	18.0
4/5/2008	19:17:00	5.29	0.34	235.69	22.4	37.0	20.0	18.0
4/5/2008	19:21:00	5.166	0.336	234.83	22.0	37.0	17.0	17.0
4/5/2008	19:22:00	6.106	0.228	233.71	26.2	37.0	31.0	18.0
5/5/2008	06:51:00	5.858	0.0	235.67	24.8	0.0	0.0	17.0
5/5/2008	06:52:00	5.404	0.0	235.38	22.8	0.0	0.0	18.0
6/5/2008	15:18:00	5.494	0.604	236.38	23.4	1.0	40.0	18.0
6/5/2008	15:19:00	5.532	0.61	236.27	23.6	1.0	41.0	18.0
6/5/2008	15:20:00	5.602	0.572	236.57	23.8	2.0	40.0	17.0
6/5/2008	15:21:00	5.554	0.512	236.72	23.6	1.0	41.0	18.0
6/5/2008	15:22:00	5.566	0.494	237.22	23.6	1.0	41.0	18.0
6/5/2008	15:23:00	5.568	0.478	237.5	23.4	1.0	41.0	18.0
6/5/2008	15:24:00	5.486	0.398	237.54	23.2	1.0	41.0	18.0
6/5/2008	15:25:00	5.496	0.416	237.8	23.2	1.0	41.0	18.0
6/5/2008	15:37:00	6.054	0.0	238.2	25.4	38.0	37.0	18.0
6/5/2008	15:38:00	5.38	0.0	238.73	22.8	37.0	32.0	18.0
6/5/2008	15:39:00	5.75	0.0	238.19	24.2	38.0	34.0	18.0
6/5/2008	15:40:00	5.538	0.0	238.22	23.4	38.0	34.0	18.0
6/5/2008	15:41:00	5.684	0.126	237.96	24.0	37.0	32.0	18.0
6/5/2008	15:42:00	5.904	0.146	237.89	24.8	37.0	37.0	18.0
6/5/2008	15:43:00	5.878	0.126	237.51	24.6	38.0	37.0	18.0
6/5/2008	15:44:00	5.866	0.144	237.17	24.6	37.0	37.0	18.0
6/5/2008	15:45:00	5.846	0.126	237.25	24.6	37.0	37.0	18.0
6/5/2008	15:46:00	6.252	0.246	236.36	26.6	37.0	36.0	17.0
6/5/2008	15:47:00	6.712	0.346	235.68	28.6	37.0	37.0	18.0
6/5/2008	15:48:00	7.294	0.5	235.45	31.0	36.0	36.0	18.0
6/5/2008	15:49:00	5.198	0.498	238.02	21.8	3.0	37.0	17.0
6/5/2008	15:50:00	5.236	0.568	237.62	22.2	0.0	38.0	18.0
6/5/2008	15:53:00	5.244	0.626	237.17	22.2	0.0	37.0	18.0
6/5/2008	16:53:00	5.076	0.204	234.26	22.0	0.0	59.0	17.0
6/5/2008	16:54:00	5.72	0.208	233.51	24.4	0.0	71.0	18.0
6/5/2008	16:55:00	5.72	0.186	233.11	24.6	0.0	71.0	17.0
6/5/2008	16:56:00	5.656	0.112	233.67	24.2	0.0	71.0	17.0
6/5/2008	16:57:00	5.662	0.1	233.72	24.2	0.0	71.0	18.0
6/5/2008	16:58:00	5.71	0.108	233.72	24.4	0.0	71.0	17.0
6/5/2008	16:59:00	5.718	0.096	232.68	24.4	0.0	71.0	17.0
6/5/2008	17:00:00	5.078	0.112	233.94	22.0	0.0	63.0	18.0
7/5/2008	06:47:00	5.228	0.068	233.67	22.4	0.0	2.0	17.0
7/5/2008	06:48:00	5.404	0.144	233.78	23.2	0.0	1.0	23.0
9/5/2008	19:24:00	5.31	0.444	237.96	22.4	38.0	0.0	18.0
9/5/2008	19:25:00	5.32	0.416	238.48	22.4	39.0	0.0	18.0
10/5/2008	16:00:00	5.842	0.434	234.83	25.0	69.0	0.0	17.0
10/5/2008	16:01:00	5.978	0.43	235.08	25.4	74.0	0.0	18.0
10/5/2008	16:05:00	6.166	0.502	235.06	26.4	65.0	0.0	28.0
10/5/2008	16:06:00	6.902	0.602	233.79	29.6	73.0	0.0	28.0
10/5/2008	16:07:00	6.846	0.594	233.61	29.6	72.0	0.0	28.0
10/5/2008	16:44:00	5.044	0.482	237.03	21.8	46.0	0.0	18.0
10/5/2008	16:45:00	6.448	0.466	235.4	27.4	74.0	0.0	18.0
10/5/2008	16:46:00	6.434	0.466	235.2	27.4	74.0	0.0	17.0
10/5/2008	16:50:00	5.78	0.468	235.34	25.0	60.0	0.0	18.0
10/5/2008	16:51:00	6.452	0.46	234.34	27.6	73.0	0.0	17.0
10/5/2008	16:52:00	6.4	0.462	234.76	27.2	73.0	0.0	18.0
10/5/2008	16:53:00	6.414	0.464	234.89	27.2	74.0	0.0	17.0
10/5/2008	16:54:00	6.396	0.462	234.67	27.2	73.0	0.0	18.0
10/5/2008	16:55:00	5.536	0.472	235.78	24.0	61.0	0.0	17.0
10/5/2008	23:11:00	5.152	0.072	237.52	21.8	0.0	0.0	0.0
10/5/2008	23:13:00	5.094	0.07	236.92	21.6	0.0	0.0	1.0
12/5/2008	10:26:00	5.604	0.048	235.26	24.0	37.0	31.0	18.0
12/5/2008	10:28:00	5.52	0.0	234.92	23.8	37.0	31.0	18.0
12/5/2008	10:35:00	5.326	0.08	233.34	23.2	37.0	25.0	18.0
12/5/2008	22:02:00	5.232	0.146	235.77	22.2	38.0	1.0	17.0
12/5/2008	22:03:00	5.14	0.138	235.16	21.8	36.0	1.0	18.0
12/5/2008	22:04:00	5.466	0.294	235.16	23.2	37.0	1.0	18.0
12/5/2008	22:05:00	5.414	0.312	234.55	23.0	37.0	2.0	17.0
12/5/2008	22:06:00	5.278	0.312	234.64	22.4	37.0	1.0	18.0
12/5/2008	22:07:00	5.288	0.312	234.54	22.6	36.0	1.0	17.0
12/5/2008	22:08:00	5.268	0.31	234.05	22.4	37.0	1.0	17.0
12/5/2008	22:09:00	5.332	0.312	234.32	22.8	36.0	1.0	18.0
13/5/2008	06:55:00	5.706	0.102	234.66	24.4	0.0	0.0	19.0
13/5/2008	06:56:00	5.714	0.152	234.33	24.4	0.0	0.0	18.0
13/5/2008	06:57:00	5.636	0.152	234.48	24.0	0.0	0.0	17.0
13/5/2008	15:02:00	5.132	0.518	236.38	22.0	32.0	4.0	18.0
13/5/2008	15:17:00	5.9	0.344	234.53	25.2	1.0	73.0	18.0
13/5/2008	15:18:00	6.748	0.656	233.81	29.2	2.0	63.0	17.0
13/5/2008	15:19:00	6.104	0.396	234.41	26.2	1.0	72.0	17.0
13/5/2008	15:20:00	5.91	0.328	235.02	25.0	1.0	73.0	18.0
13/5/2008	15:21:00	5.106	0.356	235.77	21.8	1.0	61.0	18.0
13/5/2008	15:22:00	5.524	0.33	235.46	23.6	1.0	63.0	17.0
13/5/2008	15:23:00	5.724	0.348	235.59	24.4	1.0	69.0	18.0
13/5/2008	15:27:00	5.974	0.636	234.37	25.8	1.0	69.0	1.0
13/5/2008	15:28:00	5.128	0.706	235.45	22.0	1.0	52.0	0.0
13/5/2008	16:41:00	5.554	0.09	234.87	23.6	0.0	66.0	18.0
13/5/2008	16:42:00	5.394	0.0	235.37	23.0	0.0	70.0	17.0
16/5/2008	13:57:00	5.144	0.658	234.53	22.0	36.0	1.0	17.0
16/5/2008	13:58:00	5.18	0.662	235.49	22.2	37.0	2.0	18.0
16/5/2008	13:59:00	5.164	0.664	235.29	22.0	37.0	1.0	17.0
16/5/2008	14:00:00	5.164	0.666	235.24	22.0	37.0	1.0	18.0
16/5/2008	14:03:00	5.67	0.34	234.17	24.4	36.0	30.0	18.0
16/5/2008	14:04:00	5.766	0.352	233.12	24.8	37.0	36.0	17.0
16/5/2008	14:17:00	6.102	0.322	232.07	26.4	1.0	33.0	17.0
16/5/2008	14:18:00	5.222	0.242	232.98	22.4	1.0	17.0	17.0
16/5/2008	14:19:00	5.378	0.202	232.08	23.8	1.0	35.0	17.0
16/5/2008	14:32:00	5.282	0.13	232.76	22.8	36.0	29.0	17.0
16/5/2008	14:37:00	5.236	0.228	233.26	22.6	37.0	26.0	17.0
16/5/2008	14:39:00	5.012	0.228	233.53	22.0	35.0	25.0	18.0
16/5/2008	20:59:00	5.314	0.362	236.02	22.6	38.0	0.0	18.0
16/5/2008	21:00:00	6.542	0.492	234.97	28.0	37.0	0.0	18.0
16/5/2008	21:01:00	5.584	0.494	236.15	24.2	23.0	0.0	17.0
16/5/2008	21:05:00	5.182	0.316	236.03	22.0	35.0	0.0	18.0
17/5/2008	21:45:00	5.874	0.298	233.93	25.0	37.0	1.0	28.0
17/5/2008	21:46:00	5.502	0.268	233.98	23.4	37.0	1.0	28.0
17/5/2008	21:47:00	5.494	0.27	233.9	23.4	36.0	2.0	28.0
17/5/2008	21:48:00	5.066	0.218	234.74	21.6	37.0	1.0	22.0
17/5/2008	21:59:00	5.004	0.162	235.54	21.2	37.0	1.0	18.0
17/5/2008	23:16:00	5.282	0.18	236.14	22.2	37.0	0.0	18.0
17/5/2008	23:17:00	5.254	0.18	235.54	22.2	37.0	0.0	18.0
17/5/2008	23:18:00	5.264	0.182	235.86	22.2	37.0	0.0	17.0
17/5/2008	23:19:00	5.282	0.18	236.51	22.2	38.0	0.0	18.0
17/5/2008	23:20:00	5.266	0.18	236.15	22.2	37.0	0.0	18.0
17/5/2008	23:21:00	5.27	0.18	236.36	22.2	37.0	0.0	18.0
17/5/2008	23:30:00	5.18	0.176	233.87	22.0	36.0	0.0	17.0
17/5/2008	23:35:00	5.176	0.172	233.95	22.0	36.0	0.0	17.0
17/5/2008	23:36:00	5.21	0.17	233.72	22.2	36.0	0.0	17.0
17/5/2008	23:37:00	5.244	0.172	234.14	22.4	37.0	0.0	18.0
17/5/2008	23:38:00	5.9	0.12	234.51	25.2	36.0	0.0	17.0
17/5/2008	23:39:00	5.694	0.084	234.63	24.4	37.0	0.0	18.0
17/5/2008	23:40:00	5.044	0.054	235.81	21.6	34.0	0.0	17.0
18/5/2008	20:30:00	6.76	0.236	234.9	29.8	2.0	52.0	28.0
18/5/2008	20:31:00	7.782	0.28	234.42	33.4	1.0	72.0	27.0
18/5/2008	20:32:00	7.608	0.25	234.4	32.8	1.0	63.0	28.0
18/5/2008	20:33:00	7.496	0.252	234.34	32.0	1.0	72.0	28.0
18/5/2008	20:34:00	7.34	0.18	233.02	31.4	1.0	71.0	24.0
18/5/2008	20:35:00	5.3	0.054	235.85	22.8	1.0	46.0	18.0
18/5/2008	20:36:00	7.032	0.0	233.97	30.0	34.0	36.0	17.0
18/5/2008	20:37:00	7.13	0.048	234.11	30.4	37.0	36.0	17.0
18/5/2008	20:38:00	7.108	0.0	234.1	30.4	36.0	37.0	18.0
18/5/2008	20:39:00	7.014	0.052	234.38	29.8	37.0	36.0	17.0
18/5/2008	20:40:00	7.004	0.0	234.17	29.8	36.0	37.0	18.0
18/5/2008	20:41:00	7.0	0.0	233.81	29.8	37.0	36.0	17.0
18/5/2008	20:42:00	7.02	0.0	234.16	30.0	36.0	36.0	18.0
18/5/2008	20:43:00	6.998	0.068	233.79	29.8	37.0	37.0	17.0
18/5/2008	20:44:00	7.004	0.05	233.55	30.0	36.0	36.0	17.0
18/5/2008	20:45:00	7.06	0.072	234.34	30.0	37.0	37.0	18.0
18/5/2008	20:46:00	6.99	0.054	233.71	29.8	36.0	36.0	17.0
18/5/2008	20:47:00	6.342	0.076	235.23	27.2	27.0	37.0	18.0
18/5/2008	21:20:00	5.58	0.21	234.14	24.0	23.0	31.0	18.0
18/5/2008	21:21:00	5.99	0.214	232.55	25.8	36.0	24.0	17.0
18/5/2008	21:22:00	6.524	0.192	232.88	28.0	36.0	32.0	17.0
18/5/2008	21:23:00	6.164	0.226	235.13	26.2	36.0	23.0	18.0
18/5/2008	21:24:00	6.75	0.232	234.9	28.8	37.0	33.0	17.0
18/5/2008	21:25:00	6.414	0.27	235.57	27.2	37.0	21.0	18.0
18/5/2008	21:26:00	6.72	0.338	234.88	28.8	36.0	31.0	17.0
18/5/2008	21:27:00	6.272	0.248	235.68	26.6	37.0	22.0	18.0
18/5/2008	21:28:00	6.608	0.268	235.97	28.2	37.0	30.0	18.0
18/5/2008	21:29:00	6.488	0.268	236.7	27.4	37.0	26.0	17.0
18/5/2008	21:30:00	6.116	0.22	236.61	25.8	37.0	21.0	18.0
18/5/2008	21:31:00	6.572	0.11	236.54	27.8	37.0	30.0	18.0
18/5/2008	21:32:00	5.79	0.096	236.64	24.4	37.0	16.0	18.0
18/5/2008	21:33:00	5.766	0.114	236.93	25.2	29.0	27.0	18.0
20/5/2008	06:54:00	5.278	0.32	238.99	22.2	0.0	1.0	19.0
20/5/2008	10:57:00	5.886	0.058	232.43	25.4	33.0	37.0	18.0
20/5/2008	10:58:00	5.918	0.058	232.32	25.4	36.0	36.0	18.0
20/5/2008	10:59:00	5.688	0.058	232.77	24.6	36.0	35.0	17.0
20/5/2008	12:09:00	5.43	0.312	233.29	23.6	1.0	35.0	17.0
20/5/2008	12:10:00	7.104	0.532	232.19	31.0	2.0	48.0	17.0
20/5/2008	12:11:00	8.07	0.518	230.26	35.2	1.0	68.0	17.0
20/5/2008	12:12:00	7.042	0.534	230.9	30.8	9.0	62.0	17.0
20/5/2008	12:13:00	8.892	0.5	228.89	38.8	35.0	68.0	17.0
20/5/2008	12:14:00	8.908	0.518	229.01	39.0	35.0	68.0	16.0
20/5/2008	12:15:00	8.944	0.502	229.75	39.0	36.0	68.0	17.0
20/5/2008	12:16:00	8.934	0.516	229.54	39.0	35.0	69.0	17.0
20/5/2008	12:17:00	8.932	0.5	229.75	38.8	36.0	68.0	17.0
20/5/2008	12:18:00	8.928	0.514	229.7	38.8	35.0	69.0	17.0
20/5/2008	12:19:00	8.67	0.502	230.05	37.8	36.0	66.0	16.0
20/5/2008	12:20:00	8.334	0.522	230.99	36.4	36.0	56.0	17.0
20/5/2008	12:21:00	8.916	0.482	229.95	38.8	36.0	68.0	17.0
20/5/2008	12:22:00	8.846	0.394	230.03	38.4	35.0	69.0	17.0
20/5/2008	12:23:00	8.688	0.36	230.32	37.8	35.0	67.0	17.0
20/5/2008	12:24:00	5.766	0.162	233.71	25.0	36.0	32.0	17.0
23/5/2008	06:28:00	5.196	0.0	233.9	22.4	0.0	0.0	18.0
24/5/2008	21:53:00	5.762	0.488	233.3	24.8	37.0	2.0	28.0
24/5/2008	21:54:00	6.052	0.504	233.53	26.0	36.0	1.0	28.0
24/5/2008	21:55:00	5.822	0.502	233.6	25.0	37.0	2.0	28.0
24/5/2008	21:56:00	5.424	0.468	234.26	23.2	36.0	1.0	28.0
25/5/2008	11:47:00	5.168	0.17	233.36	22.4	37.0	22.0	18.0
25/5/2008	11:48:00	5.92	0.15	232.23	25.4	36.0	38.0	17.0
25/5/2008	11:49:00	5.976	0.146	233.18	25.6	37.0	37.0	17.0
25/5/2008	11:50:00	6.022	0.148	234.12	25.6	37.0	38.0	18.0
25/5/2008	11:51:00	5.968	0.142	232.97	25.6	37.0	38.0	17.0
25/5/2008	11:52:00	5.95	0.14	232.52	25.6	37.0	37.0	17.0
25/5/2008	11:53:00	5.944	0.14	232.52	25.4	37.0	38.0	17.0
25/5/2008	11:54:00	5.998	0.144	233.69	25.6	37.0	37.0	18.0
25/5/2008	12:16:00	5.082	0.398	234.94	22.0	37.0	24.0	17.0
25/5/2008	13:32:00	6.054	0.228	235.53	25.6	0.0	72.0	19.0
25/5/2008	13:33:00	6.006	0.206	234.92	25.4	0.0	72.0	18.0
25/5/2008	13:34:00	5.972	0.222	234.42	25.4	0.0	72.0	18.0
25/5/2008	13:35:00	6.538	0.194	233.12	28.2	0.0	71.0	17.0
25/5/2008	13:36:00	6.284	0.224	233.61	27.0	0.0	72.0	18.0
25/5/2008	13:37:00	5.978	0.2	234.42	25.4	0.0	71.0	17.0
25/5/2008	13:38:00	5.986	0.218	234.23	25.4	0.0	72.0	18.0
25/5/2008	13:39:00	5.964	0.2	234.32	25.4	0.0	72.0	17.0
25/5/2008	19:37:00	5.776	0.392	233.55	24.8	37.0	37.0	1.0
25/5/2008	19:38:00	5.744	0.392	233.89	24.6	36.0	38.0	1.0
25/5/2008	19:42:00	5.34	0.39	233.01	23.4	22.0	37.0	0.0
25/5/2008	19:43:00	6.152	0.384	232.91	26.4	36.0	37.0	1.0
25/5/2008	19:59:00	5.156	0.546	234.01	22.6	24.0	3.0	18.0
25/5/2008	20:57:00	5.022	0.0	233.04	21.8	37.0	24.0	0.0
25/5/2008	20:58:00	5.316	0.0	232.56	22.8	36.0	36.0	1.0
25/5/2008	20:59:00	5.682	0.0	232.11	24.4	35.0	35.0	0.0
25/5/2008	21:00:00	5.164	0.0	232.88	22.6	23.0	36.0	1.0
25/5/2008	22:06:00	5.604	0.312	233.58	24.2	31.0	2.0	18.0
25/5/2008	22:09:00	5.302	0.356	233.22	22.8	36.0	1.0	23.0
25/5/2008	22:10:00	5.544	0.378	232.71	23.8	36.0	1.0	28.0
25/5/2008	22:11:00	5.556	0.384	233.03	23.8	36.0	1.0	28.0
25/5/2008	22:12:00	5.506	0.38	232.61	23.6	36.0	1.0	28.0
25/5/2008	22:13:00	5.56	0.382	233.0	23.8	37.0	2.0	28.0
25/5/2008	22:14:00	5.57	0.378	232.5	24.0	35.0	1.0	28.0
25/5/2008	22:15:00	5.136	0.34	234.04	22.0	37.0	1.0	22.0
25/5/2008	22:16:00	5.186	0.29	233.84	22.2	36.0	1.0	17.0
25/5/2008	22:17:00	5.224	0.226	233.72	22.4	36.0	2.0	18.0
25/5/2008	22:18:00	5.236	0.208	234.62	22.2	36.0	2.0	17.0
25/5/2008	22:19:00	5.458	0.254	235.2	23.4	35.0	11.0	18.0
25/5/2008	22:24:00	5.226	0.368	236.24	22.4	0.0	30.0	18.0
27/5/2008	15:59:00	6.124	0.7	234.91	26.6	0.0	58.0	18.0
27/5/2008	16:00:00	6.054	0.716	235.88	26.2	0.0	60.0	18.0
27/5/2008	16:01:00	6.756	0.69	234.82	29.0	0.0	69.0	17.0
27/5/2008	16:02:00	6.204	0.816	235.86	27.0	0.0	62.0	18.0
27/5/2008	16:03:00	5.48	0.838	236.58	23.8	0.0	45.0	18.0
27/5/2008	16:04:00	6.394	0.84	235.2	27.8	0.0	65.0	17.0
27/5/2008	16:05:00	5.334	0.532	237.06	22.6	0.0	37.0	18.0
27/5/2008	16:06:00	5.404	0.536	237.02	22.8	0.0	37.0	18.0
27/5/2008	16:07:00	5.436	0.592	236.58	23.0	0.0	37.0	18.0
27/5/2008	16:08:00	7.044	0.59	235.01	30.2	0.0	64.0	17.0
27/5/2008	16:09:00	5.382	0.592	236.74	22.8	0.0	37.0	18.0
27/5/2008	16:10:00	5.324	0.61	236.58	22.6	0.0	37.0	18.0
27/5/2008	16:11:00	5.28	0.658	236.65	22.4	0.0	38.0	18.0
27/5/2008	16:59:00	5.72	0.248	235.52	24.4	0.0	64.0	17.0
27/5/2008	17:00:00	5.526	0.25	235.41	23.8	0.0	64.0	18.0
27/5/2008	17:01:00	5.978	0.23	234.4	25.4	0.0	72.0	17.0
27/5/2008	17:02:00	5.526	0.25	235.39	23.8	0.0	64.0	18.0
27/5/2008	17:03:00	6.034	0.236	235.56	25.6	0.0	73.0	17.0
27/5/2008	17:04:00	6.034	0.248	234.74	25.6	0.0	72.0	18.0
27/5/2008	17:05:00	5.198	0.24	235.76	22.4	0.0	59.0	18.0
27/5/2008	17:08:00	6.136	0.35	235.52	26.0	0.0	73.0	18.0
30/5/2008	09:38:00	5.086	0.0	232.27	22.2	0.0	60.0	17.0
30/5/2008	11:05:00	5.21	0.56	231.89	22.6	0.0	35.0	18.0
30/5/2008	11:06:00	5.008	0.456	231.89	21.8	0.0	34.0	17.0
30/5/2008	11:07:00	5.526	0.204	231.47	24.0	0.0	35.0	17.0
30/5/2008	11:25:00	6.216	0.0	234.14	26.4	0.0	33.0	17.0
31/5/2008	13:51:00	5.49	0.226	236.58	23.4	37.0	27.0	18.0
31/5/2008	13:52:00	6.008	0.234	236.61	25.4	38.0	36.0	18.0
31/5/2008	13:53:00	5.49	0.226	236.93	23.4	37.0	28.0	18.0
31/5/2008	13:54:00	6.008	0.236	236.89	25.4	38.0	36.0	18.0
31/5/2008	13:55:00	6.01	0.236	237.06	25.4	37.0	36.0	17.0
31/5/2008	13:56:00	6.004	0.238	236.93	25.4	37.0	36.0	18.0
31/5/2008	13:57:00	6.032	0.266	236.87	25.4	38.0	36.0	18.0
31/5/2008	13:58:00	6.044	0.35	236.06	25.6	37.0	37.0	18.0
31/5/2008	13:59:00	6.018	0.338	235.63	25.6	37.0	37.0	17.0
31/5/2008	14:00:00	5.958	0.332	234.14	25.4	36.0	37.0	18.0
31/5/2008	14:01:00	5.926	0.324	233.57	25.4	37.0	36.0	17.0
31/5/2008	14:02:00	5.764	0.294	234.5	24.8	34.0	37.0	18.0
3/6/2008	19:36:00	5.03	0.36	230.86	21.8	36.0	3.0	1.0
3/6/2008	19:37:00	5.038	0.4	230.24	21.8	36.0	5.0	0.0
3/6/2008	19:38:00	5.09	0.436	231.18	22.0	37.0	4.0	1.0
3/6/2008	20:09:00	5.336	0.372	231.09	23.6	36.0	0.0	17.0
3/6/2008	20:21:00	6.384	0.664	229.93	27.8	36.0	1.0	16.0
3/6/2008	20:24:00	5.234	0.556	230.12	23.4	1.0	1.0	16.0
3/6/2008	20:26:00	6.178	0.348	228.26	27.2	35.0	1.0	17.0
3/6/2008	20:27:00	6.758	0.338	227.29	29.6	35.0	2.0	16.0
3/6/2008	20:28:00	5.396	0.31	229.19	23.8	13.0	1.0	17.0
3/6/2008	20:31:00	6.442	0.318	227.28	28.6	26.0	1.0	16.0
3/6/2008	20:32:00	6.586	0.362	226.95	29.2	33.0	2.0	16.0
3/6/2008	20:36:00	5.014	0.342	230.23	21.8	1.0	2.0	17.0
3/6/2008	22:49:00	5.04	0.346	231.66	22.0	0.0	68.0	0.0
3/6/2008	22:50:00	5.724	0.304	232.46	24.8	2.0	67.0	1.0
3/6/2008	22:51:00	6.114	0.194	232.04	26.2	1.0	72.0	0.0
3/6/2008	22:52:00	5.554	0.186	232.35	24.0	1.0	72.0	1.0
3/6/2008	22:53:00	5.246	0.246	232.36	22.6	1.0	72.0	1.0
3/6/2008	22:54:00	5.338	0.236	232.38	23.0	1.0	71.0	0.0
3/6/2008	22:55:00	5.528	0.246	232.04	23.8	2.0	72.0	1.0
3/6/2008	22:56:00	5.618	0.224	231.81	24.2	1.0	72.0	0.0
3/6/2008	22:57:00	5.54	0.254	231.74	23.8	1.0	72.0	1.0
3/6/2008	22:58:00	5.578	0.224	231.65	24.0	1.0	71.0	1.0
3/6/2008	23:11:00	5.26	0.294	230.77	22.8	36.0	36.0	1.0
3/6/2008	23:12:00	5.256	0.276	230.73	22.8	35.0	36.0	0.0
3/6/2008	23:14:00	5.176	0.276	231.54	22.4	36.0	34.0	1.0
3/6/2008	23:15:00	5.316	0.308	231.43	23.0	36.0	37.0	0.0
4/6/2008	06:48:00	5.48	0.176	228.26	24.0	0.0	0.0	16.0
4/6/2008	06:50:00	5.216	0.076	228.92	22.8	0.0	0.0	17.0
4/6/2008	07:06:00	5.672	0.0	226.48	25.2	0.0	65.0	17.0
4/6/2008	07:07:00	5.026	0.0	227.33	22.4	0.0	59.0	16.0
4/6/2008	07:08:00	5.508	0.0	226.49	24.2	0.0	67.0	17.0
4/6/2008	07:09:00	5.56	0.078	226.2	24.4	0.0	67.0	16.0
4/6/2008	07:10:00	5.568	0.086	226.3	24.6	0.0	67.0	16.0
4/6/2008	07:11:00	5.58	0.076	226.54	24.6	0.0	68.0	16.0
4/6/2008	07:12:00	5.59	0.084	226.71	24.6	0.0	67.0	17.0
4/6/2008	07:13:00	5.584	0.076	226.78	24.6	0.0	68.0	16.0
4/6/2008	07:14:00	5.294	0.09	228.07	23.4	0.0	64.0	17.0
4/6/2008	07:16:00	5.206	0.09	227.88	23.0	0.0	62.0	17.0
6/6/2008	20:33:00	5.964	0.452	235.66	25.4	37.0	0.0	17.0
6/6/2008	20:34:00	5.904	0.444	235.91	25.0	37.0	0.0	18.0
6/6/2008	20:35:00	5.806	0.45	236.53	24.6	37.0	0.0	18.0
6/6/2008	20:36:00	5.474	0.49	236.74	23.4	32.0	0.0	17.0
7/6/2008	12:58:00	5.206	0.406	232.25	22.6	0.0	36.0	28.0
7/6/2008	13:27:00	5.176	0.136	234.98	22.0	1.0	35.0	17.0
7/6/2008	13:30:00	5.194	0.12	235.46	22.4	20.0	36.0	18.0
7/6/2008	13:31:00	5.532	0.11	235.01	23.6	37.0	27.0	17.0
7/6/2008	13:32:00	5.356	0.12	236.7	22.6	37.0	22.0	18.0
7/6/2008	13:33:00	6.022	0.108	235.61	25.6	37.0	35.0	18.0
7/6/2008	13:35:00	5.94	0.06	233.95	25.4	37.0	34.0	18.0
7/6/2008	13:36:00	5.352	0.0	234.0	23.0	36.0	26.0	17.0
7/6/2008	13:37:00	5.208	0.0	233.83	22.4	37.0	22.0	18.0
7/6/2008	13:38:00	5.402	0.0	233.64	23.2	36.0	29.0	17.0
7/6/2008	13:40:00	5.564	0.0	233.29	24.0	36.0	32.0	18.0
7/6/2008	20:03:00	5.22	0.528	232.65	22.6	37.0	0.0	22.0
8/6/2008	19:53:00	5.438	0.356	233.85	23.6	37.0	0.0	17.0
8/6/2008	19:55:00	5.282	0.286	233.48	22.8	37.0	0.0	17.0
8/6/2008	21:40:00	5.01	0.15	237.89	21.8	0.0	38.0	18.0
8/6/2008	21:41:00	6.878	0.158	235.67	29.2	0.0	73.0	17.0
8/6/2008	21:42:00	6.474	0.136	235.9	27.6	0.0	64.0	18.0
8/6/2008	21:43:00	7.028	0.16	234.83	29.8	0.0	73.0	18.0
8/6/2008	21:44:00	7.578	0.188	233.27	32.4	0.0	71.0	17.0
8/6/2008	21:45:00	7.204	0.176	234.04	30.8	0.0	72.0	17.0
8/6/2008	21:46:00	6.962	0.132	234.92	29.6	0.0	72.0	18.0
8/6/2008	21:47:00	6.956	0.15	235.32	29.4	0.0	73.0	17.0
8/6/2008	21:48:00	6.962	0.14	235.24	29.6	0.0	73.0	18.0
8/6/2008	21:49:00	6.838	0.05	235.1	29.0	0.0	73.0	18.0
8/6/2008	21:50:00	6.26	0.0	235.65	26.8	0.0	71.0	17.0
9/6/2008	08:15:00	5.042	0.232	234.07	21.8	24.0	37.0	17.0
9/6/2008	08:16:00	5.582	0.14	233.09	23.8	37.0	36.0	17.0
9/6/2008	08:17:00	5.562	0.098	233.35	23.8	36.0	36.0	18.0
9/6/2008	08:18:00	5.6	0.118	233.13	24.0	36.0	36.0	17.0
9/6/2008	08:19:00	5.428	0.1	233.67	23.2	37.0	33.0	17.0
9/6/2008	08:21:00	5.612	0.098	233.63	24.0	37.0	37.0	17.0
9/6/2008	08:22:00	5.582	0.116	233.74	23.8	36.0	36.0	18.0
9/6/2008	08:23:00	5.564	0.098	233.39	23.8	36.0	36.0	17.0
9/6/2008	08:25:00	5.024	0.144	233.04	21.6	36.0	25.0	18.0
9/6/2008	08:26:00	5.14	0.21	232.91	22.4	30.0	37.0	17.0
9/6/2008	22:28:00	5.168	0.122	235.25	22.0	37.0	1.0	18.0
9/6/2008	22:29:00	5.388	0.382	235.27	23.0	37.0	2.0	17.0
9/6/2008	22:30:00	5.636	0.44	235.02	24.0	37.0	1.0	18.0
9/6/2008	22:31:00	5.95	0.494	234.43	25.4	37.0	1.0	17.0
9/6/2008	22:32:00	5.964	0.424	234.38	25.4	36.0	1.0	18.0
9/6/2008	22:33:00	5.904	0.336	234.66	25.2	37.0	0.0	17.0
9/6/2008	22:34:00	6.014	0.314	234.56	25.6	37.0	0.0	18.0
9/6/2008	22:35:00	5.724	0.328	234.86	24.4	36.0	0.0	17.0
9/6/2008	22:36:00	5.65	0.366	234.72	24.0	37.0	0.0	18.0
13/6/2008	06:54:00	5.02	0.0	234.41	21.4	0.0	0.0	17.0
13/6/2008	14:33:00	5.184	0.114	234.11	22.4	0.0	64.0	18.0
13/6/2008	22:20:00	5.374	0.192	236.26	22.8	37.0	0.0	18.0
13/6/2008	22:21:00	5.486	0.19	236.35	23.2	37.0	0.0	18.0
13/6/2008	22:22:00	5.144	0.2	236.82	21.8	35.0	0.0	18.0
14/6/2008	07:04:00	5.148	0.208	233.18	22.2	0.0	0.0	17.0
14/6/2008	12:53:00	5.58	0.474	234.17	24.0	0.0	2.0	18.0
14/6/2008	12:54:00	5.544	0.326	234.63	23.6	0.0	1.0	17.0
14/6/2008	12:55:00	5.098	0.296	235.44	22.2	0.0	1.0	18.0
14/6/2008	19:58:00	5.478	0.424	236.36	23.2	38.0	2.0	1.0
14/6/2008	19:59:00	5.444	0.422	235.74	23.0	37.0	1.0	0.0
15/6/2008	12:27:00	5.394	0.238	234.19	23.4	37.0	21.0	17.0
15/6/2008	12:28:00	6.2	0.23	233.38	26.4	37.0	37.0	18.0
15/6/2008	12:29:00	6.226	0.232	233.89	26.6	37.0	37.0	17.0
15/6/2008	12:30:00	6.252	0.232	234.39	26.6	38.0	37.0	18.0
15/6/2008	12:31:00	6.216	0.23	233.73	26.6	37.0	37.0	17.0
15/6/2008	12:32:00	6.224	0.23	233.96	26.6	37.0	37.0	17.0
15/6/2008	12:35:00	5.588	0.31	232.94	24.4	36.0	23.0	18.0
15/6/2008	13:21:00	5.222	0.602	236.23	22.6	57.0	1.0	18.0
15/6/2008	13:25:00	6.12	0.43	235.29	26.0	74.0	1.0	17.0
15/6/2008	13:26:00	6.164	0.438	236.07	26.0	75.0	1.0	18.0
15/6/2008	13:29:00	5.23	0.552	236.69	22.6	56.0	1.0	18.0
15/6/2008	13:40:00	6.17	0.372	237.16	26.0	75.0	2.0	18.0
15/6/2008	13:41:00	5.89	0.304	237.7	25.0	74.0	1.0	17.0
15/6/2008	13:45:00	6.048	0.396	236.23	25.6	75.0	2.0	17.0
15/6/2008	13:46:00	6.012	0.392	235.32	25.6	74.0	1.0	18.0
15/6/2008	13:47:00	6.04	0.396	236.05	25.6	74.0	1.0	18.0
15/6/2008	13:48:00	6.018	0.394	235.8	25.4	75.0	1.0	17.0
15/6/2008	13:49:00	6.006	0.392	235.61	25.4	74.0	1.0	18.0
15/6/2008	13:50:00	6.016	0.394	235.88	25.4	74.0	1.0	18.0
15/6/2008	13:51:00	6.006	0.392	235.67	25.4	74.0	2.0	17.0
15/6/2008	13:52:00	5.996	0.392	235.55	25.4	74.0	1.0	18.0
15/6/2008	13:53:00	6.012	0.394	235.9	25.4	74.0	1.0	18.0
15/6/2008	18:04:00	5.49	0.198	234.07	23.8	28.0	39.0	17.0
15/6/2008	18:58:00	5.512	0.222	235.49	23.4	0.0	72.0	1.0
15/6/2008	18:59:00	5.57	0.268	234.92	23.6	0.0	72.0	0.0
15/6/2008	19:03:00	5.026	0.272	235.52	21.6	0.0	63.0	1.0
15/6/2008	20:14:00	5.02	0.11	236.22	21.2	0.0	71.0	1.0
15/6/2008	20:16:00	5.284	0.186	235.99	22.4	0.0	70.0	3.0
15/6/2008	20:17:00	5.236	0.25	236.08	22.4	0.0	63.0	10.0
15/6/2008	20:18:00	5.278	0.428	235.91	22.6	0.0	60.0	12.0
15/6/2008	20:19:00	5.356	0.424	235.92	22.8	0.0	63.0	11.0
15/6/2008	21:12:00	5.014	0.31	239.66	21.2	0.0	33.0	19.0
16/6/2008	21:52:00	5.29	0.318	237.48	22.2	38.0	2.0	18.0
16/6/2008	21:53:00	5.14	0.29	237.27	21.6	38.0	1.0	18.0
16/6/2008	21:54:00	5.146	0.288	236.86	21.6	37.0	2.0	17.0
16/6/2008	21:55:00	5.144	0.298	236.43	21.8	37.0	1.0	18.0
16/6/2008	21:56:00	5.246	0.48	236.51	22.2	37.0	1.0	18.0
16/6/2008	21:57:00	5.29	0.442	236.51	22.4	38.0	2.0	18.0
16/6/2008	21:58:00	5.184	0.436	236.46	22.0	37.0	1.0	18.0
18/6/2008	16:06:00	5.906	0.196	236.42	25.4	17.0	72.0	0.0
18/6/2008	16:23:00	5.452	0.474	235.01	23.4	38.0	35.0	1.0
18/6/2008	16:29:00	5.042	0.626	236.4	21.4	38.0	38.0	1.0
18/6/2008	16:34:00	5.548	0.686	237.0	23.6	38.0	35.0	12.0
18/6/2008	19:11:00	5.134	0.492	237.21	21.8	38.0	0.0	19.0
18/6/2008	19:32:00	5.008	0.686	235.83	21.4	38.0	0.0	17.0
19/6/2008	19:38:00	7.016	1.09	233.2	30.4	37.0	0.0	17.0
19/6/2008	19:39:00	7.052	1.016	233.55	30.6	37.0	0.0	18.0
19/6/2008	19:40:00	7.52	0.83	233.36	32.4	37.0	0.0	17.0
19/6/2008	19:41:00	5.89	0.638	236.44	25.2	38.0	0.0	18.0
19/6/2008	19:42:00	5.436	0.512	237.44	23.2	38.0	0.0	18.0
19/6/2008	19:43:00	6.084	0.652	236.41	26.0	38.0	0.0	17.0
19/6/2008	19:44:00	6.13	0.652	236.93	26.0	38.0	0.0	18.0
19/6/2008	21:18:00	5.132	0.072	234.58	22.0	37.0	0.0	18.0
20/6/2008	06:58:00	5.64	0.054	233.42	24.2	0.0	0.0	17.0
20/6/2008	19:04:00	5.454	0.364	234.89	24.2	0.0	44.0	29.0
20/6/2008	19:05:00	5.048	0.24	234.65	21.6	0.0	57.0	19.0
20/6/2008	19:06:00	5.034	0.0	234.75	21.4	0.0	60.0	18.0
20/6/2008	19:34:00	5.208	0.644	236.18	22.4	37.0	5.0	18.0
20/6/2008	19:35:00	5.212	0.788	236.81	22.4	37.0	5.0	18.0
20/6/2008	19:36:00	5.992	1.036	235.56	25.8	38.0	2.0	18.0
20/6/2008	19:37:00	5.958	0.956	235.68	25.6	37.0	2.0	17.0
20/6/2008	19:38:00	5.948	0.874	235.73	25.4	37.0	1.0	18.0
20/6/2008	19:39:00	5.958	0.868	234.79	25.6	36.0	2.0	17.0
20/6/2008	19:40:00	5.186	0.684	236.25	22.4	38.0	1.0	18.0
21/6/2008	14:21:00	5.992	0.25	234.49	26.0	0.0	61.0	17.0
21/6/2008	14:22:00	6.368	0.21	234.26	27.2	0.0	71.0	18.0
21/6/2008	14:23:00	5.738	0.214	234.61	24.4	0.0	68.0	17.0
21/6/2008	14:25:00	5.926	0.206	233.92	25.2	0.0	70.0	17.0
21/6/2008	14:27:00	5.728	0.21	234.52	24.4	0.0	66.0	17.0
21/6/2008	15:58:00	5.568	0.096	235.29	24.0	0.0	60.0	17.0
21/6/2008	15:59:00	5.148	0.122	235.86	21.8	0.0	57.0	18.0
21/6/2008	16:00:00	5.584	0.096	235.7	23.8	0.0	62.0	18.0
21/6/2008	16:01:00	5.254	0.122	236.38	22.2	0.0	59.0	17.0
21/6/2008	16:02:00	5.216	0.13	236.38	22.2	0.0	55.0	18.0
21/6/2008	16:03:00	5.55	0.214	235.84	23.6	0.0	62.0	18.0
21/6/2008	16:04:00	5.024	0.192	236.51	21.4	0.0	54.0	17.0
21/6/2008	16:05:00	5.34	0.216	236.21	22.6	0.0	61.0	18.0
23/6/2008	22:13:00	5.43	0.168	233.54	23.2	37.0	0.0	25.0
23/6/2008	22:14:00	5.568	0.186	233.43	23.8	36.0	0.0	28.0
23/6/2008	22:15:00	5.586	0.184	233.19	23.8	36.0	0.0	29.0
23/6/2008	22:16:00	5.662	0.258	233.06	24.2	36.0	0.0	28.0
24/6/2008	11:36:00	5.58	0.23	231.86	24.0	36.0	32.0	17.0
24/6/2008	11:37:00	5.646	0.23	231.1	24.4	36.0	36.0	17.0
24/6/2008	14:11:00	5.246	0.184	231.88	23.2	0.0	58.0	17.0
24/6/2008	14:12:00	5.746	0.182	231.11	24.8	0.0	70.0	17.0
24/6/2008	14:13:00	5.33	0.16	231.56	23.2	0.0	63.0	17.0
24/6/2008	14:14:00	5.798	0.182	231.36	25.0	0.0	70.0	17.0
24/6/2008	14:15:00	5.594	0.166	231.76	24.2	0.0	71.0	15.0
26/6/2008	06:56:00	5.428	0.0	233.15	23.4	0.0	0.0	17.0
26/6/2008	06:57:00	5.322	0.0	232.42	22.8	0.0	0.0	17.0
27/6/2008	18:26:00	6.274	0.232	233.94	26.8	38.0	34.0	17.0
27/6/2008	18:29:00	5.212	0.246	235.22	22.6	17.0	37.0	17.0
27/6/2008	18:30:00	6.306	0.236	233.89	26.8	36.0	36.0	18.0
27/6/2008	18:31:00	6.366	0.232	234.17	27.2	38.0	36.0	17.0
27/6/2008	18:32:00	6.314	0.228	233.51	27.0	36.0	37.0	17.0
27/6/2008	21:24:00	5.658	0.642	232.04	24.6	36.0	1.0	28.0
27/6/2008	22:11:00	5.182	0.192	234.85	22.4	1.0	1.0	17.0
27/6/2008	22:12:00	5.464	0.188	234.16	23.2	1.0	2.0	18.0
3/7/2008	06:53:00	5.31	0.052	234.09	22.6	0.0	0.0	18.0
3/7/2008	06:54:00	5.524	0.0	233.74	23.6	0.0	0.0	17.0
3/7/2008	21:36:00	6.302	0.0	234.89	26.8	1.0	70.0	18.0
3/7/2008	21:37:00	6.298	0.0	234.72	26.8	1.0	71.0	17.0
3/7/2008	21:38:00	6.33	0.0	234.3	27.0	1.0	71.0	18.0
3/7/2008	21:39:00	6.16	0.0	234.34	26.2	1.0	72.0	17.0
3/7/2008	21:40:00	6.058	0.0	234.9	25.8	1.0	71.0	18.0
3/7/2008	21:41:00	6.138	0.0	234.84	26.0	1.0	72.0	17.0
3/7/2008	21:42:00	7.126	0.0	233.49	30.8	27.0	63.0	18.0
3/7/2008	21:43:00	6.098	0.0	234.75	25.8	37.0	36.0	17.0
3/7/2008	21:44:00	7.066	0.0	234.33	30.4	36.0	52.0	18.0
3/7/2008	21:45:00	6.528	0.0	235.03	28.0	37.0	45.0	17.0
3/7/2008	21:46:00	6.118	0.052	234.88	26.0	37.0	36.0	18.0
3/7/2008	21:47:00	6.504	0.078	234.53	27.6	37.0	36.0	17.0
3/7/2008	21:48:00	6.868	0.048	233.76	29.4	36.0	36.0	17.0
3/7/2008	21:49:00	7.082	0.046	233.41	30.2	36.0	36.0	18.0
3/7/2008	21:50:00	6.89	0.116	233.6	29.4	37.0	36.0	17.0
3/7/2008	21:51:00	6.774	0.19	233.83	29.0	36.0	36.0	17.0
3/7/2008	21:52:00	6.292	0.216	234.31	27.0	30.0	36.0	18.0
5/7/2008	12:45:00	5.214	0.16	234.51	22.4	0.0	72.0	1.0
5/7/2008	12:46:00	5.904	0.196	233.19	25.2	0.0	71.0	1.0
5/7/2008	12:47:00	5.888	0.176	233.52	25.2	0.0	71.0	0.0
5/7/2008	12:48:00	5.12	0.164	234.3	22.0	0.0	71.0	1.0
5/7/2008	12:49:00	5.88	0.162	233.36	25.2	0.0	71.0	1.0
5/7/2008	15:12:00	5.354	0.1	235.29	22.8	35.0	37.0	17.0
5/7/2008	15:15:00	5.152	0.106	235.95	22.0	0.0	65.0	18.0
5/7/2008	15:17:00	5.42	0.128	235.56	23.0	0.0	71.0	17.0
5/7/2008	15:19:00	5.526	0.18	235.39	23.4	0.0	72.0	18.0
5/7/2008	15:21:00	5.354	0.336	236.56	22.8	0.0	67.0	17.0
6/7/2008	12:41:00	5.49	0.552	234.79	23.4	37.0	1.0	1.0
6/7/2008	12:42:00	5.558	0.55	234.98	23.6	38.0	1.0	1.0
6/7/2008	12:44:00	5.068	0.424	235.41	22.0	37.0	2.0	1.0
6/7/2008	12:45:00	5.52	0.666	234.94	23.6	38.0	1.0	1.0
6/7/2008	12:48:00	5.322	0.298	235.32	22.6	38.0	0.0	1.0
6/7/2008	16:46:00	5.36	0.296	237.55	23.0	0.0	71.0	1.0
6/7/2008	17:57:00	5.012	0.802	235.34	21.6	38.0	1.0	18.0
6/7/2008	19:37:00	5.134	0.74	234.7	22.2	0.0	38.0	17.0
6/7/2008	22:04:00	5.416	0.254	235.76	23.0	1.0	35.0	29.0
6/7/2008	22:05:00	5.036	0.202	235.96	21.4	1.0	36.0	25.0
6/7/2008	22:06:00	5.888	0.13	235.22	25.6	19.0	35.0	18.0
6/7/2008	22:07:00	6.302	0.108	234.47	26.8	37.0	35.0	17.0
6/7/2008	22:08:00	6.192	0.09	234.72	26.2	37.0	35.0	18.0
6/7/2008	22:09:00	6.196	0.108	234.6	26.4	36.0	35.0	17.0
6/7/2008	22:10:00	6.18	0.088	234.52	26.2	37.0	35.0	18.0
6/7/2008	22:11:00	6.196	0.108	234.53	26.4	37.0	35.0	17.0
6/7/2008	22:12:00	6.274	0.212	234.15	26.8	36.0	35.0	18.0
6/7/2008	22:13:00	6.288	0.23	234.5	26.8	37.0	35.0	17.0
6/7/2008	22:14:00	6.052	0.214	234.84	25.8	36.0	33.0	18.0
12/7/2008	13:15:00	5.024	0.72	235.3	21.6	0.0	37.0	18.0
12/7/2008	15:17:00	5.142	0.706	234.64	22.2	44.0	2.0	5.0
12/7/2008	15:38:00	6.386	0.336	234.01	27.2	79.0	0.0	17.0
12/7/2008	15:39:00	6.532	0.288	233.48	28.0	79.0	1.0	17.0
12/7/2008	15:40:00	6.416	0.288	234.0	27.4	79.0	0.0	18.0
12/7/2008	15:41:00	6.442	0.294	233.88	27.4	79.0	0.0	17.0
12/7/2008	15:42:00	6.348	0.29	234.19	27.0	79.0	0.0	17.0
12/7/2008	15:43:00	6.422	0.388	234.09	27.4	79.0	0.0	18.0
12/7/2008	15:44:00	6.398	0.386	234.32	27.2	79.0	0.0	17.0
12/7/2008	15:45:00	6.64	0.416	232.63	28.6	78.0	1.0	22.0
12/7/2008	15:46:00	6.88	0.44	231.66	29.6	77.0	0.0	27.0
12/7/2008	15:47:00	5.168	0.44	233.6	22.4	50.0	0.0	28.0
13/7/2008	07:35:00	5.146	0.134	236.58	21.6	0.0	35.0	0.0
13/7/2008	07:36:00	5.384	0.166	236.2	22.8	0.0	36.0	1.0
13/7/2008	13:07:00	5.236	0.502	237.72	22.4	38.0	0.0	28.0
13/7/2008	13:08:00	5.408	0.53	237.73	23.0	38.0	0.0	29.0
16/7/2008	20:59:00	5.65	0.324	237.02	24.2	0.0	61.0	18.0
16/7/2008	21:00:00	5.794	0.324	237.12	24.6	0.0	65.0	18.0
16/7/2008	21:01:00	6.26	0.336	236.12	26.4	0.0	74.0	18.0
16/7/2008	21:02:00	6.324	0.328	235.59	26.8	0.0	73.0	18.0
16/7/2008	21:03:00	6.382	0.33	235.41	27.0	0.0	73.0	17.0
16/7/2008	21:04:00	6.382	0.324	235.42	27.0	0.0	73.0	18.0
16/7/2008	21:05:00	6.752	0.322	235.12	28.8	0.0	74.0	17.0
16/7/2008	21:06:00	6.98	0.328	235.16	29.8	0.0	73.0	18.0
16/7/2008	21:07:00	5.946	0.338	236.7	25.4	0.0	69.0	18.0
16/7/2008	21:09:00	5.598	0.302	236.67	24.0	0.0	60.0	18.0
16/7/2008	21:35:00	5.27	0.404	238.16	22.2	0.0	27.0	30.0
16/7/2008	21:36:00	5.778	0.59	237.38	24.4	0.0	22.0	29.0
16/7/2008	21:37:00	6.544	0.636	236.81	27.8	0.0	27.0	30.0
16/7/2008	21:41:00	5.214	0.486	237.89	22.0	0.0	36.0	1.0
19/7/2008	10:57:00	5.376	0.18	233.57	23.6	25.0	57.0	1.0
19/7/2008	12:55:00	5.166	0.394	234.34	22.0	37.0	38.0	1.0
19/7/2008	12:56:00	5.186	0.432	234.12	22.2	37.0	37.0	1.0
19/7/2008	12:57:00	5.292	0.428	234.12	22.6	37.0	38.0	0.0
19/7/2008	12:58:00	5.002	0.436	234.93	21.2	38.0	37.0	1.0
21/7/2008	21:29:00	5.938	0.402	235.73	25.4	38.0	0.0	17.0
23/7/2008	07:08:00	5.886	0.06	233.83	25.2	0.0	0.0	25.0
23/7/2008	07:09:00	5.61	0.064	234.37	24.2	0.0	0.0	29.0
25/7/2008	06:17:00	5.766	0.244	232.36	24.8	0.0	1.0	28.0
28/7/2008	07:02:00	5.044	0.09	234.89	21.4	0.0	0.0	18.0
31/7/2008	19:51:00	5.162	0.632	234.33	22.4	37.0	0.0	17.0
31/7/2008	22:09:00	5.012	0.388	236.82	21.2	0.0	38.0	7.0
31/7/2008	22:13:00	5.368	0.204	235.78	22.8	0.0	37.0	19.0
31/7/2008	22:14:00	5.25	0.208	236.87	22.2	0.0	37.0	18.0
4/8/2008	19:27:00	5.352	0.168	232.49	23.2	0.0	62.0	17.0
4/8/2008	19:28:00	5.688	0.17	232.35	24.4	0.0	70.0	17.0
4/8/2008	19:29:00	5.688	0.166	232.41	24.4	0.0	70.0	17.0
4/8/2008	19:30:00	5.686	0.168	232.23	24.4	0.0	70.0	18.0
4/8/2008	19:31:00	5.77	0.168	233.64	24.6	0.0	70.0	17.0
4/8/2008	19:32:00	5.89	0.162	231.5	25.4	0.0	70.0	17.0
4/8/2008	19:33:00	5.13	0.17	232.99	22.2	0.0	64.0	17.0
5/8/2008	08:56:00	5.022	0.0	235.74	21.2	35.0	0.0	17.0
5/8/2008	08:57:00	5.796	0.172	234.84	24.8	37.0	0.0	21.0
5/8/2008	08:58:00	5.692	0.232	234.84	24.4	37.0	0.0	28.0
5/8/2008	08:59:00	5.224	0.208	235.8	22.2	37.0	0.0	29.0
31/8/2008	17:33:00	6.09	0.468	235.71	26.2	37.0	1.0	18.0
31/8/2008	17:37:00	6.284	0.398	235.04	27.0	23.0	38.0	17.0
31/8/2008	17:38:00	7.52	0.382	233.81	32.4	36.0	38.0	18.0
31/8/2008	17:39:00	7.186	0.388	234.41	30.8	37.0	37.0	17.0
31/8/2008	17:40:00	7.264	0.386	234.2	31.2	36.0	38.0	17.0
31/8/2008	17:41:00	7.336	0.386	234.18	31.6	36.0	37.0	18.0
31/8/2008	17:42:00	5.01	0.41	237.15	21.4	38.0	6.0	18.0
31/8/2008	18:49:00	5.048	0.0	235.52	21.8	18.0	37.0	18.0
31/8/2008	18:50:00	5.9	0.0	234.29	25.2	38.0	37.0	17.0
31/8/2008	18:51:00	6.036	0.236	233.98	25.8	37.0	38.0	17.0
31/8/2008	18:52:00	5.738	0.234	234.38	24.6	37.0	36.0	18.0
31/8/2008	21:31:00	5.188	0.144	231.93	22.4	0.0	33.0	17.0
31/8/2008	21:32:00	5.282	0.126	233.16	22.8	0.0	27.0	17.0
31/8/2008	21:33:00	5.442	0.148	232.74	23.4	0.0	34.0	18.0
3/9/2008	07:16:00	5.508	0.0	231.85	23.8	0.0	0.0	18.0
3/9/2008	07:17:00	5.61	0.0	231.79	24.2	0.0	0.0	17.0
4/9/2008	20:12:00	6.838	0.23	228.01	30.0	35.0	0.0	1.0
4/9/2008	20:13:00	6.894	0.302	228.03	30.2	35.0	0.0	0.0
4/9/2008	20:14:00	7.02	0.42	229.55	30.6	36.0	0.0	1.0
4/9/2008	21:35:00	5.158	0.0	233.05	22.0	36.0	0.0	17.0
6/9/2008	07:11:00	5.402	0.086	233.29	23.2	0.0	1.0	17.0
6/9/2008	07:12:00	5.56	0.084	233.04	23.8	0.0	1.0	17.0
6/9/2008	10:18:00	6.0	0.11	234.85	26.0	25.0	69.0	0.0
6/9/2008	11:20:00	5.104	0.43	233.2	21.8	1.0	72.0	0.0
6/9/2008	11:22:00	5.178	0.534	233.47	22.2	1.0	72.0	0.0
6/9/2008	11:23:00	5.184	0.546	233.46	22.2	0.0	72.0	1.0
6/9/2008	11:24:00	5.152	0.408	233.33	22.0	2.0	72.0	1.0
6/9/2008	11:25:00	5.162	0.418	233.32	22.2	1.0	72.0	0.0
6/9/2008	11:26:00	5.162	0.396	233.63	22.0	1.0	72.0	1.0
6/9/2008	15:00:00	5.322	0.272	236.67	22.8	2.0	72.0	1.0
6/9/2008	19:34:00	5.57	0.524	235.24	23.8	33.0	0.0	18.0
6/9/2008	19:35:00	5.59	0.482	234.6	23.8	37.0	0.0	17.0
6/9/2008	19:36:00	5.362	0.432	235.2	23.0	37.0	0.0	18.0
7/9/2008	12:59:00	5.468	0.428	237.41	23.4	62.0	0.0	18.0
7/9/2008	13:00:00	6.108	0.416	236.61	25.8	75.0	0.0	18.0
7/9/2008	13:01:00	6.056	0.41	235.69	25.6	75.0	0.0	17.0
7/9/2008	13:02:00	6.08	0.412	236.25	25.8	74.0	0.0	18.0
7/9/2008	13:03:00	6.108	0.414	236.88	25.8	75.0	0.0	18.0
7/9/2008	13:04:00	6.146	0.418	237.63	25.8	76.0	0.0	18.0
7/9/2008	13:05:00	6.096	0.412	236.72	25.8	74.0	0.0	18.0
7/9/2008	13:06:00	6.076	0.41	236.3	25.6	75.0	0.0	17.0
7/9/2008	13:07:00	6.094	0.412	236.73	25.8	75.0	0.0	18.0
7/9/2008	13:08:00	5.818	0.416	237.45	24.6	75.0	0.0	14.0
7/9/2008	16:28:00	6.07	0.302	235.07	25.8	37.0	36.0	20.0
7/9/2008	16:29:00	5.97	0.348	234.37	25.8	37.0	28.0	28.0
7/9/2008	16:33:00	5.47	0.174	236.21	23.4	27.0	35.0	17.0
7/9/2008	16:34:00	5.822	0.15	235.63	24.6	37.0	35.0	18.0
7/9/2008	16:35:00	5.838	0.168	235.92	24.6	38.0	36.0	18.0
7/9/2008	21:50:00	5.34	0.0	234.88	22.8	37.0	0.0	23.0
7/9/2008	21:51:00	5.618	0.0	234.46	23.8	37.0	0.0	30.0
7/9/2008	21:52:00	5.49	0.0	233.8	23.4	36.0	0.0	28.0
7/9/2008	21:55:00	5.006	0.0	235.31	21.2	37.0	0.0	18.0
8/9/2008	06:36:00	5.916	0.052	234.7	25.2	0.0	0.0	17.0
8/9/2008	06:37:00	5.392	0.0	235.27	22.8	0.0	0.0	18.0
8/9/2008	06:38:00	5.352	0.0	234.87	22.8	0.0	0.0	18.0
8/9/2008	20:44:00	5.41	0.122	235.84	23.0	0.0	34.0	29.0
8/9/2008	21:39:00	5.58	0.652	235.19	24.0	0.0	37.0	1.0
8/9/2008	21:40:00	5.24	0.526	235.8	22.4	0.0	32.0	1.0
9/9/2008	07:00:00	5.02	0.06	235.49	21.2	0.0	0.0	18.0
10/9/2008	07:16:00	5.318	0.242	232.81	22.8	0.0	0.0	27.0
10/9/2008	07:17:00	5.858	0.292	233.22	25.2	0.0	2.0	28.0
10/9/2008	07:18:00	5.132	0.314	234.15	22.8	0.0	1.0	29.0
12/9/2008	06:54:00	5.936	0.0	234.14	25.4	0.0	0.0	18.0
12/9/2008	06:55:00	6.29	0.0	233.82	27.0	0.0	0.0	17.0
12/9/2008	06:56:00	6.102	0.0	233.64	26.0	0.0	0.0	18.0
12/9/2008	06:57:00	5.152	0.084	234.91	22.8	0.0	0.0	17.0
12/9/2008	22:01:00	5.23	0.12	233.61	22.4	36.0	0.0	28.0
12/9/2008	22:02:00	5.176	0.126	234.32	22.0	37.0	0.0	28.0
12/9/2008	22:03:00	5.128	0.122	233.34	22.0	36.0	0.0	28.0
13/9/2008	06:52:00	5.61	0.0	232.69	24.2	0.0	0.0	18.0
13/9/2008	06:53:00	5.102	0.0	233.35	21.8	0.0	0.0	17.0
13/9/2008	10:26:00	5.576	0.078	235.38	23.6	0.0	71.0	17.0
13/9/2008	10:27:00	5.598	0.078	235.29	23.8	0.0	72.0	18.0
13/9/2008	10:28:00	5.632	0.052	235.76	23.8	0.0	72.0	18.0
13/9/2008	10:29:00	5.638	0.068	235.81	23.8	0.0	72.0	17.0
13/9/2008	10:30:00	5.642	0.05	235.92	23.8	0.0	71.0	18.0
13/9/2008	10:31:00	5.702	0.12	235.61	24.2	0.0	72.0	17.0
13/9/2008	10:32:00	5.482	0.176	235.54	23.2	0.0	69.0	18.0
13/9/2008	10:34:00	5.714	0.17	235.09	24.2	0.0	72.0	17.0
13/9/2008	15:36:00	5.9	0.124	237.63	24.8	0.0	73.0	18.0
13/9/2008	15:37:00	5.396	0.104	238.29	22.8	0.0	65.0	18.0
13/9/2008	15:38:00	5.908	0.138	237.73	24.8	0.0	74.0	18.0
13/9/2008	15:39:00	5.91	0.136	236.69	24.8	0.0	72.0	18.0
13/9/2008	15:40:00	5.896	0.138	236.57	24.8	1.0	73.0	18.0
13/9/2008	15:41:00	5.97	0.114	237.58	25.0	2.0	73.0	18.0
13/9/2008	15:42:00	5.994	0.13	238.29	25.0	1.0	74.0	18.0
13/9/2008	15:43:00	6.018	0.104	238.19	25.2	1.0	74.0	18.0
13/9/2008	15:44:00	5.996	0.12	237.66	25.2	1.0	73.0	18.0
13/9/2008	15:46:00	5.136	0.118	238.16	22.0	2.0	57.0	18.0
13/9/2008	16:00:00	5.548	0.352	238.24	23.8	31.0	31.0	18.0
13/9/2008	16:01:00	6.158	0.35	237.58	25.8	38.0	37.0	18.0
13/9/2008	16:02:00	5.836	0.478	237.83	24.6	37.0	32.0	18.0
13/9/2008	16:03:00	5.78	0.426	235.71	24.6	37.0	31.0	17.0
13/9/2008	16:04:00	6.29	0.416	234.89	26.8	37.0	41.0	18.0
13/9/2008	16:05:00	6.306	0.4	235.74	26.8	37.0	41.0	17.0
13/9/2008	16:06:00	5.13	0.422	237.16	21.6	37.0	21.0	18.0
13/9/2008	16:07:00	5.866	0.352	237.22	24.8	38.0	32.0	18.0
13/9/2008	16:08:00	6.02	0.35	236.51	25.4	37.0	36.0	18.0
14/9/2008	20:43:00	5.128	0.124	234.53	21.8	37.0	0.0	18.0
14/9/2008	20:44:00	5.098	0.122	234.03	21.8	37.0	0.0	17.0
14/9/2008	20:45:00	5.108	0.124	234.47	21.8	36.0	0.0	18.0
14/9/2008	20:47:00	5.034	0.124	234.19	21.4	36.0	0.0	18.0
14/9/2008	20:48:00	5.028	0.122	233.9	21.4	37.0	0.0	17.0
14/9/2008	20:49:00	5.008	0.122	233.64	21.4	36.0	0.0	17.0
14/9/2008	20:50:00	5.024	0.124	234.11	21.4	36.0	0.0	18.0
14/9/2008	20:51:00	5.056	0.18	233.4	21.6	37.0	0.0	17.0
15/9/2008	06:49:00	5.278	0.052	233.38	22.6	0.0	0.0	18.0
16/9/2008	06:52:00	6.788	0.062	232.92	29.2	0.0	0.0	18.0
16/9/2008	06:53:00	6.494	0.074	233.51	27.8	0.0	0.0	17.0
16/9/2008	06:54:00	6.104	0.074	236.08	26.0	0.0	0.0	18.0
17/9/2008	10:40:00	5.91	0.32	233.77	25.2	36.0	37.0	17.0
17/9/2008	10:41:00	5.886	0.316	233.06	25.2	37.0	36.0	18.0
17/9/2008	10:42:00	5.834	0.314	232.84	25.0	37.0	36.0	17.0
18/9/2008	06:36:00	5.958	0.09	233.31	25.4	0.0	1.0	18.0
18/9/2008	06:37:00	6.08	0.124	232.79	26.0	0.0	2.0	17.0
18/9/2008	06:38:00	5.418	0.144	233.58	23.2	0.0	1.0	17.0
18/9/2008	22:20:00	5.05	0.0	237.67	21.4	0.0	0.0	1.0
19/9/2008	06:57:00	6.082	0.07	235.88	25.8	0.0	0.0	28.0
19/9/2008	06:58:00	6.296	0.048	235.22	26.8	0.0	0.0	27.0
19/9/2008	06:59:00	6.282	0.0	234.8	26.8	0.0	0.0	18.0
21/9/2008	12:39:00	5.45	0.418	234.75	23.2	38.0	0.0	1.0
21/9/2008	12:40:00	5.306	0.424	235.32	22.6	37.0	0.0	0.0
21/9/2008	12:45:00	6.26	0.47	234.4	26.6	37.0	35.0	18.0
21/9/2008	12:46:00	6.862	0.456	233.84	30.0	37.0	27.0	18.0
21/9/2008	12:47:00	6.228	0.466	234.14	26.6	37.0	35.0	17.0
21/9/2008	12:49:00	5.376	0.49	236.43	23.2	1.0	36.0	18.0
21/9/2008	12:51:00	5.418	0.49	235.5	23.6	22.0	36.0	18.0
21/9/2008	12:52:00	6.726	0.52	234.18	29.0	37.0	36.0	17.0
21/9/2008	12:53:00	6.52	0.586	234.09	28.2	37.0	36.0	17.0
21/9/2008	12:54:00	5.11	0.592	234.51	22.4	25.0	36.0	18.0
21/9/2008	12:55:00	5.406	0.598	234.78	23.6	1.0	36.0	18.0
21/9/2008	12:56:00	6.05	0.568	233.48	26.0	1.0	37.0	17.0
21/9/2008	12:57:00	6.0	0.488	233.41	25.8	0.0	36.0	17.0
21/9/2008	12:58:00	6.132	0.484	233.85	26.2	0.0	36.0	18.0
21/9/2008	12:59:00	6.122	0.492	234.39	26.2	0.0	36.0	17.0
21/9/2008	13:00:00	6.026	0.416	235.36	25.6	0.0	37.0	18.0
21/9/2008	13:01:00	5.984	0.364	235.3	25.4	0.0	36.0	17.0
21/9/2008	13:02:00	5.932	0.31	234.98	25.2	1.0	37.0	18.0
21/9/2008	20:17:00	5.312	0.114	234.15	22.6	37.0	0.0	17.0
21/9/2008	20:18:00	5.098	0.114	234.01	21.8	37.0	0.0	18.0
22/9/2008	06:55:00	5.008	0.112	236.93	22.2	0.0	0.0	18.0
22/9/2008	06:56:00	5.574	0.106	236.0	24.0	0.0	0.0	17.0
22/9/2008	19:25:00	5.394	0.208	234.63	23.2	0.0	37.0	1.0
22/9/2008	19:26:00	5.636	0.202	233.2	24.0	0.0	36.0	0.0
22/9/2008	20:14:00	5.092	0.254	231.83	22.0	2.0	35.0	17.0
22/9/2008	20:15:00	6.014	0.226	230.96	26.6	1.0	47.0	17.0
22/9/2008	20:16:00	6.646	0.212	230.75	28.8	1.0	68.0	17.0
22/9/2008	20:17:00	6.612	0.196	231.05	28.6	1.0	69.0	17.0
22/9/2008	20:18:00	6.61	0.212	230.83	28.6	1.0	69.0	17.0
22/9/2008	20:19:00	6.68	0.174	232.62	28.6	1.0	70.0	18.0
22/9/2008	20:20:00	6.684	0.128	233.23	28.6	2.0	71.0	17.0
22/9/2008	20:21:00	6.706	0.108	233.99	28.6	1.0	70.0	17.0
22/9/2008	20:22:00	6.738	0.128	234.38	28.6	1.0	71.0	18.0
22/9/2008	20:23:00	5.98	0.122	236.44	25.6	1.0	61.0	18.0
22/9/2008	20:25:00	6.196	0.12	234.53	26.6	1.0	59.0	18.0
22/9/2008	20:29:00	6.47	0.222	233.19	27.8	36.0	34.0	17.0
22/9/2008	20:30:00	6.704	0.232	233.11	28.6	37.0	37.0	17.0
22/9/2008	20:31:00	6.088	0.158	233.48	26.0	36.0	30.0	19.0
22/9/2008	20:32:00	6.27	0.224	233.14	27.0	37.0	22.0	27.0
22/9/2008	20:33:00	7.318	0.254	231.75	31.6	35.0	37.0	28.0
22/9/2008	20:34:00	6.872	0.288	231.94	29.6	36.0	27.0	28.0
22/9/2008	20:35:00	6.836	0.234	232.09	29.4	36.0	23.0	28.0
22/9/2008	20:36:00	6.972	0.148	231.44	30.0	36.0	36.0	28.0
22/9/2008	20:37:00	5.316	0.122	232.99	22.8	36.0	10.0	27.0
22/9/2008	20:38:00	5.128	0.07	233.74	22.0	37.0	12.0	18.0
22/9/2008	20:39:00	5.908	0.05	233.47	25.4	36.0	26.0	17.0
22/9/2008	20:40:00	5.77	0.112	232.72	25.0	25.0	38.0	17.0
23/9/2008	06:48:00	5.714	0.0	234.51	24.2	0.0	0.0	18.0
23/9/2008	07:58:00	5.064	0.21	233.3	21.6	0.0	36.0	18.0
24/9/2008	06:48:00	5.156	0.242	235.35	22.0	0.0	2.0	18.0
24/9/2008	12:47:00	6.412	0.366	235.61	27.4	0.0	73.0	17.0
24/9/2008	12:48:00	5.392	0.33	235.89	23.2	0.0	65.0	18.0
24/9/2008	12:49:00	5.914	0.344	235.98	25.0	0.0	74.0	18.0
24/9/2008	21:37:00	5.14	0.13	235.02	21.8	37.0	1.0	18.0
24/9/2008	21:38:00	5.186	0.128	234.45	22.0	37.0	2.0	17.0
24/9/2008	21:39:00	5.204	0.13	235.09	22.0	37.0	1.0	18.0
24/9/2008	21:40:00	5.226	0.13	235.68	22.2	37.0	2.0	18.0
24/9/2008	21:41:00	5.21	0.13	235.46	22.0	37.0	1.0	17.0
24/9/2008	21:42:00	5.2	0.13	235.34	22.0	37.0	1.0	18.0
24/9/2008	21:43:00	5.418	0.194	235.46	23.0	36.0	2.0	23.0
24/9/2008	21:44:00	5.638	0.226	235.31	24.0	37.0	1.0	28.0
24/9/2008	21:45:00	5.694	0.222	234.77	24.2	37.0	2.0	28.0
24/9/2008	21:46:00	5.808	0.22	234.74	24.6	37.0	1.0	28.0
24/9/2008	21:47:00	5.616	0.212	234.76	23.8	36.0	1.0	28.0
25/9/2008	06:52:00	5.372	0.178	231.96	23.2	0.0	0.0	17.0
25/9/2008	06:53:00	5.774	0.178	231.48	25.0	0.0	0.0	17.0
25/9/2008	06:54:00	5.628	0.172	232.37	24.2	0.0	0.0	17.0
26/9/2008	06:46:00	5.162	0.0	234.24	22.2	0.0	0.0	18.0
26/9/2008	18:58:00	5.708	0.48	238.87	24.0	39.0	0.0	6.0
26/9/2008	18:59:00	5.954	0.568	238.55	25.0	38.0	0.0	11.0
26/9/2008	19:00:00	5.99	0.614	237.92	25.2	38.0	1.0	11.0
26/9/2008	19:01:00	6.012	0.612	238.05	25.4	39.0	2.0	12.0
26/9/2008	19:02:00	5.982	0.608	237.68	25.2	38.0	1.0	11.0
26/9/2008	19:03:00	5.772	0.57	238.95	24.2	39.0	1.0	8.0
26/9/2008	19:04:00	5.404	0.494	238.78	22.6	38.0	2.0	1.0
26/9/2008	19:34:00	5.69	0.498	235.75	24.2	38.0	0.0	0.0
26/9/2008	19:35:00	5.11	0.492	234.51	22.2	37.0	0.0	1.0
27/9/2008	06:57:00	5.558	0.232	232.81	24.0	0.0	1.0	18.0
27/9/2008	06:58:00	5.312	0.214	233.54	22.8	0.0	2.0	17.0
27/9/2008	20:14:00	5.12	0.388	232.89	22.0	37.0	0.0	17.0
27/9/2008	20:15:00	5.088	0.39	233.84	21.8	37.0	0.0	18.0
27/9/2008	20:16:00	5.13	0.374	233.7	22.0	37.0	0.0	17.0
27/9/2008	20:17:00	5.214	0.336	233.14	22.4	37.0	0.0	17.0
27/9/2008	20:18:00	5.216	0.336	233.32	22.4	36.0	0.0	18.0
27/9/2008	20:19:00	5.314	0.336	233.27	22.8	37.0	0.0	17.0
27/9/2008	20:20:00	5.282	0.334	233.02	22.6	37.0	0.0	17.0
27/9/2008	20:24:00	5.454	0.39	233.35	23.4	36.0	0.0	17.0
27/9/2008	20:25:00	5.356	0.384	232.4	23.0	37.0	0.0	17.0
27/9/2008	20:26:00	5.498	0.388	232.15	23.6	36.0	0.0	17.0
27/9/2008	20:27:00	5.688	0.386	232.16	24.4	37.0	0.0	18.0
27/9/2008	20:28:00	5.062	0.368	233.19	22.2	29.0	0.0	17.0
27/9/2008	23:35:00	5.416	0.144	235.84	23.0	0.0	0.0	0.0
27/9/2008	23:36:00	5.568	0.256	235.67	23.8	0.0	0.0	1.0
28/9/2008	20:54:00	5.958	0.218	233.89	25.4	37.0	1.0	17.0
28/9/2008	20:55:00	5.89	0.112	233.49	25.2	36.0	1.0	18.0
28/9/2008	20:56:00	5.99	0.056	233.34	25.6	37.0	0.0	17.0
28/9/2008	20:57:00	5.988	0.054	233.27	25.6	36.0	0.0	17.0
28/9/2008	20:58:00	5.98	0.054	233.13	25.6	36.0	0.0	18.0
28/9/2008	20:59:00	5.992	0.05	233.4	25.6	37.0	0.0	17.0
28/9/2008	21:00:00	5.986	0.05	233.34	25.6	36.0	0.0	17.0
28/9/2008	21:01:00	5.986	0.05	233.34	25.6	36.0	0.0	17.0
28/9/2008	21:02:00	5.784	0.0	233.7	24.6	37.0	0.0	18.0
28/9/2008	21:03:00	5.666	0.0	233.93	24.2	36.0	0.0	17.0
28/9/2008	21:04:00	5.382	0.0	234.43	23.0	37.0	0.0	18.0
30/9/2008	06:59:00	5.126	0.146	236.1	22.6	0.0	1.0	18.0
30/9/2008	07:00:00	5.532	0.054	235.22	23.4	0.0	0.0	18.0
30/9/2008	07:01:00	5.496	0.0	235.44	23.2	0.0	0.0	17.0
30/9/2008	21:08:00	5.326	0.0	234.07	22.8	37.0	0.0	17.0
30/9/2008	21:09:00	5.302	0.0	233.65	22.6	37.0	0.0	17.0
30/9/2008	21:10:00	5.328	0.0	234.45	22.6	37.0	0.0	18.0
30/9/2008	21:11:00	5.426	0.0	234.41	23.2	36.0	0.0	17.0
30/9/2008	21:12:00	5.454	0.0	235.13	23.2	37.0	0.0	18.0
30/9/2008	21:13:00	5.474	0.0	235.68	23.2	37.0	0.0	18.0
30/9/2008	21:14:00	5.47	0.0	235.06	23.2	37.0	0.0	17.0
30/9/2008	21:15:00	5.5	0.0	234.96	23.4	37.0	0.0	18.0
30/9/2008	21:16:00	5.458	0.0	235.27	23.2	36.0	0.0	17.0
30/9/2008	21:17:00	5.46	0.0	235.22	23.2	37.0	0.0	18.0
1/10/2008	06:50:00	5.938	0.296	238.01	25.0	0.0	1.0	18.0
1/10/2008	06:51:00	6.114	0.29	237.9	25.6	0.0	2.0	19.0
1/10/2008	11:22:00	5.41	0.278	234.77	23.4	38.0	26.0	18.0
1/10/2008	11:23:00	5.958	0.268	234.47	25.4	37.0	38.0	17.0
1/10/2008	11:24:00	5.184	0.272	235.42	22.4	26.0	38.0	18.0
1/10/2008	12:39:00	5.454	0.126	236.77	23.4	0.0	64.0	18.0
1/10/2008	12:40:00	5.756	0.1	236.67	24.2	0.0	74.0	17.0
1/10/2008	12:41:00	5.266	0.11	236.95	22.4	0.0	66.0	18.0
1/10/2008	12:42:00	5.516	0.096	236.54	23.4	0.0	73.0	18.0
1/10/2008	21:07:00	6.152	0.318	236.19	26.0	37.0	0.0	29.0
1/10/2008	21:08:00	6.206	0.32	236.33	26.2	38.0	0.0	28.0
1/10/2008	21:09:00	6.254	0.328	237.45	26.2	37.0	0.0	29.0
1/10/2008	21:10:00	5.92	0.276	238.32	24.8	38.0	0.0	24.0
1/10/2008	21:11:00	5.65	0.232	238.95	23.6	38.0	0.0	18.0
1/10/2008	21:12:00	5.608	0.19	238.72	23.4	38.0	0.0	18.0
1/10/2008	21:13:00	5.54	0.102	238.59	23.2	38.0	0.0	18.0
1/10/2008	21:14:00	5.454	0.096	236.48	23.0	37.0	0.0	18.0
1/10/2008	21:15:00	5.2	0.1	237.09	22.0	37.0	0.0	15.0
2/10/2008	06:34:00	6.048	0.0	237.24	25.6	0.0	0.0	18.0
2/10/2008	06:35:00	5.19	0.074	238.07	22.0	0.0	0.0	19.0
4/10/2008	10:34:00	5.508	0.124	233.35	23.6	0.0	36.0	1.0
4/10/2008	10:36:00	5.57	0.128	234.69	23.6	0.0	37.0	0.0
5/10/2008	01:28:00	5.698	0.094	233.38	24.4	0.0	0.0	17.0
5/10/2008	01:29:00	5.19	0.098	234.28	22.2	0.0	0.0	18.0
5/10/2008	10:12:00	5.424	0.4	238.82	22.8	0.0	37.0	18.0
6/10/2008	00:20:00	6.052	0.066	233.62	26.0	0.0	0.0	17.0
6/10/2008	00:21:00	5.46	0.064	234.7	23.2	0.0	0.0	18.0
7/10/2008	06:58:00	6.372	0.054	231.14	27.8	0.0	1.0	17.0
7/10/2008	06:59:00	6.122	0.0	232.18	26.4	0.0	1.0	18.0
7/10/2008	07:00:00	6.536	0.0	231.38	28.2	0.0	2.0	17.0
7/10/2008	07:01:00	5.228	0.08	231.69	23.2	0.0	1.0	17.0
7/10/2008	21:18:00	5.332	0.2	235.74	22.6	37.0	0.0	17.0
7/10/2008	21:19:00	5.124	0.2	235.56	21.6	37.0	0.0	18.0
7/10/2008	21:20:00	5.456	0.228	235.61	23.2	37.0	0.0	18.0
7/10/2008	21:21:00	5.13	0.198	235.57	21.8	37.0	0.0	17.0
7/10/2008	21:22:00	5.156	0.204	235.82	21.8	37.0	0.0	18.0
7/10/2008	21:23:00	5.156	0.208	235.72	21.8	37.0	0.0	18.0
7/10/2008	21:24:00	5.152	0.208	235.9	21.8	37.0	0.0	17.0
7/10/2008	21:25:00	5.192	0.21	236.44	21.8	37.0	0.0	18.0
7/10/2008	21:26:00	5.234	0.21	236.58	22.0	37.0	0.0	18.0
7/10/2008	21:27:00	5.134	0.214	236.75	21.6	38.0	0.0	18.0
7/10/2008	21:28:00	5.138	0.206	237.06	21.6	37.0	0.0	17.0
8/10/2008	21:50:00	5.062	0.0	238.12	21.2	38.0	0.0	18.0
8/10/2008	21:51:00	5.048	0.0	238.02	21.2	38.0	0.0	18.0
8/10/2008	21:52:00	5.072	0.0	238.73	21.2	38.0	0.0	18.0
8/10/2008	21:55:00	5.066	0.0	236.54	21.4	38.0	0.0	17.0
8/10/2008	21:56:00	5.112	0.0	235.65	21.6	37.0	0.0	18.0
9/10/2008	07:18:00	5.934	0.238	232.81	26.6	0.0	0.0	18.0
9/10/2008	07:19:00	6.486	0.24	232.58	28.0	0.0	0.0	17.0
9/10/2008	07:31:00	5.326	0.56	234.13	23.0	0.0	0.0	28.0
10/10/2008	07:15:00	5.534	0.104	233.43	24.0	0.0	0.0	17.0
10/10/2008	07:16:00	5.952	0.116	232.59	25.6	0.0	0.0	18.0
10/10/2008	07:17:00	5.738	0.182	231.81	24.8	0.0	0.0	17.0
11/10/2008	14:13:00	6.362	0.192	234.89	27.0	37.0	35.0	28.0
11/10/2008	14:14:00	5.766	0.138	235.01	24.6	37.0	36.0	21.0
11/10/2008	14:15:00	5.698	0.102	236.04	24.2	37.0	32.0	18.0
12/10/2008	18:30:00	5.646	0.196	230.93	24.4	37.0	34.0	0.0
12/10/2008	18:31:00	5.626	0.19	230.47	24.4	35.0	36.0	1.0
12/10/2008	18:32:00	5.63	0.186	230.53	24.4	36.0	36.0	1.0
12/10/2008	18:33:00	5.644	0.182	230.8	24.4	36.0	36.0	0.0
12/10/2008	18:34:00	5.622	0.178	230.34	24.4	36.0	35.0	1.0
12/10/2008	18:35:00	5.778	0.194	229.76	25.2	36.0	37.0	2.0
12/10/2008	18:36:00	6.188	0.242	229.76	26.8	36.0	36.0	11.0
12/10/2008	18:37:00	6.358	0.24	229.93	27.6	35.0	36.0	10.0
12/10/2008	18:38:00	6.456	0.232	229.05	28.2	36.0	36.0	11.0
12/10/2008	18:39:00	6.488	0.234	229.5	28.2	35.0	36.0	11.0
12/10/2008	18:40:00	6.594	0.236	230.32	28.6	36.0	36.0	12.0
12/10/2008	18:41:00	6.288	0.29	231.05	27.2	36.0	36.0	5.0
12/10/2008	18:43:00	5.014	0.506	234.05	21.6	37.0	1.0	1.0
12/10/2008	19:01:00	5.04	0.368	232.35	21.6	36.0	6.0	17.0
12/10/2008	19:02:00	5.278	0.388	233.06	22.6	37.0	6.0	18.0
12/10/2008	19:03:00	5.542	0.416	233.08	23.8	37.0	6.0	17.0
12/10/2008	19:04:00	5.55	0.418	233.22	23.8	37.0	6.0	17.0
12/10/2008	19:09:00	5.134	0.33	231.89	22.0	37.0	0.0	17.0
12/10/2008	19:10:00	5.142	0.332	232.22	22.0	36.0	0.0	18.0
12/10/2008	19:15:00	5.22	0.456	231.27	22.6	37.0	0.0	17.0
12/10/2008	19:18:00	5.198	0.372	230.77	22.6	36.0	0.0	17.0
12/10/2008	19:23:00	6.128	0.334	230.09	26.8	36.0	3.0	16.0
12/10/2008	19:24:00	7.27	0.324	229.58	31.6	35.0	34.0	17.0
12/10/2008	19:25:00	6.768	0.342	230.51	29.6	36.0	26.0	17.0
12/10/2008	19:26:00	5.254	0.35	231.92	22.6	3.0	35.0	17.0
12/10/2008	19:28:00	6.56	0.35	232.89	28.4	21.0	33.0	18.0
12/10/2008	19:29:00	7.394	0.36	232.28	31.8	36.0	34.0	17.0
12/10/2008	19:30:00	7.696	0.342	231.7	33.2	36.0	35.0	17.0
12/10/2008	19:31:00	6.976	0.356	231.68	30.2	33.0	35.0	17.0
12/10/2008	19:32:00	6.394	0.486	233.29	27.6	0.0	36.0	17.0
12/10/2008	19:33:00	6.082	0.47	232.84	26.4	0.0	37.0	18.0
12/10/2008	19:34:00	6.202	0.38	232.95	26.8	0.0	46.0	17.0
12/10/2008	19:35:00	6.968	0.358	232.4	30.0	0.0	72.0	17.0
12/10/2008	19:36:00	6.974	0.344	232.83	30.0	1.0	72.0	17.0
12/10/2008	19:37:00	6.968	0.36	232.58	30.0	0.0	72.0	17.0
12/10/2008	19:38:00	6.944	0.342	232.4	29.8	1.0	72.0	18.0
12/10/2008	19:39:00	6.532	0.36	232.33	28.2	0.0	72.0	11.0
12/10/2008	19:40:00	5.978	0.344	232.53	25.6	1.0	72.0	0.0
12/10/2008	19:41:00	6.004	0.364	232.97	25.8	0.0	72.0	1.0
12/10/2008	19:42:00	5.996	0.348	233.07	25.6	0.0	73.0	1.0
12/10/2008	19:43:00	5.97	0.312	233.09	25.6	1.0	72.0	0.0
12/10/2008	19:44:00	5.91	0.224	233.13	25.2	0.0	73.0	1.0
12/10/2008	20:09:00	5.108	0.192	233.68	22.0	0.0	29.0	18.0
12/10/2008	20:12:00	5.364	0.16	234.25	23.0	0.0	29.0	17.0
12/10/2008	20:13:00	5.664	0.208	233.19	24.2	0.0	36.0	18.0
12/10/2008	20:14:00	5.374	0.19	233.32	23.2	0.0	27.0	17.0
12/10/2008	20:15:00	7.192	0.196	230.56	31.4	0.0	59.0	17.0
12/10/2008	20:16:00	7.178	0.176	230.31	31.4	0.0	61.0	17.0
12/10/2008	20:17:00	7.654	0.192	229.87	33.2	0.0	70.0	17.0
12/10/2008	20:18:00	7.342	0.176	228.61	32.0	0.0	68.0	16.0
12/10/2008	20:19:00	7.346	0.192	230.25	31.8	0.0	70.0	17.0
12/10/2008	20:20:00	7.43	0.088	230.62	32.2	0.0	70.0	17.0
12/10/2008	20:21:00	7.472	0.09	230.88	32.2	0.0	70.0	17.0
12/10/2008	20:22:00	7.852	0.0	231.35	34.0	0.0	70.0	17.0
12/10/2008	20:23:00	7.312	0.068	231.74	31.6	0.0	62.0	17.0
12/10/2008	20:24:00	6.85	0.0	232.49	29.4	0.0	58.0	17.0
12/10/2008	20:25:00	8.22	0.156	230.71	35.8	0.0	67.0	26.0
12/10/2008	20:26:00	5.786	0.164	233.13	25.0	0.0	26.0	27.0
12/10/2008	20:27:00	5.828	0.156	232.82	25.0	0.0	37.0	28.0
12/10/2008	20:28:00	5.094	0.102	233.23	22.0	0.0	26.0	29.0
12/10/2008	20:29:00	5.1	0.088	233.93	21.8	0.0	24.0	28.0
12/10/2008	20:41:00	5.098	0.0	236.24	21.6	0.0	28.0	18.0
12/10/2008	20:43:00	5.362	0.094	236.11	22.8	0.0	33.0	18.0
12/10/2008	20:45:00	5.526	0.124	235.98	23.4	0.0	36.0	18.0
12/10/2008	20:47:00	5.388	0.1	235.16	23.0	0.0	35.0	18.0
12/10/2008	20:51:00	5.068	0.0	235.89	21.6	0.0	31.0	18.0
13/10/2008	06:46:00	6.084	0.142	237.21	25.6	0.0	0.0	18.0
13/10/2008	06:47:00	6.784	0.15	237.68	28.6	0.0	0.0	18.0
14/10/2008	06:50:00	5.182	0.174	233.87	23.2	0.0	1.0	17.0
14/10/2008	06:51:00	5.592	0.174	233.3	24.0	0.0	2.0	18.0
14/10/2008	19:46:00	5.11	0.094	231.26	22.0	36.0	0.0	17.0
14/10/2008	19:47:00	5.518	0.098	230.56	23.8	36.0	0.0	17.0
15/10/2008	06:57:00	5.522	0.152	235.4	24.0	0.0	0.0	18.0
15/10/2008	06:58:00	6.496	0.132	233.38	27.8	0.0	0.0	17.0
15/10/2008	06:59:00	6.258	0.132	232.78	26.8	0.0	0.0	18.0
15/10/2008	07:00:00	5.248	0.146	233.82	23.2	0.0	0.0	17.0
15/10/2008	11:01:00	5.882	0.0	232.59	25.2	37.0	35.0	17.0
15/10/2008	11:02:00	5.872	0.0	232.7	25.2	36.0	36.0	17.0
15/10/2008	11:03:00	5.856	0.0	232.1	25.2	37.0	36.0	17.0
15/10/2008	11:04:00	5.86	0.0	232.05	25.2	36.0	37.0	17.0
15/10/2008	15:28:00	5.228	0.25	236.74	22.0	0.0	74.0	0.0
15/10/2008	15:29:00	5.216	0.232	236.82	22.0	0.0	74.0	1.0
15/10/2008	15:30:00	5.21	0.25	236.63	22.0	0.0	74.0	0.0
15/10/2008	15:31:00	5.19	0.226	236.22	22.0	0.0	73.0	1.0
15/10/2008	15:32:00	5.14	0.216	234.97	21.8	0.0	73.0	1.0
15/10/2008	15:33:00	5.064	0.108	234.89	21.4	0.0	72.0	0.0
17/10/2008	06:39:00	5.058	0.05	235.93	21.4	0.0	0.0	18.0
17/10/2008	20:02:00	6.11	0.49	234.89	26.2	0.0	37.0	17.0
17/10/2008	20:03:00	6.246	0.534	234.41	27.0	0.0	29.0	18.0
17/10/2008	20:04:00	5.264	0.334	236.39	22.2	0.0	37.0	18.0
17/10/2008	20:06:00	5.714	0.41	235.92	24.4	0.0	37.0	18.0
17/10/2008	20:07:00	5.692	0.402	235.83	24.4	0.0	37.0	18.0
17/10/2008	20:08:00	5.28	0.336	237.09	22.2	0.0	37.0	18.0
17/10/2008	20:09:00	5.276	0.33	237.06	22.2	0.0	38.0	17.0
17/10/2008	20:10:00	5.246	0.332	236.31	22.2	0.0	37.0	18.0
17/10/2008	20:11:00	5.258	0.328	236.81	22.2	0.0	38.0	18.0
17/10/2008	20:12:00	5.188	0.314	235.09	22.0	0.0	36.0	18.0
17/10/2008	20:13:00	5.094	0.202	234.41	21.6	0.0	36.0	17.0
17/10/2008	20:14:00	5.096	0.21	234.14	21.6	0.0	35.0	17.0
17/10/2008	20:15:00	5.144	0.208	235.76	21.8	0.0	36.0	18.0
17/10/2008	20:16:00	5.164	0.218	236.16	21.8	0.0	36.0	18.0
17/10/2008	20:17:00	5.134	0.204	235.54	21.8	0.0	36.0	17.0
17/10/2008	20:18:00	5.154	0.216	235.92	21.8	0.0	36.0	18.0
17/10/2008	20:19:00	5.174	0.202	235.53	21.8	0.0	36.0	18.0
17/10/2008	20:20:00	5.192	0.212	234.81	22.0	0.0	35.0	17.0
17/10/2008	20:21:00	5.376	0.2	235.13	22.8	0.0	36.0	18.0
17/10/2008	20:22:00	5.408	0.214	235.81	22.8	0.0	36.0	18.0
17/10/2008	20:23:00	5.18	0.206	236.28	21.8	0.0	36.0	17.0
17/10/2008	20:24:00	5.176	0.22	236.54	21.8	0.0	36.0	18.0
17/10/2008	20:25:00	5.198	0.208	237.17	21.8	0.0	37.0	18.0
17/10/2008	20:26:00	5.218	0.224	237.64	21.8	0.0	36.0	18.0
17/10/2008	20:27:00	5.196	0.206	237.23	21.8	0.0	36.0	18.0
17/10/2008	20:28:00	5.188	0.22	236.83	21.8	0.0	37.0	18.0
17/10/2008	20:29:00	5.158	0.202	236.27	21.8	0.0	36.0	17.0
17/10/2008	20:30:00	5.162	0.216	236.12	21.8	0.0	36.0	18.0
17/10/2008	20:31:00	5.176	0.202	236.75	21.8	0.0	36.0	18.0
17/10/2008	20:32:00	5.19	0.22	236.88	21.8	0.0	36.0	18.0
17/10/2008	20:35:00	5.03	0.15	233.62	21.4	0.0	36.0	18.0
17/10/2008	20:37:00	5.222	0.088	232.49	22.4	0.0	35.0	17.0
17/10/2008	20:38:00	5.416	0.126	232.21	23.2	0.0	35.0	17.0
17/10/2008	20:40:00	5.008	0.058	232.92	21.6	1.0	25.0	17.0
17/10/2008	20:41:00	5.572	0.0	231.61	24.0	1.0	35.0	17.0
17/10/2008	20:42:00	5.234	0.0	231.29	22.6	1.0	35.0	17.0
17/10/2008	20:49:00	5.138	0.0	235.32	21.8	1.0	36.0	18.0
17/10/2008	20:52:00	5.11	0.056	236.14	21.6	1.0	36.0	18.0
17/10/2008	21:02:00	5.264	0.0	233.72	22.4	37.0	4.0	18.0
17/10/2008	21:03:00	5.282	0.0	233.81	22.6	36.0	3.0	17.0
17/10/2008	21:04:00	5.25	0.0	233.37	22.4	37.0	4.0	17.0
17/10/2008	21:05:00	5.156	0.0	232.77	22.2	36.0	3.0	17.0
17/10/2008	21:28:00	5.162	0.202	234.78	22.0	1.0	38.0	0.0
18/10/2008	07:49:00	5.858	0.11	234.06	26.0	0.0	0.0	17.0
18/10/2008	07:50:00	7.146	0.088	233.09	30.6	0.0	0.0	18.0
18/10/2008	07:51:00	5.892	0.102	233.99	25.8	0.0	0.0	17.0
18/10/2008	20:28:00	5.374	0.16	235.85	23.4	0.0	1.0	17.0
18/10/2008	20:29:00	6.354	0.114	235.28	27.0	0.0	1.0	18.0
18/10/2008	20:30:00	6.284	0.0	235.24	26.6	0.0	0.0	17.0
18/10/2008	20:31:00	5.926	0.0	235.46	25.4	0.0	0.0	18.0
18/10/2008	20:34:00	5.342	0.0	234.89	23.4	0.0	0.0	17.0
18/10/2008	20:35:00	6.24	0.0	233.23	26.6	0.0	0.0	17.0
18/10/2008	20:36:00	6.318	0.132	233.07	27.0	0.0	0.0	18.0
18/10/2008	20:50:00	6.416	0.052	236.24	27.0	0.0	0.0	17.0
18/10/2008	20:51:00	6.418	0.05	236.33	27.0	0.0	0.0	18.0
18/10/2008	21:16:00	5.514	0.212	236.99	23.2	0.0	0.0	0.0
18/10/2008	21:17:00	5.474	0.208	236.04	23.2	0.0	0.0	1.0
18/10/2008	21:21:00	5.036	0.374	237.31	21.8	0.0	0.0	0.0
18/10/2008	23:25:00	5.978	0.304	237.84	25.6	22.0	0.0	18.0
18/10/2008	23:26:00	6.55	0.306	236.76	27.6	38.0	0.0	17.0
18/10/2008	23:27:00	6.654	0.312	236.96	28.0	37.0	0.0	18.0
18/10/2008	23:28:00	6.866	0.304	236.33	29.0	38.0	0.0	18.0
18/10/2008	23:29:00	6.828	0.302	235.86	29.0	37.0	0.0	18.0
18/10/2008	23:30:00	6.784	0.302	235.86	28.8	37.0	0.0	17.0
18/10/2008	23:31:00	6.788	0.302	236.0	28.8	37.0	0.0	18.0
18/10/2008	23:32:00	6.888	0.306	236.86	29.0	37.0	0.0	18.0
18/10/2008	23:33:00	6.944	0.306	237.07	29.2	38.0	0.0	18.0
18/10/2008	23:34:00	6.902	0.302	236.56	29.2	37.0	0.0	17.0
18/10/2008	23:35:00	6.93	0.304	236.83	29.2	37.0	0.0	18.0
18/10/2008	23:36:00	6.382	0.316	237.49	27.0	36.0	0.0	18.0
18/10/2008	23:40:00	6.704	0.444	237.65	28.2	38.0	0.0	18.0
18/10/2008	23:41:00	6.656	0.436	237.12	28.0	37.0	0.0	18.0
18/10/2008	23:45:00	6.66	0.432	236.46	28.2	37.0	0.0	18.0
18/10/2008	23:46:00	6.638	0.43	236.33	28.0	38.0	0.0	17.0
18/10/2008	23:47:00	6.47	0.414	235.65	27.4	37.0	0.0	18.0
18/10/2008	23:48:00	6.08	0.38	235.84	25.8	36.0	0.0	18.0
18/10/2008	23:49:00	6.188	0.374	235.25	26.2	37.0	0.0	17.0
18/10/2008	23:50:00	6.32	0.37	234.98	26.8	37.0	0.0	18.0
18/10/2008	23:51:00	6.218	0.342	235.09	26.4	36.0	0.0	17.0
18/10/2008	23:52:00	5.104	0.362	237.02	22.0	20.0	0.0	18.0
19/10/2008	00:16:00	5.608	0.444	235.8	24.2	0.0	28.0	1.0
19/10/2008	00:17:00	5.526	0.37	236.18	23.4	0.0	37.0	1.0
19/10/2008	00:18:00	5.008	0.33	237.44	21.4	0.0	29.0	0.0
19/10/2008	00:19:00	5.508	0.264	237.25	23.2	0.0	36.0	1.0
19/10/2008	00:20:00	5.002	0.248	238.11	21.4	0.0	28.0	0.0
19/10/2008	00:21:00	5.38	0.266	237.6	22.6	0.0	36.0	1.0
19/10/2008	00:22:00	5.182	0.31	237.79	21.8	0.0	36.0	1.0
19/10/2008	00:23:00	5.264	0.366	237.38	22.2	0.0	37.0	0.0
19/10/2008	00:24:00	5.162	0.342	237.53	21.8	0.0	36.0	1.0
19/10/2008	00:25:00	5.152	0.358	237.85	21.6	0.0	36.0	1.0
19/10/2008	00:26:00	5.134	0.34	237.69	21.6	0.0	36.0	0.0
19/10/2008	00:27:00	5.154	0.36	238.24	21.6	0.0	37.0	1.0
19/10/2008	00:28:00	5.156	0.344	238.57	21.6	0.0	36.0	1.0
19/10/2008	00:29:00	5.146	0.336	238.77	21.6	0.0	37.0	0.0
19/10/2008	00:31:00	5.13	0.254	239.06	21.4	0.0	36.0	1.0
19/10/2008	00:32:00	5.442	0.26	238.42	22.8	0.0	37.0	0.0
19/10/2008	00:33:00	5.062	0.278	239.22	21.2	0.0	37.0	1.0
19/10/2008	00:36:00	5.028	0.218	239.2	21.0	0.0	37.0	1.0
19/10/2008	00:37:00	5.452	0.232	238.45	23.0	0.0	26.0	16.0
19/10/2008	00:38:00	5.28	0.212	238.41	22.2	0.0	23.0	19.0
19/10/2008	00:39:00	5.968	0.216	236.44	25.2	0.0	36.0	18.0
19/10/2008	00:40:00	5.556	0.194	236.5	23.6	0.0	28.0	18.0
19/10/2008	00:41:00	5.446	0.212	236.67	23.0	0.0	22.0	18.0
19/10/2008	00:42:00	6.31	0.294	235.6	26.8	0.0	35.0	18.0
19/10/2008	00:43:00	6.91	0.436	234.77	29.4	0.0	33.0	26.0
19/10/2008	00:44:00	6.392	0.446	235.68	27.2	0.0	16.0	28.0
19/10/2008	00:45:00	7.348	0.446	234.77	31.4	0.0	36.0	28.0
19/10/2008	00:46:00	7.034	0.376	235.5	29.8	0.0	35.0	28.0
19/10/2008	00:47:00	5.926	0.414	236.82	25.0	0.0	18.0	29.0
19/10/2008	00:48:00	6.276	0.298	235.73	26.6	0.0	31.0	20.0
19/10/2008	00:49:00	6.194	0.3	235.66	26.4	0.0	34.0	18.0
19/10/2008	00:50:00	5.23	0.296	236.72	22.0	0.0	16.0	18.0
19/10/2008	00:51:00	6.304	0.274	234.26	26.8	0.0	34.0	17.0
19/10/2008	00:52:00	6.008	0.178	234.61	25.6	0.0	33.0	18.0
19/10/2008	00:53:00	5.226	0.21	236.24	22.2	0.0	16.0	18.0
19/10/2008	00:54:00	6.28	0.178	235.12	26.6	0.0	36.0	17.0
19/10/2008	00:55:00	6.298	0.318	234.46	27.0	0.0	27.0	18.0
19/10/2008	00:56:00	5.974	0.252	234.22	25.6	0.0	21.0	17.0
19/10/2008	00:57:00	6.798	0.24	233.63	29.0	0.0	35.0	17.0
19/10/2008	00:58:00	6.71	0.224	234.2	28.6	0.0	35.0	18.0
19/10/2008	00:59:00	5.4	0.262	236.19	22.8	0.0	17.0	18.0
19/10/2008	01:00:00	6.618	0.394	235.15	28.2	0.0	32.0	17.0
19/10/2008	01:01:00	6.322	0.45	236.96	26.8	0.0	26.0	18.0
19/10/2008	01:02:00	6.466	0.42	237.21	27.6	3.0	23.0	18.0
19/10/2008	01:03:00	8.89	0.398	234.2	38.0	37.0	36.0	17.0
19/10/2008	01:04:00	8.162	0.386	234.09	35.0	37.0	25.0	18.0
19/10/2008	01:05:00	8.268	0.41	234.09	35.4	36.0	23.0	17.0
19/10/2008	01:06:00	8.96	0.378	233.04	38.4	37.0	35.0	17.0
19/10/2008	01:07:00	8.256	0.406	233.91	35.4	36.0	24.0	18.0
19/10/2008	01:08:00	8.412	0.384	233.77	36.0	37.0	24.0	17.0
19/10/2008	01:09:00	8.836	0.394	232.9	38.0	36.0	34.0	17.0
19/10/2008	01:10:00	7.312	0.398	235.1	31.4	29.0	16.0	18.0
19/10/2008	01:11:00	6.914	0.418	235.38	29.4	2.0	33.0	18.0
19/10/2008	01:12:00	6.504	0.404	235.89	27.6	1.0	29.0	17.0
19/10/2008	01:13:00	6.128	0.434	236.41	26.0	1.0	20.0	18.0
19/10/2008	01:14:00	6.924	0.432	235.16	29.4	1.0	36.0	18.0
19/10/2008	01:15:00	5.776	0.446	236.5	24.6	1.0	21.0	17.0
19/10/2008	01:16:00	6.492	0.412	235.64	27.8	2.0	28.0	18.0
19/10/2008	01:17:00	8.812	0.402	233.46	37.8	37.0	34.0	17.0
19/10/2008	01:18:00	7.942	0.386	234.12	33.8	36.0	16.0	18.0
19/10/2008	01:19:00	6.664	0.31	235.71	28.2	4.0	34.0	17.0
19/10/2008	01:20:00	5.934	0.254	236.39	25.2	1.0	24.0	18.0
19/10/2008	01:21:00	6.626	0.25	235.19	28.6	4.0	27.0	18.0
19/10/2008	01:22:00	8.716	0.21	233.04	37.4	37.0	35.0	17.0
19/10/2008	01:23:00	9.134	0.312	232.59	39.4	36.0	43.0	17.0
19/10/2008	01:24:00	10.29	0.302	230.9	44.6	35.0	66.0	17.0
19/10/2008	01:25:00	10.064	0.324	231.48	43.4	36.0	69.0	17.0
19/10/2008	01:26:00	9.114	0.296	232.11	39.2	36.0	51.0	17.0
19/10/2008	01:27:00	9.938	0.282	228.48	43.4	35.0	67.0	17.0
19/10/2008	01:28:00	9.106	0.306	229.21	39.8	34.0	63.0	17.0
19/10/2008	01:29:00	8.702	0.322	229.65	38.0	35.0	54.0	16.0
19/10/2008	01:30:00	9.322	0.332	228.63	40.8	34.0	68.0	17.0
19/10/2008	01:31:00	6.176	0.562	232.89	27.4	1.0	46.0	17.0
19/10/2008	01:33:00	6.898	0.35	232.47	30.0	0.0	57.0	17.0
19/10/2008	01:35:00	5.216	0.394	234.48	22.2	0.0	33.0	18.0
20/10/2008	07:49:00	5.55	0.0	236.2	23.4	37.0	0.0	18.0
20/10/2008	07:50:00	5.544	0.0	236.2	23.4	37.0	0.0	18.0
20/10/2008	07:51:00	5.534	0.0	236.14	23.4	37.0	0.0	17.0
20/10/2008	07:52:00	5.532	0.0	236.16	23.4	37.0	0.0	18.0
20/10/2008	20:01:00	5.04	0.094	234.65	21.4	0.0	37.0	18.0
20/10/2008	20:02:00	6.124	0.054	234.09	26.2	0.0	37.0	18.0
20/10/2008	20:03:00	5.828	0.0	233.96	25.0	0.0	37.0	18.0
20/10/2008	20:04:00	5.546	0.054	234.41	23.6	0.0	37.0	17.0
20/10/2008	20:05:00	5.472	0.0	234.97	23.2	0.0	37.0	18.0
20/10/2008	20:06:00	5.482	0.052	234.97	23.2	0.0	37.0	18.0
20/10/2008	20:07:00	5.474	0.052	235.08	23.2	0.0	38.0	17.0
20/10/2008	20:08:00	5.118	0.08	235.87	21.6	0.0	37.0	18.0
21/10/2008	06:52:00	5.5	0.224	235.19	24.6	0.0	0.0	18.0
21/10/2008	06:53:00	6.052	0.232	234.77	25.8	0.0	0.0	17.0
21/10/2008	06:54:00	5.76	0.22	234.93	24.4	0.0	0.0	18.0
21/10/2008	19:20:00	5.298	0.5	237.2	22.4	0.0	38.0	11.0
21/10/2008	20:33:00	5.66	0.0	234.46	24.0	37.0	0.0	17.0
21/10/2008	20:34:00	5.654	0.0	234.63	24.0	37.0	0.0	18.0
21/10/2008	20:35:00	6.156	0.068	234.58	26.2	37.0	1.0	17.0
21/10/2008	20:36:00	5.972	0.064	234.12	25.4	37.0	0.0	18.0
21/10/2008	20:37:00	5.53	0.068	234.43	23.6	36.0	0.0	17.0
21/10/2008	20:38:00	5.422	0.064	235.03	23.0	37.0	0.0	18.0
21/10/2008	20:39:00	5.474	0.066	236.29	23.2	37.0	0.0	17.0
21/10/2008	20:40:00	5.474	0.068	236.41	23.2	37.0	0.0	18.0
21/10/2008	20:41:00	5.484	0.068	236.74	23.2	38.0	0.0	18.0
21/10/2008	20:42:00	5.462	0.07	236.56	23.0	37.0	0.0	18.0
21/10/2008	20:47:00	5.38	0.216	236.47	22.8	37.0	0.0	17.0
21/10/2008	20:52:00	5.332	0.07	236.17	22.6	37.0	0.0	17.0
21/10/2008	20:53:00	5.492	0.068	236.51	23.2	37.0	0.0	18.0
21/10/2008	20:54:00	5.29	0.07	236.75	22.4	37.0	0.0	18.0
21/10/2008	20:55:00	5.066	0.074	236.81	21.4	37.0	0.0	18.0
21/10/2008	20:56:00	5.098	0.058	236.85	21.4	38.0	0.0	18.0
21/10/2008	20:57:00	5.138	0.052	236.54	21.6	36.0	0.0	17.0
21/10/2008	20:58:00	5.112	0.054	236.58	21.6	38.0	0.0	18.0
21/10/2008	20:59:00	5.566	0.146	235.89	23.6	36.0	0.0	25.0
21/10/2008	21:00:00	5.74	0.212	236.65	24.2	37.0	0.0	28.0
22/10/2008	20:11:00	5.174	0.27	235.52	22.0	51.0	0.0	1.0
22/10/2008	20:12:00	5.142	0.278	237.98	21.6	52.0	0.0	1.0
23/10/2008	06:39:00	5.12	0.196	238.08	21.4	0.0	0.0	1.0
23/10/2008	06:40:00	5.152	0.2	238.91	21.4	0.0	0.0	1.0
23/10/2008	07:20:00	5.872	0.18	236.33	24.8	0.0	0.0	18.0
23/10/2008	07:44:00	6.58	0.424	239.79	27.6	0.0	38.0	18.0
23/10/2008	07:45:00	6.974	0.438	238.96	29.2	0.0	38.0	18.0
23/10/2008	07:46:00	6.844	0.284	237.44	29.0	0.0	37.0	18.0
23/10/2008	07:47:00	6.398	0.272	238.18	26.8	0.0	37.0	18.0
23/10/2008	07:48:00	6.376	0.27	237.81	26.8	0.0	37.0	18.0
23/10/2008	07:49:00	6.344	0.268	237.26	26.6	0.0	37.0	18.0
23/10/2008	07:50:00	5.062	0.276	238.56	21.6	0.0	18.0	18.0
23/10/2008	07:52:00	6.16	0.27	237.09	26.0	0.0	35.0	18.0
23/10/2008	08:01:00	5.612	0.372	237.85	23.6	0.0	1.0	24.0
23/10/2008	08:02:00	6.03	0.32	238.71	25.2	0.0	0.0	28.0
23/10/2008	08:03:00	5.478	0.29	238.26	23.0	0.0	0.0	28.0
23/10/2008	20:19:00	5.524	0.352	232.49	23.8	0.0	33.0	18.0
23/10/2008	20:21:00	5.318	0.334	229.91	23.2	0.0	31.0	17.0
23/10/2008	20:23:00	5.62	0.36	229.81	24.8	0.0	26.0	17.0
24/10/2008	07:53:00	5.622	0.12	239.03	23.6	39.0	0.0	18.0
24/10/2008	07:54:00	6.288	0.112	238.17	26.4	38.0	0.0	18.0
24/10/2008	07:55:00	5.722	0.086	238.65	24.2	38.0	0.0	18.0
24/10/2008	07:56:00	5.202	0.164	238.31	21.8	38.0	0.0	19.0
24/10/2008	07:57:00	6.6	0.14	236.7	28.0	37.0	25.0	17.0
24/10/2008	07:58:00	7.15	0.188	236.38	30.2	37.0	36.0	18.0
24/10/2008	07:59:00	7.192	0.186	235.49	30.4	37.0	36.0	18.0
24/10/2008	08:00:00	5.18	0.202	238.45	22.0	38.0	11.0	18.0
24/10/2008	19:32:00	5.206	0.326	235.97	22.2	38.0	0.0	0.0
24/10/2008	19:39:00	6.186	0.506	231.89	26.8	33.0	0.0	0.0
24/10/2008	19:40:00	6.704	0.46	232.91	29.0	36.0	7.0	0.0
24/10/2008	19:41:00	5.502	0.234	233.0	24.4	27.0	35.0	0.0
24/10/2008	19:48:00	5.346	0.27	234.15	22.8	37.0	36.0	0.0
24/10/2008	19:49:00	5.384	0.258	235.36	22.8	37.0	35.0	0.0
24/10/2008	19:54:00	5.374	0.274	235.3	22.8	37.0	35.0	0.0
24/10/2008	19:59:00	5.332	0.248	234.25	22.8	37.0	35.0	0.0
24/10/2008	20:00:00	5.356	0.27	234.76	22.8	37.0	36.0	0.0
24/10/2008	20:02:00	5.17	0.27	234.94	22.2	31.0	36.0	0.0
24/10/2008	20:03:00	5.388	0.254	235.67	22.8	38.0	36.0	0.0
24/10/2008	20:04:00	5.384	0.27	235.25	22.8	37.0	36.0	0.0
24/10/2008	20:22:00	6.288	0.464	234.8	27.0	32.0	32.0	17.0
24/10/2008	20:23:00	5.93	0.46	234.99	25.4	37.0	20.0	18.0
24/10/2008	20:24:00	5.664	0.386	235.03	24.6	19.0	37.0	17.0
24/10/2008	20:30:00	7.172	0.414	233.95	30.8	32.0	25.0	17.0
24/10/2008	20:31:00	7.334	0.418	233.67	31.6	38.0	31.0	16.0
24/10/2008	20:32:00	5.228	0.436	235.0	22.6	15.0	20.0	17.0
24/10/2008	20:47:00	5.866	0.404	233.27	25.2	43.0	0.0	17.0
24/10/2008	20:48:00	5.908	0.242	233.58	25.2	44.0	0.0	16.0
24/10/2008	20:49:00	7.196	0.176	232.68	31.2	63.0	0.0	17.0
24/10/2008	20:50:00	7.948	0.174	233.0	34.0	79.0	0.0	17.0
24/10/2008	20:51:00	7.84	0.17	234.13	33.4	79.0	0.0	16.0
24/10/2008	20:52:00	7.704	0.17	233.78	32.8	79.0	0.0	17.0
24/10/2008	20:53:00	7.742	0.168	234.6	33.0	79.0	0.0	17.0
24/10/2008	20:54:00	7.732	0.168	234.45	32.8	79.0	0.0	17.0
24/10/2008	20:55:00	7.978	0.262	234.39	34.0	80.0	0.0	17.0
24/10/2008	20:56:00	7.746	0.29	233.01	33.2	78.0	0.0	16.0
24/10/2008	20:57:00	7.706	0.288	232.42	33.0	78.0	0.0	17.0
24/10/2008	20:58:00	7.596	0.286	230.66	32.8	77.0	0.0	16.0
24/10/2008	20:59:00	7.628	0.294	231.25	33.0	77.0	0.0	17.0
24/10/2008	21:00:00	7.636	0.294	231.43	33.0	77.0	0.0	16.0
24/10/2008	21:01:00	6.114	0.302	233.5	26.4	53.0	0.0	17.0
24/10/2008	21:02:00	5.658	0.298	233.07	24.2	44.0	0.0	16.0
24/10/2008	21:03:00	5.684	0.306	233.66	24.2	44.0	0.0	17.0
24/10/2008	21:04:00	5.392	0.302	233.63	23.0	44.0	0.0	17.0
24/10/2008	21:05:00	5.358	0.298	233.94	22.8	44.0	0.0	17.0
24/10/2008	21:06:00	5.344	0.302	233.61	22.8	44.0	0.0	16.0
24/10/2008	21:07:00	5.568	0.304	234.67	23.6	44.0	0.0	17.0
24/10/2008	21:08:00	5.406	0.296	234.29	23.0	44.0	0.0	17.0
24/10/2008	21:09:00	5.484	0.356	233.91	23.4	44.0	0.0	17.0
24/10/2008	21:10:00	5.508	0.394	233.28	23.6	44.0	0.0	17.0
24/10/2008	21:11:00	5.452	0.392	233.71	23.4	43.0	0.0	16.0
24/10/2008	21:12:00	5.482	0.384	232.66	23.6	44.0	0.0	17.0
24/10/2008	21:13:00	5.358	0.39	231.98	23.0	43.0	0.0	16.0
24/10/2008	21:14:00	5.494	0.394	233.4	23.6	43.0	0.0	17.0
24/10/2008	21:15:00	5.378	0.386	232.9	23.0	44.0	0.0	17.0
24/10/2008	21:16:00	5.316	0.268	233.59	22.8	44.0	0.0	17.0
24/10/2008	21:17:00	5.304	0.266	233.51	22.6	43.0	0.0	16.0
24/10/2008	21:18:00	5.394	0.266	234.99	22.8	45.0	0.0	17.0
24/10/2008	21:19:00	5.348	0.272	233.62	22.8	43.0	0.0	17.0
24/10/2008	21:20:00	5.412	0.28	235.12	23.0	45.0	0.0	17.0
24/10/2008	21:21:00	5.372	0.278	234.36	22.8	44.0	0.0	17.0
24/10/2008	21:22:00	5.406	0.278	234.8	23.0	44.0	0.0	17.0
24/10/2008	21:23:00	5.368	0.238	232.6	23.0	43.0	0.0	16.0
24/10/2008	21:24:00	5.362	0.174	233.78	22.8	44.0	0.0	17.0
24/10/2008	21:25:00	5.354	0.172	233.73	22.8	44.0	0.0	17.0
24/10/2008	21:26:00	5.356	0.172	233.72	22.8	44.0	0.0	16.0
24/10/2008	21:27:00	5.344	0.17	233.95	22.8	44.0	0.0	17.0
24/10/2008	21:28:00	5.326	0.18	234.98	22.6	44.0	0.0	17.0
24/10/2008	21:29:00	5.346	0.18	234.45	22.8	44.0	0.0	17.0
24/10/2008	21:30:00	5.342	0.176	234.74	22.6	44.0	0.0	17.0
24/10/2008	21:31:00	5.316	0.176	234.31	22.6	44.0	0.0	17.0
24/10/2008	21:32:00	5.384	0.178	235.92	22.8	45.0	0.0	17.0
24/10/2008	21:33:00	5.354	0.176	235.3	22.6	44.0	0.0	17.0
24/10/2008	21:34:00	5.426	0.18	236.96	22.8	45.0	0.0	17.0
24/10/2008	21:35:00	5.4	0.178	236.34	22.8	45.0	0.0	17.0
24/10/2008	21:36:00	5.388	0.176	236.05	22.8	45.0	0.0	17.0
24/10/2008	21:37:00	5.378	0.176	235.83	22.8	44.0	0.0	17.0
24/10/2008	21:38:00	5.422	0.178	236.83	22.8	45.0	0.0	17.0
24/10/2008	21:39:00	5.356	0.172	236.13	22.6	45.0	0.0	17.0
24/10/2008	21:40:00	5.334	0.18	235.1	22.6	44.0	0.0	17.0
24/10/2008	21:41:00	5.246	0.182	233.29	22.4	44.0	0.0	17.0
24/10/2008	21:42:00	5.302	0.17	233.51	22.6	43.0	0.0	17.0
24/10/2008	21:43:00	5.342	0.172	232.35	23.0	44.0	0.0	16.0
24/10/2008	21:44:00	5.288	0.172	233.4	22.6	43.0	0.0	17.0
24/10/2008	21:45:00	5.264	0.168	232.93	22.6	44.0	0.0	17.0
24/10/2008	21:46:00	5.3	0.168	232.54	22.8	43.0	0.0	16.0
24/10/2008	21:47:00	5.396	0.26	232.59	23.2	44.0	0.0	17.0
24/10/2008	21:48:00	5.396	0.286	232.23	23.2	43.0	0.0	16.0
24/10/2008	21:49:00	5.406	0.302	233.34	23.2	43.0	0.0	17.0
24/10/2008	21:50:00	5.476	0.304	234.01	23.4	44.0	0.0	17.0
24/10/2008	21:51:00	5.452	0.296	232.12	23.4	43.0	0.0	16.0
24/10/2008	21:52:00	5.416	0.314	231.44	23.4	43.0	0.0	17.0
24/10/2008	21:53:00	5.396	0.322	231.61	23.2	43.0	0.0	16.0
24/10/2008	22:07:00	6.362	0.34	232.7	27.2	78.0	0.0	0.0
24/10/2008	22:08:00	6.408	0.344	233.7	27.4	78.0	0.0	0.0
24/10/2008	22:09:00	6.27	0.25	233.71	26.8	79.0	0.0	0.0
24/10/2008	22:10:00	5.984	0.224	233.84	25.6	79.0	0.0	0.0
24/10/2008	22:11:00	5.98	0.224	233.91	25.4	78.0	0.0	0.0
25/10/2008	07:01:00	5.04	0.072	237.17	21.2	0.0	0.0	17.0
25/10/2008	07:02:00	5.056	0.072	237.82	21.2	0.0	0.0	18.0
28/10/2008	21:37:00	5.018	0.426	236.34	21.2	38.0	0.0	17.0
29/10/2008	02:12:00	5.042	0.186	238.59	21.0	38.0	1.0	18.0
29/10/2008	02:15:00	5.008	0.188	238.72	21.0	38.0	2.0	18.0
4/11/2008	18:49:00	5.396	0.368	230.96	23.4	0.0	36.0	0.0
4/11/2008	18:51:00	5.342	0.324	231.55	23.0	0.0	37.0	0.0
4/11/2008	18:52:00	5.068	0.33	231.21	22.2	0.0	29.0	0.0
4/11/2008	18:53:00	5.514	0.278	229.58	24.0	0.0	36.0	0.0
4/11/2008	18:54:00	7.242	0.194	227.78	31.8	0.0	69.0	0.0
4/11/2008	18:55:00	7.002	0.184	227.83	30.6	0.0	69.0	0.0
4/11/2008	18:56:00	6.888	0.198	227.15	30.2	0.0	69.0	0.0
4/11/2008	18:57:00	6.71	0.184	228.03	29.4	0.0	69.0	0.0
4/11/2008	18:58:00	6.73	0.196	227.97	29.4	0.0	70.0	0.0
4/11/2008	18:59:00	6.876	0.18	228.75	30.0	0.0	70.0	0.0
4/11/2008	19:00:00	6.908	0.19	229.06	30.0	0.0	70.0	0.0
4/11/2008	19:01:00	5.988	0.14	229.58	26.0	0.0	70.0	0.0
4/11/2008	19:02:00	5.842	0.152	228.77	25.4	0.0	70.0	0.0
4/11/2008	19:03:00	5.254	0.144	230.31	23.0	0.0	60.0	0.0
4/11/2008	20:39:00	5.504	0.384	232.55	23.6	0.0	37.0	17.0
4/11/2008	20:40:00	5.108	0.366	234.14	22.2	0.0	29.0	17.0
4/11/2008	20:41:00	6.634	0.398	231.43	29.0	0.0	54.0	16.0
4/11/2008	20:42:00	7.122	0.338	231.54	31.0	0.0	63.0	17.0
4/11/2008	20:43:00	7.602	0.368	231.11	32.8	0.0	71.0	16.0
4/11/2008	20:44:00	7.682	0.44	231.94	33.0	0.0	72.0	16.0
4/11/2008	20:45:00	7.72	0.452	232.64	33.2	0.0	72.0	17.0
4/11/2008	20:46:00	7.72	0.45	232.88	33.2	0.0	72.0	17.0
4/11/2008	20:47:00	7.482	0.408	233.3	32.0	0.0	73.0	16.0
4/11/2008	20:48:00	7.816	0.274	231.91	33.6	0.0	72.0	17.0
4/11/2008	20:49:00	7.404	0.238	231.8	31.8	0.0	72.0	16.0
4/11/2008	20:50:00	7.304	0.224	232.1	31.4	0.0	72.0	17.0
4/11/2008	20:51:00	7.148	0.234	232.39	30.6	0.0	72.0	16.0
4/11/2008	20:52:00	7.298	0.222	231.91	31.4	0.0	72.0	17.0
4/11/2008	20:53:00	6.426	0.244	233.21	28.0	0.0	60.0	17.0
4/11/2008	20:58:00	5.336	0.17	236.21	22.6	0.0	34.0	17.0
4/11/2008	21:11:00	5.032	0.0	235.81	21.2	0.0	38.0	17.0
4/11/2008	21:27:00	5.422	0.0	235.55	23.0	0.0	36.0	17.0
4/11/2008	21:31:00	5.078	0.212	235.79	21.8	0.0	40.0	17.0
4/11/2008	21:32:00	6.844	0.252	234.22	29.2	0.0	72.0	17.0
4/11/2008	21:33:00	6.88	0.242	235.34	29.2	0.0	72.0	17.0
4/11/2008	21:34:00	6.916	0.262	235.96	29.2	0.0	72.0	17.0
4/11/2008	21:35:00	6.914	0.244	236.07	29.2	0.0	73.0	17.0
4/11/2008	21:36:00	6.924	0.258	235.89	29.2	0.0	73.0	17.0
4/11/2008	21:37:00	6.882	0.24	235.78	29.2	0.0	72.0	17.0
4/11/2008	21:38:00	6.546	0.23	236.07	27.6	0.0	73.0	17.0
4/11/2008	21:39:00	6.316	0.194	235.94	26.6	0.0	73.0	17.0
4/11/2008	21:40:00	6.332	0.212	236.16	26.8	0.0	73.0	18.0
4/11/2008	21:41:00	6.316	0.194	236.09	26.6	0.0	72.0	17.0
4/11/2008	21:42:00	5.356	0.22	237.01	23.0	0.0	58.0	17.0
5/11/2008	08:34:00	6.218	0.0	236.82	26.2	0.0	74.0	17.0
5/11/2008	08:35:00	6.268	0.05	237.31	26.4	0.0	73.0	18.0
5/11/2008	08:36:00	6.216	0.0	236.69	26.2	0.0	73.0	17.0
5/11/2008	08:37:00	6.178	0.046	235.94	26.2	0.0	73.0	17.0
5/11/2008	08:38:00	6.136	0.0	235.57	26.0	0.0	72.0	17.0
5/11/2008	08:39:00	6.21	0.14	234.78	26.4	0.0	72.0	17.0
5/11/2008	08:40:00	6.228	0.124	235.71	26.4	0.0	73.0	17.0
5/11/2008	08:41:00	6.3	0.194	236.13	26.6	0.0	73.0	17.0
5/11/2008	08:42:00	6.394	0.172	235.84	27.0	2.0	72.0	17.0
5/11/2008	08:43:00	6.498	0.098	236.22	27.4	1.0	73.0	17.0
5/11/2008	08:44:00	6.466	0.0	236.52	27.2	1.0	73.0	17.0
5/11/2008	08:45:00	6.412	0.046	235.31	27.2	1.0	73.0	17.0
5/11/2008	08:46:00	5.33	0.0	236.06	23.0	2.0	56.0	17.0
5/11/2008	09:03:00	5.956	0.0	235.34	25.2	37.0	35.0	17.0
5/11/2008	09:04:00	5.212	0.048	236.01	22.0	37.0	22.0	17.0
5/11/2008	09:05:00	6.106	0.0	235.04	26.0	37.0	38.0	17.0
5/11/2008	09:06:00	5.184	0.0	235.56	22.0	37.0	22.0	17.0
5/11/2008	09:07:00	6.168	0.0	234.74	26.2	37.0	39.0	17.0
5/11/2008	09:09:00	5.68	0.0	233.35	24.4	37.0	32.0	17.0
5/11/2008	09:11:00	5.71	0.0	233.85	24.4	37.0	33.0	17.0
5/11/2008	09:13:00	5.646	0.0	234.72	24.0	37.0	31.0	17.0
5/11/2008	11:49:00	5.362	0.366	234.27	23.4	37.0	1.0	0.0
5/11/2008	11:50:00	6.168	0.354	233.52	26.4	37.0	0.0	0.0
5/11/2008	13:01:00	5.046	0.392	234.7	21.8	37.0	0.0	17.0
5/11/2008	13:31:00	5.686	0.526	235.79	24.6	20.0	29.0	17.0
5/11/2008	13:32:00	7.416	0.502	234.84	31.8	37.0	45.0	17.0
5/11/2008	13:33:00	8.416	0.506	233.98	36.2	37.0	65.0	17.0
5/11/2008	13:34:00	7.096	0.508	234.96	30.4	7.0	73.0	17.0
5/11/2008	13:35:00	6.684	0.528	235.39	28.4	1.0	74.0	17.0
5/11/2008	13:36:00	6.576	0.546	237.03	27.8	1.0	74.0	17.0
5/11/2008	13:37:00	8.862	0.724	234.04	38.2	17.0	73.0	17.0
5/11/2008	13:38:00	8.598	0.494	234.3	36.6	37.0	73.0	17.0
5/11/2008	13:39:00	8.65	0.516	234.93	36.8	38.0	74.0	17.0
5/11/2008	13:40:00	7.024	0.522	236.98	29.8	10.0	74.0	17.0
5/11/2008	13:41:00	6.578	0.542	237.23	27.8	1.0	75.0	17.0
5/11/2008	13:42:00	6.482	0.524	236.93	27.4	1.0	75.0	17.0
5/11/2008	13:43:00	6.282	0.524	237.0	26.6	1.0	74.0	18.0
5/11/2008	13:44:00	5.888	0.486	237.69	25.0	1.0	68.0	17.0
5/11/2008	15:00:00	5.702	0.432	238.19	24.2	0.0	75.0	0.0
5/11/2008	15:01:00	5.942	0.428	237.71	25.4	0.0	75.0	0.0
5/11/2008	15:02:00	5.568	0.426	237.6	23.6	0.0	74.0	0.0
5/11/2008	15:03:00	5.638	0.424	237.87	24.0	0.0	75.0	0.0
5/11/2008	15:04:00	5.422	0.43	238.44	22.8	0.0	76.0	0.0
5/11/2008	15:05:00	5.65	0.436	239.17	23.8	0.0	75.0	0.0
5/11/2008	15:06:00	5.578	0.436	239.21	23.6	0.0	76.0	0.0
5/11/2008	15:07:00	5.686	0.424	238.11	24.2	0.0	75.0	0.0
5/11/2008	15:08:00	5.728	0.418	237.15	24.4	0.0	74.0	0.0
5/11/2008	15:58:00	5.524	0.0	237.11	23.2	0.0	73.0	0.0
5/11/2008	15:59:00	5.01	0.0	237.37	21.4	0.0	65.0	0.0
5/11/2008	16:00:00	5.492	0.0	236.56	23.2	0.0	72.0	0.0
5/11/2008	16:01:00	5.51	0.0	236.01	23.2	0.0	72.0	0.0
5/11/2008	16:02:00	5.558	0.108	235.74	23.6	0.0	72.0	0.0
5/11/2008	16:03:00	5.572	0.122	236.03	23.6	0.0	72.0	0.0
5/11/2008	16:55:00	5.832	0.366	234.77	24.8	0.0	1.0	18.0
5/11/2008	16:56:00	5.882	0.442	234.28	25.2	0.0	2.0	17.0
5/11/2008	17:08:00	5.272	0.396	236.01	23.4	0.0	44.0	17.0
5/11/2008	17:09:00	6.706	0.376	234.2	28.6	0.0	71.0	17.0
5/11/2008	17:10:00	6.734	0.392	233.81	28.8	0.0	70.0	16.0
5/11/2008	17:14:00	5.79	0.16	235.97	25.0	0.0	54.0	18.0
5/11/2008	17:15:00	6.018	0.15	235.03	25.6	0.0	61.0	16.0
5/11/2008	19:46:00	5.676	0.286	234.43	24.2	38.0	0.0	0.0
5/11/2008	19:47:00	5.856	0.47	234.1	25.0	37.0	1.0	0.0
5/11/2008	19:48:00	5.71	0.35	235.1	24.2	37.0	0.0	0.0
5/11/2008	19:49:00	5.78	0.346	235.23	24.6	38.0	0.0	0.0
5/11/2008	19:50:00	5.792	0.34	235.93	24.6	38.0	0.0	0.0
5/11/2008	19:51:00	5.804	0.342	235.87	24.6	37.0	0.0	0.0
5/11/2008	19:52:00	5.716	0.334	235.61	24.2	38.0	0.0	0.0
5/11/2008	19:53:00	5.776	0.422	235.71	24.4	37.0	1.0	0.0
5/11/2008	19:54:00	5.432	0.434	235.55	23.0	38.0	0.0	0.0
5/11/2008	19:55:00	5.238	0.43	234.95	22.2	37.0	0.0	0.0
5/11/2008	19:56:00	5.252	0.432	235.16	22.4	38.0	0.0	0.0
5/11/2008	19:57:00	5.204	0.422	234.33	22.2	37.0	0.0	0.0
5/11/2008	19:58:00	5.18	0.422	233.37	22.2	37.0	0.0	0.0
5/11/2008	19:59:00	5.174	0.418	233.71	22.2	37.0	0.0	0.0
5/11/2008	20:00:00	5.026	0.354	233.83	21.4	37.0	1.0	0.0
5/11/2008	20:05:00	5.104	0.422	234.42	21.8	37.0	2.0	0.0
5/11/2008	20:06:00	5.23	0.386	235.03	22.2	37.0	2.0	0.0
5/11/2008	20:07:00	5.326	0.38	235.23	22.6	38.0	1.0	0.0
5/11/2008	20:27:00	5.214	0.592	233.51	22.6	37.0	1.0	0.0
5/11/2008	21:26:00	5.594	0.08	235.85	23.6	0.0	36.0	17.0
5/11/2008	21:28:00	5.464	0.078	236.28	23.0	0.0	36.0	18.0
5/11/2008	21:30:00	5.472	0.076	236.79	23.0	0.0	36.0	17.0
5/11/2008	21:31:00	5.434	0.074	237.07	22.8	0.0	36.0	17.0
5/11/2008	21:32:00	5.422	0.072	237.48	22.8	0.0	37.0	18.0
5/11/2008	21:33:00	5.388	0.076	236.7	22.8	0.0	36.0	17.0
5/11/2008	21:34:00	5.388	0.074	236.72	22.8	0.0	35.0	17.0
5/11/2008	21:35:00	5.384	0.078	236.6	22.6	0.0	36.0	17.0
5/11/2008	21:36:00	5.244	0.074	236.25	22.2	0.0	36.0	17.0
5/11/2008	21:37:00	5.198	0.08	235.87	22.0	0.0	36.0	17.0
5/11/2008	21:38:00	5.174	0.074	236.41	21.8	0.0	36.0	17.0
5/11/2008	21:39:00	5.148	0.08	235.33	21.8	0.0	35.0	17.0
5/11/2008	21:42:00	5.118	0.046	235.91	21.6	0.0	35.0	17.0
5/11/2008	21:50:00	5.008	0.0	236.67	21.0	0.0	36.0	17.0
5/11/2008	21:55:00	5.126	0.19	234.96	21.8	0.0	37.0	17.0
5/11/2008	22:03:00	5.058	0.292	236.34	21.4	1.0	30.0	17.0
5/11/2008	22:07:00	5.01	0.278	237.27	21.2	2.0	32.0	17.0
6/11/2008	07:01:00	6.552	0.06	233.57	28.0	0.0	0.0	17.0
6/11/2008	07:02:00	6.71	0.0	232.57	29.0	0.0	0.0	16.0
6/11/2008	07:03:00	6.388	0.052	233.06	27.4	0.0	0.0	17.0
6/11/2008	07:04:00	5.168	0.0	234.69	23.2	0.0	0.0	17.0
6/11/2008	20:56:00	5.106	0.082	233.07	21.8	36.0	2.0	17.0
8/11/2008	07:11:00	5.438	0.148	235.18	23.0	0.0	0.0	17.0
8/11/2008	07:12:00	5.978	0.158	233.84	25.6	0.0	0.0	16.0
8/11/2008	07:13:00	5.72	0.134	234.54	24.4	0.0	0.0	17.0
8/11/2008	22:13:00	5.552	0.09	234.42	23.6	37.0	36.0	0.0
8/11/2008	22:14:00	5.616	0.164	234.28	24.0	37.0	37.0	0.0
8/11/2008	22:15:00	5.692	0.188	234.51	24.2	37.0	37.0	0.0
8/11/2008	22:16:00	5.796	0.178	234.31	24.6	36.0	37.0	0.0
8/11/2008	22:17:00	5.842	0.188	235.13	24.8	37.0	37.0	0.0
8/11/2008	22:18:00	5.896	0.186	236.56	24.8	38.0	37.0	0.0
8/11/2008	22:19:00	5.884	0.194	236.35	24.8	37.0	37.0	0.0
8/11/2008	22:20:00	5.874	0.184	236.21	24.8	37.0	37.0	0.0
8/11/2008	22:21:00	5.854	0.194	236.27	24.8	37.0	37.0	0.0
8/11/2008	22:22:00	5.788	0.186	236.76	24.4	37.0	38.0	0.0
8/11/2008	22:23:00	5.758	0.192	236.04	24.4	37.0	37.0	0.0
8/11/2008	22:24:00	5.742	0.18	235.85	24.2	37.0	37.0	0.0
9/11/2008	17:36:00	5.006	0.0	230.77	21.6	36.0	0.0	16.0
9/11/2008	17:41:00	5.17	0.0	230.91	22.4	35.0	0.0	16.0
9/11/2008	17:42:00	5.17	0.0	230.72	22.4	36.0	0.0	16.0
9/11/2008	17:43:00	5.216	0.132	229.93	22.6	35.0	0.0	17.0
9/11/2008	17:44:00	5.164	0.0	230.06	22.4	35.0	0.0	16.0
9/11/2008	17:45:00	5.136	0.0	230.15	22.2	36.0	0.0	16.0
9/11/2008	17:46:00	5.146	0.0	230.47	22.2	35.0	0.0	16.0
9/11/2008	17:47:00	5.114	0.0	229.78	22.2	35.0	0.0	17.0
9/11/2008	17:49:00	5.17	0.086	229.02	22.4	37.0	0.0	16.0
9/11/2008	17:50:00	5.14	0.054	229.0	22.4	36.0	0.0	16.0
9/11/2008	17:51:00	5.142	0.08	229.09	22.4	35.0	0.0	16.0
9/11/2008	17:52:00	5.096	0.056	228.85	22.2	36.0	0.0	16.0
9/11/2008	17:53:00	5.082	0.0	228.86	22.2	35.0	0.0	17.0
9/11/2008	17:54:00	5.104	0.0	229.15	22.2	36.0	0.0	16.0
9/11/2008	17:55:00	5.032	0.06	228.89	22.0	35.0	0.0	16.0
9/11/2008	17:58:00	5.162	0.262	228.71	22.6	35.0	0.0	16.0
9/11/2008	17:59:00	5.17	0.258	228.95	22.6	36.0	0.0	16.0
9/11/2008	18:00:00	5.176	0.256	229.31	22.6	35.0	0.0	16.0
9/11/2008	18:01:00	5.18	0.258	229.73	22.4	36.0	0.0	17.0
9/11/2008	18:02:00	5.272	0.36	229.27	23.0	36.0	0.0	16.0
9/11/2008	18:03:00	5.064	0.37	229.09	22.0	35.0	0.0	16.0
9/11/2008	18:04:00	5.05	0.366	228.7	22.0	35.0	0.0	16.0
9/11/2008	18:05:00	5.026	0.362	228.24	22.0	36.0	0.0	16.0
9/11/2008	18:06:00	5.03	0.362	228.42	22.0	35.0	0.0	16.0
9/11/2008	18:07:00	5.09	0.366	229.92	22.2	36.0	0.0	16.0
9/11/2008	18:08:00	5.132	0.342	231.46	22.2	36.0	0.0	17.0
9/11/2008	18:09:00	5.06	0.274	230.7	21.8	36.0	0.0	16.0
9/11/2008	18:10:00	5.1	0.276	231.82	22.0	36.0	0.0	16.0
9/11/2008	18:11:00	5.104	0.274	231.87	22.0	37.0	0.0	17.0
9/11/2008	18:12:00	5.076	0.272	231.28	21.8	36.0	0.0	16.0
9/11/2008	18:13:00	5.078	0.27	231.84	21.8	36.0	0.0	17.0
9/11/2008	18:14:00	5.032	0.27	231.68	21.6	36.0	0.0	16.0
9/11/2008	18:20:00	5.056	0.284	234.94	21.4	37.0	0.0	17.0
9/11/2008	18:32:00	5.146	0.258	233.38	22.0	37.0	1.0	17.0
9/11/2008	18:33:00	5.638	0.376	232.6	24.2	36.0	1.0	17.0
9/11/2008	18:37:00	5.354	0.388	234.21	23.2	24.0	2.0	16.0
9/11/2008	18:38:00	5.614	0.356	233.17	24.0	37.0	1.0	17.0
9/11/2008	18:39:00	5.414	0.352	232.5	23.2	37.0	1.0	17.0
9/11/2008	18:43:00	5.158	0.468	234.5	22.2	30.0	1.0	17.0
9/11/2008	18:44:00	5.252	0.468	234.21	22.4	37.0	1.0	16.0
9/11/2008	18:45:00	5.214	0.466	234.11	22.2	37.0	2.0	17.0
9/11/2008	18:49:00	5.122	0.344	232.57	22.0	34.0	0.0	17.0
9/11/2008	18:50:00	5.052	0.344	231.92	21.8	36.0	0.0	16.0
9/11/2008	18:51:00	5.022	0.34	231.09	21.8	36.0	0.0	16.0
9/11/2008	18:55:00	5.19	0.47	232.32	22.4	36.0	0.0	16.0
9/11/2008	18:56:00	5.192	0.47	232.81	22.4	37.0	0.0	17.0
9/11/2008	18:57:00	5.114	0.38	232.3	22.0	36.0	0.0	17.0
9/11/2008	19:17:00	5.024	0.366	231.73	21.6	36.0	0.0	17.0
9/11/2008	20:30:00	5.148	0.276	232.68	22.0	36.0	1.0	16.0
9/11/2008	20:31:00	5.202	0.274	232.41	22.4	36.0	1.0	17.0
9/11/2008	20:32:00	5.264	0.28	233.12	22.6	36.0	2.0	16.0
9/11/2008	20:33:00	5.368	0.282	233.73	23.0	36.0	1.0	17.0
9/11/2008	20:34:00	5.422	0.282	234.21	23.0	37.0	1.0	17.0
9/11/2008	20:35:00	5.382	0.28	233.57	23.0	36.0	2.0	17.0
9/11/2008	20:36:00	5.364	0.28	233.55	23.0	36.0	1.0	17.0
10/11/2008	07:08:00	5.364	0.0	235.44	23.0	0.0	0.0	17.0
10/11/2008	07:09:00	5.1	0.0	236.25	21.6	0.0	0.0	17.0
10/11/2008	07:10:00	5.672	0.054	235.19	24.0	0.0	1.0	17.0
11/11/2008	07:29:00	5.348	0.0	238.1	22.6	0.0	0.0	0.0
11/11/2008	21:54:00	5.336	0.112	232.86	22.8	36.0	0.0	17.0
11/11/2008	21:55:00	5.244	0.112	231.89	22.6	36.0	0.0	16.0
11/11/2008	21:56:00	5.228	0.112	231.74	22.4	35.0	0.0	17.0
11/11/2008	21:57:00	5.268	0.112	232.84	22.6	37.0	0.0	16.0
12/11/2008	06:55:00	5.904	0.0	236.05	25.4	0.0	0.0	18.0
12/11/2008	06:56:00	6.99	0.0	234.35	29.8	0.0	0.0	17.0
12/11/2008	06:57:00	7.072	0.0	234.13	30.2	0.0	0.0	16.0
12/11/2008	06:58:00	5.094	0.0	236.35	22.0	0.0	0.0	18.0
13/11/2008	06:41:00	5.238	0.048	242.27	21.6	0.0	0.0	18.0
13/11/2008	06:42:00	5.828	0.0	240.71	24.2	0.0	0.0	17.0
15/11/2008	07:44:00	5.766	0.146	232.44	24.8	0.0	0.0	17.0
15/11/2008	07:45:00	5.032	0.164	233.29	21.6	0.0	0.0	17.0
15/11/2008	15:15:00	5.098	0.222	238.77	21.8	0.0	57.0	17.0
15/11/2008	15:16:00	5.964	0.196	238.51	25.0	0.0	75.0	18.0
15/11/2008	15:17:00	5.99	0.214	238.68	25.0	0.0	76.0	17.0
15/11/2008	15:18:00	6.014	0.198	239.45	25.0	0.0	75.0	18.0
15/11/2008	15:19:00	5.954	0.088	239.59	24.8	0.0	76.0	17.0
15/11/2008	15:20:00	5.896	0.064	238.51	24.6	0.0	76.0	18.0
15/11/2008	15:44:00	6.156	0.352	235.77	26.4	1.0	59.0	17.0
15/11/2008	15:50:00	5.296	0.342	235.73	22.6	18.0	29.0	17.0
15/11/2008	15:51:00	6.086	0.382	233.92	26.0	36.0	22.0	17.0
15/11/2008	15:52:00	6.852	0.344	232.46	29.4	36.0	37.0	16.0
15/11/2008	15:53:00	5.268	0.378	234.75	22.6	37.0	10.0	17.0
15/11/2008	15:54:00	5.084	0.364	235.39	21.6	37.0	6.0	17.0
15/11/2008	15:55:00	5.11	0.374	236.04	21.6	37.0	5.0	17.0
15/11/2008	15:56:00	5.112	0.358	235.49	21.8	37.0	5.0	17.0
15/11/2008	15:57:00	6.022	0.362	234.28	26.2	37.0	5.0	17.0
15/11/2008	15:58:00	7.566	0.354	232.14	32.6	36.0	5.0	17.0
15/11/2008	15:59:00	7.482	0.35	231.49	32.2	36.0	4.0	16.0
15/11/2008	16:00:00	5.392	0.356	234.4	23.4	36.0	4.0	17.0
15/11/2008	16:05:00	5.482	0.304	236.04	23.2	1.0	2.0	17.0
15/11/2008	16:06:00	5.422	0.296	235.09	23.0	1.0	2.0	17.0
15/11/2008	16:46:00	5.688	0.278	230.59	24.8	2.0	33.0	16.0
15/11/2008	16:47:00	5.23	0.302	231.2	22.8	1.0	32.0	16.0
15/11/2008	16:48:00	5.262	0.288	231.98	22.8	1.0	31.0	17.0
15/11/2008	16:49:00	5.414	0.306	232.39	23.4	1.0	35.0	16.0
15/11/2008	16:51:00	5.314	0.276	231.72	23.0	1.0	36.0	17.0
15/11/2008	16:52:00	5.344	0.236	231.13	23.0	2.0	36.0	16.0
15/11/2008	16:53:00	5.36	0.268	231.28	23.2	1.0	35.0	16.0
15/11/2008	16:54:00	5.372	0.27	231.38	23.2	0.0	36.0	17.0
15/11/2008	16:55:00	5.33	0.284	231.37	23.0	1.0	36.0	16.0
15/11/2008	16:56:00	5.1	0.254	231.67	22.0	1.0	36.0	17.0
15/11/2008	16:57:00	5.132	0.262	231.57	22.2	1.0	35.0	16.0
15/11/2008	16:58:00	5.346	0.238	231.12	23.2	1.0	36.0	17.0
15/11/2008	17:01:00	5.136	0.258	231.98	22.2	1.0	36.0	16.0
15/11/2008	17:04:00	5.328	0.27	231.96	23.0	1.0	36.0	17.0
15/11/2008	17:07:00	5.096	0.158	231.94	22.0	1.0	35.0	17.0
15/11/2008	17:08:00	6.294	0.118	230.11	27.4	34.0	19.0	16.0
15/11/2008	17:09:00	6.784	0.128	229.13	29.6	35.0	27.0	16.0
15/11/2008	17:10:00	6.994	0.112	229.26	30.4	35.0	34.0	16.0
15/11/2008	17:11:00	5.982	0.142	230.56	26.0	36.0	17.0	17.0
15/11/2008	17:12:00	6.97	0.116	229.82	30.4	35.0	30.0	16.0
15/11/2008	17:13:00	6.718	0.1	229.43	29.4	35.0	26.0	16.0
15/11/2008	17:14:00	6.108	0.0	229.28	26.6	35.0	20.0	16.0
15/11/2008	17:15:00	6.88	0.0	228.59	30.0	35.0	34.0	16.0
15/11/2008	17:16:00	6.09	0.0	229.41	26.6	35.0	19.0	16.0
15/11/2008	17:17:00	6.742	0.0	228.35	29.6	35.0	27.0	17.0
15/11/2008	17:18:00	6.528	0.0	228.74	28.6	34.0	29.0	16.0
15/11/2008	17:19:00	5.962	0.0	229.76	26.0	35.0	17.0	16.0
15/11/2008	17:20:00	6.872	0.0	228.98	30.0	35.0	33.0	16.0
15/11/2008	17:21:00	6.036	0.0	230.03	26.2	35.0	15.0	16.0
15/11/2008	17:22:00	5.654	0.0	230.07	25.0	16.0	33.0	16.0
15/11/2008	18:13:00	5.582	0.056	233.14	24.4	0.0	0.0	17.0
15/11/2008	18:14:00	6.31	0.05	232.57	27.0	0.0	0.0	16.0
15/11/2008	18:15:00	5.792	0.054	232.89	25.2	0.0	1.0	17.0
15/11/2008	20:26:00	5.26	0.538	236.55	24.0	17.0	2.0	17.0
15/11/2008	20:27:00	6.082	0.58	235.48	26.2	38.0	1.0	17.0
15/11/2008	20:28:00	5.488	0.502	236.62	23.2	38.0	1.0	17.0
15/11/2008	20:29:00	5.454	0.494	235.96	23.2	37.0	2.0	18.0
15/11/2008	20:30:00	5.414	0.484	234.98	23.0	38.0	1.0	16.0
15/11/2008	20:31:00	5.424	0.48	235.28	23.0	37.0	2.0	17.0
15/11/2008	20:32:00	5.414	0.476	235.1	23.0	37.0	1.0	17.0
15/11/2008	20:33:00	5.352	0.464	233.62	23.0	37.0	1.0	17.0
15/11/2008	20:34:00	5.396	0.468	234.76	23.0	38.0	2.0	17.0
15/11/2008	20:35:00	5.388	0.466	234.72	23.0	37.0	1.0	17.0
15/11/2008	20:36:00	5.366	0.462	234.4	23.0	37.0	2.0	17.0
15/11/2008	20:37:00	5.362	0.458	234.12	23.0	37.0	1.0	17.0
15/11/2008	20:38:00	5.386	0.46	234.66	23.0	37.0	1.0	17.0
15/11/2008	20:43:00	5.192	0.46	235.06	22.2	34.0	1.0	17.0
15/11/2008	20:44:00	5.382	0.46	235.1	23.0	37.0	2.0	17.0
15/11/2008	20:45:00	5.398	0.462	235.59	23.0	37.0	1.0	17.0
15/11/2008	20:46:00	5.29	0.34	234.97	22.4	38.0	1.0	17.0
15/11/2008	20:47:00	5.27	0.332	234.73	22.4	37.0	1.0	17.0
15/11/2008	20:55:00	5.942	0.158	234.55	25.2	50.0	0.0	17.0
15/11/2008	21:00:00	6.096	0.148	234.22	26.2	46.0	0.0	17.0
15/11/2008	21:04:00	5.7	0.154	234.53	24.8	40.0	0.0	17.0
15/11/2008	21:29:00	5.786	0.242	234.78	24.6	0.0	0.0	17.0
15/11/2008	21:30:00	5.754	0.24	234.07	24.6	0.0	0.0	17.0
15/11/2008	21:31:00	5.054	0.244	234.49	22.0	0.0	0.0	17.0
15/11/2008	21:44:00	5.002	0.0	234.69	21.2	37.0	0.0	17.0
15/11/2008	21:45:00	5.002	0.0	234.97	21.2	37.0	0.0	17.0
15/11/2008	21:46:00	5.014	0.0	235.33	21.2	37.0	0.0	17.0
15/11/2008	21:47:00	5.024	0.0	235.71	21.2	37.0	0.0	17.0
15/11/2008	21:48:00	5.012	0.0	235.4	21.2	37.0	0.0	17.0
15/11/2008	21:49:00	5.036	0.0	236.14	21.2	37.0	0.0	17.0
15/11/2008	22:03:00	5.034	0.0	235.61	21.4	37.0	0.0	17.0
15/11/2008	22:04:00	5.078	0.0	236.3	21.4	37.0	0.0	17.0
15/11/2008	22:05:00	5.098	0.0	237.05	21.4	37.0	0.0	17.0
15/11/2008	22:06:00	5.096	0.0	237.05	21.4	37.0	0.0	18.0
15/11/2008	22:07:00	5.1	0.0	237.27	21.4	37.0	0.0	17.0
15/11/2008	22:57:00	5.736	0.0	238.17	24.0	1.0	0.0	17.0
15/11/2008	22:58:00	6.654	0.112	236.67	28.4	15.0	0.0	17.0
15/11/2008	22:59:00	7.732	0.0	235.17	32.8	37.0	0.0	17.0
15/11/2008	23:00:00	6.518	0.0	236.41	28.2	37.0	0.0	17.0
15/11/2008	23:01:00	5.128	0.0	237.85	21.6	38.0	0.0	18.0
15/11/2008	23:02:00	5.14	0.0	238.5	21.4	38.0	0.0	17.0
15/11/2008	23:03:00	5.148	0.0	238.73	21.6	38.0	0.0	18.0
15/11/2008	23:13:00	5.258	0.092	238.16	22.0	38.0	0.0	17.0
15/11/2008	23:14:00	5.094	0.23	238.15	21.8	29.0	0.0	17.0
15/11/2008	23:18:00	5.74	0.224	238.46	24.0	37.0	0.0	18.0
15/11/2008	23:19:00	5.93	0.22	237.83	24.8	38.0	0.0	17.0
15/11/2008	23:20:00	5.938	0.224	238.18	24.8	38.0	0.0	17.0
15/11/2008	23:21:00	5.902	0.194	238.11	24.8	37.0	0.0	18.0
15/11/2008	23:22:00	5.82	0.094	237.61	24.4	38.0	0.0	17.0
15/11/2008	23:23:00	5.834	0.1	237.61	24.6	37.0	0.0	17.0
15/11/2008	23:30:00	5.072	0.0	238.96	21.2	0.0	0.0	18.0
16/11/2008	13:39:00	5.954	0.0	235.34	25.6	37.0	29.0	17.0
16/11/2008	13:40:00	6.466	0.0	234.44	27.4	37.0	36.0	17.0
16/11/2008	13:41:00	6.248	0.0	234.0	26.6	36.0	37.0	17.0
16/11/2008	13:42:00	6.248	0.0	234.67	26.6	37.0	37.0	17.0
16/11/2008	13:43:00	6.466	0.0	235.07	27.4	37.0	38.0	17.0
16/11/2008	13:44:00	6.34	0.0	234.25	27.0	36.0	36.0	17.0
16/11/2008	13:45:00	6.198	0.0	233.74	26.4	36.0	37.0	17.0
16/11/2008	13:46:00	5.706	0.0	234.33	25.2	37.0	17.0	16.0
16/11/2008	19:17:00	5.084	0.504	233.36	22.2	37.0	24.0	0.0
16/11/2008	19:20:00	5.326	0.512	233.92	22.8	37.0	36.0	0.0
16/11/2008	19:25:00	5.238	0.396	233.74	22.4	37.0	35.0	0.0
16/11/2008	19:26:00	5.224	0.398	233.56	22.4	36.0	35.0	0.0
16/11/2008	19:33:00	5.738	0.442	232.75	24.6	36.0	3.0	17.0
16/11/2008	20:28:00	5.854	0.046	233.16	25.0	36.0	0.0	16.0
16/11/2008	20:29:00	5.77	0.054	232.88	24.6	36.0	1.0	17.0
16/11/2008	20:30:00	5.844	0.058	232.43	25.0	37.0	0.0	16.0
16/11/2008	20:31:00	5.866	0.056	233.38	25.0	36.0	0.0	17.0
16/11/2008	20:32:00	5.876	0.058	233.15	25.2	36.0	0.0	17.0
16/11/2008	20:33:00	5.83	0.056	233.29	25.0	36.0	0.0	17.0
16/11/2008	20:34:00	5.856	0.06	234.11	25.0	37.0	0.0	16.0
16/11/2008	20:35:00	5.686	0.0	234.91	24.2	37.0	0.0	17.0
16/11/2008	20:36:00	6.1	0.116	235.23	25.8	36.0	3.0	17.0
16/11/2008	20:37:00	5.064	0.118	236.65	21.8	19.0	3.0	17.0
17/11/2008	06:55:00	5.094	0.054	239.64	21.4	0.0	0.0	18.0
18/11/2008	06:53:00	7.444	0.15	235.59	31.6	0.0	1.0	17.0
18/11/2008	06:54:00	7.71	0.134	235.47	32.8	0.0	1.0	17.0
18/11/2008	06:55:00	7.124	0.152	235.95	30.4	0.0	1.0	18.0
19/11/2008	06:51:00	5.294	0.072	237.71	22.8	0.0	0.0	18.0
19/11/2008	06:52:00	5.64	0.068	237.9	23.8	0.0	0.0	17.0
19/11/2008	06:53:00	5.804	0.108	237.92	24.4	0.0	0.0	18.0
20/11/2008	06:34:00	5.254	0.0	237.1	22.2	0.0	0.0	0.0
20/11/2008	08:00:00	5.006	0.3	236.31	21.2	37.0	2.0	17.0
22/11/2008	07:48:00	5.266	0.0	237.47	22.2	0.0	0.0	17.0
22/11/2008	07:49:00	5.502	0.0	237.54	23.4	0.0	0.0	18.0
22/11/2008	07:50:00	5.008	0.054	238.66	21.0	0.0	0.0	17.0
22/11/2008	21:39:00	5.67	0.078	234.02	24.2	1.0	37.0	17.0
22/11/2008	21:40:00	6.332	0.238	232.25	27.4	1.0	36.0	16.0
22/11/2008	21:41:00	6.76	0.28	231.62	29.2	1.0	36.0	17.0
22/11/2008	21:42:00	5.596	0.132	233.28	24.0	1.0	37.0	17.0
22/11/2008	21:43:00	5.536	0.144	233.23	23.8	1.0	36.0	16.0
22/11/2008	21:44:00	6.61	0.094	231.3	28.8	15.0	37.0	17.0
22/11/2008	21:45:00	7.358	0.06	230.37	31.8	36.0	36.0	16.0
22/11/2008	21:46:00	7.366	0.062	230.66	31.8	36.0	36.0	16.0
22/11/2008	21:47:00	7.36	0.06	230.83	31.8	36.0	36.0	17.0
22/11/2008	21:48:00	7.256	0.058	229.32	31.6	35.0	35.0	16.0
22/11/2008	21:49:00	7.266	0.058	229.68	31.6	35.0	36.0	16.0
22/11/2008	21:50:00	7.256	0.056	229.57	31.6	35.0	36.0	16.0
22/11/2008	21:51:00	7.284	0.058	230.11	31.6	36.0	35.0	17.0
22/11/2008	21:52:00	5.932	0.052	231.94	25.8	36.0	16.0	16.0
22/11/2008	21:53:00	5.294	0.0	233.11	22.6	36.0	1.0	17.0
22/11/2008	21:54:00	5.288	0.0	233.4	22.6	36.0	1.0	17.0
22/11/2008	21:55:00	5.278	0.0	234.0	22.4	37.0	1.0	16.0
22/11/2008	21:56:00	5.276	0.0	233.86	22.4	36.0	0.0	17.0
22/11/2008	22:10:00	5.524	0.082	233.27	24.0	1.0	5.0	16.0
22/11/2008	22:11:00	5.84	0.09	232.6	25.0	1.0	6.0	17.0
23/11/2008	09:47:00	5.64	0.064	235.67	23.8	0.0	72.0	18.0
23/11/2008	09:48:00	5.186	0.0	234.94	22.4	0.0	63.0	17.0
23/11/2008	09:49:00	5.356	0.062	234.8	23.0	0.0	66.0	16.0
23/11/2008	09:50:00	5.694	0.072	234.31	24.2	0.0	71.0	17.0
23/11/2008	09:51:00	5.672	0.058	234.16	24.2	0.0	71.0	17.0
23/11/2008	09:52:00	5.624	0.066	232.99	24.0	0.0	71.0	17.0
23/11/2008	09:53:00	5.594	0.048	232.36	24.0	0.0	70.0	16.0
23/11/2008	09:54:00	5.608	0.06	232.51	24.0	0.0	71.0	17.0
23/11/2008	11:55:00	5.596	0.26	236.52	23.8	37.0	26.0	18.0
23/11/2008	11:56:00	5.592	0.27	235.64	23.8	37.0	27.0	18.0
23/11/2008	11:58:00	5.998	0.25	233.86	25.6	37.0	32.0	17.0
23/11/2008	12:00:00	5.416	0.122	233.54	23.4	37.0	24.0	17.0
23/11/2008	12:01:00	5.554	0.096	234.07	23.8	36.0	28.0	17.0
23/11/2008	12:06:00	5.242	0.166	235.32	22.2	54.0	3.0	17.0
23/11/2008	12:11:00	5.376	0.148	234.35	22.8	53.0	4.0	17.0
23/11/2008	12:12:00	5.394	0.184	234.4	23.0	54.0	3.0	17.0
23/11/2008	12:13:00	5.794	0.302	236.28	24.4	54.0	3.0	17.0
23/11/2008	12:14:00	5.394	0.406	238.02	22.8	46.0	0.0	17.0
23/11/2008	12:15:00	5.012	0.406	238.22	21.0	38.0	0.0	18.0
23/11/2008	12:16:00	5.874	0.384	235.99	24.8	52.0	0.0	17.0
23/11/2008	12:17:00	5.966	0.402	236.31	25.2	54.0	0.0	17.0
23/11/2008	12:20:00	5.504	0.604	236.69	23.6	14.0	35.0	17.0
23/11/2008	12:21:00	6.05	0.646	237.07	25.6	18.0	37.0	17.0
23/11/2008	12:22:00	5.02	0.606	237.76	21.2	3.0	39.0	17.0
23/11/2008	12:23:00	5.02	0.602	237.24	21.2	0.0	40.0	18.0
23/11/2008	12:24:00	5.738	0.582	235.73	24.4	13.0	39.0	17.0
23/11/2008	12:32:00	5.06	0.54	236.13	21.4	38.0	3.0	17.0
23/11/2008	12:33:00	5.06	0.54	235.94	21.4	38.0	3.0	17.0
23/11/2008	12:34:00	5.04	0.532	235.55	21.4	37.0	3.0	17.0
23/11/2008	12:35:00	5.082	0.542	236.49	21.6	38.0	2.0	17.0
23/11/2008	12:36:00	5.024	0.532	236.28	21.2	38.0	3.0	17.0
23/11/2008	12:37:00	6.202	0.53	237.06	26.6	38.0	18.0	17.0
23/11/2008	12:38:00	5.418	0.536	237.51	23.0	38.0	11.0	18.0
23/11/2008	12:39:00	5.07	0.538	237.47	21.4	39.0	3.0	17.0
23/11/2008	12:40:00	5.024	0.522	237.87	21.2	38.0	3.0	17.0
23/11/2008	15:21:00	6.1	0.0	233.72	26.2	36.0	31.0	0.0
23/11/2008	15:22:00	6.046	0.0	233.87	25.8	37.0	33.0	0.0
23/11/2008	15:23:00	5.152	0.0	235.07	22.0	37.0	15.0	0.0
23/11/2008	15:24:00	6.332	0.0	234.59	27.0	36.0	35.0	0.0
23/11/2008	15:25:00	5.588	0.0	237.05	23.8	37.0	24.0	0.0
23/11/2008	15:26:00	5.362	0.0	237.32	22.6	38.0	17.0	0.0
23/11/2008	15:27:00	5.85	0.0	236.38	25.0	37.0	27.0	0.0
23/11/2008	15:28:00	5.696	0.0	236.76	24.2	37.0	26.0	0.0
23/11/2008	15:29:00	5.506	0.0	236.75	23.4	37.0	20.0	0.0
23/11/2008	15:30:00	5.526	0.0	235.92	23.4	37.0	24.0	0.0
23/11/2008	15:31:00	5.522	0.0	235.48	23.6	37.0	21.0	0.0
23/11/2008	15:32:00	5.508	0.144	235.43	23.4	36.0	23.0	0.0
23/11/2008	16:21:00	5.068	0.178	234.6	21.6	0.0	2.0	0.0
23/11/2008	17:04:00	5.448	0.064	233.47	23.2	0.0	36.0	0.0
23/11/2008	17:05:00	5.448	0.062	233.64	23.2	0.0	37.0	0.0
23/11/2008	17:06:00	5.44	0.062	233.27	23.2	0.0	36.0	0.0
23/11/2008	17:07:00	5.464	0.06	233.63	23.4	0.0	37.0	0.0
23/11/2008	17:08:00	5.444	0.058	233.17	23.2	0.0	37.0	0.0
23/11/2008	17:09:00	5.46	0.112	232.18	23.4	0.0	36.0	0.0
23/11/2008	17:10:00	5.548	0.184	232.22	23.8	0.0	37.0	0.0
23/11/2008	17:11:00	5.548	0.186	232.76	23.8	0.0	36.0	0.0
23/11/2008	17:12:00	5.544	0.182	233.41	23.6	0.0	37.0	0.0
23/11/2008	18:01:00	5.922	0.412	232.19	26.0	0.0	7.0	17.0
23/11/2008	18:02:00	7.558	0.352	230.56	32.8	0.0	35.0	16.0
23/11/2008	18:03:00	7.106	0.364	230.52	31.0	0.0	26.0	17.0
23/11/2008	18:04:00	7.464	0.342	228.32	32.6	0.0	33.0	16.0
23/11/2008	18:05:00	7.048	0.358	229.56	30.8	0.0	26.0	16.0
23/11/2008	18:06:00	7.514	0.344	229.27	32.8	0.0	34.0	16.0
23/11/2008	18:07:00	7.568	0.366	230.24	32.8	0.0	34.0	16.0
23/11/2008	18:08:00	7.552	0.35	230.19	32.8	0.0	34.0	17.0
23/11/2008	18:09:00	7.586	0.37	230.55	32.8	0.0	35.0	16.0
23/11/2008	18:10:00	7.668	0.464	230.59	33.2	0.0	35.0	16.0
23/11/2008	18:11:00	7.662	0.478	230.48	33.2	0.0	36.0	17.0
23/11/2008	18:12:00	7.724	0.47	230.54	33.4	0.0	35.0	16.0
23/11/2008	18:13:00	7.624	0.474	229.83	33.2	0.0	36.0	16.0
23/11/2008	18:14:00	7.622	0.458	229.62	33.2	0.0	35.0	16.0
23/11/2008	18:15:00	7.61	0.47	229.69	33.2	0.0	36.0	17.0
23/11/2008	18:16:00	7.632	0.454	230.22	33.2	0.0	35.0	16.0
23/11/2008	18:17:00	7.142	0.334	230.07	31.0	0.0	35.0	16.0
23/11/2008	18:18:00	6.598	0.272	231.78	28.4	0.0	36.0	17.0
23/11/2008	18:19:00	6.478	0.226	232.16	27.8	0.0	36.0	16.0
23/11/2008	18:20:00	5.426	0.166	233.3	23.2	0.0	18.0	17.0
23/11/2008	18:21:00	6.432	0.168	231.56	27.8	0.0	33.0	16.0
23/11/2008	18:22:00	6.484	0.15	231.48	28.0	0.0	35.0	17.0
23/11/2008	18:23:00	5.946	0.18	232.06	25.6	0.0	19.0	16.0
23/11/2008	18:24:00	6.454	0.15	231.32	27.8	0.0	32.0	17.0
23/11/2008	18:25:00	6.448	0.158	230.89	27.8	0.0	35.0	16.0
23/11/2008	18:26:00	5.422	0.154	231.98	23.4	0.0	17.0	17.0
23/11/2008	18:27:00	6.436	0.156	230.93	27.8	0.0	33.0	16.0
23/11/2008	18:28:00	5.976	0.144	230.61	26.0	0.0	29.0	16.0
23/11/2008	18:29:00	5.752	0.16	230.69	25.0	0.0	21.0	17.0
23/11/2008	18:30:00	6.72	0.216	229.62	29.2	0.0	35.0	16.0
23/11/2008	18:31:00	5.91	0.336	230.95	25.6	0.0	21.0	16.0
23/11/2008	18:32:00	6.542	0.308	230.67	28.4	0.0	28.0	17.0
23/11/2008	18:33:00	6.354	0.318	231.14	27.6	0.0	28.0	16.0
23/11/2008	18:34:00	6.168	0.308	231.57	26.6	0.0	22.0	17.0
23/11/2008	18:35:00	6.402	0.314	231.28	27.8	0.0	29.0	16.0
23/11/2008	18:36:00	6.184	0.316	232.75	26.6	0.0	21.0	17.0
23/11/2008	18:37:00	6.408	0.328	233.08	27.6	0.0	28.0	16.0
23/11/2008	18:38:00	6.428	0.336	232.45	27.8	0.0	21.0	17.0
23/11/2008	18:39:00	6.792	0.37	232.47	29.2	0.0	26.0	16.0
23/11/2008	18:40:00	6.532	0.328	231.84	28.4	0.0	20.0	17.0
23/11/2008	18:41:00	6.744	0.272	232.09	29.2	0.0	27.0	16.0
23/11/2008	18:42:00	6.486	0.268	233.85	27.8	0.0	20.0	17.0
23/11/2008	18:43:00	6.234	0.168	233.99	26.8	0.0	24.0	17.0
23/11/2008	18:44:00	6.582	0.186	232.4	28.6	0.0	20.0	17.0
23/11/2008	18:45:00	5.958	0.22	233.3	25.6	0.0	21.0	16.0
23/11/2008	18:46:00	5.958	0.322	232.47	25.8	0.0	20.0	17.0
23/11/2008	18:47:00	5.914	0.436	231.91	25.6	0.0	20.0	16.0
23/11/2008	18:48:00	5.71	0.424	231.77	25.0	0.0	15.0	17.0
23/11/2008	18:49:00	5.98	0.43	231.84	26.2	0.0	25.0	16.0
23/11/2008	18:50:00	6.564	0.408	230.98	28.6	0.0	29.0	17.0
23/11/2008	18:51:00	6.966	0.422	231.47	30.0	0.0	40.0	16.0
23/11/2008	18:52:00	6.61	0.396	232.93	28.4	0.0	39.0	17.0
23/11/2008	18:53:00	6.628	0.39	233.2	28.4	0.0	40.0	17.0
23/11/2008	18:54:00	6.614	0.384	233.64	28.2	0.0	39.0	16.0
23/11/2008	18:55:00	6.57	0.382	232.17	28.2	0.0	40.0	17.0
23/11/2008	18:56:00	6.618	0.454	232.38	28.4	0.0	37.0	17.0
23/11/2008	18:57:00	6.406	0.332	232.64	27.4	0.0	36.0	16.0
23/11/2008	18:58:00	6.226	0.334	232.75	26.8	0.0	37.0	17.0
23/11/2008	20:03:00	5.412	0.33	233.61	23.2	0.0	3.0	17.0
23/11/2008	20:04:00	5.076	0.28	233.67	21.6	0.0	0.0	17.0
23/11/2008	20:07:00	5.43	0.278	231.68	23.6	0.0	0.0	17.0
23/11/2008	20:14:00	5.264	0.456	233.63	22.6	0.0	1.0	16.0
23/11/2008	20:15:00	5.548	0.46	233.87	23.8	0.0	2.0	17.0
23/11/2008	20:16:00	5.158	0.462	235.48	22.0	0.0	2.0	17.0
23/11/2008	20:17:00	5.25	0.514	234.02	22.4	1.0	1.0	17.0
23/11/2008	20:18:00	5.342	0.56	234.01	22.8	1.0	2.0	17.0
23/11/2008	20:19:00	5.188	0.522	234.76	22.2	1.0	3.0	17.0
23/11/2008	20:20:00	6.87	0.356	232.34	29.6	1.0	34.0	16.0
23/11/2008	20:21:00	6.218	0.282	233.13	26.8	1.0	32.0	17.0
23/11/2008	20:22:00	7.044	0.292	232.68	30.4	2.0	33.0	17.0
23/11/2008	20:23:00	6.966	0.266	232.29	30.2	1.0	33.0	16.0
23/11/2008	20:24:00	7.0	0.184	232.69	30.2	1.0	30.0	17.0
23/11/2008	20:25:00	7.176	0.202	232.18	30.8	1.0	36.0	16.0
23/11/2008	20:26:00	7.174	0.184	232.21	30.8	1.0	36.0	17.0
23/11/2008	20:27:00	7.196	0.202	232.66	30.8	1.0	36.0	17.0
23/11/2008	20:28:00	7.168	0.184	232.2	30.8	2.0	36.0	16.0
23/11/2008	20:29:00	7.162	0.204	231.92	30.8	1.0	36.0	17.0
23/11/2008	20:30:00	7.102	0.172	230.7	30.8	1.0	35.0	16.0
23/11/2008	20:31:00	7.124	0.19	231.4	30.8	1.0	36.0	16.0
23/11/2008	20:32:00	7.128	0.172	231.42	30.8	1.0	36.0	17.0
23/11/2008	20:33:00	7.156	0.19	232.0	30.8	1.0	36.0	16.0
23/11/2008	20:34:00	6.914	0.138	232.12	29.8	2.0	35.0	17.0
23/11/2008	20:35:00	6.616	0.164	233.05	28.4	1.0	37.0	17.0
23/11/2008	20:36:00	6.528	0.152	234.35	27.8	0.0	36.0	16.0
23/11/2008	20:37:00	6.392	0.162	234.89	27.2	2.0	37.0	17.0
23/11/2008	20:38:00	8.048	0.102	233.53	34.6	26.0	36.0	17.0
23/11/2008	20:39:00	8.524	0.046	233.38	36.4	37.0	35.0	17.0
23/11/2008	20:40:00	8.362	0.056	233.07	36.0	36.0	28.0	16.0
23/11/2008	20:41:00	8.302	0.076	231.88	36.0	36.0	19.0	17.0
23/11/2008	20:42:00	8.412	0.0	231.08	36.4	36.0	35.0	16.0
23/11/2008	20:43:00	8.158	0.046	231.32	35.2	36.0	34.0	17.0
23/11/2008	20:44:00	7.574	0.0	232.33	32.6	36.0	26.0	16.0
23/11/2008	20:45:00	7.518	0.058	232.08	32.4	36.0	22.0	17.0
23/11/2008	20:46:00	8.556	0.07	231.15	37.0	35.0	34.0	16.0
23/11/2008	20:47:00	8.468	0.2	230.56	36.8	36.0	34.0	17.0
23/11/2008	20:48:00	7.594	0.216	232.34	32.6	36.0	15.0	16.0
23/11/2008	20:49:00	7.806	0.39	233.87	34.0	25.0	34.0	17.0
23/11/2008	20:50:00	5.928	0.382	236.42	25.2	1.0	30.0	17.0
23/11/2008	20:51:00	5.56	0.408	236.26	23.6	1.0	19.0	17.0
23/11/2008	20:52:00	6.13	0.402	235.94	26.0	1.0	34.0	17.0
23/11/2008	20:53:00	5.228	0.438	236.54	22.2	2.0	17.0	17.0
23/11/2008	20:54:00	6.306	0.388	235.31	26.8	1.0	34.0	17.0
23/11/2008	20:56:00	5.606	0.222	235.62	23.8	1.0	30.0	17.0
23/11/2008	20:57:00	5.108	0.252	236.15	21.6	1.0	22.0	17.0
23/11/2008	20:58:00	5.74	0.254	235.73	24.4	2.0	27.0	17.0
23/11/2008	20:59:00	5.17	0.278	235.81	22.0	1.0	22.0	17.0
23/11/2008	21:00:00	6.106	0.252	234.91	26.2	1.0	26.0	17.0
23/11/2008	21:01:00	6.17	0.266	234.84	26.4	1.0	24.0	17.0
23/11/2008	21:02:00	6.278	0.248	235.08	26.8	1.0	22.0	17.0
23/11/2008	21:03:00	5.78	0.264	235.52	24.6	2.0	24.0	17.0
23/11/2008	21:05:00	5.174	0.22	236.31	22.2	1.0	28.0	17.0
23/11/2008	21:07:00	5.084	0.218	236.55	21.8	1.0	25.0	17.0
23/11/2008	21:56:00	5.264	0.264	236.67	22.2	38.0	1.0	18.0
23/11/2008	21:57:00	5.264	0.268	236.3	22.2	37.0	2.0	17.0
23/11/2008	21:58:00	5.212	0.26	235.51	22.0	37.0	1.0	17.0
23/11/2008	21:59:00	5.2	0.262	234.84	22.2	36.0	2.0	17.0
23/11/2008	22:00:00	5.182	0.256	234.87	22.0	37.0	2.0	17.0
23/11/2008	22:01:00	5.174	0.26	234.39	22.0	36.0	1.0	16.0
23/11/2008	22:02:00	5.148	0.252	234.16	22.0	37.0	2.0	17.0
23/11/2008	22:03:00	5.182	0.26	234.53	22.0	36.0	1.0	17.0
23/11/2008	22:04:00	5.174	0.256	234.97	22.0	37.0	2.0	17.0
23/11/2008	22:05:00	5.184	0.26	234.94	22.0	36.0	2.0	17.0
23/11/2008	22:06:00	5.116	0.17	235.22	21.6	37.0	1.0	17.0
23/11/2008	22:07:00	5.118	0.136	235.72	21.6	36.0	2.0	17.0
24/11/2008	06:50:00	6.252	0.0	236.74	26.4	0.0	0.0	0.0
24/11/2008	06:51:00	7.27	0.0	236.16	30.8	0.0	0.0	17.0
24/11/2008	06:52:00	7.73	0.0	236.04	32.6	0.0	0.0	17.0
24/11/2008	06:53:00	5.142	0.0	240.02	21.4	0.0	0.0	18.0
24/11/2008	06:56:00	5.048	0.0	239.49	21.0	0.0	0.0	18.0
24/11/2008	07:49:00	5.256	0.08	239.64	22.0	0.0	0.0	18.0
24/11/2008	07:50:00	5.952	0.102	238.97	24.8	0.0	0.0	17.0
24/11/2008	07:51:00	5.888	0.128	238.92	24.6	0.0	0.0	18.0
24/11/2008	21:25:00	5.022	0.414	237.53	21.2	0.0	1.0	17.0
24/11/2008	21:41:00	5.108	0.08	233.78	22.0	0.0	0.0	17.0
24/11/2008	21:42:00	5.034	0.082	234.13	21.6	0.0	0.0	16.0
24/11/2008	22:11:00	5.366	0.062	235.7	22.6	38.0	0.0	17.0
24/11/2008	22:12:00	5.088	0.07	236.47	21.4	37.0	0.0	17.0
25/11/2008	06:37:00	5.354	0.06	236.64	22.6	0.0	0.0	0.0
25/11/2008	07:28:00	5.672	0.054	237.39	23.8	0.0	0.0	18.0
25/11/2008	07:52:00	5.088	0.176	237.87	21.4	0.0	0.0	17.0
25/11/2008	19:33:00	5.182	0.082	236.25	22.0	38.0	0.0	11.0
25/11/2008	19:34:00	5.23	0.076	236.48	22.0	37.0	0.0	17.0
25/11/2008	19:39:00	5.31	0.178	236.76	22.4	38.0	0.0	18.0
25/11/2008	19:40:00	5.232	0.18	236.96	22.0	38.0	0.0	17.0
25/11/2008	19:44:00	5.184	0.208	235.41	22.0	37.0	0.0	18.0
25/11/2008	19:45:00	6.734	0.57	233.82	29.0	37.0	0.0	16.0
25/11/2008	19:46:00	5.924	0.426	235.12	25.4	37.0	0.0	17.0
25/11/2008	19:50:00	5.586	0.342	235.82	23.8	38.0	0.0	17.0
25/11/2008	19:51:00	5.232	0.304	235.68	22.2	37.0	0.0	17.0
25/11/2008	19:52:00	5.244	0.306	235.98	22.2	38.0	0.0	17.0
25/11/2008	19:53:00	5.256	0.306	236.29	22.2	37.0	0.0	17.0
25/11/2008	19:54:00	5.286	0.264	236.5	22.2	38.0	0.0	17.0
25/11/2008	19:55:00	5.23	0.212	237.19	22.0	38.0	0.0	18.0
25/11/2008	19:56:00	5.242	0.214	237.64	22.0	39.0	0.0	17.0
25/11/2008	19:57:00	5.234	0.218	238.59	22.0	37.0	0.0	17.0
25/11/2008	19:58:00	5.304	0.22	239.17	22.2	39.0	0.0	18.0
25/11/2008	19:59:00	5.31	0.22	239.27	22.2	39.0	0.0	17.0
25/11/2008	20:05:00	5.24	0.23	238.99	21.8	38.0	0.0	18.0
25/11/2008	20:10:00	5.144	0.204	235.44	21.8	37.0	0.0	17.0
25/11/2008	20:11:00	5.182	0.206	235.78	22.0	38.0	0.0	17.0
25/11/2008	20:12:00	5.036	0.206	235.94	21.6	34.0	0.0	17.0
25/11/2008	20:17:00	5.5	0.21	237.37	23.2	38.0	0.0	18.0
25/11/2008	20:18:00	5.32	0.212	237.85	22.4	38.0	0.0	17.0
25/11/2008	20:22:00	5.424	0.202	235.57	23.0	37.0	0.0	17.0
25/11/2008	20:23:00	5.13	0.202	235.33	22.0	36.0	0.0	17.0
26/11/2008	06:29:00	5.462	0.0	239.03	22.8	0.0	1.0	18.0
26/11/2008	06:30:00	5.956	0.0	238.53	25.0	0.0	2.0	17.0
26/11/2008	20:49:00	5.544	0.274	234.75	23.6	37.0	0.0	16.0
26/11/2008	20:50:00	5.548	0.27	235.43	23.6	37.0	0.0	17.0
26/11/2008	20:51:00	5.522	0.254	235.52	23.4	37.0	0.0	18.0
26/11/2008	20:52:00	5.574	0.326	234.8	23.8	36.0	0.0	16.0
26/11/2008	20:53:00	5.04	0.286	234.38	21.6	37.0	0.0	17.0
27/11/2008	06:51:00	6.186	0.08	238.06	26.2	0.0	0.0	18.0
27/11/2008	06:52:00	5.816	0.092	238.06	24.8	0.0	0.0	17.0
27/11/2008	06:59:00	5.176	0.074	240.43	21.8	0.0	0.0	17.0
27/11/2008	07:40:00	5.512	0.0	235.17	23.4	0.0	0.0	17.0
27/11/2008	07:41:00	5.396	0.0	235.68	22.8	0.0	0.0	18.0
27/11/2008	07:42:00	5.366	0.0	236.47	22.6	0.0	0.0	17.0
27/11/2008	07:43:00	5.33	0.0	237.32	22.4	0.0	0.0	17.0
27/11/2008	07:44:00	5.078	0.0	237.26	21.4	0.0	0.0	17.0
27/11/2008	19:14:00	5.522	0.358	235.56	23.8	37.0	1.0	0.0
27/11/2008	19:31:00	5.304	0.176	237.84	22.6	38.0	0.0	17.0
27/11/2008	19:32:00	7.412	0.138	234.84	31.6	36.0	0.0	17.0
27/11/2008	19:33:00	7.468	0.184	234.56	31.8	37.0	0.0	17.0
27/11/2008	19:34:00	5.366	0.2	237.06	22.8	38.0	0.0	18.0
27/11/2008	19:35:00	5.16	0.204	237.86	21.6	38.0	0.0	17.0
27/11/2008	19:37:00	7.118	0.188	234.65	30.6	37.0	0.0	17.0
27/11/2008	19:38:00	6.428	0.198	235.2	27.2	38.0	0.0	17.0
27/11/2008	19:39:00	6.272	0.19	235.11	26.6	37.0	0.0	17.0
27/11/2008	19:40:00	6.29	0.192	235.63	26.6	38.0	0.0	17.0
27/11/2008	19:41:00	6.946	0.382	234.84	29.6	37.0	0.0	17.0
27/11/2008	19:42:00	5.512	0.5	236.95	23.6	8.0	0.0	17.0
27/11/2008	19:43:00	5.242	0.48	237.8	22.2	2.0	0.0	17.0
27/11/2008	20:02:00	5.486	0.336	238.24	23.4	19.0	0.0	17.0
27/11/2008	20:03:00	6.372	0.326	237.35	26.8	38.0	0.0	18.0
27/11/2008	20:04:00	6.402	0.328	237.92	26.8	39.0	0.0	17.0
27/11/2008	20:05:00	5.764	0.336	238.64	24.4	35.0	0.0	17.0
27/11/2008	20:34:00	5.034	0.072	239.36	21.0	38.0	0.0	18.0
27/11/2008	20:35:00	5.054	0.072	239.97	21.0	38.0	0.0	18.0
27/11/2008	20:36:00	5.04	0.072	239.53	21.0	39.0	0.0	17.0
27/11/2008	20:37:00	5.008	0.072	238.92	21.0	38.0	0.0	18.0
27/11/2008	20:38:00	5.006	0.072	238.99	20.8	38.0	0.0	17.0
27/11/2008	20:42:00	5.036	0.07	239.73	21.0	38.0	0.0	18.0
27/11/2008	20:43:00	5.04	0.074	240.02	21.0	38.0	0.0	18.0
27/11/2008	20:44:00	5.056	0.074	240.23	21.0	38.0	0.0	17.0
27/11/2008	20:45:00	5.062	0.046	241.03	21.0	39.0	0.0	18.0
28/11/2008	07:54:00	5.032	0.0	236.0	21.2	0.0	0.0	17.0
28/11/2008	07:55:00	5.07	0.0	236.98	21.4	0.0	0.0	17.0
29/11/2008	07:49:00	5.292	0.0	238.23	22.8	0.0	0.0	18.0
29/11/2008	07:50:00	7.132	0.0	235.62	30.2	0.0	0.0	17.0
29/11/2008	07:51:00	7.55	0.0	235.69	32.0	0.0	0.0	17.0
29/11/2008	07:52:00	8.114	0.0	235.09	34.4	0.0	0.0	17.0
29/11/2008	07:53:00	7.66	0.0	235.35	32.8	0.0	0.0	17.0
29/11/2008	07:54:00	5.958	0.0	238.11	25.0	0.0	0.0	17.0
29/11/2008	07:55:00	5.188	0.0	237.99	21.8	0.0	0.0	18.0
29/11/2008	07:56:00	5.002	0.0	238.14	21.0	0.0	0.0	17.0
29/11/2008	07:57:00	5.618	0.062	237.86	23.8	0.0	0.0	18.0
29/11/2008	07:58:00	6.264	0.0	237.18	26.4	0.0	0.0	17.0
29/11/2008	07:59:00	6.532	0.052	237.12	27.6	0.0	0.0	17.0
29/11/2008	08:00:00	5.348	0.0	239.0	22.4	0.0	0.0	18.0
29/11/2008	14:29:00	5.01	0.096	238.79	21.0	38.0	24.0	18.0
29/11/2008	14:30:00	5.294	0.086	238.87	22.4	38.0	25.0	17.0
29/11/2008	19:07:00	5.184	0.438	236.24	22.0	37.0	1.0	17.0
29/11/2008	19:08:00	5.074	0.322	236.21	21.4	38.0	1.0	17.0
29/11/2008	19:30:00	5.182	0.434	235.93	22.0	38.0	0.0	17.0
29/11/2008	19:34:00	5.1	0.42	234.46	21.8	37.0	0.0	17.0
29/11/2008	19:35:00	5.042	0.426	234.54	21.4	37.0	0.0	17.0
29/11/2008	21:21:00	5.928	0.0	237.86	25.0	38.0	2.0	17.0
29/11/2008	21:22:00	6.008	0.0	238.55	25.2	38.0	1.0	18.0
29/11/2008	21:23:00	5.274	0.0	239.7	22.0	38.0	1.0	17.0
29/11/2008	21:24:00	5.418	0.114	239.88	22.6	39.0	1.0	18.0
29/11/2008	21:25:00	5.202	0.118	240.16	21.6	38.0	2.0	18.0
29/11/2008	21:26:00	5.206	0.108	240.57	21.6	38.0	1.0	17.0
29/11/2008	21:27:00	5.138	0.0	240.49	21.4	39.0	0.0	18.0
29/11/2008	21:28:00	5.134	0.0	240.13	21.4	38.0	0.0	18.0
29/11/2008	21:29:00	5.116	0.0	240.01	21.2	38.0	0.0	18.0
29/11/2008	21:30:00	5.096	0.0	239.63	21.2	38.0	0.0	17.0
29/11/2008	22:37:00	5.114	0.0	239.89	21.2	39.0	0.0	0.0
29/11/2008	22:38:00	5.102	0.0	239.57	21.2	38.0	0.0	0.0
29/11/2008	22:39:00	5.09	0.0	239.12	21.2	38.0	0.0	0.0
29/11/2008	22:40:00	5.104	0.0	239.46	21.2	38.0	0.0	0.0
29/11/2008	22:41:00	5.112	0.0	239.77	21.2	38.0	0.0	0.0
29/11/2008	22:42:00	5.046	0.13	239.96	21.0	38.0	0.0	0.0
29/11/2008	22:43:00	5.034	0.128	239.66	21.0	38.0	0.0	0.0
29/11/2008	22:44:00	5.058	0.128	240.28	21.0	38.0	0.0	0.0
29/11/2008	22:45:00	5.058	0.126	240.49	21.0	38.0	0.0	0.0
29/11/2008	22:46:00	5.062	0.126	241.03	21.0	39.0	0.0	0.0
29/11/2008	22:47:00	5.056	0.128	240.94	21.0	38.0	0.0	0.0
30/11/2008	18:42:00	5.122	0.21	235.58	21.6	0.0	38.0	17.0
30/11/2008	18:43:00	5.114	0.202	235.51	21.6	0.0	37.0	17.0
30/11/2008	18:44:00	5.106	0.196	235.46	21.6	0.0	37.0	17.0
30/11/2008	18:45:00	5.122	0.192	235.93	21.6	0.0	38.0	17.0
30/11/2008	18:46:00	5.108	0.188	235.66	21.6	0.0	37.0	17.0
30/11/2008	20:06:00	5.684	0.0	235.67	24.0	1.0	36.0	17.0
30/11/2008	20:07:00	5.312	0.046	236.23	22.8	1.0	28.0	17.0
30/11/2008	20:08:00	5.814	0.0	235.64	24.6	1.0	37.0	17.0
30/11/2008	20:09:00	5.316	0.046	236.22	22.8	1.0	29.0	17.0
30/11/2008	20:10:00	6.83	0.0	233.81	29.4	2.0	52.0	17.0
30/11/2008	20:11:00	7.454	0.0	232.81	32.0	1.0	71.0	17.0
30/11/2008	20:12:00	7.852	0.0	233.07	33.6	1.0	71.0	16.0
30/11/2008	20:13:00	8.058	0.082	233.14	34.4	1.0	72.0	17.0
30/11/2008	20:14:00	8.016	0.086	232.81	34.4	1.0	71.0	17.0
30/11/2008	20:15:00	8.08	0.082	233.33	34.6	1.0	71.0	16.0
30/11/2008	20:16:00	8.444	0.058	232.87	36.4	5.0	72.0	17.0
30/11/2008	20:17:00	10.074	0.06	231.41	43.4	36.0	70.0	16.0
30/11/2008	20:18:00	9.994	0.056	231.68	43.0	36.0	70.0	17.0
30/11/2008	20:19:00	10.348	0.084	231.6	44.6	36.0	71.0	16.0
30/11/2008	20:20:00	8.556	0.06	234.09	36.8	36.0	54.0	17.0
30/11/2008	20:21:00	7.71	0.078	234.45	32.8	37.0	37.0	17.0
30/11/2008	20:22:00	8.05	0.134	234.49	34.2	37.0	36.0	17.0
30/11/2008	20:23:00	7.926	0.248	234.55	33.8	36.0	36.0	17.0
30/11/2008	20:24:00	7.824	0.232	234.3	33.4	37.0	36.0	17.0
30/11/2008	20:25:00	7.78	0.218	234.07	33.2	37.0	36.0	16.0
30/11/2008	20:26:00	7.746	0.192	234.16	33.0	36.0	37.0	17.0
30/11/2008	20:27:00	7.768	0.2	233.34	33.2	36.0	36.0	17.0
30/11/2008	20:28:00	7.73	0.188	233.66	33.0	37.0	37.0	17.0
30/11/2008	20:29:00	7.716	0.23	233.66	33.0	36.0	36.0	17.0
30/11/2008	20:30:00	6.562	0.252	235.53	28.2	19.0	37.0	17.0
30/11/2008	20:31:00	5.712	0.256	236.51	24.2	2.0	37.0	17.0
30/11/2008	20:32:00	5.306	0.224	236.91	22.4	1.0	31.0	17.0
30/11/2008	20:34:00	5.748	0.212	237.03	24.2	1.0	37.0	18.0
30/11/2008	20:35:00	5.75	0.22	236.98	24.2	2.0	38.0	17.0
30/11/2008	20:37:00	5.364	0.262	237.61	22.6	1.0	29.0	18.0
30/11/2008	20:38:00	5.83	0.268	236.73	24.6	1.0	38.0	17.0
30/11/2008	20:39:00	5.32	0.292	236.79	22.6	1.0	33.0	17.0
30/11/2008	20:40:00	5.124	0.28	236.04	21.8	2.0	25.0	17.0
30/11/2008	20:41:00	5.84	0.278	234.74	24.8	1.0	40.0	17.0
30/11/2008	20:43:00	5.376	0.244	235.49	22.8	1.0	30.0	17.0
30/11/2008	20:44:00	5.066	0.22	235.84	21.6	1.0	29.0	17.0
30/11/2008	20:51:00	5.132	0.126	237.15	21.8	1.0	32.0	17.0
30/11/2008	20:52:00	5.082	0.146	237.08	21.6	1.0	36.0	17.0
30/11/2008	20:54:00	5.322	0.152	237.34	22.4	1.0	37.0	17.0
30/11/2008	20:59:00	5.03	0.128	236.39	21.4	1.0	35.0	17.0
30/11/2008	21:01:00	5.202	0.128	236.31	22.0	1.0	37.0	17.0
30/11/2008	21:03:00	5.16	0.126	235.97	21.8	1.0	34.0	17.0
30/11/2008	21:05:00	5.112	0.132	237.57	21.6	1.0	32.0	18.0
30/11/2008	21:11:00	5.008	0.128	236.5	21.2	1.0	31.0	18.0
30/11/2008	21:15:00	5.074	0.266	238.09	21.4	1.0	32.0	17.0
30/11/2008	21:22:00	5.174	0.212	236.73	22.0	1.0	29.0	17.0
30/11/2008	21:42:00	5.02	0.0	237.85	21.0	38.0	0.0	18.0
30/11/2008	21:44:00	5.006	0.0	237.59	21.0	38.0	1.0	17.0
30/11/2008	21:46:00	5.016	0.0	237.83	21.0	38.0	0.0	18.0
1/12/2008	06:55:00	5.932	0.06	238.73	25.0	0.0	0.0	18.0
1/12/2008	06:56:00	5.902	0.0	236.45	25.0	0.0	0.0	17.0
1/12/2008	06:57:00	5.732	0.0	235.26	24.4	0.0	0.0	17.0
1/12/2008	20:39:00	5.006	0.14	237.43	21.0	38.0	1.0	17.0
2/12/2008	20:13:00	5.474	0.406	238.03	23.8	0.0	0.0	0.0
2/12/2008	20:14:00	6.366	0.42	236.74	27.0	0.0	0.0	0.0
2/12/2008	20:15:00	6.362	0.426	236.91	27.0	0.0	0.0	0.0
3/12/2008	06:55:00	5.084	0.172	240.29	23.0	0.0	0.0	18.0
3/12/2008	06:56:00	5.88	0.0	238.52	24.8	0.0	0.0	17.0
3/12/2008	06:57:00	5.806	0.0	238.6	24.4	0.0	0.0	18.0
3/12/2008	06:58:00	5.098	0.0	238.86	22.0	0.0	0.0	17.0
5/12/2008	06:43:00	5.438	0.052	238.66	22.8	0.0	0.0	17.0
5/12/2008	06:44:00	5.762	0.046	238.65	24.2	0.0	0.0	18.0
5/12/2008	18:50:00	6.13	0.0	236.14	26.0	0.0	0.0	17.0
5/12/2008	19:01:00	5.28	0.188	238.43	22.0	0.0	0.0	0.0
5/12/2008	19:02:00	5.392	0.198	238.16	22.6	0.0	0.0	0.0
6/12/2008	07:34:00	5.076	0.086	236.91	21.4	0.0	0.0	17.0
6/12/2008	08:49:00	5.812	0.266	236.72	25.4	37.0	18.0	17.0
6/12/2008	08:50:00	7.4	0.306	235.64	31.6	37.0	38.0	17.0
6/12/2008	08:51:00	6.616	0.222	236.59	28.0	37.0	39.0	18.0
6/12/2008	08:52:00	5.236	0.238	237.45	22.4	19.0	39.0	17.0
6/12/2008	08:56:00	6.428	0.218	234.74	27.4	36.0	38.0	17.0
6/12/2008	08:57:00	6.412	0.166	235.09	27.2	37.0	39.0	17.0
6/12/2008	09:01:00	6.272	0.0	235.07	26.6	37.0	38.0	17.0
6/12/2008	09:02:00	6.204	0.0	233.77	26.4	36.0	38.0	16.0
6/12/2008	10:04:00	5.108	0.078	233.73	22.2	0.0	63.0	17.0
6/12/2008	10:05:00	5.568	0.072	233.01	23.8	0.0	72.0	17.0
6/12/2008	10:06:00	5.564	0.072	233.0	23.8	0.0	71.0	16.0
6/12/2008	10:07:00	5.602	0.072	233.88	23.8	0.0	71.0	17.0
6/12/2008	10:08:00	5.606	0.07	234.02	23.8	0.0	72.0	17.0
6/12/2008	10:09:00	5.596	0.072	233.69	23.8	0.0	72.0	17.0
6/12/2008	10:10:00	5.624	0.074	234.01	24.0	0.0	72.0	16.0
6/12/2008	10:11:00	5.626	0.074	234.05	24.0	0.0	72.0	17.0
6/12/2008	10:12:00	5.622	0.076	234.01	24.0	0.0	72.0	17.0
6/12/2008	10:13:00	5.618	0.074	233.94	24.0	0.0	72.0	17.0
6/12/2008	10:14:00	5.57	0.078	232.92	23.8	0.0	71.0	16.0
6/12/2008	10:15:00	5.562	0.074	232.72	23.8	0.0	72.0	17.0
6/12/2008	10:16:00	5.606	0.078	233.8	23.8	0.0	71.0	17.0
6/12/2008	10:51:00	5.992	0.29	233.57	25.6	37.0	37.0	17.0
6/12/2008	10:53:00	5.974	0.284	234.69	25.4	37.0	34.0	17.0
6/12/2008	10:55:00	5.882	0.276	235.06	25.0	37.0	33.0	17.0
6/12/2008	10:57:00	5.818	0.274	234.73	24.8	37.0	32.0	17.0
6/12/2008	10:59:00	5.692	0.268	235.25	24.2	37.0	31.0	17.0
6/12/2008	11:00:00	5.018	0.248	235.54	21.4	38.0	17.0	17.0
6/12/2008	11:01:00	5.62	0.268	235.25	24.0	37.0	30.0	17.0
6/12/2008	11:02:00	5.142	0.274	235.94	22.0	38.0	18.0	17.0
6/12/2008	11:03:00	5.444	0.364	235.19	23.2	38.0	26.0	17.0
6/12/2008	13:19:00	5.316	0.688	239.41	22.4	0.0	38.0	18.0
6/12/2008	13:21:00	6.028	0.664	238.54	25.8	0.0	48.0	18.0
6/12/2008	13:22:00	6.862	0.654	237.75	29.2	0.0	65.0	17.0
6/12/2008	13:23:00	7.338	0.65	236.99	31.2	0.0	74.0	17.0
6/12/2008	13:24:00	7.32	0.646	236.83	31.0	0.0	74.0	17.0
6/12/2008	13:25:00	6.164	0.182	238.22	25.8	0.0	74.0	18.0
6/12/2008	13:26:00	6.134	0.162	239.05	25.6	0.0	74.0	17.0
6/12/2008	13:27:00	6.15	0.158	239.01	25.6	0.0	75.0	18.0
6/12/2008	13:28:00	6.17	0.16	239.41	25.8	0.0	75.0	17.0
6/12/2008	13:29:00	6.198	0.162	240.1	25.8	0.0	76.0	18.0
6/12/2008	13:30:00	6.178	0.158	239.69	25.8	0.0	75.0	18.0
6/12/2008	13:31:00	6.332	0.188	238.44	26.4	0.0	75.0	17.0
6/12/2008	13:32:00	6.182	0.122	236.41	26.0	2.0	74.0	17.0
6/12/2008	13:33:00	7.38	0.0	233.33	31.8	21.0	71.0	17.0
6/12/2008	13:34:00	7.494	0.0	234.24	32.2	37.0	66.0	17.0
6/12/2008	13:35:00	6.01	0.052	235.77	25.4	37.0	37.0	17.0
6/12/2008	13:36:00	5.972	0.072	236.69	25.2	38.0	38.0	17.0
6/12/2008	13:37:00	5.928	0.0	236.72	25.0	37.0	37.0	17.0
6/12/2008	13:38:00	5.892	0.0	236.2	24.8	37.0	37.0	17.0
6/12/2008	13:39:00	5.858	0.0	235.76	24.8	37.0	36.0	17.0
6/12/2008	13:40:00	5.864	0.066	235.2	24.8	37.0	37.0	17.0
6/12/2008	13:41:00	5.886	0.062	234.7	25.0	37.0	37.0	17.0
6/12/2008	13:42:00	5.274	0.066	235.5	22.8	29.0	38.0	17.0
6/12/2008	13:48:00	5.772	0.064	234.87	24.6	37.0	29.0	17.0
6/12/2008	13:49:00	5.058	0.0	235.31	21.8	20.0	38.0	17.0
6/12/2008	13:53:00	6.164	0.0	235.02	26.2	36.0	35.0	17.0
6/12/2008	13:54:00	6.454	0.0	235.24	27.4	37.0	41.0	17.0
6/12/2008	13:55:00	6.408	0.0	234.14	27.2	37.0	41.0	16.0
6/12/2008	13:56:00	5.326	0.0	237.02	22.6	37.0	24.0	18.0
6/12/2008	13:57:00	5.836	0.046	237.04	24.6	37.0	29.0	17.0
6/12/2008	13:58:00	6.226	0.0	236.4	26.2	37.0	36.0	17.0
6/12/2008	13:59:00	5.67	0.084	236.98	24.2	37.0	31.0	17.0
8/12/2008	06:35:00	5.2	0.046	244.75	22.4	0.0	0.0	19.0
8/12/2008	06:36:00	5.512	0.054	244.73	22.6	0.0	0.0	18.0
9/12/2008	06:54:00	5.936	0.08	239.39	25.0	0.0	0.0	18.0
9/12/2008	06:55:00	5.872	0.064	238.45	24.6	0.0	0.0	18.0
9/12/2008	06:56:00	5.326	0.066	238.02	22.8	0.0	0.0	18.0
9/12/2008	18:06:00	5.536	0.0	236.35	24.0	0.0	38.0	0.0
9/12/2008	18:07:00	7.136	0.0	234.43	30.4	0.0	37.0	0.0
9/12/2008	18:08:00	6.882	0.0	234.72	29.2	0.0	37.0	0.0
9/12/2008	19:44:00	6.364	0.568	233.27	27.4	37.0	35.0	0.0
9/12/2008	19:45:00	5.85	0.58	233.2	25.4	37.0	27.0	0.0
9/12/2008	19:46:00	6.296	0.474	233.37	27.0	37.0	36.0	0.0
9/12/2008	19:50:00	6.116	0.308	235.43	26.0	34.0	36.0	0.0
9/12/2008	19:51:00	6.17	0.324	235.24	26.2	37.0	36.0	0.0
9/12/2008	19:52:00	6.108	0.306	235.14	26.0	37.0	36.0	0.0
9/12/2008	19:58:00	6.15	0.184	236.98	25.8	36.0	36.0	0.0
9/12/2008	19:59:00	5.248	0.164	237.62	22.4	24.0	36.0	0.0
9/12/2008	20:01:00	5.33	0.112	238.43	22.4	0.0	36.0	6.0
9/12/2008	20:02:00	5.038	0.096	239.35	21.0	0.0	37.0	19.0
9/12/2008	20:03:00	5.1	0.116	239.88	21.2	0.0	37.0	18.0
9/12/2008	20:04:00	5.988	0.092	239.67	25.0	0.0	37.0	18.0
9/12/2008	20:05:00	5.93	0.108	239.16	24.8	0.0	37.0	18.0
9/12/2008	20:06:00	5.198	0.104	240.12	21.6	0.0	37.0	17.0
9/12/2008	20:22:00	5.056	0.164	235.84	21.4	0.0	37.0	17.0
9/12/2008	20:23:00	5.032	0.174	234.99	21.4	0.0	37.0	17.0
9/12/2008	20:26:00	5.06	0.166	235.84	21.4	0.0	37.0	17.0
9/12/2008	20:27:00	5.106	0.182	236.94	21.4	0.0	38.0	17.0
10/12/2008	08:24:00	5.022	0.088	240.84	20.8	39.0	0.0	17.0
10/12/2008	08:25:00	5.076	0.088	240.91	21.0	39.0	0.0	18.0
10/12/2008	08:26:00	5.106	0.09	240.5	21.2	38.0	0.0	18.0
10/12/2008	08:27:00	5.09	0.09	240.11	21.2	38.0	0.0	18.0
10/12/2008	08:28:00	5.168	0.0	240.75	21.4	39.0	0.0	17.0
10/12/2008	08:29:00	5.222	0.0	240.78	21.6	39.0	0.0	18.0
10/12/2008	08:30:00	5.22	0.046	240.9	21.6	38.0	0.0	18.0
10/12/2008	08:31:00	5.202	0.0	240.58	21.6	38.0	0.0	18.0
10/12/2008	08:32:00	5.176	0.0	240.05	21.4	39.0	0.0	17.0
10/12/2008	08:33:00	5.142	0.0	239.16	21.4	38.0	0.0	18.0
10/12/2008	08:34:00	5.142	0.0	239.18	21.4	38.0	0.0	18.0
10/12/2008	09:51:00	5.986	0.624	235.47	25.6	36.0	2.0	17.0
10/12/2008	09:52:00	5.556	0.454	236.29	24.0	37.0	1.0	17.0
10/12/2008	09:53:00	5.84	0.516	236.19	25.2	37.0	1.0	17.0
10/12/2008	14:57:00	6.07	0.06	239.45	25.2	0.0	75.0	18.0
10/12/2008	14:58:00	6.044	0.08	239.58	25.2	0.0	76.0	17.0
10/12/2008	14:59:00	6.016	0.06	239.4	25.0	0.0	75.0	18.0
10/12/2008	15:00:00	5.954	0.0	239.49	24.8	0.0	75.0	18.0
10/12/2008	15:01:00	5.96	0.07	240.22	24.8	0.0	76.0	17.0
10/12/2008	15:02:00	5.954	0.05	239.99	24.8	0.0	76.0	18.0
10/12/2008	15:03:00	5.962	0.068	240.52	24.8	0.0	75.0	18.0
10/12/2008	15:04:00	5.98	0.048	240.83	24.8	0.0	76.0	18.0
10/12/2008	17:35:00	5.05	0.322	240.66	21.0	0.0	39.0	0.0
10/12/2008	17:36:00	5.102	0.374	240.22	21.2	0.0	38.0	0.0
10/12/2008	17:39:00	5.04	0.364	239.57	21.0	0.0	39.0	0.0
10/12/2008	17:42:00	5.154	0.362	239.5	21.4	0.0	38.0	0.0
10/12/2008	17:45:00	5.084	0.228	239.03	21.2	0.0	39.0	0.0
10/12/2008	17:46:00	5.088	0.234	239.12	21.2	0.0	38.0	0.0
11/12/2008	06:34:00	5.352	0.086	240.83	22.4	0.0	0.0	4.0
11/12/2008	06:35:00	5.552	0.168	241.29	23.0	0.0	0.0	19.0
11/12/2008	06:36:00	5.614	0.17	240.43	23.2	0.0	0.0	18.0
11/12/2008	07:55:00	5.336	0.096	235.74	22.6	37.0	0.0	17.0
12/12/2008	20:26:00	5.202	0.0	242.42	21.4	39.0	0.0	18.0
12/12/2008	20:27:00	5.074	0.0	241.68	21.0	39.0	0.0	18.0
13/12/2008	07:31:00	5.594	0.258	234.04	24.0	0.0	2.0	17.0
13/12/2008	07:32:00	5.954	0.238	233.48	25.4	0.0	1.0	17.0
13/12/2008	07:33:00	6.434	0.226	233.08	27.6	0.0	2.0	16.0
13/12/2008	12:16:00	5.106	0.458	237.64	21.6	0.0	0.0	0.0
13/12/2008	12:17:00	5.054	0.41	237.2	21.4	0.0	0.0	0.0
13/12/2008	16:03:00	5.066	0.226	241.05	21.0	60.0	0.0	0.0
13/12/2008	16:04:00	5.108	0.162	241.28	21.2	60.0	0.0	0.0
13/12/2008	16:05:00	5.068	0.168	242.35	20.8	60.0	0.0	0.0
13/12/2008	16:06:00	5.118	0.168	241.63	21.2	60.0	0.0	0.0
13/12/2008	16:07:00	5.102	0.168	241.26	21.0	60.0	0.0	0.0
13/12/2008	16:08:00	5.048	0.172	242.52	20.8	61.0	0.0	0.0
13/12/2008	16:18:00	5.33	0.22	239.08	22.2	40.0	0.0	18.0
13/12/2008	16:19:00	5.43	0.314	239.84	22.6	40.0	0.0	18.0
13/12/2008	16:20:00	5.312	0.324	239.46	22.2	40.0	0.0	18.0
13/12/2008	16:21:00	5.104	0.322	238.84	21.4	40.0	0.0	18.0
13/12/2008	16:22:00	5.17	0.32	238.38	21.6	39.0	0.0	18.0
13/12/2008	16:23:00	5.402	0.41	237.88	22.8	40.0	0.0	17.0
13/12/2008	16:24:00	5.376	0.442	236.97	22.6	39.0	0.0	17.0
13/12/2008	16:25:00	5.316	0.44	237.09	22.4	39.0	0.0	18.0
13/12/2008	16:26:00	5.136	0.444	237.83	21.6	40.0	0.0	17.0
13/12/2008	16:27:00	5.194	0.444	237.99	21.8	39.0	0.0	17.0
13/12/2008	16:28:00	5.386	0.444	237.82	22.6	40.0	0.0	18.0
13/12/2008	16:29:00	5.43	0.45	238.98	22.8	40.0	0.0	17.0
13/12/2008	16:30:00	5.238	0.456	240.01	21.8	40.0	0.0	18.0
13/12/2008	16:31:00	5.2	0.454	239.72	21.8	40.0	0.0	18.0
13/12/2008	16:41:00	5.206	0.466	238.52	21.8	40.0	2.0	17.0
13/12/2008	16:42:00	5.416	0.464	238.35	22.8	39.0	1.0	18.0
13/12/2008	17:05:00	5.572	0.13	235.27	23.6	0.0	0.0	17.0
13/12/2008	17:06:00	5.196	0.134	234.66	22.0	1.0	0.0	17.0
14/12/2008	11:00:00	5.138	0.084	236.31	21.6	37.0	38.0	0.0
14/12/2008	11:01:00	5.202	0.086	236.35	22.0	38.0	37.0	0.0
14/12/2008	11:02:00	5.314	0.08	236.04	22.4	37.0	38.0	0.0
14/12/2008	11:03:00	5.31	0.082	235.78	22.4	36.0	38.0	0.0
14/12/2008	11:04:00	5.332	0.082	236.46	22.4	37.0	38.0	0.0
14/12/2008	11:05:00	5.366	0.086	237.5	22.6	38.0	38.0	0.0
14/12/2008	11:06:00	5.314	0.084	236.6	22.4	37.0	39.0	0.0
14/12/2008	11:07:00	5.288	0.08	236.13	22.4	37.0	37.0	0.0
14/12/2008	11:08:00	5.356	0.178	235.56	22.6	37.0	38.0	0.0
14/12/2008	11:09:00	5.376	0.21	236.02	22.8	37.0	38.0	0.0
14/12/2008	11:10:00	5.374	0.21	236.08	22.8	36.0	38.0	0.0
14/12/2008	12:21:00	5.284	0.346	236.98	22.2	38.0	0.0	17.0
14/12/2008	12:22:00	5.262	0.28	237.69	22.0	38.0	0.0	17.0
14/12/2008	14:54:00	5.552	0.114	236.31	23.4	1.0	72.0	0.0
14/12/2008	14:55:00	5.31	0.19	237.71	22.6	1.0	64.0	0.0
14/12/2008	14:56:00	6.006	0.172	237.29	25.4	1.0	72.0	0.0
14/12/2008	14:57:00	5.54	0.172	238.13	23.2	1.0	73.0	0.0
14/12/2008	15:06:00	5.544	0.276	237.06	23.4	1.0	72.0	0.0
14/12/2008	15:25:00	5.824	0.186	239.6	24.2	39.0	38.0	0.0
14/12/2008	15:27:00	5.318	0.22	240.11	22.2	38.0	29.0	0.0
14/12/2008	15:28:00	5.482	0.192	240.2	22.8	38.0	33.0	0.0
16/12/2008	06:59:00	5.136	0.048	239.75	22.0	0.0	0.0	18.0
16/12/2008	07:00:00	5.744	0.0	239.34	24.0	0.0	0.0	18.0
16/12/2008	07:01:00	6.044	0.078	239.19	25.2	0.0	0.0	17.0
16/12/2008	07:02:00	6.164	0.128	238.87	25.8	0.0	0.0	18.0
18/12/2008	06:40:00	5.266	0.0	239.16	22.4	0.0	0.0	17.0
19/12/2008	06:56:00	5.196	0.074	237.63	21.8	0.0	0.0	17.0
19/12/2008	06:57:00	5.18	0.074	237.01	21.8	0.0	0.0	18.0
19/12/2008	06:58:00	5.238	0.074	236.7	22.0	0.0	0.0	17.0
20/12/2008	07:27:00	5.862	0.056	237.2	24.8	0.0	0.0	17.0
20/12/2008	07:28:00	5.232	0.048	237.66	22.0	0.0	0.0	18.0
20/12/2008	07:29:00	5.036	0.05	237.64	21.2	0.0	0.0	17.0
20/12/2008	13:50:00	5.318	0.056	238.24	22.4	1.0	62.0	18.0
20/12/2008	13:51:00	5.47	0.084	237.92	23.2	2.0	65.0	17.0
20/12/2008	13:52:00	5.298	0.062	235.99	22.6	1.0	64.0	17.0
20/12/2008	13:54:00	5.35	0.0	234.79	23.0	1.0	65.0	17.0
20/12/2008	13:57:00	6.224	0.086	236.39	26.2	38.0	41.0	17.0
20/12/2008	13:58:00	6.198	0.07	235.95	26.2	37.0	41.0	17.0
20/12/2008	13:59:00	6.188	0.086	235.94	26.2	37.0	41.0	17.0
20/12/2008	14:00:00	5.528	0.062	237.07	23.6	38.0	30.0	17.0
20/12/2008	15:03:00	5.176	0.334	239.59	21.6	1.0	74.0	0.0
20/12/2008	15:04:00	5.188	0.318	238.89	21.6	1.0	74.0	0.0
20/12/2008	15:05:00	5.378	0.328	239.43	22.4	1.0	75.0	0.0
20/12/2008	15:06:00	5.418	0.402	238.07	22.8	2.0	73.0	0.0
20/12/2008	15:07:00	5.4	0.39	237.92	22.6	1.0	73.0	0.0
20/12/2008	15:08:00	5.428	0.402	238.37	22.8	1.0	74.0	0.0
20/12/2008	15:09:00	5.476	0.502	237.32	23.0	1.0	74.0	0.0
20/12/2008	15:10:00	5.494	0.518	238.28	23.0	1.0	75.0	0.0
20/12/2008	15:11:00	5.452	0.524	238.16	23.0	1.0	75.0	0.0
20/12/2008	15:12:00	5.468	0.55	238.62	23.0	1.0	75.0	0.0
20/12/2008	15:15:00	5.152	0.532	240.15	24.2	22.0	44.0	0.0
20/12/2008	15:16:00	5.99	0.574	240.69	25.2	38.0	48.0	0.0
20/12/2008	15:17:00	5.496	0.58	241.22	22.8	39.0	38.0	0.0
20/12/2008	15:19:00	5.31	0.312	240.87	22.0	38.0	36.0	0.0
20/12/2008	15:20:00	5.18	0.306	240.63	21.6	38.0	37.0	0.0
20/12/2008	15:22:00	5.396	0.328	240.94	22.4	38.0	39.0	0.0
20/12/2008	15:24:00	5.256	0.34	240.24	22.0	38.0	36.0	0.0
20/12/2008	16:38:00	5.008	0.176	237.31	21.0	0.0	73.0	0.0
21/12/2008	00:02:00	5.802	0.24	238.94	24.6	0.0	52.0	17.0
21/12/2008	00:03:00	6.964	0.226	237.78	29.2	0.0	75.0	18.0
21/12/2008	00:04:00	6.852	0.23	237.76	28.8	0.0	75.0	17.0
21/12/2008	00:05:00	6.882	0.224	237.37	29.0	0.0	74.0	17.0
21/12/2008	00:06:00	7.006	0.222	237.23	29.4	0.0	75.0	18.0
21/12/2008	00:07:00	7.212	0.218	237.59	30.2	0.0	75.0	17.0
21/12/2008	00:08:00	7.118	0.224	237.6	29.8	0.0	75.0	17.0
21/12/2008	00:09:00	7.018	0.218	237.23	29.6	0.0	74.0	17.0
21/12/2008	00:10:00	6.25	0.178	237.86	26.4	0.0	72.0	18.0
21/12/2008	00:11:00	5.442	0.148	238.99	22.8	0.0	61.0	17.0
21/12/2008	00:12:00	5.816	0.188	238.7	24.6	0.0	64.0	18.0
21/12/2008	00:13:00	5.404	0.19	238.95	23.2	0.0	59.0	17.0
21/12/2008	08:03:00	5.066	0.142	238.24	21.4	0.0	0.0	0.0
21/12/2008	11:27:00	6.522	0.18	236.24	27.6	0.0	73.0	17.0
21/12/2008	11:28:00	6.518	0.17	236.44	27.4	0.0	73.0	17.0
21/12/2008	11:29:00	6.582	0.182	236.44	27.8	0.0	73.0	17.0
21/12/2008	11:30:00	6.568	0.166	236.0	27.8	0.0	73.0	17.0
21/12/2008	11:31:00	6.644	0.294	235.7	28.2	0.0	74.0	17.0
21/12/2008	11:32:00	6.428	0.334	235.8	27.2	0.0	74.0	18.0
21/12/2008	11:33:00	6.398	0.294	236.0	27.0	0.0	74.0	17.0
21/12/2008	11:34:00	6.104	0.278	235.97	25.8	0.0	75.0	17.0
21/12/2008	11:35:00	5.91	0.186	233.93	25.2	0.0	73.0	17.0
21/12/2008	11:36:00	5.75	0.17	233.9	24.6	0.0	73.0	16.0
21/12/2008	11:37:00	5.998	0.182	233.75	25.6	0.0	73.0	17.0
21/12/2008	11:38:00	5.82	0.13	233.85	24.8	0.0	72.0	17.0
21/12/2008	11:39:00	5.868	0.142	234.69	25.0	0.0	74.0	17.0
21/12/2008	11:40:00	5.55	0.124	235.17	23.8	0.0	69.0	17.0
21/12/2008	16:35:00	5.448	0.0	240.67	23.0	0.0	56.0	18.0
21/12/2008	16:36:00	6.646	0.046	239.99	27.6	0.0	75.0	17.0
21/12/2008	16:37:00	6.822	0.0	239.56	28.4	0.0	75.0	18.0
21/12/2008	16:38:00	6.78	0.05	239.06	28.2	0.0	74.0	18.0
21/12/2008	16:39:00	6.628	0.0	238.61	27.8	0.0	75.0	17.0
21/12/2008	16:40:00	6.25	0.07	238.46	26.2	0.0	74.0	17.0
21/12/2008	16:41:00	6.244	0.084	237.94	26.2	0.0	75.0	18.0
21/12/2008	16:42:00	6.232	0.064	237.06	26.2	0.0	73.0	17.0
21/12/2008	16:43:00	6.272	0.08	236.97	26.4	0.0	74.0	17.0
21/12/2008	16:44:00	6.336	0.06	236.8	26.6	0.0	74.0	17.0
21/12/2008	16:45:00	6.304	0.078	236.38	26.6	0.0	73.0	18.0
21/12/2008	16:46:00	6.386	0.066	236.54	27.0	0.0	73.0	17.0
21/12/2008	16:47:00	6.414	0.076	236.69	27.0	0.0	74.0	17.0
21/12/2008	16:54:00	5.06	0.228	240.18	21.0	0.0	39.0	18.0
21/12/2008	16:55:00	5.126	0.38	239.39	21.4	0.0	39.0	18.0
21/12/2008	16:59:00	5.072	0.32	238.0	21.2	0.0	37.0	18.0
21/12/2008	17:00:00	5.176	0.284	237.51	21.8	0.0	37.0	17.0
21/12/2008	17:01:00	5.228	0.298	238.32	21.8	0.0	38.0	17.0
21/12/2008	17:02:00	5.222	0.27	237.88	21.8	0.0	38.0	18.0
21/12/2008	17:05:00	5.186	0.32	237.84	21.8	0.0	38.0	18.0
21/12/2008	17:06:00	5.496	0.352	237.96	23.0	0.0	43.0	17.0
21/12/2008	17:07:00	5.454	0.312	237.99	22.8	0.0	42.0	18.0
21/12/2008	17:10:00	5.146	0.202	237.59	21.6	0.0	38.0	18.0
21/12/2008	17:13:00	5.07	0.174	237.99	21.2	0.0	37.0	17.0
21/12/2008	17:14:00	5.046	0.156	237.63	21.2	0.0	37.0	17.0
21/12/2008	17:17:00	5.114	0.172	238.79	21.4	0.0	37.0	18.0
21/12/2008	17:47:00	5.156	0.464	239.04	22.0	0.0	50.0	17.0
21/12/2008	17:48:00	6.662	0.434	237.55	28.0	0.0	74.0	18.0
21/12/2008	17:49:00	6.23	0.446	237.78	26.4	0.0	66.0	17.0
21/12/2008	17:50:00	6.722	0.432	237.36	28.2	0.0	75.0	17.0
21/12/2008	17:51:00	6.8	0.336	236.97	28.6	0.0	74.0	17.0
21/12/2008	17:52:00	6.798	0.072	236.92	28.6	0.0	74.0	18.0
21/12/2008	17:53:00	6.718	0.078	236.91	28.2	0.0	74.0	17.0
21/12/2008	17:54:00	6.73	0.058	237.14	28.2	0.0	74.0	17.0
21/12/2008	17:55:00	5.41	0.086	238.58	23.0	0.0	54.0	17.0
21/12/2008	17:57:00	5.166	0.102	239.6	21.8	0.0	48.0	18.0
21/12/2008	18:14:00	5.036	0.078	239.02	21.0	0.0	44.0	18.0
21/12/2008	18:17:00	5.14	0.074	239.34	21.4	0.0	43.0	18.0
21/12/2008	21:29:00	6.19	0.088	239.41	25.8	38.0	36.0	0.0
21/12/2008	21:30:00	6.496	0.15	239.78	27.0	38.0	37.0	0.0
21/12/2008	21:31:00	6.438	0.134	239.32	26.8	39.0	37.0	0.0
21/12/2008	21:32:00	6.54	0.148	239.48	27.2	38.0	36.0	0.0
21/12/2008	21:33:00	6.628	0.136	240.0	27.6	38.0	37.0	0.0
21/12/2008	21:34:00	6.606	0.15	240.26	27.4	38.0	37.0	0.0
21/12/2008	21:35:00	6.536	0.128	237.7	27.4	38.0	36.0	0.0
21/12/2008	21:36:00	6.482	0.132	236.03	27.4	37.0	36.0	0.0
21/12/2008	21:37:00	6.354	0.232	235.35	27.0	37.0	37.0	0.0
21/12/2008	21:38:00	5.496	0.248	236.15	23.2	37.0	37.0	0.0
21/12/2008	21:39:00	5.444	0.238	236.19	23.0	37.0	37.0	0.0
21/12/2008	21:40:00	5.376	0.256	236.32	22.6	37.0	38.0	0.0
22/12/2008	17:02:00	5.364	0.18	235.15	22.8	38.0	0.0	17.0
22/12/2008	17:03:00	5.388	0.184	235.91	22.8	37.0	0.0	18.0
22/12/2008	17:08:00	5.122	0.054	236.37	21.6	37.0	0.0	17.0
23/12/2008	06:50:00	6.042	0.31	237.93	25.4	0.0	1.0	18.0
23/12/2008	06:51:00	6.294	0.346	238.56	26.4	0.0	2.0	17.0
23/12/2008	06:52:00	6.8	0.34	238.17	28.6	0.0	1.0	18.0
27/12/2008	19:57:00	5.116	0.21	238.75	21.4	0.0	0.0	17.0
27/12/2008	19:58:00	5.514	0.316	238.85	23.2	0.0	0.0	18.0
27/12/2008	19:59:00	5.548	0.308	239.17	23.4	0.0	0.0	17.0
27/12/2008	20:00:00	5.128	0.204	239.52	21.4	0.0	0.0	18.0
31/12/2008	08:15:00	5.656	0.0	239.29	23.6	0.0	0.0	18.0
31/12/2008	08:16:00	6.026	0.0	238.23	25.4	0.0	0.0	17.0
31/12/2008	08:17:00	5.884	0.0	238.81	25.2	0.0	0.0	17.0
31/12/2008	19:48:00	5.146	0.078	236.93	21.6	38.0	0.0	17.0
31/12/2008	19:49:00	5.122	0.076	237.06	21.6	38.0	0.0	18.0
31/12/2008	19:50:00	5.102	0.076	236.59	21.6	38.0	0.0	17.0
31/12/2008	19:51:00	5.126	0.076	237.11	21.6	38.0	0.0	17.0
31/12/2008	19:52:00	5.148	0.076	237.67	21.6	38.0	0.0	18.0
31/12/2008	19:53:00	5.21	0.09	238.51	21.8	39.0	0.0	17.0
31/12/2008	19:54:00	5.278	0.182	239.07	22.0	38.0	0.0	18.0
31/12/2008	19:55:00	5.292	0.184	239.48	22.0	39.0	0.0	17.0
31/12/2008	19:56:00	5.298	0.184	239.57	22.0	39.0	0.0	18.0
31/12/2008	19:57:00	5.322	0.188	240.22	22.2	39.0	0.0	17.0
31/12/2008	19:58:00	5.32	0.186	240.27	22.0	39.0	0.0	18.0
31/12/2008	19:59:00	5.294	0.184	239.66	22.0	39.0	0.0	18.0
31/12/2008	20:00:00	5.194	0.172	237.09	21.8	38.0	0.0	17.0
31/12/2008	20:01:00	5.15	0.168	235.93	21.8	38.0	0.0	17.0
31/12/2008	20:02:00	5.16	0.168	236.18	21.8	38.0	0.0	17.0
31/12/2008	20:03:00	5.144	0.166	235.93	21.8	37.0	0.0	17.0
31/12/2008	20:07:00	5.116	0.162	235.37	21.6	38.0	0.0	17.0
31/12/2008	20:08:00	5.122	0.144	235.78	21.6	37.0	0.0	17.0
31/12/2008	20:09:00	5.082	0.0	236.59	21.4	38.0	0.0	18.0
31/12/2008	20:14:00	5.174	0.052	241.09	21.4	40.0	0.0	18.0
31/12/2008	20:15:00	5.238	0.0	240.94	21.6	39.0	0.0	18.0
31/12/2008	20:23:00	5.06	0.056	235.91	21.4	38.0	2.0	18.0
31/12/2008	20:24:00	5.1	0.058	236.9	21.4	38.0	1.0	17.0
31/12/2008	20:29:00	5.012	0.05	234.61	21.4	37.0	1.0	17.0
31/12/2008	20:30:00	5.128	0.156	235.07	21.8	37.0	1.0	17.0
31/12/2008	20:35:00	5.192	0.188	237.02	21.8	38.0	2.0	17.0
31/12/2008	20:36:00	5.21	0.188	237.38	22.0	38.0	1.0	17.0
31/12/2008	20:37:00	5.222	0.188	237.67	22.0	38.0	1.0	18.0
31/12/2008	20:41:00	5.254	0.174	238.78	22.0	38.0	0.0	18.0
31/12/2008	20:42:00	5.246	0.174	238.51	22.0	39.0	0.0	17.0
31/12/2008	20:43:00	5.248	0.168	237.58	22.0	38.0	0.0	17.0
31/12/2008	20:46:00	5.236	0.166	236.91	22.0	38.0	0.0	17.0
31/12/2008	20:47:00	5.052	0.172	237.91	21.2	38.0	0.0	18.0
31/12/2008	20:53:00	5.178	0.168	237.0	21.8	37.0	0.0	17.0
31/12/2008	20:54:00	5.186	0.168	237.06	21.8	38.0	0.0	17.0
1/1/2009	20:38:00	5.738	0.048	237.59	24.2	0.0	67.0	0.0
1/1/2009	20:39:00	5.948	0.07	237.68	25.0	0.0	74.0	0.0
1/1/2009	20:40:00	5.908	0.052	237.77	24.8	0.0	74.0	0.0
1/1/2009	20:41:00	5.912	0.07	237.71	24.8	0.0	74.0	0.0
1/1/2009	20:42:00	5.918	0.058	238.32	24.8	0.0	74.0	0.0
1/1/2009	20:43:00	5.988	0.14	238.07	25.0	0.0	74.0	0.0
1/1/2009	20:44:00	5.992	0.158	238.21	25.0	0.0	74.0	0.0
1/1/2009	20:45:00	6.006	0.178	238.48	25.2	0.0	75.0	0.0
1/1/2009	20:46:00	6.122	0.156	238.26	25.6	0.0	74.0	0.0
1/1/2009	20:47:00	7.054	0.368	236.69	30.0	0.0	73.0	0.0
1/1/2009	20:48:00	6.122	0.162	238.41	25.6	0.0	74.0	0.0
1/1/2009	20:49:00	7.82	0.164	236.59	33.4	0.0	73.0	0.0
1/1/2009	20:50:00	8.584	0.14	235.86	36.4	0.0	73.0	0.0
1/1/2009	20:51:00	6.132	0.18	238.56	26.2	0.0	42.0	0.0
1/1/2009	20:52:00	5.118	0.238	240.0	21.8	0.0	56.0	0.0
1/1/2009	23:59:00	5.254	0.09	238.02	22.4	0.0	64.0	0.0
2/1/2009	00:00:00	5.806	0.152	237.32	24.4	0.0	74.0	0.0
2/1/2009	00:01:00	5.746	0.198	237.05	24.2	0.0	75.0	0.0
2/1/2009	00:02:00	5.726	0.192	237.37	24.0	0.0	75.0	0.0
2/1/2009	00:03:00	5.3	0.152	238.24	22.2	0.0	76.0	0.0
2/1/2009	00:04:00	5.29	0.146	238.11	22.2	0.0	75.0	0.0
2/1/2009	00:05:00	5.274	0.144	237.72	22.2	0.0	76.0	0.0
2/1/2009	00:06:00	5.204	0.0	237.59	21.8	0.0	75.0	0.0
2/1/2009	00:07:00	5.192	0.046	237.25	21.8	0.0	75.0	0.0
2/1/2009	00:08:00	5.202	0.0	237.56	21.8	0.0	75.0	0.0
2/1/2009	00:09:00	5.142	0.048	238.1	21.6	0.0	76.0	0.0
2/1/2009	00:10:00	5.146	0.048	238.84	21.4	0.0	76.0	0.0
2/1/2009	08:15:00	5.002	0.062	237.42	21.2	0.0	1.0	0.0
2/1/2009	09:57:00	5.38	0.174	238.36	22.8	0.0	63.0	17.0
2/1/2009	09:58:00	5.88	0.16	237.78	24.6	0.0	74.0	17.0
2/1/2009	09:59:00	6.426	0.164	236.79	27.2	0.0	73.0	18.0
2/1/2009	10:00:00	6.242	0.166	236.38	26.4	0.0	73.0	17.0
2/1/2009	10:01:00	6.676	0.198	236.39	28.4	0.0	73.0	17.0
2/1/2009	10:02:00	6.156	0.146	237.28	26.0	0.0	73.0	17.0
2/1/2009	10:03:00	6.146	0.364	237.01	25.8	0.0	73.0	18.0
2/1/2009	10:04:00	6.12	0.336	237.04	25.8	0.0	73.0	17.0
2/1/2009	10:05:00	6.122	0.346	236.93	25.8	0.0	73.0	17.0
2/1/2009	10:06:00	6.136	0.308	236.58	25.8	0.0	73.0	17.0
2/1/2009	10:07:00	6.204	0.294	236.38	26.2	0.0	73.0	17.0
2/1/2009	10:08:00	6.248	0.276	237.53	26.2	0.0	73.0	18.0
2/1/2009	10:09:00	6.248	0.238	238.17	26.2	0.0	74.0	17.0
2/1/2009	10:10:00	5.54	0.068	238.78	23.4	0.0	65.0	18.0
2/1/2009	10:12:00	5.568	0.0	237.93	23.6	0.0	67.0	17.0
2/1/2009	17:02:00	5.136	0.248	240.76	22.2	28.0	0.0	17.0
2/1/2009	17:03:00	5.782	0.236	239.89	24.4	39.0	0.0	18.0
2/1/2009	17:04:00	5.81	0.228	238.41	24.8	38.0	0.0	18.0
2/1/2009	17:05:00	5.934	0.232	239.33	25.2	38.0	0.0	17.0
2/1/2009	17:06:00	5.126	0.24	240.12	21.6	38.0	0.0	18.0
2/1/2009	17:07:00	5.264	0.238	240.19	22.2	39.0	0.0	18.0
2/1/2009	17:08:00	5.362	0.234	239.79	22.6	38.0	0.0	17.0
2/1/2009	17:09:00	5.338	0.234	239.9	22.6	38.0	0.0	18.0
2/1/2009	17:10:00	5.794	0.23	238.17	24.6	38.0	0.0	17.0
2/1/2009	17:11:00	5.638	0.234	238.71	23.8	38.0	0.0	18.0
2/1/2009	17:12:00	5.174	0.236	238.43	21.6	37.0	0.0	17.0
2/1/2009	17:13:00	5.102	0.23	237.13	21.4	38.0	0.0	17.0
2/1/2009	17:14:00	5.128	0.232	237.87	21.4	37.0	0.0	18.0
2/1/2009	18:21:00	5.58	0.074	237.23	23.4	37.0	0.0	17.0
2/1/2009	18:22:00	5.572	0.152	234.67	23.6	37.0	0.0	17.0
2/1/2009	18:23:00	5.61	0.144	235.64	23.8	37.0	0.0	17.0
2/1/2009	18:24:00	5.582	0.14	234.94	23.6	37.0	0.0	17.0
2/1/2009	18:25:00	5.564	0.136	234.7	23.6	36.0	0.0	17.0
2/1/2009	18:26:00	5.568	0.134	234.88	23.6	37.0	0.0	17.0
2/1/2009	18:27:00	5.524	0.13	234.02	23.6	36.0	0.0	17.0
2/1/2009	18:28:00	5.552	0.128	234.62	23.6	37.0	0.0	17.0
2/1/2009	18:29:00	5.536	0.126	234.2	23.6	36.0	0.0	17.0
2/1/2009	18:30:00	5.656	0.122	234.36	24.0	37.0	0.0	17.0
2/1/2009	18:31:00	5.732	0.124	234.38	24.4	36.0	0.0	16.0
2/1/2009	18:32:00	5.624	0.12	235.34	23.8	37.0	0.0	17.0
2/1/2009	18:33:00	7.45	0.11	234.03	31.8	36.0	30.0	17.0
2/1/2009	18:34:00	7.6	0.108	233.41	32.4	36.0	35.0	17.0
2/1/2009	18:35:00	7.186	0.11	234.72	30.8	29.0	36.0	17.0
2/1/2009	18:36:00	5.634	0.236	236.32	23.8	0.0	36.0	17.0
2/1/2009	18:37:00	5.614	0.238	236.13	23.8	0.0	36.0	17.0
2/1/2009	18:38:00	5.582	0.236	235.46	23.6	0.0	36.0	17.0
3/1/2009	08:01:00	5.14	0.0	238.28	21.6	0.0	0.0	0.0
3/1/2009	11:31:00	6.416	0.476	238.27	27.0	76.0	0.0	18.0
3/1/2009	11:32:00	6.408	0.472	238.27	26.8	76.0	0.0	17.0
3/1/2009	11:33:00	6.628	0.466	237.88	27.8	75.0	0.0	17.0
3/1/2009	11:34:00	6.448	0.458	236.93	27.2	75.0	0.0	18.0
3/1/2009	11:35:00	6.334	0.458	237.24	26.6	75.0	0.0	17.0
3/1/2009	11:36:00	6.388	0.464	238.25	26.8	76.0	0.0	17.0
3/1/2009	11:37:00	6.542	0.468	238.72	27.4	76.0	0.0	18.0
3/1/2009	11:38:00	6.698	0.586	237.6	28.2	75.0	0.0	17.0
3/1/2009	11:39:00	6.45	0.584	237.49	27.2	75.0	0.0	18.0
3/1/2009	11:41:00	5.862	0.586	237.77	25.0	67.0	0.0	17.0
3/1/2009	11:42:00	6.228	0.576	236.9	26.4	74.0	0.0	18.0
3/1/2009	11:43:00	6.236	0.576	236.83	26.4	75.0	0.0	17.0
3/1/2009	11:44:00	6.39	0.576	237.31	27.0	75.0	0.0	17.0
3/1/2009	11:45:00	6.36	0.572	236.81	26.8	75.0	0.0	17.0
3/1/2009	18:58:00	5.382	0.198	237.08	22.6	38.0	0.0	17.0
4/1/2009	14:15:00	5.134	0.212	240.28	21.2	38.0	37.0	0.0
4/1/2009	14:16:00	5.164	0.226	241.65	21.4	39.0	38.0	0.0
4/1/2009	14:17:00	5.176	0.22	241.79	21.4	39.0	37.0	0.0
4/1/2009	14:18:00	5.008	0.214	242.22	20.6	39.0	35.0	0.0
4/1/2009	14:20:00	5.274	0.222	243.85	21.6	39.0	38.0	0.0
4/1/2009	14:21:00	5.254	0.218	243.58	21.6	40.0	38.0	0.0
4/1/2009	14:23:00	5.088	0.23	244.74	20.8	40.0	34.0	0.0
4/1/2009	14:24:00	5.168	0.226	243.37	21.2	39.0	38.0	0.0
4/1/2009	14:26:00	5.062	0.218	242.35	20.8	39.0	35.0	0.0
4/1/2009	19:31:00	5.014	0.336	237.68	21.0	0.0	37.0	16.0
4/1/2009	19:32:00	5.008	0.32	238.27	21.0	0.0	36.0	18.0
4/1/2009	20:04:00	5.028	0.138	237.04	21.2	0.0	35.0	17.0
4/1/2009	20:05:00	5.096	0.092	236.72	21.4	0.0	36.0	17.0
4/1/2009	20:06:00	5.21	0.0	237.48	21.8	0.0	37.0	18.0
4/1/2009	20:09:00	5.166	0.064	237.23	21.8	0.0	36.0	0.0
5/1/2009	20:21:00	5.53	0.0	239.97	23.0	38.0	0.0	18.0
5/1/2009	20:22:00	5.448	0.0	238.13	22.8	38.0	0.0	17.0
5/1/2009	20:23:00	5.348	0.074	236.98	22.6	38.0	0.0	17.0
5/1/2009	20:24:00	5.312	0.09	236.64	22.4	37.0	0.0	17.0
5/1/2009	20:25:00	5.336	0.09	237.51	22.4	38.0	0.0	18.0
5/1/2009	20:26:00	5.342	0.088	237.7	22.4	37.0	0.0	17.0
5/1/2009	20:27:00	5.352	0.09	237.76	22.4	38.0	0.0	17.0
5/1/2009	20:28:00	5.316	0.09	236.85	22.4	37.0	0.0	18.0
5/1/2009	20:29:00	5.302	0.09	236.6	22.4	38.0	0.0	17.0
5/1/2009	20:30:00	5.288	0.09	236.42	22.4	37.0	0.0	17.0
5/1/2009	20:31:00	5.266	0.092	235.94	22.2	37.0	0.0	17.0
5/1/2009	20:32:00	5.268	0.092	235.95	22.2	37.0	0.0	17.0
5/1/2009	20:33:00	5.282	0.09	236.56	22.2	37.0	0.0	17.0
5/1/2009	20:34:00	5.302	0.09	237.04	22.4	37.0	0.0	18.0
6/1/2009	06:38:00	5.384	0.0	241.64	23.6	0.0	0.0	19.0
6/1/2009	06:39:00	5.902	0.0	241.27	24.4	0.0	0.0	18.0
6/1/2009	06:40:00	5.726	0.0	241.83	23.6	0.0	0.0	18.0
6/1/2009	06:41:00	6.038	0.0	242.28	24.8	0.0	0.0	18.0
7/1/2009	14:05:00	6.256	0.062	242.97	25.6	40.0	38.0	18.0
7/1/2009	14:06:00	6.254	0.072	242.98	25.6	39.0	38.0	18.0
7/1/2009	14:07:00	6.232	0.058	242.71	25.6	39.0	38.0	18.0
7/1/2009	14:08:00	6.164	0.058	241.24	25.4	39.0	37.0	18.0
7/1/2009	14:09:00	6.156	0.048	242.59	25.2	39.0	38.0	18.0
7/1/2009	14:10:00	6.156	0.0	242.67	25.2	39.0	38.0	18.0
7/1/2009	14:11:00	6.142	0.05	242.53	25.2	39.0	37.0	18.0
7/1/2009	14:12:00	6.172	0.0	242.93	25.4	39.0	38.0	18.0
7/1/2009	14:13:00	6.194	0.046	243.72	25.4	39.0	38.0	18.0
7/1/2009	14:14:00	6.198	0.0	243.6	25.4	40.0	39.0	18.0
7/1/2009	14:15:00	6.204	0.046	243.97	25.4	39.0	38.0	19.0
7/1/2009	14:16:00	6.186	0.0	243.39	25.4	39.0	38.0	18.0
7/1/2009	14:17:00	6.176	0.048	243.38	25.2	39.0	38.0	18.0
7/1/2009	19:57:00	5.396	0.198	242.63	22.2	40.0	0.0	0.0
7/1/2009	19:58:00	5.344	0.188	241.69	22.0	39.0	0.0	0.0
7/1/2009	20:02:00	5.042	0.2	241.95	21.0	33.0	0.0	0.0
7/1/2009	20:03:00	5.344	0.19	241.79	22.0	39.0	0.0	0.0
7/1/2009	20:04:00	5.354	0.194	241.49	22.2	40.0	1.0	0.0
7/1/2009	20:21:00	5.716	0.328	241.75	23.6	39.0	0.0	18.0
8/1/2009	07:51:00	5.254	0.0	234.62	22.4	36.0	2.0	17.0
8/1/2009	07:52:00	5.25	0.0	234.63	22.2	37.0	1.0	17.0
8/1/2009	19:22:00	5.086	0.42	240.17	21.2	39.0	0.0	0.0
9/1/2009	06:31:00	5.494	0.0	242.27	22.8	0.0	0.0	9.0
9/1/2009	06:32:00	5.448	0.05	241.87	22.4	0.0	0.0	19.0
9/1/2009	06:33:00	5.512	0.0	241.48	22.8	0.0	0.0	18.0
9/1/2009	19:16:00	5.078	0.16	238.73	21.2	39.0	0.0	0.0
9/1/2009	19:17:00	5.052	0.16	238.48	21.2	39.0	0.0	0.0
9/1/2009	19:18:00	5.016	0.156	237.84	21.0	38.0	0.0	0.0
9/1/2009	19:19:00	5.17	0.248	239.05	21.6	39.0	0.0	0.0
9/1/2009	19:20:00	5.024	0.356	237.94	21.0	38.0	0.0	0.0
9/1/2009	19:21:00	5.026	0.352	238.99	21.0	39.0	0.0	0.0
10/1/2009	07:15:00	5.72	0.0	238.89	24.0	0.0	0.0	18.0
10/1/2009	07:16:00	6.284	0.0	238.35	26.2	0.0	0.0	17.0
10/1/2009	17:21:00	5.16	0.504	234.8	22.0	37.0	0.0	17.0
10/1/2009	17:22:00	5.206	0.514	236.17	22.0	38.0	0.0	17.0
10/1/2009	17:27:00	5.318	0.622	237.22	22.4	38.0	0.0	17.0
10/1/2009	17:28:00	5.298	0.62	236.87	22.4	38.0	0.0	17.0
10/1/2009	17:29:00	5.206	0.502	236.44	22.0	38.0	0.0	18.0
10/1/2009	17:30:00	5.176	0.486	236.1	22.0	38.0	0.0	17.0
10/1/2009	17:31:00	5.25	0.488	237.42	22.2	38.0	0.0	17.0
10/1/2009	17:32:00	5.248	0.46	237.71	22.0	38.0	0.0	17.0
10/1/2009	17:33:00	5.198	0.454	236.97	22.0	38.0	0.0	18.0
10/1/2009	17:34:00	5.162	0.448	236.07	21.8	38.0	0.0	17.0
10/1/2009	17:35:00	5.172	0.45	236.31	21.8	38.0	0.0	17.0
10/1/2009	17:36:00	5.102	0.446	235.36	21.6	38.0	0.0	17.0
10/1/2009	17:37:00	5.058	0.444	235.18	21.6	37.0	0.0	17.0
10/1/2009	17:43:00	5.12	0.346	236.81	21.6	38.0	0.0	18.0
10/1/2009	17:44:00	5.114	0.346	236.98	21.6	38.0	0.0	17.0
10/1/2009	17:45:00	5.066	0.34	235.71	21.4	37.0	0.0	17.0
10/1/2009	18:33:00	5.496	0.336	237.32	23.2	38.0	0.0	17.0
10/1/2009	18:34:00	5.444	0.332	236.8	23.0	38.0	0.0	17.0
10/1/2009	18:35:00	5.45	0.332	236.9	23.0	38.0	0.0	18.0
10/1/2009	18:36:00	5.438	0.33	236.55	23.0	38.0	0.0	17.0
10/1/2009	18:37:00	5.45	0.332	236.71	23.0	38.0	0.0	17.0
10/1/2009	18:38:00	5.45	0.33	236.9	23.0	38.0	0.0	17.0
10/1/2009	18:39:00	5.424	0.328	236.3	23.0	38.0	0.0	17.0
10/1/2009	18:48:00	5.382	0.224	237.58	22.6	0.0	38.0	17.0
10/1/2009	18:49:00	5.418	0.288	237.03	22.8	0.0	38.0	18.0
10/1/2009	18:50:00	5.42	0.348	236.08	23.0	0.0	37.0	17.0
10/1/2009	18:51:00	5.45	0.354	237.09	23.0	0.0	38.0	17.0
10/1/2009	18:52:00	5.286	0.358	237.53	22.2	0.0	38.0	17.0
10/1/2009	18:53:00	5.264	0.348	236.48	22.2	0.0	38.0	18.0
10/1/2009	18:54:00	5.294	0.354	237.24	22.2	0.0	38.0	17.0
10/1/2009	18:55:00	5.4	0.41	235.87	22.8	0.0	37.0	17.0
10/1/2009	18:56:00	5.536	0.438	235.08	23.6	0.0	38.0	17.0
10/1/2009	18:57:00	5.506	0.442	235.47	23.4	0.0	38.0	17.0
10/1/2009	18:58:00	5.278	0.442	235.45	22.4	0.0	37.0	17.0
10/1/2009	18:59:00	5.292	0.444	235.9	22.4	0.0	38.0	17.0
10/1/2009	19:00:00	5.288	0.446	235.94	22.4	0.0	38.0	17.0
10/1/2009	19:01:00	5.304	0.448	236.4	22.4	0.0	37.0	17.0
10/1/2009	19:49:00	6.094	0.174	234.65	26.2	1.0	59.0	17.0
10/1/2009	19:50:00	6.312	0.172	234.67	27.0	1.0	64.0	17.0
10/1/2009	19:51:00	6.79	0.172	233.96	29.0	1.0	71.0	17.0
10/1/2009	19:52:00	6.794	0.2	234.2	29.0	2.0	72.0	16.0
10/1/2009	19:53:00	6.72	0.154	233.98	28.6	0.0	72.0	17.0
10/1/2009	19:54:00	6.726	0.086	233.99	28.6	1.0	72.0	17.0
10/1/2009	19:55:00	7.982	0.068	232.53	34.6	22.0	71.0	17.0
10/1/2009	19:56:00	8.716	0.06	231.62	37.6	36.0	71.0	16.0
10/1/2009	19:57:00	8.78	0.062	232.65	37.6	37.0	71.0	17.0
10/1/2009	19:58:00	8.68	0.0	231.86	37.4	36.0	71.0	16.0
10/1/2009	19:59:00	8.764	0.06	232.35	37.6	36.0	71.0	17.0
10/1/2009	20:00:00	8.758	0.062	232.2	37.6	36.0	71.0	16.0
10/1/2009	20:01:00	8.702	0.06	232.33	37.4	36.0	70.0	17.0
10/1/2009	20:02:00	8.082	0.066	232.36	34.8	36.0	71.0	17.0
10/1/2009	20:03:00	8.042	0.048	232.44	34.6	36.0	73.0	16.0
10/1/2009	20:04:00	7.982	0.0	233.34	34.2	36.0	73.0	17.0
10/1/2009	20:05:00	6.182	0.064	235.72	26.4	37.0	44.0	17.0
10/1/2009	20:06:00	5.872	0.058	235.58	24.8	37.0	39.0	17.0
10/1/2009	20:07:00	5.85	0.082	235.34	24.8	37.0	38.0	17.0
10/1/2009	20:08:00	5.808	0.096	235.37	24.6	37.0	37.0	17.0
10/1/2009	20:09:00	5.73	0.108	235.69	24.2	36.0	38.0	17.0
11/1/2009	11:51:00	5.114	0.364	240.22	23.2	0.0	60.0	0.0
11/1/2009	11:52:00	5.044	0.152	240.77	20.8	0.0	76.0	0.0
11/1/2009	11:53:00	5.104	0.198	241.26	21.2	0.0	76.0	0.0
11/1/2009	11:54:00	5.056	0.24	239.54	21.0	0.0	75.0	0.0
11/1/2009	11:55:00	5.026	0.252	238.54	21.0	0.0	74.0	0.0
11/1/2009	11:56:00	5.022	0.228	238.64	21.0	0.0	75.0	0.0
11/1/2009	11:57:00	5.02	0.238	237.81	21.0	0.0	74.0	0.0
11/1/2009	11:58:00	5.018	0.218	238.1	21.0	0.0	75.0	0.0
11/1/2009	11:59:00	5.02	0.236	237.84	21.0	0.0	74.0	0.0
11/1/2009	12:01:00	5.026	0.232	238.14	21.0	0.0	75.0	0.0
11/1/2009	12:02:00	5.024	0.212	238.42	21.0	0.0	74.0	0.0
11/1/2009	12:03:00	5.02	0.228	238.14	21.0	0.0	75.0	0.0
11/1/2009	12:04:00	5.014	0.182	238.84	21.0	0.0	75.0	0.0
11/1/2009	12:09:00	5.182	0.174	239.26	21.6	0.0	74.0	0.0
11/1/2009	13:20:00	5.622	0.106	240.43	23.6	30.0	38.0	18.0
11/1/2009	13:21:00	6.034	0.092	239.6	25.0	38.0	37.0	17.0
11/1/2009	13:22:00	6.096	0.0	239.85	25.4	39.0	37.0	18.0
11/1/2009	13:23:00	6.116	0.0	239.94	25.4	38.0	37.0	18.0
11/1/2009	13:24:00	6.106	0.0	240.0	25.4	38.0	37.0	17.0
11/1/2009	13:25:00	6.048	0.0	238.58	25.2	38.0	37.0	18.0
11/1/2009	13:26:00	6.056	0.0	239.3	25.2	38.0	36.0	17.0
11/1/2009	13:27:00	6.094	0.0	239.78	25.4	38.0	38.0	18.0
11/1/2009	13:28:00	6.05	0.0	239.1	25.2	38.0	36.0	18.0
11/1/2009	13:29:00	6.086	0.0	239.72	25.4	38.0	38.0	17.0
11/1/2009	13:30:00	5.204	0.0	240.62	21.6	39.0	22.0	18.0
11/1/2009	13:31:00	5.626	0.0	240.6	23.4	38.0	29.0	18.0
11/1/2009	13:32:00	6.064	0.0	239.6	25.2	38.0	37.0	17.0
11/1/2009	13:33:00	5.586	0.064	239.73	23.6	32.0	37.0	18.0
11/1/2009	18:46:00	5.134	0.47	239.7	21.4	39.0	1.0	0.0
11/1/2009	18:47:00	5.154	0.46	240.28	21.4	39.0	1.0	0.0
11/1/2009	18:48:00	5.14	0.454	240.12	21.4	39.0	1.0	0.0
11/1/2009	18:53:00	5.084	0.432	239.51	21.2	39.0	1.0	0.0
11/1/2009	18:54:00	5.266	0.424	238.65	22.2	38.0	1.0	1.0
11/1/2009	18:58:00	5.05	0.42	237.9	21.8	20.0	1.0	17.0
11/1/2009	18:59:00	6.026	0.408	237.07	25.4	37.0	1.0	18.0
11/1/2009	19:00:00	6.09	0.412	238.0	25.6	39.0	1.0	17.0
11/1/2009	19:04:00	5.012	0.368	239.53	21.4	14.0	0.0	17.0
11/1/2009	19:05:00	6.366	0.316	238.75	26.6	38.0	0.0	18.0
11/1/2009	19:06:00	6.148	0.324	240.37	25.8	36.0	0.0	17.0
11/1/2009	19:11:00	6.228	0.31	240.03	26.0	33.0	0.0	18.0
11/1/2009	19:12:00	6.418	0.306	239.45	26.8	39.0	0.0	18.0
11/1/2009	19:13:00	5.51	0.31	239.32	23.4	26.0	0.0	17.0
11/1/2009	19:18:00	6.14	0.298	238.42	25.8	33.0	0.0	17.0
11/1/2009	19:19:00	6.256	0.294	236.78	26.4	38.0	0.0	17.0
11/1/2009	19:20:00	5.65	0.292	237.29	24.0	23.0	0.0	17.0
11/1/2009	19:25:00	5.928	0.174	237.19	25.0	39.0	0.0	17.0
11/1/2009	19:26:00	5.862	0.172	235.93	24.8	37.0	0.0	17.0
11/1/2009	21:02:00	6.01	0.248	239.25	25.2	0.0	0.0	18.0
11/1/2009	21:03:00	6.132	0.25	238.97	25.6	0.0	0.0	17.0
13/1/2009	06:35:00	5.342	0.064	238.52	22.4	0.0	1.0	18.0
13/1/2009	06:36:00	6.876	0.06	238.21	29.0	0.0	1.0	17.0
13/1/2009	06:37:00	6.58	0.074	237.86	27.6	0.0	1.0	18.0
13/1/2009	06:38:00	5.258	0.114	239.45	22.6	0.0	2.0	18.0
13/1/2009	06:41:00	5.45	0.188	242.24	22.6	0.0	1.0	18.0
13/1/2009	06:42:00	5.368	0.264	240.76	22.4	0.0	1.0	18.0
14/1/2009	06:44:00	5.39	0.196	242.89	22.2	0.0	1.0	19.0
14/1/2009	20:11:00	5.256	0.728	236.05	22.6	0.0	2.0	17.0
14/1/2009	20:12:00	5.566	0.726	235.56	23.8	0.0	1.0	17.0
14/1/2009	20:13:00	5.352	0.648	235.44	22.8	0.0	1.0	17.0
14/1/2009	21:09:00	5.51	0.132	233.83	23.6	2.0	0.0	17.0
14/1/2009	21:11:00	5.084	0.072	235.35	22.0	1.0	0.0	14.0
14/1/2009	21:28:00	5.46	0.08	234.24	23.2	37.0	0.0	17.0
14/1/2009	21:29:00	5.486	0.07	234.34	23.4	36.0	0.0	17.0
14/1/2009	21:30:00	5.548	0.07	234.9	23.6	37.0	0.0	17.0
14/1/2009	21:31:00	5.584	0.07	234.86	23.8	37.0	0.0	17.0
14/1/2009	21:32:00	5.678	0.072	234.34	24.2	37.0	0.0	16.0
14/1/2009	21:33:00	5.654	0.072	234.51	24.0	36.0	0.0	17.0
14/1/2009	21:34:00	5.694	0.072	234.43	24.2	37.0	0.0	17.0
14/1/2009	21:35:00	5.674	0.078	234.99	24.0	37.0	0.0	17.0
14/1/2009	21:36:00	5.118	0.114	236.21	21.6	37.0	0.0	17.0
15/1/2009	20:40:00	5.3	0.074	235.81	22.4	37.0	0.0	17.0
15/1/2009	20:41:00	5.33	0.078	236.8	22.4	38.0	0.0	18.0
15/1/2009	20:42:00	5.346	0.08	237.4	22.4	37.0	0.0	17.0
15/1/2009	20:43:00	5.326	0.078	236.92	22.4	38.0	0.0	17.0
15/1/2009	20:44:00	5.348	0.08	237.66	22.4	37.0	0.0	17.0
15/1/2009	20:45:00	5.34	0.08	237.52	22.4	38.0	0.0	18.0
15/1/2009	20:46:00	5.3	0.078	236.53	22.4	37.0	0.0	17.0
15/1/2009	20:47:00	5.29	0.076	236.28	22.4	37.0	0.0	17.0
15/1/2009	20:48:00	5.282	0.076	236.03	22.4	37.0	0.0	17.0
15/1/2009	20:49:00	5.278	0.074	236.02	22.2	37.0	0.0	17.0
15/1/2009	20:50:00	5.246	0.0	236.14	22.2	37.0	0.0	17.0
15/1/2009	20:51:00	5.206	0.05	236.7	22.0	37.0	0.0	18.0
15/1/2009	20:52:00	5.194	0.048	236.45	21.8	37.0	0.0	17.0
16/1/2009	06:35:00	5.4	0.0	241.25	22.6	0.0	0.0	18.0
16/1/2009	06:36:00	5.036	0.046	241.64	20.8	0.0	0.0	18.0
16/1/2009	06:37:00	5.686	0.054	240.64	23.6	0.0	0.0	18.0
16/1/2009	17:21:00	5.282	0.488	233.36	22.6	34.0	2.0	16.0
16/1/2009	17:22:00	5.254	0.486	233.18	22.6	37.0	1.0	17.0
16/1/2009	17:23:00	5.208	0.48	232.35	22.4	37.0	1.0	17.0
16/1/2009	17:24:00	5.214	0.48	232.49	22.4	36.0	1.0	16.0
16/1/2009	17:25:00	5.222	0.482	232.69	22.4	37.0	1.0	17.0
16/1/2009	17:26:00	5.206	0.43	233.21	22.4	37.0	1.0	16.0
16/1/2009	17:27:00	5.156	0.36	233.29	22.0	37.0	2.0	17.0
16/1/2009	17:28:00	5.168	0.362	233.59	22.0	37.0	1.0	17.0
16/1/2009	17:29:00	5.194	0.362	234.25	22.2	37.0	1.0	17.0
16/1/2009	17:30:00	5.132	0.364	234.97	21.8	36.0	1.0	17.0
16/1/2009	17:31:00	5.206	0.362	234.58	22.2	37.0	1.0	17.0
16/1/2009	17:32:00	5.21	0.36	234.39	22.2	37.0	1.0	17.0
16/1/2009	17:33:00	5.206	0.36	234.57	22.2	38.0	1.0	16.0
16/1/2009	17:34:00	5.178	0.328	234.25	22.0	37.0	1.0	17.0
16/1/2009	17:35:00	5.104	0.244	233.66	21.8	37.0	0.0	17.0
16/1/2009	17:39:00	5.208	0.238	231.94	22.4	36.0	0.0	16.0
16/1/2009	17:40:00	5.164	0.236	231.9	22.2	37.0	0.0	17.0
16/1/2009	17:42:00	5.04	0.24	232.08	21.6	36.0	0.0	17.0
16/1/2009	17:45:00	5.048	0.24	232.43	21.6	37.0	0.0	17.0
16/1/2009	17:46:00	5.058	0.24	232.64	21.6	36.0	0.0	17.0
16/1/2009	17:47:00	7.106	0.222	230.43	31.0	36.0	0.0	16.0
16/1/2009	17:48:00	6.046	0.236	233.37	26.2	11.0	0.0	17.0
16/1/2009	17:49:00	5.62	0.244	234.59	23.8	1.0	0.0	17.0
16/1/2009	17:50:00	5.834	0.198	234.35	25.0	13.0	0.0	16.0
16/1/2009	17:51:00	5.072	0.144	234.64	21.6	37.0	0.0	17.0
16/1/2009	17:52:00	5.096	0.146	235.22	21.6	37.0	0.0	17.0
16/1/2009	17:53:00	5.116	0.148	235.63	21.6	38.0	0.0	17.0
16/1/2009	17:54:00	5.106	0.144	235.37	21.6	37.0	0.0	17.0
16/1/2009	17:55:00	5.15	0.148	236.47	21.6	38.0	0.0	18.0
16/1/2009	18:00:00	5.198	0.27	235.1	22.0	37.0	0.0	17.0
16/1/2009	18:01:00	5.278	0.27	235.07	22.4	37.0	0.0	17.0
16/1/2009	18:05:00	5.312	0.266	234.22	22.6	38.0	0.0	17.0
16/1/2009	18:06:00	5.332	0.264	234.39	22.6	37.0	0.0	16.0
16/1/2009	18:07:00	5.01	0.268	234.71	21.6	34.0	0.0	17.0
16/1/2009	18:11:00	5.216	0.274	235.91	22.0	37.0	0.0	17.0
16/1/2009	18:12:00	5.07	0.284	237.5	21.4	39.0	0.0	17.0
16/1/2009	19:27:00	5.822	0.218	238.85	24.4	39.0	0.0	17.0
16/1/2009	19:28:00	5.748	0.214	237.77	24.2	38.0	0.0	17.0
16/1/2009	19:29:00	5.736	0.212	237.44	24.0	38.0	0.0	18.0
16/1/2009	19:30:00	5.748	0.212	237.64	24.2	38.0	0.0	17.0
16/1/2009	19:31:00	5.736	0.21	237.37	24.0	38.0	0.0	17.0
16/1/2009	19:32:00	5.752	0.212	237.74	24.2	39.0	0.0	18.0
16/1/2009	19:33:00	5.762	0.21	237.83	24.2	38.0	0.0	17.0
16/1/2009	19:34:00	5.756	0.208	237.42	24.2	38.0	0.0	17.0
16/1/2009	19:35:00	5.714	0.206	236.52	24.0	38.0	0.0	18.0
16/1/2009	19:36:00	5.73	0.208	236.89	24.2	38.0	0.0	17.0
16/1/2009	19:37:00	5.75	0.208	237.39	24.2	38.0	0.0	17.0
16/1/2009	19:42:00	5.832	0.334	237.26	24.6	38.0	0.0	17.0
16/1/2009	19:43:00	5.874	0.338	238.01	24.6	38.0	0.0	17.0
16/1/2009	19:46:00	5.17	0.412	239.81	22.0	1.0	24.0	17.0
16/1/2009	19:47:00	7.242	0.398	238.8	30.6	23.0	36.0	18.0
16/1/2009	19:48:00	7.602	0.386	238.73	32.0	38.0	28.0	17.0
16/1/2009	19:49:00	8.05	0.392	237.88	33.8	38.0	36.0	18.0
16/1/2009	19:50:00	7.534	0.384	238.03	31.8	39.0	28.0	17.0
16/1/2009	19:51:00	8.108	0.484	237.21	34.2	38.0	36.0	17.0
16/1/2009	19:52:00	8.034	0.476	236.32	34.0	38.0	36.0	17.0
16/1/2009	19:53:00	7.97	0.474	235.31	33.8	37.0	35.0	17.0
16/1/2009	19:54:00	7.932	0.468	234.72	33.8	38.0	36.0	17.0
16/1/2009	19:55:00	8.048	0.562	235.77	34.2	37.0	35.0	17.0
16/1/2009	19:56:00	8.064	0.654	235.1	34.4	38.0	36.0	17.0
16/1/2009	19:57:00	8.016	0.49	234.96	34.2	37.0	35.0	17.0
16/1/2009	19:58:00	7.938	0.468	234.91	33.8	37.0	36.0	17.0
16/1/2009	19:59:00	7.91	0.356	235.86	33.4	38.0	36.0	17.0
16/1/2009	20:00:00	7.848	0.34	234.99	33.4	38.0	35.0	17.0
16/1/2009	20:01:00	7.07	0.352	234.95	30.4	25.0	35.0	17.0
16/1/2009	20:02:00	5.728	0.36	236.49	24.2	2.0	36.0	17.0
16/1/2009	20:03:00	6.708	0.358	236.04	28.8	16.0	36.0	17.0
16/1/2009	20:04:00	7.8	0.336	234.3	33.2	37.0	35.0	17.0
16/1/2009	20:05:00	7.88	0.35	234.14	33.6	37.0	36.0	17.0
16/1/2009	20:06:00	7.95	0.346	236.73	33.6	38.0	36.0	17.0
16/1/2009	20:07:00	7.98	0.356	237.12	33.6	38.0	36.0	17.0
16/1/2009	20:08:00	5.998	0.37	239.43	25.2	5.0	36.0	18.0
16/1/2009	20:09:00	5.908	0.378	239.05	24.8	1.0	37.0	18.0
16/1/2009	20:10:00	7.922	0.328	235.87	33.6	37.0	36.0	17.0
16/1/2009	20:11:00	7.962	0.336	236.03	33.6	38.0	36.0	17.0
16/1/2009	20:12:00	8.01	0.328	236.88	33.8	38.0	36.0	17.0
16/1/2009	20:13:00	7.994	0.292	236.99	33.6	38.0	36.0	17.0
16/1/2009	20:14:00	6.404	0.242	238.64	27.2	13.0	36.0	18.0
16/1/2009	20:15:00	5.824	0.264	240.42	24.2	1.0	38.0	17.0
16/1/2009	20:16:00	6.838	0.234	236.46	29.2	20.0	36.0	18.0
16/1/2009	20:17:00	7.724	0.236	234.1	33.0	37.0	35.0	16.0
16/1/2009	20:18:00	7.728	0.222	234.25	33.0	37.0	35.0	17.0
16/1/2009	20:19:00	7.756	0.238	234.06	33.0	37.0	36.0	17.0
16/1/2009	20:20:00	7.108	0.228	234.82	30.6	27.0	35.0	17.0
16/1/2009	20:22:00	6.69	0.228	234.6	29.0	27.0	25.0	17.0
16/1/2009	20:23:00	7.874	0.348	234.01	33.6	37.0	37.0	17.0
16/1/2009	20:24:00	7.834	0.33	233.83	33.4	37.0	37.0	17.0
16/1/2009	20:25:00	7.702	0.35	233.92	33.0	37.0	34.0	16.0
16/1/2009	20:26:00	6.55	0.464	234.43	28.0	37.0	18.0	17.0
16/1/2009	20:27:00	7.694	0.532	234.17	32.8	37.0	35.0	17.0
16/1/2009	20:28:00	5.678	0.54	237.34	24.0	3.0	38.0	17.0
16/1/2009	20:29:00	5.022	0.558	237.69	21.2	1.0	23.0	18.0
16/1/2009	20:30:00	7.1	0.51	235.31	30.8	27.0	28.0	17.0
16/1/2009	20:31:00	8.088	0.602	234.48	34.6	38.0	37.0	17.0
16/1/2009	20:32:00	7.374	0.628	234.47	31.6	37.0	26.0	16.0
16/1/2009	20:33:00	7.548	0.654	235.45	32.2	37.0	26.0	17.0
16/1/2009	20:34:00	6.284	0.662	237.67	26.8	8.0	37.0	18.0
16/1/2009	20:36:00	7.19	0.654	238.23	30.6	21.0	35.0	18.0
16/1/2009	20:37:00	6.448	0.618	237.3	27.4	38.0	21.0	17.0
16/1/2009	20:38:00	6.734	0.428	236.25	28.6	38.0	27.0	17.0
16/1/2009	20:39:00	6.372	0.448	236.19	27.2	38.0	25.0	17.0
16/1/2009	20:40:00	6.454	0.436	236.36	27.4	38.0	24.0	17.0
16/1/2009	20:41:00	6.618	0.452	236.62	28.2	38.0	29.0	18.0
16/1/2009	20:42:00	6.228	0.44	236.67	26.4	38.0	19.0	17.0
16/1/2009	20:43:00	6.806	0.562	236.96	29.0	38.0	30.0	17.0
16/1/2009	20:44:00	5.282	0.754	238.84	22.6	15.0	19.0	17.0
16/1/2009	20:47:00	6.788	0.564	237.95	28.6	38.0	25.0	17.0
16/1/2009	20:48:00	6.646	0.54	237.96	28.2	38.0	23.0	17.0
16/1/2009	20:49:00	6.268	0.528	238.63	26.4	39.0	21.0	18.0
16/1/2009	20:52:00	5.556	0.422	239.02	24.6	20.0	26.0	17.0
16/1/2009	20:53:00	6.054	0.436	237.25	25.6	38.0	19.0	18.0
16/1/2009	20:54:00	6.794	0.406	236.86	29.0	38.0	24.0	17.0
16/1/2009	20:55:00	5.582	0.456	239.05	24.2	29.0	16.0	17.0
16/1/2009	20:58:00	5.524	0.424	238.94	23.2	39.0	4.0	17.0
16/1/2009	20:59:00	5.6	0.456	239.59	23.4	38.0	5.0	18.0
16/1/2009	21:03:00	5.28	0.426	237.83	22.6	28.0	4.0	18.0
16/1/2009	21:04:00	5.278	0.372	236.71	22.2	38.0	1.0	17.0
16/1/2009	21:05:00	5.374	0.374	236.54	22.6	38.0	2.0	17.0
16/1/2009	21:09:00	5.18	0.27	236.12	21.8	38.0	1.0	17.0
16/1/2009	21:44:00	5.446	0.394	238.08	22.8	38.0	1.0	18.0
16/1/2009	21:50:00	5.35	0.264	238.78	22.4	39.0	1.0	18.0
16/1/2009	21:51:00	5.296	0.256	237.97	22.2	38.0	0.0	17.0
16/1/2009	21:55:00	5.498	0.252	235.69	23.2	38.0	0.0	17.0
16/1/2009	21:56:00	5.502	0.25	236.14	23.2	37.0	1.0	17.0
16/1/2009	21:57:00	5.562	0.258	237.06	23.4	38.0	0.0	17.0
16/1/2009	21:58:00	5.562	0.256	237.54	23.4	39.0	0.0	18.0
17/1/2009	07:31:00	6.452	0.07	237.97	27.2	0.0	0.0	17.0
17/1/2009	07:32:00	6.738	0.06	236.61	28.6	0.0	0.0	18.0
17/1/2009	07:33:00	5.1	0.066	238.23	22.0	0.0	0.0	17.0
17/1/2009	07:38:00	5.302	0.0	237.84	22.4	0.0	0.0	18.0
17/1/2009	07:39:00	5.028	0.0	237.55	21.4	0.0	0.0	17.0
17/1/2009	07:51:00	5.068	0.21	236.84	21.4	0.0	0.0	18.0
17/1/2009	07:52:00	5.07	0.21	237.12	21.4	0.0	0.0	17.0
17/1/2009	09:19:00	5.026	0.092	237.0	21.2	0.0	39.0	17.0
17/1/2009	09:20:00	5.202	0.22	237.89	21.8	0.0	39.0	18.0
17/1/2009	09:21:00	5.378	0.404	237.67	22.6	0.0	39.0	17.0
17/1/2009	09:22:00	5.358	0.424	238.97	22.4	0.0	40.0	17.0
17/1/2009	09:23:00	5.158	0.318	239.57	21.4	0.0	40.0	18.0
17/1/2009	09:24:00	5.06	0.248	239.74	21.0	0.0	39.0	18.0
17/1/2009	16:19:00	5.416	0.0	240.62	22.4	0.0	38.0	0.0
17/1/2009	16:20:00	6.66	0.048	239.94	28.2	0.0	62.0	0.0
17/1/2009	16:25:00	5.01	0.084	242.09	20.6	0.0	76.0	0.0
17/1/2009	16:27:00	5.002	0.084	242.27	20.6	0.0	76.0	0.0
17/1/2009	16:28:00	5.01	0.08	242.65	20.6	0.0	77.0	0.0
17/1/2009	18:29:00	5.68	0.302	234.24	24.2	0.0	1.0	17.0
17/1/2009	19:04:00	5.116	0.548	235.59	22.0	32.0	0.0	18.0
17/1/2009	19:05:00	5.468	0.504	235.45	23.2	37.0	0.0	17.0
17/1/2009	19:06:00	5.482	0.506	235.88	23.2	38.0	0.0	17.0
17/1/2009	19:07:00	5.514	0.512	236.49	23.4	38.0	0.0	17.0
17/1/2009	19:08:00	5.466	0.502	235.81	23.2	38.0	1.0	17.0
17/1/2009	19:09:00	5.478	0.508	235.81	23.2	37.0	0.0	17.0
17/1/2009	19:10:00	5.45	0.502	235.67	23.2	38.0	0.0	17.0
17/1/2009	19:11:00	5.446	0.498	234.99	23.2	37.0	0.0	17.0
17/1/2009	19:12:00	5.452	0.5	235.64	23.2	38.0	0.0	17.0
17/1/2009	19:13:00	5.444	0.5	235.05	23.2	37.0	1.0	17.0
17/1/2009	19:14:00	5.45	0.5	235.73	23.2	38.0	0.0	17.0
17/1/2009	19:15:00	5.41	0.518	235.93	23.0	38.0	0.0	17.0
17/1/2009	19:20:00	5.078	0.202	236.25	21.4	38.0	0.0	17.0
17/1/2009	19:21:00	5.432	0.246	236.94	23.0	38.0	1.0	18.0
17/1/2009	19:22:00	5.806	0.252	236.42	24.8	38.0	0.0	17.0
17/1/2009	19:23:00	5.028	0.116	237.05	21.2	38.0	0.0	17.0
17/1/2009	19:24:00	6.404	0.358	235.27	27.4	37.0	0.0	17.0
17/1/2009	19:25:00	5.794	0.222	235.74	24.8	38.0	0.0	17.0
17/1/2009	21:06:00	6.554	0.136	233.93	28.0	0.0	2.0	17.0
17/1/2009	21:07:00	6.058	0.138	234.77	26.2	0.0	1.0	17.0
18/1/2009	07:53:00	6.196	0.072	239.16	26.0	0.0	0.0	0.0
18/1/2009	07:54:00	5.82	0.062	239.4	24.4	0.0	0.0	5.0
18/1/2009	07:55:00	5.88	0.066	239.93	24.6	0.0	0.0	18.0
18/1/2009	09:29:00	5.328	0.36	236.08	23.0	0.0	59.0	0.0
18/1/2009	09:30:00	5.9	0.334	235.38	25.2	0.0	67.0	0.0
18/1/2009	09:31:00	6.198	0.346	234.38	26.4	0.0	73.0	0.0
18/1/2009	09:32:00	6.144	0.228	234.92	26.0	0.0	72.0	0.0
18/1/2009	09:33:00	6.192	0.244	235.75	26.2	0.0	72.0	0.0
18/1/2009	09:34:00	6.184	0.226	235.94	26.2	0.0	73.0	0.0
18/1/2009	09:35:00	6.236	0.246	236.59	26.2	0.0	73.0	0.0
18/1/2009	09:36:00	5.458	0.068	237.09	23.0	0.0	73.0	0.0
18/1/2009	09:37:00	5.494	0.13	236.43	23.2	0.0	74.0	0.0
18/1/2009	09:38:00	5.582	0.236	236.4	23.6	0.0	72.0	0.0
18/1/2009	09:39:00	5.55	0.154	236.56	23.4	0.0	74.0	0.0
18/1/2009	09:40:00	5.55	0.204	236.13	23.4	0.0	72.0	0.0
18/1/2009	09:41:00	5.584	0.218	236.41	23.6	0.0	73.0	0.0
18/1/2009	09:42:00	5.568	0.198	236.43	23.4	0.0	73.0	0.0
18/1/2009	09:43:00	5.552	0.21	235.86	23.4	0.0	73.0	0.0
18/1/2009	11:57:00	5.114	0.502	235.02	21.8	38.0	2.0	17.0
18/1/2009	12:02:00	5.062	0.518	234.53	21.6	37.0	1.0	17.0
18/1/2009	12:03:00	5.094	0.524	234.91	21.8	37.0	2.0	16.0
18/1/2009	12:08:00	5.088	0.522	235.7	21.6	38.0	2.0	17.0
18/1/2009	12:09:00	5.058	0.536	236.46	21.4	38.0	1.0	18.0
18/1/2009	14:34:00	5.032	0.296	241.42	21.0	2.0	33.0	18.0
18/1/2009	14:37:00	5.056	0.304	241.87	21.0	1.0	38.0	18.0
18/1/2009	14:39:00	5.17	0.318	242.13	21.4	1.0	38.0	18.0
18/1/2009	14:40:00	5.228	0.296	242.39	21.6	1.0	37.0	18.0
18/1/2009	14:41:00	5.24	0.322	242.55	21.6	1.0	38.0	18.0
18/1/2009	14:42:00	5.216	0.3	242.22	21.6	2.0	37.0	18.0
18/1/2009	14:43:00	5.204	0.316	241.63	21.6	1.0	37.0	18.0
18/1/2009	14:44:00	5.226	0.304	242.64	21.6	1.0	38.0	18.0
18/1/2009	14:45:00	5.216	0.322	242.27	21.6	1.0	37.0	18.0
18/1/2009	14:46:00	5.198	0.302	242.0	21.4	2.0	38.0	18.0
18/1/2009	14:47:00	5.186	0.322	241.71	21.4	1.0	37.0	18.0
18/1/2009	14:48:00	5.122	0.296	240.86	21.2	1.0	37.0	17.0
18/1/2009	14:49:00	5.134	0.316	241.01	21.2	1.0	37.0	18.0
18/1/2009	14:50:00	5.154	0.304	241.73	21.2	1.0	37.0	18.0
18/1/2009	14:51:00	5.092	0.224	241.37	21.0	2.0	38.0	18.0
18/1/2009	14:52:00	5.068	0.162	241.42	21.0	1.0	37.0	18.0
18/1/2009	14:53:00	5.068	0.18	241.38	21.0	1.0	37.0	18.0
18/1/2009	14:56:00	5.174	0.274	242.33	21.4	1.0	37.0	18.0
18/1/2009	14:57:00	5.154	0.288	241.76	21.2	1.0	37.0	18.0
18/1/2009	15:00:00	5.122	0.308	241.91	21.2	1.0	37.0	18.0
18/1/2009	15:03:00	5.118	0.3	241.55	21.2	1.0	36.0	18.0
18/1/2009	15:06:00	5.096	0.402	243.38	21.0	1.0	37.0	18.0
18/1/2009	15:08:00	5.288	0.4	243.85	21.6	2.0	38.0	18.0
18/1/2009	15:14:00	6.212	0.288	242.08	25.8	35.0	21.0	18.0
18/1/2009	15:15:00	7.162	0.292	240.97	29.8	39.0	36.0	18.0
18/1/2009	15:16:00	6.19	0.29	242.51	25.4	38.0	19.0	18.0
18/1/2009	15:17:00	7.272	0.296	241.79	30.0	39.0	37.0	18.0
18/1/2009	15:18:00	6.224	0.294	243.28	25.6	39.0	18.0	18.0
18/1/2009	15:19:00	7.172	0.304	242.33	29.6	39.0	35.0	18.0
18/1/2009	15:20:00	6.18	0.29	241.8	25.6	39.0	18.0	18.0
18/1/2009	15:21:00	7.14	0.298	240.75	29.6	38.0	36.0	18.0
18/1/2009	15:22:00	6.266	0.302	243.16	25.8	39.0	18.0	18.0
18/1/2009	15:23:00	7.08	0.31	242.26	29.2	39.0	34.0	18.0
18/1/2009	15:24:00	6.328	0.296	242.31	26.2	38.0	20.0	18.0
18/1/2009	15:25:00	5.536	0.432	243.22	22.8	39.0	7.0	18.0
18/1/2009	15:26:00	5.522	0.45	243.84	22.6	39.0	5.0	18.0
18/1/2009	15:27:00	5.512	0.466	243.52	22.6	39.0	4.0	18.0
18/1/2009	18:36:00	5.168	0.334	237.04	21.8	38.0	0.0	0.0
18/1/2009	18:37:00	5.106	0.326	236.85	21.6	38.0	0.0	0.0
18/1/2009	18:38:00	5.116	0.328	236.65	21.6	38.0	0.0	0.0
18/1/2009	18:39:00	5.15	0.318	235.99	21.8	38.0	0.0	0.0
18/1/2009	18:40:00	5.076	0.318	235.56	21.6	37.0	1.0	0.0
18/1/2009	18:41:00	5.034	0.31	234.97	21.4	38.0	0.0	0.0
18/1/2009	18:42:00	5.03	0.268	235.02	21.4	37.0	0.0	0.0
18/1/2009	18:43:00	5.008	0.214	235.9	21.2	38.0	0.0	0.0
18/1/2009	18:51:00	5.542	0.33	235.6	23.6	36.0	0.0	1.0
18/1/2009	18:52:00	6.414	0.322	233.98	27.4	37.0	1.0	18.0
18/1/2009	18:53:00	5.026	0.33	234.99	21.8	15.0	0.0	17.0
18/1/2009	18:58:00	6.374	0.326	234.16	27.2	37.0	0.0	17.0
18/1/2009	18:59:00	6.364	0.346	234.05	27.2	37.0	0.0	17.0
18/1/2009	19:03:00	5.738	0.326	235.44	24.4	37.0	0.0	18.0
18/1/2009	19:04:00	5.658	0.366	235.45	24.0	38.0	1.0	17.0
18/1/2009	19:05:00	5.366	0.416	234.82	22.8	37.0	2.0	16.0
18/1/2009	19:09:00	6.606	0.644	235.58	28.2	37.0	2.0	17.0
18/1/2009	19:10:00	5.502	0.454	237.33	23.4	38.0	1.0	17.0
18/1/2009	19:11:00	6.332	0.606	236.47	27.0	38.0	2.0	17.0
18/1/2009	19:12:00	5.81	0.532	236.95	24.8	38.0	1.0	18.0
18/1/2009	19:13:00	5.204	0.5	238.37	21.8	39.0	2.0	17.0
18/1/2009	19:14:00	5.196	0.496	238.66	21.8	38.0	1.0	18.0
18/1/2009	19:15:00	5.2	0.498	238.2	21.8	39.0	2.0	17.0
18/1/2009	19:16:00	5.192	0.496	238.59	21.8	38.0	2.0	17.0
18/1/2009	19:28:00	5.168	0.364	235.85	22.0	37.0	1.0	17.0
18/1/2009	19:34:00	5.514	0.404	235.84	23.4	38.0	2.0	17.0
18/1/2009	19:35:00	5.49	0.398	235.62	23.2	38.0	1.0	17.0
18/1/2009	19:41:00	6.184	0.33	232.6	26.6	37.0	2.0	17.0
18/1/2009	19:42:00	6.14	0.304	231.96	26.4	36.0	1.0	16.0
18/1/2009	19:47:00	6.076	0.464	233.97	26.0	37.0	1.0	17.0
18/1/2009	19:48:00	6.052	0.466	234.36	25.8	37.0	2.0	17.0
18/1/2009	19:53:00	5.414	0.416	235.29	23.4	25.0	2.0	17.0
18/1/2009	19:54:00	6.77	0.34	232.79	29.4	17.0	36.0	17.0
18/1/2009	19:55:00	5.674	0.314	233.89	24.2	0.0	38.0	16.0
18/1/2009	19:56:00	5.66	0.314	233.66	24.2	0.0	38.0	17.0
18/1/2009	19:57:00	5.648	0.31	233.38	24.2	0.0	38.0	17.0
18/1/2009	19:58:00	5.628	0.296	232.99	24.2	0.0	38.0	17.0
18/1/2009	19:59:00	5.912	0.228	233.21	25.4	0.0	36.0	16.0
18/1/2009	20:00:00	6.23	0.232	232.37	26.8	0.0	37.0	17.0
18/1/2009	20:01:00	5.936	0.166	231.55	25.6	0.0	36.0	16.0
18/1/2009	20:02:00	5.662	0.128	231.19	24.4	1.0	37.0	17.0
18/1/2009	20:03:00	5.674	0.13	231.63	24.4	0.0	36.0	16.0
18/1/2009	20:04:00	5.674	0.13	231.71	24.4	1.0	37.0	17.0
18/1/2009	20:05:00	5.86	0.122	231.23	25.2	0.0	36.0	16.0
18/1/2009	20:06:00	5.79	0.0	232.12	24.8	0.0	36.0	17.0
18/1/2009	20:07:00	5.818	0.0	233.05	24.8	1.0	37.0	16.0
18/1/2009	20:08:00	5.84	0.0	233.53	25.0	0.0	37.0	17.0
18/1/2009	20:09:00	5.81	0.0	233.32	24.8	0.0	37.0	17.0
18/1/2009	20:19:00	5.204	0.084	235.01	22.0	0.0	2.0	17.0
18/1/2009	20:20:00	5.196	0.068	235.42	22.0	0.0	1.0	17.0
18/1/2009	20:56:00	5.042	0.058	240.92	20.8	0.0	37.0	18.0
18/1/2009	20:58:00	5.164	0.072	240.21	21.4	0.0	37.0	18.0
18/1/2009	21:00:00	5.236	0.068	239.99	21.8	1.0	37.0	17.0
18/1/2009	21:01:00	5.208	0.074	238.61	21.8	1.0	36.0	18.0
18/1/2009	21:02:00	5.266	0.048	237.04	22.2	1.0	36.0	17.0
18/1/2009	21:03:00	5.68	0.06	236.29	24.0	2.0	36.0	17.0
18/1/2009	21:04:00	5.66	0.0	235.23	24.0	1.0	36.0	17.0
18/1/2009	21:05:00	5.684	0.0	234.99	24.2	1.0	35.0	17.0
18/1/2009	21:06:00	5.556	0.0	234.6	23.6	1.0	36.0	17.0
18/1/2009	21:07:00	5.494	0.0	235.46	23.2	1.0	35.0	17.0
18/1/2009	21:08:00	5.45	0.068	235.29	23.0	1.0	36.0	17.0
18/1/2009	21:09:00	5.504	0.046	236.57	23.2	2.0	36.0	17.0
18/1/2009	21:10:00	5.534	0.062	237.48	23.2	1.0	36.0	18.0
18/1/2009	21:11:00	5.602	0.0	239.04	23.4	1.0	36.0	17.0
18/1/2009	21:12:00	5.422	0.056	239.72	22.6	1.0	37.0	18.0
18/1/2009	21:13:00	5.502	0.0	240.17	22.8	2.0	37.0	17.0
18/1/2009	21:14:00	5.43	0.058	240.04	22.6	1.0	37.0	18.0
18/1/2009	21:15:00	5.41	0.0	239.21	22.6	1.0	37.0	18.0
18/1/2009	21:16:00	5.42	0.05	239.79	22.6	1.0	36.0	17.0
18/1/2009	21:17:00	5.404	0.0	240.41	22.4	1.0	38.0	18.0
18/1/2009	21:18:00	5.25	0.076	240.01	21.8	1.0	36.0	18.0
18/1/2009	21:19:00	5.812	0.092	238.56	24.6	5.0	37.0	17.0
18/1/2009	21:20:00	7.576	0.0	235.67	32.0	37.0	36.0	17.0
18/1/2009	21:21:00	7.55	0.058	235.03	32.0	37.0	35.0	17.0
18/1/2009	21:22:00	7.594	0.0	236.09	32.0	37.0	36.0	17.0
18/1/2009	21:23:00	7.474	0.064	236.39	31.6	38.0	36.0	17.0
18/1/2009	21:24:00	6.868	0.06	238.03	28.8	37.0	30.0	18.0
18/1/2009	21:25:00	6.254	0.072	235.64	26.6	37.0	19.0	17.0
18/1/2009	21:26:00	7.086	0.0	233.97	30.2	37.0	36.0	17.0
18/1/2009	21:27:00	6.026	0.068	234.66	25.6	36.0	18.0	16.0
18/1/2009	21:28:00	6.546	0.0	234.76	27.8	37.0	30.0	17.0
18/1/2009	21:29:00	6.722	0.204	234.19	28.6	36.0	36.0	17.0
18/1/2009	21:30:00	7.31	0.326	232.9	31.4	36.0	35.0	17.0
18/1/2009	21:31:00	6.386	0.384	234.51	28.0	26.0	26.0	17.0
18/1/2009	21:33:00	5.476	0.396	235.79	23.2	1.0	34.0	17.0
18/1/2009	21:35:00	5.524	0.404	236.2	23.4	1.0	35.0	17.0
18/1/2009	21:36:00	5.622	0.378	235.53	23.8	1.0	35.0	17.0
19/1/2009	07:24:00	5.584	0.084	237.19	24.4	0.0	0.0	18.0
19/1/2009	07:25:00	6.15	0.088	236.56	26.4	0.0	0.0	17.0
19/1/2009	20:28:00	6.106	0.172	233.2	26.4	1.0	0.0	17.0
19/1/2009	20:37:00	5.154	0.19	235.25	22.2	28.0	0.0	17.0
19/1/2009	20:38:00	5.604	0.178	234.36	23.8	36.0	0.0	17.0
19/1/2009	20:39:00	5.34	0.15	235.08	22.6	37.0	0.0	17.0
19/1/2009	20:40:00	5.208	0.136	234.9	22.0	37.0	0.0	17.0
19/1/2009	20:41:00	5.398	0.174	234.13	23.0	37.0	0.0	17.0
19/1/2009	20:42:00	5.408	0.18	234.45	23.0	36.0	0.0	17.0
19/1/2009	20:43:00	5.55	0.18	234.87	23.6	37.0	0.0	16.0
19/1/2009	20:44:00	5.558	0.178	233.71	23.8	37.0	0.0	17.0
19/1/2009	20:45:00	5.526	0.166	234.84	23.4	36.0	1.0	17.0
19/1/2009	20:46:00	5.356	0.074	235.36	22.6	37.0	1.0	17.0
19/1/2009	20:47:00	5.348	0.072	235.41	22.6	37.0	1.0	17.0
19/1/2009	20:48:00	5.376	0.078	236.14	22.6	37.0	2.0	17.0
19/1/2009	20:49:00	5.394	0.076	236.6	22.8	37.0	1.0	17.0
19/1/2009	21:19:00	5.5	0.088	237.94	23.4	1.0	0.0	18.0
19/1/2009	21:20:00	5.308	0.098	239.02	22.6	1.0	0.0	17.0
20/1/2009	06:34:00	5.506	0.062	240.93	23.2	0.0	0.0	7.0
20/1/2009	06:35:00	5.848	0.052	240.72	24.4	0.0	0.0	19.0
20/1/2009	06:36:00	5.62	0.064	240.7	23.4	0.0	0.0	18.0
20/1/2009	06:37:00	5.788	0.066	240.27	24.4	0.0	0.0	18.0
21/1/2009	06:15:00	5.468	0.166	239.59	23.0	0.0	0.0	11.0
21/1/2009	06:16:00	6.08	0.116	238.45	25.6	0.0	0.0	18.0
23/1/2009	06:38:00	5.536	0.09	242.5	22.8	0.0	0.0	19.0
23/1/2009	06:39:00	5.496	0.088	241.96	22.6	0.0	0.0	18.0
23/1/2009	06:40:00	5.484	0.086	241.72	22.6	0.0	0.0	18.0
23/1/2009	06:45:00	5.084	0.178	240.16	21.2	0.0	0.0	17.0
23/1/2009	06:46:00	5.264	0.174	241.09	22.0	0.0	0.0	18.0
23/1/2009	14:45:00	5.088	0.274	240.14	21.4	38.0	0.0	18.0
23/1/2009	14:46:00	5.354	0.336	240.93	22.2	38.0	0.0	18.0
23/1/2009	14:47:00	5.302	0.326	240.24	22.0	38.0	0.0	17.0
23/1/2009	14:48:00	5.284	0.324	239.95	22.0	38.0	0.0	18.0
23/1/2009	14:49:00	5.292	0.318	240.23	22.0	38.0	0.0	18.0
23/1/2009	19:53:00	5.406	0.324	238.94	22.6	0.0	0.0	0.0
23/1/2009	19:54:00	5.952	0.396	238.65	25.0	0.0	0.0	0.0
23/1/2009	19:55:00	5.476	0.398	239.78	23.4	0.0	0.0	0.0
24/1/2009	07:46:00	5.958	0.046	241.12	24.6	0.0	0.0	18.0
24/1/2009	07:47:00	6.0	0.048	242.79	24.6	0.0	0.0	18.0
24/1/2009	07:48:00	5.928	0.046	241.87	24.4	0.0	0.0	18.0
24/1/2009	08:50:00	5.14	0.186	240.44	21.4	0.0	39.0	18.0
24/1/2009	08:51:00	5.824	0.166	237.81	24.6	0.0	38.0	17.0
24/1/2009	11:04:00	5.342	0.452	238.08	23.0	1.0	58.0	17.0
24/1/2009	11:05:00	6.794	0.426	235.82	29.6	19.0	64.0	17.0
24/1/2009	11:06:00	8.24	0.422	234.96	35.0	38.0	72.0	17.0
24/1/2009	11:07:00	7.972	0.412	233.59	34.2	35.0	72.0	17.0
24/1/2009	11:08:00	6.04	0.396	235.17	25.6	1.0	72.0	17.0
24/1/2009	11:09:00	6.032	0.304	236.09	25.4	1.0	72.0	17.0
24/1/2009	11:10:00	6.164	0.374	237.37	26.0	1.0	75.0	17.0
24/1/2009	11:11:00	6.8	0.486	236.96	29.4	6.0	75.0	18.0
24/1/2009	11:12:00	8.504	0.438	234.17	36.4	37.0	73.0	16.0
24/1/2009	11:13:00	8.224	0.398	234.9	35.0	37.0	73.0	17.0
24/1/2009	11:14:00	6.662	0.42	236.89	28.4	11.0	74.0	18.0
24/1/2009	11:15:00	6.178	0.422	237.74	26.0	1.0	75.0	17.0
24/1/2009	11:16:00	6.188	0.426	237.95	26.0	1.0	75.0	17.0
24/1/2009	11:17:00	5.094	0.426	237.95	21.8	1.0	59.0	18.0
24/1/2009	11:18:00	6.486	0.358	235.86	28.6	25.0	54.0	17.0
24/1/2009	11:19:00	6.938	0.3	235.06	29.8	37.0	55.0	17.0
24/1/2009	11:20:00	6.038	0.36	236.05	25.6	38.0	38.0	17.0
24/1/2009	11:25:00	6.14	0.318	237.26	25.8	38.0	39.0	18.0
24/1/2009	11:26:00	6.08	0.348	236.08	25.8	37.0	38.0	17.0
24/1/2009	11:31:00	5.134	0.322	237.86	21.6	38.0	21.0	17.0
24/1/2009	11:32:00	6.112	0.322	236.7	25.8	38.0	38.0	18.0
24/1/2009	11:33:00	6.146	0.318	237.45	25.8	38.0	39.0	17.0
24/1/2009	11:34:00	5.586	0.37	238.12	23.6	39.0	30.0	17.0
24/1/2009	11:37:00	5.368	0.552	238.61	23.0	16.0	44.0	18.0
24/1/2009	11:38:00	5.698	0.562	238.09	24.0	39.0	30.0	17.0
24/1/2009	11:39:00	6.0	0.536	237.51	25.4	38.0	34.0	17.0
24/1/2009	11:40:00	5.384	0.504	237.37	23.2	25.0	39.0	18.0
24/1/2009	11:44:00	5.03	0.362	238.13	21.2	38.0	17.0	17.0
24/1/2009	11:45:00	6.084	0.332	237.3	25.6	38.0	36.0	17.0
24/1/2009	11:50:00	5.396	0.35	237.27	22.8	37.0	25.0	17.0
24/1/2009	12:39:00	5.338	0.25	238.34	22.6	46.0	0.0	18.0
24/1/2009	12:49:00	6.038	0.208	238.55	25.6	66.0	0.0	18.0
24/1/2009	12:50:00	6.864	0.194	237.33	28.8	81.0	0.0	17.0
24/1/2009	12:51:00	6.882	0.196	237.53	28.8	82.0	0.0	17.0
24/1/2009	12:52:00	7.12	0.24	236.92	30.2	81.0	5.0	17.0
24/1/2009	12:53:00	8.53	0.23	234.77	36.2	79.0	35.0	17.0
24/1/2009	12:54:00	7.97	0.246	235.09	34.0	80.0	27.0	17.0
24/1/2009	12:55:00	8.524	0.238	235.81	36.0	80.0	36.0	17.0
24/1/2009	12:56:00	8.052	0.252	236.49	34.2	80.0	28.0	17.0
24/1/2009	12:57:00	8.556	0.238	236.17	36.2	81.0	34.0	18.0
24/1/2009	12:58:00	8.502	0.252	235.34	36.0	80.0	36.0	17.0
24/1/2009	12:59:00	8.49	0.234	235.38	36.0	79.0	35.0	16.0
24/1/2009	13:00:00	8.508	0.252	235.52	36.0	80.0	36.0	18.0
24/1/2009	13:01:00	8.54	0.238	236.23	36.0	80.0	35.0	17.0
24/1/2009	13:02:00	8.068	0.174	237.14	34.2	75.0	36.0	17.0
24/1/2009	13:03:00	6.392	0.152	237.38	26.8	45.0	36.0	17.0
24/1/2009	13:04:00	6.374	0.166	236.83	26.8	45.0	36.0	17.0
24/1/2009	13:05:00	6.348	0.146	236.48	26.8	45.0	36.0	18.0
24/1/2009	13:06:00	5.532	0.176	237.66	23.4	45.0	22.0	17.0
24/1/2009	13:07:00	5.854	0.15	236.81	24.8	45.0	26.0	17.0
24/1/2009	13:08:00	6.27	0.164	236.48	26.4	45.0	36.0	17.0
24/1/2009	13:09:00	5.17	0.154	236.67	21.8	45.0	16.0	17.0
24/1/2009	13:10:00	6.252	0.162	236.48	26.4	44.0	33.0	18.0
24/1/2009	18:15:00	5.424	0.13	236.54	22.8	0.0	2.0	18.0
24/1/2009	18:16:00	5.28	0.13	236.25	22.4	0.0	1.0	17.0
24/1/2009	20:53:00	5.08	0.404	238.48	22.0	0.0	1.0	18.0
24/1/2009	20:54:00	5.58	0.402	237.74	23.4	0.0	2.0	17.0
24/1/2009	20:55:00	5.502	0.396	238.33	23.0	0.0	1.0	17.0
24/1/2009	20:56:00	5.412	0.274	238.27	22.6	0.0	1.0	18.0
24/1/2009	20:57:00	5.39	0.27	237.82	22.6	0.0	2.0	17.0
25/1/2009	00:03:00	5.196	0.0	243.54	21.8	25.0	0.0	18.0
25/1/2009	00:04:00	5.942	0.0	242.96	24.4	39.0	0.0	18.0
25/1/2009	00:05:00	5.908	0.0	242.52	24.2	39.0	0.0	18.0
25/1/2009	00:06:00	5.682	0.0	241.92	23.4	39.0	0.0	18.0
25/1/2009	00:07:00	5.464	0.0	242.92	22.4	39.0	0.0	18.0
25/1/2009	00:08:00	5.418	0.0	243.82	22.2	40.0	0.0	19.0
25/1/2009	00:09:00	5.386	0.068	243.57	22.0	39.0	0.0	18.0
25/1/2009	00:10:00	5.354	0.07	242.92	22.0	39.0	0.0	18.0
25/1/2009	00:11:00	5.362	0.07	243.09	22.0	39.0	0.0	18.0
25/1/2009	00:12:00	5.298	0.076	243.88	21.6	39.0	0.0	18.0
25/1/2009	00:13:00	5.104	0.09	244.03	20.8	40.0	0.0	18.0
25/1/2009	00:14:00	5.114	0.09	244.4	20.8	39.0	0.0	19.0
25/1/2009	08:39:00	6.324	0.138	240.31	26.4	0.0	0.0	0.0
25/1/2009	08:40:00	5.454	0.102	241.11	22.6	0.0	0.0	0.0
25/1/2009	08:41:00	5.362	0.072	241.66	22.2	0.0	0.0	0.0
25/1/2009	12:22:00	6.09	0.24	235.16	26.2	27.0	1.0	17.0
25/1/2009	12:23:00	8.494	0.252	232.58	36.6	37.0	33.0	16.0
25/1/2009	12:24:00	7.588	0.258	233.89	32.8	36.0	36.0	17.0
25/1/2009	12:25:00	6.108	0.272	235.99	25.8	38.0	38.0	17.0
25/1/2009	12:26:00	6.054	0.27	235.23	25.6	38.0	37.0	17.0
25/1/2009	12:27:00	6.102	0.308	235.34	25.8	37.0	37.0	17.0
25/1/2009	12:28:00	6.19	0.362	236.54	26.2	38.0	38.0	17.0
25/1/2009	12:29:00	6.17	0.346	233.9	26.4	37.0	37.0	17.0
25/1/2009	12:30:00	6.138	0.338	232.3	26.4	37.0	36.0	17.0
25/1/2009	12:31:00	6.192	0.342	233.34	26.4	36.0	37.0	16.0
25/1/2009	12:32:00	6.164	0.338	232.81	26.4	37.0	37.0	17.0
25/1/2009	12:33:00	6.212	0.342	233.86	26.6	37.0	37.0	17.0
25/1/2009	12:34:00	6.19	0.338	233.33	26.4	37.0	36.0	17.0
25/1/2009	12:35:00	6.214	0.34	233.88	26.6	37.0	37.0	16.0
25/1/2009	13:23:00	5.318	0.33	238.78	22.6	0.0	62.0	17.0
25/1/2009	13:24:00	6.044	0.298	238.61	25.4	0.0	73.0	17.0
25/1/2009	13:25:00	6.116	0.316	238.31	25.6	0.0	75.0	18.0
25/1/2009	13:26:00	7.82	0.362	235.62	33.4	29.0	74.0	17.0
25/1/2009	13:27:00	8.218	0.336	236.05	34.8	37.0	73.0	17.0
25/1/2009	13:28:00	8.162	0.262	235.76	34.6	38.0	73.0	17.0
25/1/2009	13:29:00	8.174	0.278	235.61	34.6	37.0	73.0	17.0
25/1/2009	13:30:00	8.162	0.26	235.63	34.6	38.0	73.0	17.0
25/1/2009	13:31:00	8.206	0.28	236.19	34.6	38.0	73.0	17.0
25/1/2009	13:32:00	8.218	0.282	234.87	35.0	37.0	72.0	17.0
25/1/2009	13:33:00	9.59	0.432	233.82	41.0	37.0	72.0	17.0
25/1/2009	13:34:00	8.684	0.25	235.2	37.0	37.0	72.0	17.0
25/1/2009	13:35:00	8.148	0.18	236.35	34.4	38.0	73.0	17.0
25/1/2009	13:36:00	7.456	0.17	237.84	32.0	35.0	67.0	17.0
25/1/2009	13:38:00	5.08	0.19	240.64	21.6	1.0	57.0	18.0
25/1/2009	13:40:00	5.654	0.224	238.54	24.0	31.0	37.0	18.0
25/1/2009	13:41:00	6.042	0.228	238.81	25.2	38.0	37.0	17.0
25/1/2009	13:42:00	5.43	0.196	240.41	23.0	29.0	38.0	18.0
25/1/2009	13:46:00	5.988	0.232	240.4	25.0	35.0	38.0	17.0
25/1/2009	13:47:00	6.154	0.25	240.63	25.6	39.0	38.0	18.0
25/1/2009	13:48:00	6.076	0.186	239.75	25.2	39.0	37.0	18.0
25/1/2009	13:49:00	5.834	0.2	239.86	24.4	35.0	38.0	17.0
25/1/2009	15:05:00	5.484	0.346	242.38	23.0	25.0	39.0	18.0
25/1/2009	15:06:00	6.21	0.34	241.97	25.6	39.0	39.0	18.0
25/1/2009	15:07:00	5.92	0.264	241.7	24.6	39.0	35.0	18.0
25/1/2009	15:09:00	6.168	0.206	243.32	25.2	40.0	38.0	18.0
25/1/2009	15:10:00	5.75	0.216	243.47	23.6	39.0	33.0	18.0
25/1/2009	15:11:00	5.188	0.216	243.83	21.4	39.0	21.0	19.0
25/1/2009	15:12:00	6.182	0.212	243.5	25.4	39.0	39.0	18.0
25/1/2009	15:13:00	5.566	0.216	244.76	22.8	40.0	29.0	18.0
25/1/2009	15:14:00	5.45	0.224	244.52	22.4	40.0	26.0	18.0
25/1/2009	15:15:00	6.14	0.206	243.82	25.2	39.0	39.0	19.0
25/1/2009	15:17:00	6.054	0.208	244.36	24.8	40.0	36.0	18.0
25/1/2009	19:31:00	5.162	0.36	235.26	22.0	0.0	37.0	17.0
25/1/2009	19:33:00	5.112	0.308	234.9	21.8	0.0	36.0	17.0
25/1/2009	19:41:00	5.37	0.168	232.83	23.4	0.0	35.0	16.0
25/1/2009	19:45:00	5.178	0.0	233.45	22.4	0.0	34.0	17.0
27/1/2009	19:40:00	5.12	0.31	238.18	21.4	38.0	0.0	18.0
27/1/2009	19:41:00	5.022	0.316	239.28	21.0	39.0	0.0	17.0
28/1/2009	00:43:00	5.142	0.054	241.97	21.2	40.0	0.0	18.0
28/1/2009	00:44:00	5.19	0.052	242.33	21.4	39.0	0.0	18.0
28/1/2009	00:45:00	5.204	0.07	242.03	21.4	39.0	0.0	18.0
28/1/2009	00:46:00	5.032	0.066	242.69	20.6	39.0	1.0	18.0
28/1/2009	00:49:00	6.296	0.082	239.97	26.2	38.0	38.0	17.0
28/1/2009	00:50:00	6.21	0.08	240.45	25.8	39.0	39.0	18.0
28/1/2009	00:51:00	6.276	0.08	240.56	26.0	38.0	38.0	18.0
28/1/2009	00:52:00	6.318	0.084	240.53	26.2	38.0	39.0	18.0
28/1/2009	00:53:00	6.386	0.0	239.7	26.6	38.0	38.0	17.0
28/1/2009	00:54:00	5.858	0.048	239.15	24.6	33.0	38.0	18.0
28/1/2009	15:03:00	6.82	0.136	241.35	28.2	0.0	76.0	17.0
28/1/2009	15:04:00	6.786	0.156	240.84	28.2	0.0	75.0	18.0
28/1/2009	15:05:00	6.788	0.138	241.3	28.0	0.0	75.0	18.0
28/1/2009	15:06:00	6.832	0.162	241.8	28.2	0.0	76.0	18.0
28/1/2009	15:07:00	6.836	0.142	242.21	28.2	0.0	76.0	18.0
28/1/2009	15:08:00	6.848	0.156	242.05	28.2	0.0	76.0	18.0
28/1/2009	15:09:00	6.87	0.138	242.67	28.2	0.0	76.0	18.0
28/1/2009	15:10:00	6.852	0.156	242.22	28.2	0.0	76.0	18.0
28/1/2009	15:11:00	6.816	0.096	242.03	28.0	0.0	76.0	18.0
28/1/2009	15:12:00	6.702	0.088	242.06	27.6	0.0	76.0	18.0
28/1/2009	15:13:00	6.304	0.106	242.28	26.0	0.0	70.0	18.0
28/1/2009	15:14:00	5.74	0.08	243.12	23.6	0.0	59.0	18.0
28/1/2009	15:15:00	6.722	0.104	242.93	27.6	0.0	77.0	18.0
28/1/2009	16:14:00	6.47	0.058	241.57	26.8	0.0	74.0	18.0
28/1/2009	16:15:00	6.41	0.056	240.64	26.6	0.0	75.0	17.0
28/1/2009	16:16:00	6.416	0.056	240.94	26.6	0.0	75.0	18.0
28/1/2009	16:17:00	6.398	0.062	240.19	26.6	0.0	75.0	18.0
28/1/2009	16:18:00	6.412	0.064	240.42	26.6	0.0	74.0	17.0
28/1/2009	16:19:00	6.434	0.064	240.9	26.6	0.0	75.0	18.0
28/1/2009	16:20:00	6.412	0.064	240.66	26.6	0.0	75.0	18.0
28/1/2009	16:21:00	6.39	0.066	240.29	26.6	0.0	75.0	18.0
28/1/2009	16:22:00	6.442	0.062	241.37	26.6	0.0	75.0	18.0
28/1/2009	16:47:00	5.276	0.212	243.57	21.6	0.0	38.0	19.0
28/1/2009	20:17:00	5.164	0.0	237.05	21.8	37.0	0.0	17.0
28/1/2009	20:18:00	5.13	0.0	237.17	21.6	38.0	0.0	17.0
28/1/2009	20:20:00	5.028	0.0	236.13	21.2	37.0	1.0	17.0
28/1/2009	20:21:00	5.35	0.0	235.54	22.8	37.0	0.0	17.0
30/1/2009	06:37:00	5.166	0.122	239.23	21.6	0.0	2.0	18.0
30/1/2009	07:57:00	5.46	0.06	236.32	23.2	31.0	0.0	17.0
30/1/2009	07:58:00	5.184	0.06	236.18	22.0	37.0	0.0	17.0
31/1/2009	07:15:00	5.698	0.174	239.16	23.8	0.0	0.0	17.0
31/1/2009	07:16:00	5.764	0.18	240.52	24.0	0.0	0.0	18.0
31/1/2009	07:17:00	5.782	0.19	239.23	24.2	0.0	0.0	18.0
31/1/2009	07:18:00	6.504	0.212	238.29	27.4	0.0	0.0	17.0
31/1/2009	11:34:00	5.842	0.052	234.02	24.8	0.0	71.0	16.0
31/1/2009	11:35:00	5.55	0.054	234.8	23.8	0.0	63.0	17.0
31/1/2009	11:36:00	5.944	0.058	234.16	25.2	0.0	71.0	17.0
31/1/2009	11:37:00	6.05	0.056	233.27	25.8	0.0	71.0	17.0
31/1/2009	11:38:00	6.27	0.058	235.6	26.6	0.0	72.0	17.0
31/1/2009	11:39:00	6.218	0.052	235.59	26.4	0.0	71.0	17.0
31/1/2009	11:40:00	6.18	0.06	235.8	26.2	0.0	72.0	17.0
31/1/2009	11:41:00	6.124	0.0	235.2	26.0	0.0	72.0	17.0
31/1/2009	11:42:00	6.23	0.066	235.84	26.4	0.0	72.0	17.0
31/1/2009	11:43:00	5.378	0.076	237.12	23.0	0.0	59.0	17.0
31/1/2009	11:45:00	5.828	0.068	236.32	24.8	0.0	66.0	17.0
31/1/2009	16:48:00	5.458	0.78	242.54	23.0	40.0	0.0	19.0
31/1/2009	16:49:00	5.88	0.84	241.52	24.8	40.0	0.0	17.0
31/1/2009	17:12:00	5.034	0.484	239.95	21.0	39.0	2.0	17.0
31/1/2009	17:16:00	5.018	0.484	239.84	21.0	38.0	2.0	18.0
31/1/2009	17:26:00	5.574	0.458	235.53	23.6	1.0	0.0	17.0
31/1/2009	17:27:00	5.59	0.462	235.56	23.8	1.0	1.0	17.0
31/1/2009	17:28:00	5.046	0.476	236.11	21.8	3.0	0.0	17.0
31/1/2009	17:29:00	6.05	0.498	235.17	26.2	37.0	0.0	17.0
31/1/2009	17:30:00	6.044	0.376	234.66	26.4	37.0	0.0	17.0
31/1/2009	17:35:00	5.394	0.438	234.91	23.2	37.0	10.0	17.0
31/1/2009	17:37:00	5.088	0.454	235.87	22.0	13.0	26.0	17.0
31/1/2009	17:38:00	7.164	0.428	233.91	30.6	37.0	35.0	17.0
31/1/2009	17:39:00	6.908	0.456	234.56	29.8	37.0	27.0	16.0
31/1/2009	17:40:00	7.034	0.442	233.98	30.0	37.0	35.0	17.0
31/1/2009	17:41:00	7.074	0.464	234.58	30.2	38.0	35.0	17.0
31/1/2009	17:42:00	7.056	0.444	234.35	30.0	37.0	34.0	17.0
31/1/2009	17:43:00	7.038	0.46	233.88	30.0	37.0	35.0	17.0
31/1/2009	17:44:00	7.072	0.446	234.81	30.0	37.0	35.0	17.0
31/1/2009	17:45:00	7.06	0.462	234.46	30.0	37.0	35.0	17.0
31/1/2009	17:48:00	6.81	0.214	232.87	29.2	37.0	35.0	16.0
31/1/2009	17:49:00	7.01	0.226	232.02	30.2	36.0	34.0	17.0
31/1/2009	17:50:00	7.05	0.21	232.29	30.2	37.0	34.0	16.0
31/1/2009	17:51:00	7.108	0.232	233.1	30.4	36.0	35.0	17.0
31/1/2009	17:52:00	6.676	0.22	234.08	28.8	31.0	35.0	17.0
31/1/2009	17:53:00	5.072	0.254	235.64	21.4	1.0	35.0	17.0
31/1/2009	17:54:00	5.274	0.232	235.57	22.6	3.0	35.0	17.0
31/1/2009	17:55:00	7.07	0.226	232.36	30.4	37.0	35.0	17.0
31/1/2009	17:56:00	6.042	0.218	233.5	25.8	36.0	18.0	16.0
31/1/2009	17:57:00	6.776	0.222	231.23	29.4	37.0	29.0	17.0
31/1/2009	17:58:00	7.006	0.204	231.22	30.2	36.0	34.0	16.0
31/1/2009	17:59:00	5.394	0.24	233.59	23.8	14.0	35.0	12.0
31/1/2009	18:02:00	5.622	0.214	232.48	24.2	36.0	26.0	0.0
31/1/2009	18:03:00	6.132	0.234	232.59	26.2	37.0	34.0	0.0
31/1/2009	18:04:00	5.814	0.218	233.53	25.0	36.0	28.0	0.0
31/1/2009	18:08:00	6.096	0.276	232.77	26.2	37.0	28.0	0.0
31/1/2009	18:09:00	5.01	0.33	233.74	21.6	28.0	20.0	0.0
31/1/2009	18:15:00	5.194	0.444	233.27	22.4	1.0	31.0	0.0
31/1/2009	19:24:00	5.674	0.422	237.22	24.2	31.0	1.0	18.0
31/1/2009	19:25:00	6.05	0.426	236.21	25.6	38.0	1.0	17.0
31/1/2009	19:26:00	5.65	0.428	235.87	24.0	37.0	1.0	17.0
31/1/2009	19:27:00	5.632	0.428	236.1	23.8	38.0	2.0	17.0
31/1/2009	19:28:00	5.518	0.432	236.49	23.4	37.0	1.0	17.0
31/1/2009	19:29:00	5.372	0.438	236.75	22.6	38.0	1.0	17.0
31/1/2009	19:30:00	5.416	0.438	236.12	23.0	38.0	2.0	17.0
31/1/2009	19:31:00	5.414	0.418	235.88	23.0	38.0	1.0	17.0
31/1/2009	19:32:00	5.308	0.366	235.32	22.6	37.0	0.0	17.0
31/1/2009	19:33:00	5.304	0.304	236.25	22.4	38.0	0.0	18.0
31/1/2009	19:34:00	5.332	0.308	236.91	22.4	38.0	0.0	17.0
31/1/2009	19:35:00	5.368	0.31	237.63	22.6	38.0	0.0	17.0
31/1/2009	19:36:00	5.37	0.312	237.8	22.6	38.0	0.0	18.0
31/1/2009	19:37:00	5.36	0.308	237.38	22.6	38.0	0.0	17.0
31/1/2009	19:38:00	5.602	0.304	237.02	23.6	38.0	0.0	17.0
31/1/2009	19:39:00	5.546	0.41	238.0	23.4	39.0	0.0	17.0
31/1/2009	19:40:00	5.462	0.414	238.58	22.8	38.0	0.0	18.0
31/1/2009	19:41:00	5.45	0.412	238.24	22.8	39.0	0.0	17.0
31/1/2009	19:45:00	5.374	0.408	238.05	22.6	38.0	0.0	18.0
31/1/2009	19:46:00	5.334	0.404	236.83	22.6	38.0	0.0	17.0
31/1/2009	19:50:00	5.092	0.25	237.13	21.4	38.0	0.0	18.0
31/1/2009	19:51:00	5.09	0.252	237.52	21.4	38.0	0.0	17.0
31/1/2009	19:56:00	5.006	0.25	237.15	21.0	38.0	0.0	17.0
31/1/2009	19:57:00	5.026	0.17	239.02	21.0	39.0	0.0	18.0
31/1/2009	20:08:00	5.064	0.16	239.41	21.0	38.0	0.0	18.0
31/1/2009	20:09:00	5.252	0.16	239.9	21.8	39.0	0.0	18.0
31/1/2009	20:13:00	5.094	0.29	238.87	21.2	39.0	0.0	17.0
31/1/2009	20:14:00	5.106	0.292	239.08	21.4	38.0	0.0	18.0
31/1/2009	20:15:00	5.134	0.292	239.78	21.4	39.0	0.0	17.0
31/1/2009	20:16:00	5.142	0.294	240.02	21.4	39.0	0.0	18.0
31/1/2009	20:17:00	5.132	0.294	239.79	21.4	39.0	0.0	18.0
31/1/2009	20:18:00	5.076	0.294	239.73	21.2	39.0	0.0	17.0
31/1/2009	20:22:00	5.246	0.298	240.49	21.8	39.0	0.0	18.0
31/1/2009	20:37:00	5.208	0.412	239.96	21.6	40.0	0.0	18.0
31/1/2009	20:38:00	5.078	0.264	239.27	21.2	38.0	0.0	17.0
31/1/2009	20:39:00	5.022	0.178	239.23	21.0	38.0	0.0	18.0
31/1/2009	20:40:00	5.324	0.268	238.73	22.4	38.0	0.0	17.0
31/1/2009	20:41:00	5.034	0.156	239.04	21.0	38.0	0.0	18.0
31/1/2009	20:42:00	5.14	0.106	239.46	21.4	38.0	0.0	18.0
31/1/2009	21:32:00	5.062	0.156	236.33	21.4	36.0	0.0	17.0
31/1/2009	21:33:00	5.53	0.242	235.57	23.6	38.0	0.0	17.0
31/1/2009	21:34:00	5.188	0.186	236.1	22.0	38.0	0.0	18.0
31/1/2009	21:35:00	5.166	0.186	236.53	21.8	38.0	0.0	17.0
31/1/2009	21:36:00	5.506	0.19	237.42	23.2	38.0	0.0	17.0
31/1/2009	21:37:00	5.882	0.182	236.65	24.8	38.0	0.0	17.0
31/1/2009	21:38:00	5.718	0.18	235.97	24.2	37.0	0.0	17.0
31/1/2009	21:39:00	5.748	0.18	236.3	24.2	38.0	0.0	17.0
31/1/2009	21:40:00	5.736	0.182	236.22	24.2	38.0	0.0	18.0
31/1/2009	21:41:00	5.772	0.182	236.73	24.4	38.0	0.0	17.0
31/1/2009	21:45:00	5.734	0.182	236.94	24.2	37.0	0.0	17.0
31/1/2009	21:46:00	5.756	0.212	236.9	24.2	38.0	0.0	18.0
31/1/2009	21:47:00	5.794	0.308	236.17	24.4	38.0	0.0	17.0
31/1/2009	21:48:00	5.542	0.314	236.73	23.4	38.0	0.0	17.0
31/1/2009	21:53:00	5.63	0.438	238.15	23.8	35.0	1.0	17.0
31/1/2009	21:54:00	5.738	0.44	238.36	24.0	38.0	2.0	18.0
31/1/2009	22:19:00	5.364	0.152	239.63	22.4	39.0	0.0	17.0
31/1/2009	22:20:00	5.162	0.154	239.63	21.4	38.0	0.0	18.0
31/1/2009	22:21:00	5.194	0.158	240.31	21.6	40.0	0.0	18.0
31/1/2009	22:22:00	5.192	0.158	240.22	21.6	39.0	0.0	18.0
31/1/2009	22:23:00	5.192	0.156	240.19	21.6	39.0	0.0	17.0
31/1/2009	22:24:00	5.222	0.156	240.14	21.6	39.0	0.0	18.0
31/1/2009	22:25:00	5.174	0.156	239.79	21.6	39.0	0.0	18.0
31/1/2009	22:31:00	5.3	0.156	237.56	22.2	38.0	0.0	17.0
31/1/2009	22:37:00	5.434	0.29	238.33	22.8	38.0	0.0	18.0
31/1/2009	22:38:00	5.216	0.3	239.88	22.0	36.0	0.0	18.0
31/1/2009	22:43:00	5.474	0.294	239.08	22.8	38.0	0.0	18.0
31/1/2009	22:44:00	5.486	0.296	239.44	22.8	39.0	0.0	18.0
1/2/2009	00:02:00	5.848	0.106	237.41	24.6	0.0	0.0	18.0
1/2/2009	00:03:00	6.542	0.0	236.68	27.6	0.0	0.0	17.0
1/2/2009	00:04:00	5.646	0.0	238.38	24.4	0.0	0.0	17.0
1/2/2009	01:00:00	5.12	0.194	244.06	21.2	29.0	1.0	18.0
1/2/2009	01:01:00	5.714	0.236	242.62	23.6	39.0	1.0	18.0
1/2/2009	01:02:00	5.908	0.274	241.99	24.4	39.0	2.0	18.0
1/2/2009	01:03:00	5.654	0.272	241.91	23.4	39.0	1.0	18.0
1/2/2009	01:04:00	5.516	0.272	241.68	22.8	39.0	1.0	18.0
1/2/2009	01:05:00	5.45	0.27	241.34	22.6	38.0	1.0	18.0
1/2/2009	01:06:00	5.22	0.278	241.94	21.8	35.0	2.0	18.0
1/2/2009	01:07:00	5.428	0.276	242.47	22.4	39.0	1.0	18.0
1/2/2009	01:08:00	5.306	0.28	242.85	21.8	39.0	1.0	18.0
1/2/2009	01:09:00	5.442	0.41	242.64	22.4	39.0	1.0	18.0
1/2/2009	01:14:00	6.218	0.144	241.96	26.0	25.0	39.0	18.0
1/2/2009	01:15:00	6.56	0.154	241.59	27.0	39.0	38.0	18.0
1/2/2009	01:16:00	5.502	0.1	243.17	23.0	19.0	39.0	18.0
1/2/2009	01:19:00	6.014	0.058	240.81	25.2	26.0	38.0	18.0
1/2/2009	01:20:00	6.546	0.064	240.73	27.2	39.0	39.0	17.0
1/2/2009	01:21:00	6.54	0.06	240.03	27.2	38.0	38.0	18.0
2/2/2009	06:37:00	5.332	0.192	241.38	23.0	0.0	0.0	18.0
2/2/2009	06:38:00	6.266	0.192	239.81	26.2	0.0	0.0	18.0
2/2/2009	06:39:00	7.17	0.168	238.54	30.0	0.0	0.0	17.0
2/2/2009	06:40:00	7.164	0.168	238.81	30.0	0.0	0.0	18.0
2/2/2009	22:14:00	5.262	0.096	235.76	22.2	37.0	0.0	17.0
3/2/2009	06:37:00	6.102	0.0	241.1	25.4	0.0	0.0	18.0
3/2/2009	06:42:00	5.302	0.054	241.59	23.0	0.0	0.0	18.0
4/2/2009	06:43:00	6.562	0.0	240.44	27.4	0.0	0.0	17.0
4/2/2009	06:44:00	7.756	0.06	238.73	32.4	0.0	0.0	18.0
4/2/2009	06:45:00	7.918	0.06	238.63	33.2	0.0	0.0	17.0
4/2/2009	06:46:00	7.118	0.056	239.09	30.2	0.0	0.0	18.0
4/2/2009	07:54:00	5.722	0.0	239.64	24.6	0.0	0.0	18.0
4/2/2009	07:55:00	7.088	0.0	238.63	29.6	0.0	0.0	17.0
4/2/2009	07:56:00	6.896	0.0	238.43	29.0	0.0	0.0	18.0
4/2/2009	08:27:00	5.168	0.492	239.98	21.6	0.0	37.0	18.0
4/2/2009	08:32:00	6.186	0.32	238.11	26.0	0.0	74.0	17.0
4/2/2009	08:33:00	6.16	0.316	237.71	25.8	0.0	74.0	18.0
4/2/2009	08:34:00	6.148	0.312	237.45	25.8	0.0	73.0	17.0
4/2/2009	08:35:00	6.134	0.31	236.95	25.8	0.0	73.0	17.0
4/2/2009	08:36:00	6.11	0.3	236.26	25.8	0.0	73.0	17.0
4/2/2009	08:37:00	6.158	0.31	237.23	25.8	0.0	73.0	18.0
4/2/2009	08:38:00	6.194	0.312	238.14	26.0	0.0	74.0	17.0
4/2/2009	08:39:00	6.174	0.312	237.53	26.0	0.0	73.0	17.0
4/2/2009	08:40:00	6.376	0.306	237.76	26.8	0.0	74.0	18.0
4/2/2009	08:41:00	6.418	0.314	238.11	26.8	0.0	74.0	17.0
4/2/2009	08:42:00	6.36	0.312	238.35	26.6	0.0	73.0	17.0
4/2/2009	08:43:00	5.924	0.318	238.27	25.0	0.0	68.0	18.0
4/2/2009	14:37:00	6.644	0.218	246.14	27.0	40.0	38.0	19.0
4/2/2009	14:38:00	6.124	0.23	247.25	25.0	40.0	30.0	20.0
4/2/2009	14:39:00	6.474	0.262	246.06	26.2	40.0	38.0	19.0
4/2/2009	14:40:00	5.334	0.292	247.46	22.0	31.0	29.0	19.0
4/2/2009	14:44:00	6.478	0.29	246.7	26.2	40.0	39.0	19.0
4/2/2009	14:45:00	6.196	0.276	246.77	25.2	38.0	38.0	19.0
4/2/2009	14:49:00	6.368	0.162	246.54	25.8	40.0	39.0	19.0
4/2/2009	14:50:00	6.396	0.172	247.06	25.8	40.0	38.0	19.0
4/2/2009	14:51:00	6.384	0.162	246.69	25.8	41.0	38.0	18.0
4/2/2009	14:52:00	6.384	0.17	246.62	25.8	40.0	39.0	19.0
4/2/2009	14:53:00	6.358	0.162	246.38	25.8	39.0	38.0	19.0
4/2/2009	14:54:00	6.322	0.118	246.16	25.6	40.0	38.0	18.0
4/2/2009	14:55:00	5.706	0.0	246.54	23.2	40.0	30.0	19.0
5/2/2009	06:29:00	5.008	0.082	239.23	22.6	0.0	1.0	13.0
5/2/2009	06:30:00	6.066	0.086	237.9	25.6	0.0	1.0	18.0
5/2/2009	06:31:00	5.948	0.074	238.28	25.2	0.0	2.0	18.0
5/2/2009	13:40:00	5.03	0.332	240.95	21.2	39.0	0.0	18.0
5/2/2009	13:41:00	5.444	0.378	240.46	22.8	38.0	0.0	18.0
5/2/2009	13:42:00	6.058	0.304	239.46	25.6	38.0	0.0	17.0
6/2/2009	06:39:00	5.702	0.076	239.36	23.8	0.0	0.0	18.0
6/2/2009	06:40:00	5.124	0.066	239.47	21.4	0.0	0.0	17.0
7/2/2009	13:10:00	5.5	0.378	237.13	23.2	0.0	39.0	17.0
7/2/2009	13:11:00	5.666	0.45	236.91	24.0	0.0	39.0	17.0
7/2/2009	13:12:00	5.336	0.396	238.03	22.6	0.0	39.0	18.0
7/2/2009	13:59:00	6.13	0.068	236.81	25.8	1.0	73.0	18.0
7/2/2009	14:00:00	6.014	0.09	234.5	25.6	1.0	71.0	17.0
7/2/2009	14:01:00	6.112	0.0	234.67	26.0	1.0	71.0	16.0
7/2/2009	14:02:00	5.984	0.0	234.31	25.4	2.0	71.0	17.0
7/2/2009	14:03:00	6.096	0.0	234.0	26.0	1.0	72.0	17.0
7/2/2009	14:04:00	6.15	0.0	235.31	26.0	1.0	71.0	17.0
7/2/2009	14:05:00	6.13	0.0	234.69	26.0	1.0	72.0	17.0
7/2/2009	14:06:00	6.112	0.0	234.53	26.0	1.0	71.0	17.0
7/2/2009	14:07:00	6.054	0.0	234.4	25.8	2.0	71.0	17.0
7/2/2009	14:08:00	6.096	0.0	234.98	25.8	0.0	71.0	17.0
7/2/2009	14:09:00	5.514	0.0	236.01	23.6	1.0	63.0	17.0
7/2/2009	14:11:00	6.112	0.0	235.66	25.8	37.0	37.0	17.0
7/2/2009	14:12:00	6.312	0.0	235.34	26.8	37.0	39.0	17.0
7/2/2009	14:13:00	6.172	0.068	236.27	26.0	37.0	36.0	17.0
7/2/2009	14:14:00	6.174	0.0	236.79	26.0	37.0	36.0	18.0
7/2/2009	14:15:00	6.118	0.0	235.3	26.0	37.0	36.0	17.0
7/2/2009	14:16:00	6.066	0.086	235.51	25.6	37.0	36.0	17.0
7/2/2009	14:17:00	5.94	0.074	235.87	25.2	37.0	37.0	17.0
7/2/2009	14:18:00	6.008	0.062	236.33	25.4	37.0	36.0	17.0
7/2/2009	14:19:00	5.942	0.0	234.92	25.2	36.0	36.0	17.0
7/2/2009	14:20:00	5.914	0.052	234.48	25.2	37.0	36.0	17.0
7/2/2009	14:21:00	5.862	0.074	233.75	25.0	36.0	35.0	17.0
7/2/2009	14:52:00	5.25	0.0	240.38	22.2	1.0	12.0	18.0
7/2/2009	14:53:00	5.088	0.066	240.73	21.2	1.0	4.0	17.0
7/2/2009	14:54:00	5.094	0.236	241.05	21.2	1.0	5.0	18.0
7/2/2009	15:28:00	5.912	0.246	239.3	25.0	38.0	27.0	18.0
7/2/2009	15:29:00	6.368	0.246	238.52	26.6	37.0	36.0	17.0
7/2/2009	15:30:00	6.346	0.27	238.8	26.6	38.0	36.0	18.0
7/2/2009	15:31:00	6.314	0.274	238.43	26.4	38.0	36.0	17.0
7/2/2009	15:32:00	6.308	0.274	238.36	26.4	37.0	36.0	18.0
7/2/2009	15:33:00	6.336	0.28	239.1	26.4	38.0	36.0	17.0
7/2/2009	15:34:00	6.37	0.28	239.38	26.6	38.0	36.0	18.0
7/2/2009	15:35:00	6.328	0.284	239.25	26.4	38.0	36.0	17.0
7/2/2009	15:36:00	6.342	0.284	239.52	26.4	37.0	36.0	18.0
7/2/2009	15:37:00	5.318	0.31	241.61	22.2	39.0	20.0	18.0
7/2/2009	15:39:00	5.374	0.326	240.55	22.4	39.0	17.0	18.0
7/2/2009	15:40:00	6.442	0.304	239.17	26.8	37.0	36.0	17.0
7/2/2009	15:41:00	6.332	0.27	238.75	26.4	37.0	36.0	18.0
7/2/2009	15:42:00	5.098	0.162	239.85	21.6	20.0	37.0	17.0
7/2/2009	15:57:00	5.804	0.27	238.47	24.2	0.0	36.0	18.0
7/2/2009	15:58:00	5.796	0.258	238.54	24.2	0.0	36.0	17.0
7/2/2009	15:59:00	5.642	0.264	238.06	23.6	0.0	36.0	18.0
7/2/2009	16:37:00	5.106	0.4	241.0	21.2	38.0	0.0	18.0
7/2/2009	16:38:00	6.026	0.38	240.24	25.0	39.0	0.0	17.0
7/2/2009	16:39:00	6.036	0.386	240.11	25.0	38.0	1.0	18.0
7/2/2009	20:09:00	5.258	0.134	238.05	22.0	39.0	0.0	17.0
7/2/2009	20:10:00	5.228	0.136	238.45	21.8	38.0	0.0	18.0
7/2/2009	20:11:00	5.29	0.132	237.2	22.2	38.0	0.0	17.0
7/2/2009	20:12:00	5.31	0.116	236.91	22.4	38.0	0.0	17.0
7/2/2009	20:13:00	5.016	0.0	237.45	21.0	38.0	0.0	18.0
7/2/2009	20:14:00	5.02	0.0	237.46	21.0	39.0	0.0	17.0
7/2/2009	20:15:00	5.098	0.132	237.74	21.4	38.0	0.0	17.0
7/2/2009	20:16:00	5.204	0.236	238.95	21.8	38.0	0.0	18.0
7/2/2009	20:17:00	5.132	0.226	238.6	21.4	39.0	0.0	17.0
7/2/2009	20:18:00	5.126	0.216	238.0	21.4	38.0	0.0	18.0
7/2/2009	20:19:00	5.1	0.208	237.42	21.4	38.0	0.0	17.0
7/2/2009	20:20:00	5.082	0.206	237.57	21.4	39.0	0.0	17.0
7/2/2009	20:21:00	5.024	0.196	235.65	21.2	37.0	0.0	17.0
7/2/2009	20:22:00	5.02	0.194	235.58	21.2	38.0	0.0	17.0
7/2/2009	20:23:00	5.024	0.19	235.72	21.2	37.0	0.0	17.0
7/2/2009	20:24:00	5.03	0.19	236.36	21.2	38.0	0.0	18.0
7/2/2009	20:25:00	5.082	0.19	237.17	21.4	38.0	0.0	17.0
7/2/2009	20:29:00	5.074	0.184	237.1	21.4	38.0	0.0	18.0
7/2/2009	20:30:00	5.104	0.186	237.95	21.4	38.0	0.0	17.0
7/2/2009	20:31:00	5.128	0.186	238.63	21.4	39.0	0.0	17.0
7/2/2009	20:32:00	5.112	0.184	238.27	21.4	38.0	0.0	18.0
7/2/2009	20:40:00	5.222	0.26	239.18	21.8	39.0	0.0	17.0
7/2/2009	20:41:00	5.288	0.318	239.67	22.0	39.0	0.0	18.0
7/2/2009	20:42:00	5.298	0.32	240.23	22.0	39.0	0.0	18.0
7/2/2009	20:43:00	5.316	0.322	240.75	22.0	39.0	0.0	17.0
7/2/2009	20:44:00	5.352	0.326	241.55	22.2	39.0	0.0	18.0
7/2/2009	20:45:00	5.342	0.326	241.32	22.0	40.0	0.0	18.0
7/2/2009	20:46:00	5.314	0.322	240.71	22.0	39.0	0.0	18.0
7/2/2009	20:47:00	5.152	0.312	238.53	21.6	38.0	0.0	17.0
7/2/2009	20:51:00	5.34	0.42	239.86	22.2	39.0	0.0	17.0
7/2/2009	20:52:00	5.374	0.424	240.35	22.4	39.0	0.0	18.0
7/2/2009	20:57:00	5.392	0.428	241.16	22.4	39.0	0.0	18.0
7/2/2009	20:58:00	5.3	0.416	239.16	22.2	39.0	0.0	17.0
7/2/2009	21:02:00	5.002	0.278	237.43	21.2	35.0	0.0	18.0
7/2/2009	21:03:00	5.122	0.276	237.14	21.6	38.0	0.0	17.0
7/2/2009	21:04:00	5.082	0.192	237.17	21.4	38.0	0.0	17.0
7/2/2009	22:57:00	5.874	0.05	240.48	24.4	0.0	0.0	18.0
7/2/2009	22:58:00	5.492	0.062	241.02	22.8	0.0	0.0	18.0
7/2/2009	22:59:00	6.108	0.0	240.74	25.4	0.0	0.0	18.0
8/2/2009	01:12:00	5.52	0.2	242.59	22.6	39.0	2.0	18.0
8/2/2009	01:13:00	5.236	0.212	242.4	21.6	39.0	1.0	18.0
8/2/2009	01:14:00	5.232	0.13	243.08	21.4	39.0	1.0	18.0
8/2/2009	01:15:00	5.088	0.102	240.68	21.0	39.0	2.0	18.0
8/2/2009	01:17:00	5.076	0.102	240.54	21.0	39.0	2.0	18.0
8/2/2009	01:18:00	5.192	0.102	241.17	21.4	38.0	1.0	17.0
8/2/2009	01:26:00	5.212	0.104	240.36	21.6	39.0	1.0	17.0
8/2/2009	01:30:00	5.38	0.102	241.02	22.2	37.0	1.0	17.0
8/2/2009	01:31:00	5.362	0.102	240.51	22.2	38.0	2.0	18.0
8/2/2009	01:32:00	5.366	0.1	240.38	22.2	38.0	1.0	18.0
8/2/2009	01:33:00	5.356	0.1	240.33	22.2	38.0	1.0	18.0
8/2/2009	01:34:00	5.36	0.102	240.64	22.2	38.0	1.0	17.0
8/2/2009	01:35:00	5.406	0.1	241.19	22.4	39.0	0.0	18.0
8/2/2009	13:26:00	5.302	0.452	241.59	22.0	40.0	0.0	18.0
8/2/2009	18:59:00	5.296	0.208	234.39	22.6	37.0	0.0	17.0
8/2/2009	20:23:00	5.162	0.286	236.44	21.8	36.0	1.0	17.0
8/2/2009	20:24:00	5.144	0.286	236.51	21.8	37.0	2.0	17.0
8/2/2009	20:25:00	5.552	0.31	236.86	23.4	38.0	1.0	17.0
8/2/2009	20:26:00	5.988	0.312	236.72	25.2	37.0	1.0	17.0
8/2/2009	20:27:00	5.968	0.31	236.39	25.2	37.0	2.0	18.0
8/2/2009	20:28:00	5.94	0.304	236.15	25.2	37.0	1.0	17.0
8/2/2009	20:29:00	5.926	0.304	236.37	25.0	37.0	2.0	17.0
8/2/2009	20:30:00	6.14	0.294	235.23	26.0	37.0	1.0	17.0
8/2/2009	20:31:00	6.114	0.292	234.72	26.0	37.0	1.0	17.0
8/2/2009	20:32:00	6.212	0.19	235.67	26.2	36.0	2.0	17.0
8/2/2009	20:33:00	6.266	0.176	236.61	26.4	37.0	1.0	17.0
8/2/2009	20:34:00	5.256	0.184	237.28	22.6	22.0	1.0	17.0
9/2/2009	06:40:00	6.098	0.11	242.32	25.2	0.0	0.0	15.0
9/2/2009	06:41:00	5.644	0.096	241.45	23.4	0.0	0.0	18.0
9/2/2009	06:42:00	5.68	0.152	240.88	23.6	0.0	0.0	18.0
11/2/2009	00:16:00	5.252	0.0	240.29	21.8	0.0	0.0	18.0
11/2/2009	06:43:00	5.26	0.0	238.42	22.0	0.0	0.0	18.0
11/2/2009	06:44:00	6.1	0.064	236.96	25.8	0.0	1.0	17.0
11/2/2009	06:45:00	7.414	0.054	235.27	31.6	0.0	1.0	17.0
11/2/2009	11:58:00	6.264	0.274	234.66	26.6	0.0	72.0	17.0
11/2/2009	11:59:00	6.296	0.29	235.4	26.8	0.0	73.0	17.0
11/2/2009	12:00:00	6.282	0.274	235.36	26.6	0.0	72.0	17.0
11/2/2009	12:01:00	6.294	0.298	235.03	26.8	0.0	72.0	17.0
11/2/2009	12:02:00	6.348	0.372	235.34	27.0	0.0	72.0	17.0
11/2/2009	12:03:00	6.36	0.382	235.33	27.0	0.0	73.0	17.0
11/2/2009	12:04:00	7.438	0.568	234.23	32.0	0.0	71.0	17.0
11/2/2009	12:05:00	7.496	0.54	233.78	32.2	0.0	72.0	16.0
11/2/2009	12:06:00	6.344	0.366	235.01	27.0	0.0	72.0	17.0
11/2/2009	12:07:00	6.334	0.374	234.75	27.0	0.0	72.0	17.0
11/2/2009	12:08:00	6.33	0.364	234.85	27.0	0.0	72.0	17.0
11/2/2009	12:09:00	6.376	0.382	235.81	27.0	0.0	73.0	17.0
11/2/2009	12:10:00	6.338	0.366	235.17	27.0	0.0	72.0	17.0
11/2/2009	12:11:00	6.38	0.378	235.92	27.0	0.0	73.0	17.0
11/2/2009	12:12:00	6.334	0.366	235.1	27.0	0.0	72.0	17.0
11/2/2009	13:27:00	5.336	0.28	237.78	22.8	0.0	61.0	17.0
11/2/2009	13:28:00	5.966	0.274	237.06	25.2	0.0	73.0	17.0
11/2/2009	13:29:00	6.016	0.29	238.14	25.2	0.0	74.0	18.0
11/2/2009	13:30:00	6.024	0.284	238.45	25.2	0.0	74.0	17.0
11/2/2009	13:31:00	6.01	0.288	238.14	25.2	0.0	74.0	18.0
11/2/2009	13:32:00	6.016	0.278	237.86	25.2	0.0	74.0	17.0
11/2/2009	13:33:00	6.044	0.34	237.0	25.4	0.0	73.0	17.0
11/2/2009	13:34:00	6.062	0.374	237.35	25.4	0.0	74.0	17.0
11/2/2009	13:35:00	6.018	0.37	236.36	25.4	0.0	73.0	18.0
11/2/2009	13:36:00	6.038	0.372	236.88	25.4	0.0	74.0	17.0
11/2/2009	13:37:00	6.04	0.376	236.91	25.4	0.0	73.0	17.0
11/2/2009	13:38:00	6.018	0.364	236.69	25.4	0.0	73.0	17.0
11/2/2009	13:39:00	5.89	0.234	235.08	25.0	0.0	73.0	17.0
11/2/2009	13:40:00	5.72	0.24	235.88	24.4	0.0	71.0	17.0
11/2/2009	18:02:00	6.412	0.388	237.78	27.0	38.0	36.0	0.0
11/2/2009	18:03:00	5.87	0.394	237.67	25.0	39.0	27.0	0.0
11/2/2009	18:04:00	6.366	0.376	237.25	26.8	38.0	35.0	0.0
11/2/2009	18:05:00	5.988	0.392	238.11	25.4	38.0	31.0	0.0
11/2/2009	18:06:00	6.3	0.374	237.83	26.6	38.0	33.0	0.0
11/2/2009	18:07:00	6.378	0.386	237.32	26.8	39.0	35.0	0.0
11/2/2009	18:08:00	6.426	0.36	236.99	27.0	38.0	36.0	0.0
11/2/2009	18:09:00	6.658	0.392	236.52	28.2	38.0	36.0	0.0
11/2/2009	18:10:00	6.574	0.364	235.3	27.8	37.0	35.0	0.0
11/2/2009	18:11:00	6.622	0.386	236.05	28.0	38.0	35.0	0.0
11/2/2009	18:14:00	5.494	0.246	236.46	23.6	19.0	35.0	0.0
11/2/2009	18:15:00	6.356	0.244	236.03	26.8	37.0	35.0	0.0
11/2/2009	18:16:00	6.196	0.222	235.79	26.2	38.0	35.0	0.0
11/2/2009	18:17:00	6.55	0.27	234.6	27.8	37.0	35.0	0.0
11/2/2009	18:18:00	5.396	0.268	234.7	23.4	19.0	35.0	0.0
11/2/2009	18:21:00	6.598	0.278	234.91	28.0	35.0	35.0	0.0
11/2/2009	18:22:00	6.722	0.252	233.86	28.6	37.0	34.0	0.0
11/2/2009	18:23:00	6.822	0.266	233.22	29.2	37.0	35.0	0.0
11/2/2009	18:24:00	6.702	0.25	233.32	29.0	18.0	35.0	16.0
11/2/2009	18:25:00	5.752	0.276	234.0	24.6	1.0	34.0	17.0
11/2/2009	18:26:00	5.744	0.258	234.21	24.4	1.0	35.0	18.0
11/2/2009	18:27:00	7.736	0.258	232.45	33.2	34.0	35.0	16.0
11/2/2009	18:28:00	7.852	0.296	232.69	33.6	37.0	34.0	17.0
11/2/2009	18:29:00	5.994	0.31	235.81	26.0	10.0	32.0	17.0
11/2/2009	18:31:00	5.57	0.316	236.31	23.6	1.0	36.0	17.0
11/2/2009	18:32:00	5.568	0.314	236.29	23.6	0.0	35.0	17.0
11/2/2009	18:33:00	5.618	0.336	237.27	23.6	0.0	36.0	17.0
11/2/2009	18:35:00	5.058	0.338	237.18	21.4	0.0	26.0	17.0
11/2/2009	18:36:00	5.704	0.314	236.91	24.0	1.0	35.0	17.0
11/2/2009	18:37:00	6.012	0.322	235.77	25.4	0.0	35.0	17.0
11/2/2009	18:40:00	5.336	0.266	238.0	22.4	1.0	35.0	17.0
11/2/2009	18:41:00	5.326	0.268	237.75	22.4	0.0	36.0	18.0
11/2/2009	19:00:00	5.048	0.584	235.86	21.6	0.0	32.0	17.0
11/2/2009	19:14:00	5.322	0.6	236.49	22.6	0.0	34.0	17.0
11/2/2009	20:16:00	5.032	0.234	233.65	21.8	0.0	34.0	0.0
11/2/2009	20:20:00	6.082	0.118	232.97	26.0	36.0	35.0	0.0
11/2/2009	20:21:00	6.086	0.128	233.09	26.0	37.0	34.0	0.0
11/2/2009	20:22:00	6.116	0.124	233.77	26.0	36.0	35.0	0.0
11/2/2009	20:23:00	6.088	0.126	233.41	26.0	37.0	34.0	0.0
11/2/2009	20:24:00	6.108	0.122	233.87	26.0	36.0	35.0	0.0
11/2/2009	20:25:00	6.08	0.124	233.32	26.0	36.0	34.0	0.0
11/2/2009	20:26:00	6.08	0.122	233.39	26.0	37.0	35.0	0.0
11/2/2009	20:27:00	6.112	0.126	234.11	26.0	36.0	34.0	0.0
11/2/2009	20:28:00	5.892	0.0	232.9	25.2	36.0	35.0	0.0
11/2/2009	20:29:00	5.82	0.0	232.51	25.0	36.0	34.0	0.0
11/2/2009	20:34:00	5.188	0.0	232.01	22.4	36.0	27.0	0.0
11/2/2009	20:39:00	5.332	0.0	234.94	22.8	36.0	29.0	0.0
11/2/2009	20:40:00	5.658	0.0	234.82	24.0	37.0	35.0	0.0
11/2/2009	20:41:00	5.574	0.0	234.4	23.8	37.0	34.0	0.0
11/2/2009	20:43:00	5.898	0.096	234.28	25.2	37.0	33.0	0.0
11/2/2009	20:44:00	5.964	0.096	233.36	25.4	36.0	34.0	0.0
11/2/2009	20:45:00	5.564	0.096	234.07	23.8	36.0	29.0	0.0
11/2/2009	20:48:00	5.662	0.232	235.79	24.2	0.0	24.0	0.0
11/2/2009	20:49:00	6.52	0.232	234.45	28.0	0.0	24.0	0.0
11/2/2009	20:50:00	5.272	0.262	235.92	23.0	1.0	36.0	0.0
11/2/2009	21:05:00	5.122	0.186	237.27	21.6	0.0	25.0	18.0
11/2/2009	21:07:00	5.004	0.214	235.84	21.4	0.0	28.0	18.0
11/2/2009	21:11:00	5.956	0.228	234.25	25.4	2.0	36.0	17.0
11/2/2009	21:13:00	5.142	0.246	236.82	21.8	1.0	28.0	17.0
11/2/2009	21:17:00	5.058	0.246	238.06	21.4	1.0	31.0	17.0
12/2/2009	06:38:00	5.844	0.11	242.77	24.2	0.0	0.0	19.0
12/2/2009	06:39:00	5.682	0.0	242.85	23.4	0.0	0.0	18.0
12/2/2009	07:36:00	5.558	0.178	238.38	23.4	0.0	0.0	18.0
12/2/2009	07:37:00	5.07	0.268	238.36	21.2	0.0	1.0	17.0
12/2/2009	20:13:00	5.6	0.14	237.68	23.6	37.0	0.0	17.0
12/2/2009	20:22:00	5.146	0.0	237.57	21.6	37.0	0.0	18.0
12/2/2009	20:23:00	5.008	0.0	238.56	21.0	38.0	0.0	17.0
13/2/2009	19:05:00	5.144	0.082	236.1	21.8	0.0	0.0	0.0
13/2/2009	19:07:00	5.406	0.23	235.86	23.2	0.0	0.0	1.0
13/2/2009	19:13:00	5.376	0.0	234.69	22.8	0.0	0.0	17.0
13/2/2009	19:14:00	5.39	0.0	235.18	22.8	0.0	0.0	17.0
14/2/2009	06:52:00	5.01	0.058	240.09	20.8	0.0	0.0	0.0
14/2/2009	11:23:00	5.9	0.0	237.06	24.8	75.0	0.0	17.0
14/2/2009	11:24:00	5.82	0.0	236.28	24.6	75.0	0.0	17.0
14/2/2009	11:32:00	5.088	0.122	235.25	22.0	60.0	0.0	17.0
14/2/2009	11:33:00	6.042	0.29	234.0	25.8	73.0	0.0	17.0
14/2/2009	11:34:00	5.146	0.384	234.9	22.2	58.0	0.0	17.0
14/2/2009	11:37:00	5.48	0.526	236.57	23.6	61.0	2.0	17.0
14/2/2009	11:38:00	6.134	0.504	234.62	26.2	73.0	1.0	17.0
14/2/2009	11:39:00	6.286	0.498	234.31	26.8	74.0	1.0	17.0
14/2/2009	11:40:00	6.286	0.498	234.59	26.8	73.0	2.0	17.0
14/2/2009	11:41:00	6.18	0.496	234.67	26.4	73.0	1.0	17.0
14/2/2009	11:42:00	6.144	0.498	235.04	26.2	74.0	1.0	17.0
14/2/2009	20:09:00	5.082	0.262	238.16	21.2	39.0	0.0	18.0
14/2/2009	20:10:00	5.032	0.2	236.94	21.2	38.0	0.0	17.0
14/2/2009	20:12:00	5.28	0.184	235.56	22.4	38.0	0.0	17.0
14/2/2009	20:13:00	5.304	0.154	235.37	22.4	37.0	0.0	17.0
14/2/2009	20:14:00	5.002	0.092	236.4	21.0	38.0	0.0	17.0
20/2/2009	17:56:00	6.288	0.19	236.59	26.6	75.0	1.0	0.0
20/2/2009	17:57:00	6.302	0.196	237.28	26.6	75.0	2.0	0.0
20/2/2009	17:58:00	5.28	0.21	238.8	22.6	60.0	1.0	0.0
20/2/2009	18:14:00	6.322	0.06	233.89	27.0	73.0	0.0	0.0
20/2/2009	18:15:00	6.264	0.0	233.46	26.8	72.0	0.0	0.0
20/2/2009	18:16:00	5.934	0.052	233.76	25.6	70.0	0.0	0.0
22/2/2009	16:39:00	5.132	0.446	238.26	21.6	38.0	8.0	17.0
22/2/2009	16:40:00	5.214	0.436	238.38	21.8	39.0	8.0	18.0
22/2/2009	16:41:00	5.164	0.432	238.52	21.6	38.0	6.0	17.0
22/2/2009	16:42:00	5.15	0.376	238.31	21.6	39.0	7.0	17.0
22/2/2009	16:51:00	5.254	0.408	239.08	22.4	17.0	34.0	18.0
22/2/2009	16:54:00	5.922	0.366	239.17	25.2	2.0	60.0	18.0
22/2/2009	16:55:00	7.854	0.294	235.53	33.6	38.0	59.0	17.0
22/2/2009	16:56:00	8.318	0.202	233.26	35.6	36.0	71.0	16.0
22/2/2009	16:57:00	7.334	0.186	233.01	31.8	23.0	70.0	17.0
22/2/2009	16:58:00	6.206	0.212	234.18	26.4	1.0	72.0	17.0
22/2/2009	16:59:00	6.192	0.194	234.16	26.4	1.0	71.0	17.0
22/2/2009	17:00:00	6.242	0.208	234.63	26.6	1.0	72.0	16.0
22/2/2009	17:01:00	7.61	0.174	232.08	33.0	24.0	70.0	17.0
22/2/2009	17:02:00	8.436	0.214	231.55	36.4	37.0	70.0	16.0
22/2/2009	17:03:00	8.598	0.212	231.23	37.2	36.0	70.0	17.0
22/2/2009	17:04:00	8.622	0.202	230.83	37.2	36.0	70.0	16.0
22/2/2009	17:05:00	7.316	0.192	231.3	31.8	16.0	70.0	17.0
22/2/2009	17:06:00	6.638	0.216	233.16	28.4	1.0	71.0	16.0
22/2/2009	17:07:00	7.358	0.194	232.29	32.0	1.0	70.0	17.0
22/2/2009	17:08:00	10.536	0.192	230.24	45.8	23.0	69.0	16.0
22/2/2009	17:09:00	11.122	0.174	229.78	48.4	35.0	69.0	16.0
22/2/2009	17:10:00	9.694	0.198	231.01	43.0	26.0	70.0	17.0
22/2/2009	17:11:00	6.668	0.198	234.13	28.4	1.0	71.0	17.0
22/2/2009	17:12:00	6.628	0.216	234.41	28.2	1.0	71.0	16.0
22/2/2009	17:14:00	5.622	0.228	234.97	24.2	1.0	52.0	17.0
22/2/2009	17:15:00	5.504	0.234	234.81	23.8	2.0	54.0	16.0
22/2/2009	17:18:00	6.238	0.228	234.43	26.8	27.0	37.0	17.0
22/2/2009	17:19:00	6.616	0.204	232.61	28.4	36.0	35.0	16.0
22/2/2009	17:20:00	5.728	0.232	234.66	24.8	23.0	37.0	17.0
22/2/2009	17:26:00	6.784	0.436	232.28	29.2	37.0	35.0	17.0
22/2/2009	17:27:00	6.816	0.414	233.12	29.2	37.0	36.0	17.0
22/2/2009	18:20:00	5.464	0.264	236.95	23.2	0.0	34.0	18.0
22/2/2009	18:21:00	5.618	0.274	235.85	23.8	0.0	38.0	17.0
22/2/2009	18:22:00	5.596	0.268	234.64	23.8	0.0	38.0	17.0
22/2/2009	18:23:00	5.818	0.264	234.22	24.8	0.0	38.0	16.0
22/2/2009	18:24:00	5.866	0.27	235.44	24.8	0.0	39.0	17.0
22/2/2009	18:25:00	5.774	0.268	235.15	24.4	0.0	38.0	17.0
22/2/2009	18:26:00	5.686	0.266	235.93	24.0	0.0	38.0	17.0
22/2/2009	18:27:00	5.626	0.264	235.6	23.8	0.0	39.0	17.0
22/2/2009	18:28:00	5.712	0.152	235.01	24.2	0.0	37.0	17.0
22/2/2009	18:29:00	5.774	0.15	234.8	24.6	0.0	37.0	17.0
22/2/2009	18:30:00	5.638	0.154	235.41	23.8	0.0	38.0	17.0
22/2/2009	18:31:00	5.424	0.076	235.43	23.0	0.0	37.0	17.0
22/2/2009	18:32:00	5.386	0.064	235.36	22.8	0.0	37.0	17.0
22/2/2009	18:46:00	5.386	0.198	234.83	22.8	37.0	1.0	17.0
22/2/2009	18:47:00	5.328	0.19	233.79	22.8	37.0	1.0	17.0
22/2/2009	18:48:00	5.384	0.186	234.23	23.0	37.0	1.0	17.0
22/2/2009	18:49:00	5.42	0.19	235.18	23.0	37.0	2.0	17.0
22/2/2009	18:50:00	5.472	0.24	235.29	23.2	38.0	1.0	17.0
22/2/2009	18:51:00	5.876	0.344	233.4	25.2	37.0	11.0	17.0
22/2/2009	18:52:00	5.606	0.27	233.06	24.0	36.0	6.0	16.0
22/2/2009	18:53:00	5.572	0.262	233.04	23.8	37.0	6.0	17.0
22/2/2009	18:57:00	5.26	0.186	233.76	22.4	37.0	0.0	17.0
22/2/2009	18:58:00	5.304	0.252	233.21	22.6	36.0	0.0	16.0
22/2/2009	19:03:00	5.218	0.272	230.85	22.6	36.0	0.0	16.0
22/2/2009	19:04:00	5.268	0.276	232.16	22.6	36.0	0.0	17.0
22/2/2009	19:05:00	5.308	0.282	232.55	22.8	36.0	0.0	17.0
22/2/2009	19:06:00	5.346	0.284	233.68	22.8	37.0	0.0	16.0
22/2/2009	19:11:00	5.27	0.276	232.22	22.6	36.0	0.0	16.0
22/2/2009	19:12:00	5.182	0.272	232.49	22.2	37.0	0.0	17.0
22/2/2009	19:17:00	5.308	0.422	233.95	22.6	37.0	0.0	17.0
22/2/2009	19:18:00	5.136	0.404	234.96	21.8	37.0	0.0	17.0
22/2/2009	20:04:00	6.052	0.104	236.02	25.8	0.0	61.0	17.0
22/2/2009	20:05:00	6.82	0.096	235.87	28.8	0.0	72.0	17.0
22/2/2009	20:06:00	6.868	0.108	236.4	29.0	0.0	73.0	17.0
22/2/2009	20:07:00	6.916	0.098	236.78	29.2	0.0	73.0	17.0
22/2/2009	20:08:00	6.878	0.108	236.97	29.0	0.0	73.0	18.0
22/2/2009	20:09:00	6.634	0.072	237.79	27.8	0.0	73.0	17.0
22/2/2009	20:10:00	6.6	0.09	238.04	27.6	0.0	74.0	17.0
22/2/2009	20:11:00	6.694	0.078	237.79	28.0	0.0	73.0	18.0
22/2/2009	20:12:00	6.766	0.082	237.02	28.4	0.0	74.0	17.0
22/2/2009	20:13:00	6.706	0.15	235.93	28.4	0.0	72.0	17.0
22/2/2009	20:14:00	6.524	0.182	236.37	27.6	0.0	73.0	17.0
22/2/2009	20:15:00	6.738	0.29	237.59	28.4	0.0	75.0	17.0
22/2/2009	20:16:00	6.68	0.306	238.11	28.0	0.0	75.0	18.0
22/2/2009	20:17:00	6.642	0.296	237.56	27.8	0.0	74.0	17.0
22/2/2009	20:18:00	5.578	0.312	238.42	23.8	0.0	59.0	18.0
22/2/2009	20:28:00	5.662	0.366	238.05	24.0	0.0	38.0	17.0
22/2/2009	21:00:00	5.7	0.31	238.84	24.2	2.0	57.0	0.0
22/2/2009	21:01:00	6.744	0.392	237.39	28.4	1.0	73.0	0.0
22/2/2009	21:02:00	6.698	0.406	236.93	28.2	1.0	73.0	0.0
22/2/2009	21:03:00	6.74	0.406	237.9	28.4	1.0	73.0	0.0
22/2/2009	21:04:00	6.804	0.508	238.54	28.6	2.0	74.0	0.0
22/2/2009	21:05:00	7.01	0.542	239.38	29.2	1.0	74.0	0.0
22/2/2009	21:06:00	6.914	0.528	239.2	29.0	1.0	74.0	0.0
22/2/2009	21:07:00	6.306	0.366	239.99	26.4	1.0	67.0	0.0
22/2/2009	21:08:00	5.78	0.368	237.27	24.4	1.0	59.0	0.0
22/2/2009	21:09:00	6.494	0.418	235.89	27.6	2.0	72.0	0.0
22/2/2009	21:10:00	6.484	0.378	235.73	27.4	0.0	72.0	0.0
22/2/2009	21:11:00	6.12	0.314	235.58	26.0	1.0	66.0	0.0
22/2/2009	21:12:00	6.7	0.302	235.31	29.2	14.0	57.0	0.0
22/2/2009	21:13:00	8.592	0.256	231.98	37.0	36.0	70.0	0.0
22/2/2009	21:14:00	7.246	0.286	233.3	31.4	37.0	49.0	0.0
22/2/2009	21:15:00	6.364	0.282	234.56	27.4	36.0	31.0	0.0
22/2/2009	21:16:00	7.306	0.294	233.69	31.4	37.0	49.0	0.0
22/2/2009	21:17:00	6.668	0.336	234.48	28.4	36.0	35.0	0.0
22/2/2009	21:18:00	5.686	0.238	235.64	24.2	37.0	27.0	0.0
22/2/2009	21:19:00	5.426	0.18	235.73	23.0	37.0	23.0	0.0
22/2/2009	21:20:00	6.092	0.182	233.74	26.0	37.0	36.0	0.0
22/2/2009	21:21:00	5.662	0.172	234.86	24.2	36.0	29.0	0.0
22/2/2009	21:22:00	5.336	0.186	234.34	22.8	37.0	22.0	0.0
22/2/2009	21:23:00	6.186	0.194	234.1	26.4	36.0	36.0	0.0
22/2/2009	21:24:00	5.646	0.238	236.63	24.0	37.0	28.0	0.0
23/2/2009	06:50:00	5.202	0.0	240.99	21.4	0.0	0.0	0.0
23/2/2009	06:51:00	6.52	0.048	239.4	27.4	0.0	0.0	0.0
23/2/2009	06:52:00	5.752	0.0	240.12	24.8	0.0	0.0	0.0
23/2/2009	20:51:00	5.054	0.16	235.49	21.8	0.0	22.0	17.0
23/2/2009	20:52:00	5.63	0.0	236.05	23.8	0.0	36.0	17.0
23/2/2009	20:53:00	5.598	0.0	235.77	23.6	0.0	37.0	17.0
23/2/2009	22:02:00	7.694	0.116	232.67	33.2	1.0	64.0	18.0
23/2/2009	22:03:00	7.642	0.15	232.69	33.0	1.0	69.0	17.0
23/2/2009	22:04:00	7.164	0.172	232.93	31.0	1.0	62.0	17.0
23/2/2009	22:05:00	7.006	0.266	232.89	30.0	1.0	70.0	16.0
23/2/2009	22:06:00	7.12	0.214	233.28	30.4	2.0	70.0	17.0
23/2/2009	22:07:00	7.16	0.234	234.01	30.6	1.0	70.0	17.0
23/2/2009	22:08:00	6.848	0.218	234.64	29.4	1.0	67.0	17.0
23/2/2009	22:09:00	5.556	0.246	236.22	23.6	1.0	39.0	17.0
23/2/2009	22:10:00	7.178	0.218	235.12	30.4	1.0	71.0	17.0
23/2/2009	22:11:00	5.686	0.28	236.2	24.4	1.0	49.0	17.0
23/2/2009	22:12:00	5.014	0.29	236.59	21.2	1.0	36.0	18.0
23/2/2009	22:13:00	5.032	0.308	237.32	21.2	1.0	36.0	17.0
23/2/2009	22:14:00	5.058	0.262	238.13	21.2	2.0	36.0	17.0
23/2/2009	22:15:00	5.038	0.268	237.16	21.2	1.0	37.0	18.0
23/2/2009	22:16:00	5.028	0.25	237.2	21.2	1.0	36.0	17.0
23/2/2009	22:17:00	5.06	0.29	237.77	21.2	1.0	36.0	17.0
23/2/2009	22:22:00	5.858	0.0	237.3	24.6	38.0	17.0	17.0
23/2/2009	22:23:00	6.906	0.0	235.7	29.2	37.0	36.0	17.0
23/2/2009	22:24:00	6.854	0.09	235.59	29.0	37.0	35.0	17.0
23/2/2009	22:25:00	5.85	0.0	236.89	24.6	38.0	20.0	17.0
23/2/2009	22:26:00	6.61	0.052	236.06	28.0	37.0	30.0	18.0
23/2/2009	22:27:00	6.898	0.0	235.82	29.2	37.0	38.0	17.0
23/2/2009	22:28:00	6.29	0.0	237.07	26.6	37.0	25.0	17.0
23/2/2009	22:29:00	7.226	0.0	235.54	30.6	37.0	42.0	17.0
23/2/2009	22:30:00	6.356	0.0	236.55	26.8	37.0	28.0	17.0
23/2/2009	22:31:00	6.54	0.0	236.35	27.6	37.0	31.0	17.0
23/2/2009	22:32:00	6.15	0.086	235.64	26.2	37.0	27.0	17.0
23/2/2009	22:33:00	6.014	0.06	235.44	25.6	37.0	21.0	17.0
23/2/2009	22:34:00	6.224	0.082	234.8	26.6	36.0	28.0	17.0
23/2/2009	22:35:00	5.928	0.054	235.84	25.2	37.0	20.0	17.0
25/2/2009	06:48:00	5.238	0.0	237.93	22.0	0.0	0.0	18.0
25/2/2009	06:49:00	5.2	0.0	237.63	21.8	0.0	0.0	18.0
25/2/2009	06:50:00	6.29	0.0	239.08	26.4	0.0	0.0	18.0
25/2/2009	06:55:00	5.086	0.0	241.54	21.0	0.0	0.0	18.0
25/2/2009	06:56:00	5.646	0.056	239.79	23.6	0.0	0.0	18.0
25/2/2009	06:57:00	5.272	0.052	238.66	22.2	0.0	0.0	17.0
27/2/2009	06:58:00	5.106	0.0	231.18	22.2	0.0	0.0	0.0
27/2/2009	12:44:00	5.02	0.212	237.75	21.4	0.0	0.0	17.0
28/2/2009	16:53:00	5.056	0.408	239.8	21.0	0.0	75.0	0.0
28/2/2009	16:54:00	5.206	0.408	239.42	21.8	0.0	76.0	0.0
28/2/2009	16:55:00	5.092	0.402	239.11	21.2	0.0	75.0	0.0
28/2/2009	16:56:00	5.086	0.4	238.31	21.4	0.0	75.0	0.0
28/2/2009	16:57:00	5.118	0.394	238.5	21.4	0.0	74.0	0.0
28/2/2009	16:58:00	5.124	0.402	238.67	21.4	0.0	76.0	0.0
28/2/2009	16:59:00	5.16	0.408	239.25	21.6	0.0	75.0	0.0
28/2/2009	17:00:00	5.132	0.41	238.02	21.6	0.0	75.0	0.0
28/2/2009	17:01:00	5.084	0.396	236.88	21.4	0.0	73.0	0.0
28/2/2009	17:02:00	5.046	0.392	235.89	21.4	0.0	74.0	0.0
28/2/2009	17:03:00	5.04	0.386	235.55	21.4	0.0	73.0	0.0
28/2/2009	18:42:00	6.004	0.402	229.4	26.4	0.0	54.0	16.0
28/2/2009	18:43:00	6.788	0.392	228.63	29.6	0.0	68.0	16.0
28/2/2009	18:44:00	6.106	0.438	232.8	27.0	0.0	57.0	16.0
28/2/2009	18:45:00	6.458	0.444	232.94	27.8	0.0	72.0	17.0
28/2/2009	18:46:00	5.932	0.468	234.09	25.4	0.0	71.0	8.0
28/2/2009	18:47:00	5.51	0.47	235.2	23.4	0.0	73.0	0.0
28/2/2009	18:48:00	5.498	0.476	234.92	23.4	0.0	72.0	0.0
28/2/2009	18:49:00	5.168	0.47	235.55	22.2	0.0	68.0	0.0
28/2/2009	18:51:00	5.428	0.462	234.95	23.4	0.0	64.0	0.0
1/3/2009	07:54:00	5.2	0.0	236.67	22.0	0.0	0.0	17.0
1/3/2009	09:31:00	5.186	0.09	238.42	21.6	52.0	1.0	18.0
1/3/2009	09:32:00	5.16	0.086	238.53	21.6	51.0	1.0	17.0
1/3/2009	09:33:00	5.134	0.096	239.4	21.4	52.0	2.0	18.0
1/3/2009	09:43:00	5.04	0.406	237.75	21.2	44.0	6.0	17.0
1/3/2009	10:12:00	5.052	0.21	237.31	21.6	44.0	6.0	17.0
1/3/2009	10:13:00	6.6	0.36	235.75	28.0	43.0	35.0	17.0
1/3/2009	10:14:00	6.172	0.43	235.57	26.4	43.0	27.0	17.0
1/3/2009	10:15:00	6.714	0.482	234.97	28.6	44.0	36.0	17.0
1/3/2009	10:16:00	6.206	0.506	235.67	26.6	43.0	28.0	17.0
1/3/2009	10:17:00	6.406	0.34	234.81	27.2	43.0	36.0	17.0
1/3/2009	10:18:00	6.418	0.364	235.06	27.2	43.0	36.0	17.0
1/3/2009	10:19:00	6.37	0.298	235.21	27.0	43.0	36.0	17.0
1/3/2009	10:20:00	6.334	0.244	235.36	26.8	44.0	36.0	17.0
1/3/2009	10:21:00	6.338	0.226	235.53	26.8	43.0	37.0	17.0
1/3/2009	11:44:00	5.306	0.064	240.54	22.0	77.0	0.0	0.0
1/3/2009	11:45:00	5.712	0.058	239.42	23.8	77.0	0.0	5.0
1/3/2009	11:46:00	6.368	0.116	238.54	26.6	76.0	1.0	19.0
1/3/2009	11:47:00	6.344	0.176	237.88	26.6	76.0	0.0	18.0
1/3/2009	11:48:00	6.338	0.18	237.75	26.6	75.0	0.0	17.0
1/3/2009	11:49:00	6.31	0.176	237.8	26.4	75.0	0.0	18.0
1/3/2009	11:50:00	6.326	0.182	237.91	26.6	76.0	0.0	17.0
1/3/2009	11:51:00	6.332	0.18	238.44	26.4	75.0	0.0	18.0
1/3/2009	11:52:00	6.406	0.298	237.72	27.0	76.0	2.0	17.0
1/3/2009	11:57:00	5.404	0.286	239.07	23.0	58.0	1.0	17.0
1/3/2009	11:58:00	6.262	0.188	237.79	26.2	75.0	2.0	18.0
1/3/2009	11:59:00	5.13	0.21	239.88	22.2	61.0	1.0	17.0
1/3/2009	12:02:00	5.462	0.198	239.63	23.2	60.0	2.0	18.0
1/3/2009	12:03:00	6.256	0.18	238.38	26.2	75.0	2.0	17.0
1/3/2009	12:04:00	6.29	0.184	238.51	26.4	76.0	1.0	18.0
1/3/2009	12:05:00	5.008	0.196	239.81	21.4	55.0	2.0	17.0
1/3/2009	12:06:00	6.268	0.182	238.58	26.2	75.0	1.0	18.0
1/3/2009	12:07:00	6.284	0.184	238.75	26.2	76.0	2.0	17.0
1/3/2009	12:09:00	5.17	0.292	239.33	22.0	54.0	2.0	18.0
1/3/2009	15:25:00	5.042	0.084	241.87	20.8	45.0	0.0	18.0
1/3/2009	15:26:00	5.004	0.178	241.84	20.6	46.0	1.0	18.0
1/3/2009	15:27:00	5.022	0.18	242.4	20.6	46.0	1.0	18.0
1/3/2009	15:28:00	5.038	0.182	242.83	20.6	46.0	1.0	18.0
1/3/2009	15:29:00	5.03	0.18	242.61	20.6	46.0	2.0	18.0
1/3/2009	15:30:00	5.006	0.176	241.98	20.6	46.0	1.0	18.0
1/3/2009	15:31:00	5.006	0.174	241.94	20.6	46.0	2.0	18.0
1/3/2009	15:32:00	5.302	0.232	241.44	22.0	46.0	1.0	18.0
1/3/2009	15:33:00	6.624	0.586	239.55	27.8	45.0	2.0	18.0
1/3/2009	15:34:00	5.448	0.374	240.53	22.8	45.0	1.0	17.0
1/3/2009	15:35:00	5.17	0.306	240.85	21.4	45.0	2.0	18.0
1/3/2009	15:36:00	5.194	0.31	241.54	21.4	46.0	1.0	18.0
1/3/2009	15:37:00	5.066	0.318	242.55	20.8	46.0	2.0	18.0
1/3/2009	15:52:00	5.144	0.094	243.83	21.0	46.0	0.0	19.0
1/3/2009	15:53:00	5.334	0.112	244.04	21.8	47.0	0.0	18.0
1/3/2009	15:54:00	5.646	0.104	242.93	23.2	46.0	0.0	18.0
1/3/2009	15:55:00	5.398	0.204	241.9	22.2	45.0	0.0	18.0
1/3/2009	15:56:00	5.372	0.212	243.15	22.0	47.0	0.0	18.0
1/3/2009	15:57:00	5.412	0.208	242.1	22.4	45.0	0.0	18.0
1/3/2009	15:58:00	5.662	0.238	241.75	23.4	46.0	0.0	18.0
1/3/2009	15:59:00	5.658	0.334	240.67	23.4	45.0	0.0	18.0
1/3/2009	16:00:00	6.546	0.55	239.45	27.6	45.0	0.0	17.0
1/3/2009	16:01:00	5.854	0.374	241.22	24.4	45.0	0.0	18.0
1/3/2009	16:02:00	5.674	0.338	241.4	23.4	46.0	0.0	18.0
1/3/2009	16:03:00	5.67	0.336	241.27	23.4	45.0	0.0	18.0
1/3/2009	16:04:00	5.654	0.334	240.91	23.4	46.0	0.0	17.0
1/3/2009	16:05:00	5.664	0.338	241.3	23.4	45.0	0.0	18.0
1/3/2009	16:06:00	6.412	0.502	238.92	27.2	45.0	0.0	18.0
1/3/2009	16:07:00	5.598	0.328	239.7	23.4	45.0	0.0	17.0
1/3/2009	16:08:00	5.616	0.33	240.09	23.4	44.0	0.0	18.0
1/3/2009	16:09:00	5.626	0.33	240.33	23.4	46.0	0.0	18.0
1/3/2009	16:10:00	5.534	0.206	240.11	23.0	45.0	0.0	17.0
1/3/2009	16:11:00	5.522	0.196	239.91	23.0	44.0	0.0	18.0
1/3/2009	16:12:00	5.508	0.194	239.51	23.0	45.0	0.0	18.0
1/3/2009	16:13:00	5.568	0.198	240.84	23.0	46.0	0.0	17.0
1/3/2009	16:14:00	5.526	0.194	239.77	23.0	44.0	0.0	18.0
1/3/2009	16:15:00	5.528	0.192	239.76	23.0	45.0	0.0	18.0
1/3/2009	16:16:00	5.538	0.194	240.26	23.0	45.0	0.0	17.0
1/3/2009	16:17:00	5.58	0.2	241.26	23.0	46.0	0.0	18.0
1/3/2009	16:18:00	5.572	0.2	241.2	23.0	45.0	0.0	18.0
1/3/2009	16:19:00	5.548	0.186	241.14	23.0	46.0	0.0	18.0
1/3/2009	16:20:00	5.53	0.194	240.06	23.0	45.0	0.0	18.0
1/3/2009	16:28:00	5.922	0.528	237.04	25.2	44.0	0.0	0.0
1/3/2009	16:29:00	5.884	0.506	237.28	25.0	44.0	0.0	0.0
1/3/2009	16:30:00	5.574	0.47	237.4	23.6	44.0	0.0	0.0
1/3/2009	16:31:00	5.668	0.436	238.0	24.0	44.0	0.0	0.0
1/3/2009	16:32:00	5.674	0.428	238.54	24.0	44.0	0.0	0.0
1/3/2009	16:33:00	5.658	0.42	238.74	23.8	45.0	0.0	0.0
1/3/2009	16:34:00	5.632	0.432	239.57	23.6	45.0	0.0	0.0
1/3/2009	19:05:00	5.436	0.57	235.23	23.4	37.0	0.0	0.0
1/3/2009	20:19:00	5.006	0.128	234.3	21.4	36.0	0.0	17.0
1/3/2009	20:20:00	5.058	0.0	233.54	21.6	37.0	0.0	17.0
1/3/2009	20:21:00	5.034	0.0	233.09	21.6	36.0	0.0	16.0
1/3/2009	20:22:00	5.008	0.0	232.54	21.4	36.0	0.0	17.0
1/3/2009	20:23:00	5.034	0.0	233.42	21.4	36.0	0.0	17.0
1/3/2009	20:24:00	5.026	0.0	233.22	21.4	37.0	0.0	16.0
1/3/2009	20:25:00	5.014	0.0	233.01	21.4	36.0	0.0	17.0
1/3/2009	20:26:00	5.006	0.0	232.37	21.4	36.0	0.0	17.0
1/3/2009	20:27:00	5.016	0.0	233.09	21.4	36.0	0.0	16.0
1/3/2009	20:28:00	5.048	0.0	234.12	21.4	36.0	0.0	17.0
1/3/2009	20:29:00	5.054	0.0	234.24	21.6	36.0	0.0	17.0
3/3/2009	06:47:00	5.08	0.066	237.61	22.0	0.0	0.0	17.0
3/3/2009	06:48:00	8.31	0.07	235.45	35.4	0.0	0.0	17.0
3/3/2009	06:49:00	7.536	0.078	237.25	31.6	0.0	0.0	18.0
3/3/2009	06:50:00	6.876	0.074	237.7	29.0	0.0	0.0	17.0
3/3/2009	06:51:00	7.602	0.108	236.99	32.0	0.0	0.0	18.0
5/3/2009	06:55:00	5.194	0.056	236.46	22.0	0.0	1.0	0.0
6/3/2009	20:01:00	5.138	0.078	235.81	21.8	0.0	0.0	18.0
6/3/2009	20:02:00	5.244	0.078	236.38	22.2	0.0	0.0	17.0
6/3/2009	20:49:00	5.582	0.076	237.92	23.6	38.0	0.0	18.0
6/3/2009	20:50:00	5.178	0.0	238.56	21.6	38.0	0.0	17.0
6/3/2009	20:51:00	5.114	0.0	239.05	21.4	38.0	0.0	18.0
6/3/2009	20:56:00	5.27	0.0	237.79	22.0	38.0	0.0	18.0
6/3/2009	20:57:00	5.726	0.0	237.49	24.0	37.0	0.0	17.0
6/3/2009	20:58:00	5.648	0.06	236.83	23.8	37.0	0.0	17.0
6/3/2009	20:59:00	5.66	0.074	236.71	23.8	37.0	0.0	18.0
6/3/2009	21:00:00	5.618	0.074	236.92	23.6	37.0	0.0	17.0
6/3/2009	21:01:00	5.61	0.074	237.21	23.6	38.0	0.0	17.0
7/3/2009	06:37:00	5.05	0.19	239.37	21.2	0.0	0.0	0.0
7/3/2009	06:39:00	5.468	0.216	237.94	23.0	0.0	0.0	0.0
8/3/2009	11:20:00	6.43	0.396	233.47	27.6	73.0	0.0	17.0
8/3/2009	11:21:00	6.354	0.446	233.35	27.4	70.0	4.0	17.0
8/3/2009	11:25:00	6.688	0.438	233.79	28.6	74.0	3.0	16.0
8/3/2009	11:26:00	6.54	0.434	234.03	28.0	71.0	4.0	17.0
8/3/2009	11:27:00	6.45	0.44	234.17	27.6	74.0	3.0	17.0
8/3/2009	11:29:00	5.54	0.386	234.85	24.0	58.0	0.0	17.0
8/3/2009	11:38:00	5.332	0.272	234.73	23.2	55.0	0.0	17.0
8/3/2009	11:43:00	5.304	0.266	233.96	23.8	50.0	0.0	17.0
8/3/2009	11:44:00	6.312	0.262	234.28	26.8	74.0	0.0	17.0
8/3/2009	11:45:00	5.474	0.354	236.18	23.6	62.0	0.0	17.0
8/3/2009	11:47:00	5.914	0.394	236.38	25.2	68.0	0.0	18.0
8/3/2009	11:48:00	6.172	0.392	235.51	26.2	74.0	0.0	17.0
8/3/2009	11:49:00	6.122	0.384	234.93	26.0	74.0	0.0	17.0
8/3/2009	11:50:00	5.806	0.394	235.5	25.0	67.0	0.0	17.0
8/3/2009	16:57:00	5.542	0.052	238.56	23.6	34.0	30.0	18.0
8/3/2009	17:55:00	7.854	0.0	233.81	33.6	0.0	63.0	16.0
8/3/2009	17:56:00	7.802	0.048	235.5	33.2	0.0	64.0	17.0
8/3/2009	17:57:00	6.636	0.108	236.62	28.4	0.0	73.0	18.0
8/3/2009	17:58:00	5.874	0.192	238.26	24.6	0.0	75.0	17.0
8/3/2009	17:59:00	5.864	0.208	237.91	24.6	0.0	74.0	17.0
8/3/2009	18:00:00	5.842	0.184	237.44	24.6	0.0	75.0	18.0
8/3/2009	18:01:00	5.866	0.202	237.43	24.6	0.0	75.0	17.0
8/3/2009	18:02:00	5.848	0.184	237.33	24.6	0.0	74.0	17.0
8/3/2009	18:03:00	5.688	0.212	238.97	23.8	0.0	73.0	18.0
8/3/2009	18:05:00	5.86	0.202	237.48	24.6	0.0	75.0	17.0
8/3/2009	18:06:00	5.634	0.182	236.88	23.8	0.0	72.0	18.0
8/3/2009	18:08:00	5.752	0.174	235.33	24.4	0.0	73.0	17.0
8/3/2009	21:29:00	5.48	0.27	238.51	23.0	39.0	0.0	18.0
8/3/2009	21:30:00	6.436	0.27	238.0	27.0	37.0	29.0	17.0
8/3/2009	21:31:00	6.494	0.286	237.47	27.4	38.0	35.0	17.0
8/3/2009	21:32:00	6.15	0.266	237.68	26.0	37.0	27.0	18.0
8/3/2009	21:33:00	6.632	0.278	236.25	28.0	38.0	35.0	17.0
8/3/2009	21:34:00	6.194	0.226	235.6	26.4	36.0	27.0	17.0
8/3/2009	21:35:00	6.538	0.144	234.9	27.8	37.0	34.0	17.0
8/3/2009	21:36:00	6.516	0.126	234.73	27.6	37.0	35.0	17.0
8/3/2009	21:37:00	6.548	0.146	235.28	27.8	36.0	35.0	17.0
8/3/2009	21:38:00	6.588	0.13	236.35	27.8	37.0	34.0	17.0
8/3/2009	21:39:00	6.076	0.162	237.89	25.6	38.0	27.0	17.0
10/3/2009	06:46:00	5.542	0.2	235.34	23.6	0.0	1.0	17.0
11/3/2009	06:41:00	7.64	0.0	235.91	32.4	0.0	0.0	16.0
11/3/2009	06:42:00	7.038	0.0	236.06	29.8	0.0	0.0	17.0
11/3/2009	06:43:00	6.668	0.0	235.61	28.2	0.0	0.0	18.0
11/3/2009	06:44:00	5.316	0.0	236.79	23.0	0.0	0.0	17.0
11/3/2009	06:45:00	5.052	0.0	236.81	21.2	0.0	0.0	18.0
11/3/2009	06:46:00	5.008	0.0	237.43	21.0	0.0	0.0	17.0
11/3/2009	07:46:00	5.058	0.114	238.46	21.2	0.0	0.0	17.0
11/3/2009	11:32:00	6.1	0.108	236.56	25.8	38.0	38.0	17.0
11/3/2009	11:33:00	6.088	0.106	235.94	25.8	38.0	37.0	17.0
11/3/2009	11:34:00	5.878	0.108	236.35	25.0	36.0	38.0	17.0
11/3/2009	11:39:00	5.346	0.118	238.37	22.8	39.0	27.0	18.0
11/3/2009	14:15:00	5.472	0.1	240.01	23.2	0.0	60.0	17.0
11/3/2009	14:16:00	5.762	0.084	239.96	24.2	0.0	65.0	18.0
11/3/2009	14:17:00	6.178	0.088	240.24	25.6	0.0	75.0	18.0
11/3/2009	14:18:00	6.168	0.088	240.66	25.6	0.0	75.0	17.0
11/3/2009	14:19:00	6.14	0.088	240.05	25.4	0.0	74.0	18.0
11/3/2009	14:20:00	6.172	0.088	240.86	25.6	0.0	75.0	18.0
11/3/2009	14:21:00	6.136	0.088	240.09	25.4	0.0	74.0	17.0
11/3/2009	14:22:00	5.432	0.0	241.32	22.6	0.0	64.0	18.0
11/3/2009	14:23:00	5.154	0.0	241.19	21.4	0.0	60.0	18.0
11/3/2009	21:14:00	5.28	0.112	235.47	22.8	32.0	22.0	17.0
11/3/2009	21:15:00	5.682	0.124	234.85	24.2	36.0	29.0	17.0
11/3/2009	21:16:00	5.38	0.106	234.57	23.0	37.0	21.0	17.0
11/3/2009	21:17:00	5.654	0.122	234.04	24.2	37.0	29.0	17.0
11/3/2009	21:18:00	5.342	0.106	234.4	22.8	36.0	21.0	17.0
11/3/2009	21:19:00	5.594	0.122	234.38	24.0	37.0	27.0	17.0
11/3/2009	21:20:00	5.444	0.108	235.16	23.2	37.0	23.0	17.0
11/3/2009	21:21:00	5.492	0.122	234.58	23.4	36.0	25.0	16.0
11/3/2009	21:22:00	5.554	0.106	235.19	23.6	37.0	24.0	17.0
11/3/2009	21:23:00	5.392	0.126	235.3	23.0	36.0	24.0	17.0
11/3/2009	21:24:00	5.594	0.1	233.31	24.0	37.0	26.0	17.0
11/3/2009	21:25:00	5.194	0.122	233.49	22.2	36.0	21.0	17.0
11/3/2009	21:26:00	5.066	0.104	233.56	22.0	27.0	28.0	17.0
12/3/2009	06:34:00	5.464	0.048	237.69	23.0	0.0	0.0	17.0
12/3/2009	07:31:00	5.06	0.192	238.75	21.2	0.0	0.0	17.0
12/3/2009	07:33:00	5.602	0.314	238.21	23.6	0.0	0.0	17.0
13/3/2009	06:31:00	5.656	0.0	240.21	23.4	0.0	0.0	0.0
13/3/2009	06:32:00	5.37	0.0	240.59	22.4	0.0	0.0	0.0
14/3/2009	21:55:00	5.62	0.06	234.5	24.0	1.0	0.0	17.0
14/3/2009	21:56:00	5.88	0.048	233.93	25.2	1.0	0.0	16.0
15/3/2009	08:50:00	5.228	0.696	238.14	22.4	34.0	0.0	17.0
15/3/2009	09:49:00	5.258	0.118	234.5	22.4	74.0	0.0	0.0
15/3/2009	09:50:00	7.166	0.106	232.97	30.8	73.0	27.0	0.0
15/3/2009	09:51:00	6.386	0.116	234.57	27.6	59.0	36.0	0.0
15/3/2009	09:52:00	5.2	0.128	236.08	22.0	38.0	36.0	0.0
15/3/2009	09:53:00	5.224	0.086	236.03	22.0	38.0	36.0	0.0
15/3/2009	09:54:00	5.304	0.07	235.61	22.4	37.0	36.0	0.0
15/3/2009	09:55:00	5.344	0.07	235.85	22.6	38.0	36.0	0.0
15/3/2009	09:56:00	5.466	0.0	235.41	23.2	37.0	36.0	0.0
15/3/2009	09:57:00	5.494	0.0	235.3	23.2	37.0	35.0	0.0
15/3/2009	09:58:00	5.672	0.118	234.71	24.2	37.0	36.0	0.0
15/3/2009	09:59:00	5.296	0.206	234.66	22.8	30.0	37.0	0.0
15/3/2009	14:32:00	5.616	0.09	237.42	23.6	0.0	69.0	18.0
15/3/2009	14:34:00	5.232	0.09	237.59	22.0	0.0	63.0	17.0
15/3/2009	14:35:00	5.038	0.104	237.02	21.4	0.0	62.0	18.0
15/3/2009	14:36:00	5.072	0.082	237.04	21.4	0.0	60.0	17.0
15/3/2009	14:37:00	5.056	0.106	238.59	21.2	0.0	62.0	17.0
15/3/2009	14:38:00	5.174	0.0	238.73	21.8	0.0	62.0	18.0
15/3/2009	22:11:00	5.598	0.0	237.65	23.4	38.0	0.0	17.0
15/3/2009	22:12:00	5.616	0.0	238.35	23.4	38.0	0.0	18.0
15/3/2009	22:13:00	5.596	0.0	237.92	23.4	38.0	0.0	17.0
15/3/2009	22:14:00	5.578	0.0	237.67	23.4	37.0	0.0	18.0
15/3/2009	22:15:00	5.304	0.0	237.75	22.2	38.0	0.0	17.0
17/3/2009	19:17:00	5.318	0.484	234.17	23.0	0.0	38.0	0.0
17/3/2009	20:22:00	5.318	0.1	238.78	22.4	0.0	37.0	18.0
17/3/2009	20:23:00	7.058	0.116	237.27	30.0	0.0	64.0	18.0
17/3/2009	20:24:00	7.864	0.0	237.03	33.2	0.0	72.0	17.0
17/3/2009	20:25:00	7.88	0.0	236.8	33.2	0.0	72.0	17.0
17/3/2009	20:26:00	7.204	0.112	237.05	30.4	0.0	58.0	18.0
17/3/2009	20:27:00	7.546	0.126	237.74	31.8	0.0	65.0	17.0
17/3/2009	20:28:00	6.734	0.086	237.95	28.4	0.0	66.0	17.0
17/3/2009	20:29:00	6.286	0.106	238.09	26.4	0.0	57.0	18.0
17/3/2009	20:30:00	6.64	0.086	238.21	27.8	0.0	66.0	17.0
17/3/2009	20:31:00	6.378	0.064	238.35	26.8	0.0	58.0	18.0
17/3/2009	20:32:00	6.582	0.0	237.33	27.8	0.0	63.0	17.0
17/3/2009	20:33:00	6.464	0.048	236.72	27.4	0.0	59.0	17.0
17/3/2009	20:34:00	6.384	0.0	237.49	26.8	0.0	60.0	18.0
17/3/2009	20:35:00	6.692	0.05	237.29	28.2	0.0	63.0	17.0
17/3/2009	20:36:00	5.472	0.0	236.19	23.4	0.0	48.0	17.0
17/3/2009	20:38:00	6.224	0.0	235.89	26.4	0.0	57.0	17.0
17/3/2009	20:57:00	5.142	0.188	238.09	21.6	0.0	42.0	17.0
18/3/2009	06:46:00	5.724	0.0	237.77	24.0	0.0	0.0	17.0
18/3/2009	06:47:00	5.382	0.046	238.01	22.6	0.0	0.0	17.0
18/3/2009	06:48:00	5.084	0.048	238.07	21.4	0.0	0.0	18.0
20/3/2009	06:55:00	5.12	0.084	239.25	21.4	0.0	0.0	18.0
20/3/2009	06:56:00	5.536	0.08	238.74	23.2	0.0	0.0	18.0
20/3/2009	19:45:00	5.016	0.404	235.23	21.4	37.0	0.0	10.0
20/3/2009	19:50:00	6.028	0.414	233.6	26.0	38.0	0.0	17.0
20/3/2009	19:51:00	5.148	0.376	233.31	22.0	36.0	0.0	17.0
21/3/2009	08:46:00	5.37	0.07	240.51	22.2	39.0	1.0	18.0
21/3/2009	08:47:00	5.07	0.068	240.88	21.0	38.0	1.0	17.0
21/3/2009	19:15:00	5.216	0.276	233.91	22.2	37.0	0.0	17.0
21/3/2009	19:16:00	5.106	0.276	233.8	21.8	36.0	0.0	17.0
21/3/2009	19:17:00	5.148	0.272	232.96	22.0	36.0	0.0	16.0
21/3/2009	19:18:00	5.086	0.27	232.43	21.8	36.0	0.0	17.0
21/3/2009	19:20:00	5.102	0.33	232.27	22.0	36.0	0.0	16.0
21/3/2009	19:21:00	6.15	0.476	231.08	27.0	39.0	0.0	17.0
21/3/2009	19:22:00	7.502	0.626	229.82	32.8	66.0	0.0	16.0
21/3/2009	19:23:00	5.876	0.662	230.91	25.6	37.0	1.0	16.0
21/3/2009	19:24:00	5.838	0.644	230.51	25.4	36.0	2.0	17.0
21/3/2009	19:25:00	5.85	0.65	230.74	25.4	36.0	1.0	16.0
21/3/2009	19:26:00	5.822	0.664	230.86	25.4	37.0	1.0	16.0
21/3/2009	19:27:00	5.588	0.634	231.21	24.2	36.0	2.0	17.0
21/3/2009	19:28:00	5.614	0.638	231.87	24.2	36.0	1.0	16.0
21/3/2009	19:29:00	5.336	0.552	232.18	23.0	37.0	1.0	17.0
21/3/2009	19:30:00	5.266	0.476	231.97	22.8	37.0	2.0	16.0
21/3/2009	19:31:00	5.582	0.514	231.01	24.4	36.0	1.0	17.0
21/3/2009	20:40:00	5.6	0.184	237.71	24.0	0.0	0.0	18.0
21/3/2009	20:41:00	6.36	0.18	237.58	26.8	0.0	0.0	17.0
21/3/2009	20:42:00	6.298	0.18	237.72	26.4	0.0	0.0	17.0
22/3/2009	12:08:00	5.182	0.198	235.87	22.0	2.0	37.0	18.0
22/3/2009	12:09:00	5.062	0.19	235.69	21.6	1.0	37.0	17.0
22/3/2009	12:15:00	5.024	0.192	236.31	21.4	1.0	38.0	17.0
22/3/2009	12:17:00	5.108	0.176	236.57	21.6	2.0	37.0	17.0
22/3/2009	12:18:00	5.08	0.16	236.26	21.4	1.0	38.0	17.0
22/3/2009	16:35:00	5.086	0.152	237.03	21.6	37.0	30.0	0.0
23/3/2009	07:51:00	5.12	0.278	234.33	21.8	0.0	1.0	17.0
24/3/2009	06:40:00	5.226	0.072	241.44	22.0	0.0	0.0	18.0
24/3/2009	06:41:00	5.264	0.064	242.03	21.8	0.0	0.0	18.0
24/3/2009	19:22:00	5.588	0.856	230.64	24.8	37.0	0.0	17.0
24/3/2009	19:23:00	5.848	0.78	230.8	25.8	36.0	0.0	16.0
24/3/2009	19:39:00	5.02	0.176	234.02	21.4	37.0	0.0	17.0
24/3/2009	19:40:00	5.174	0.298	235.08	22.0	37.0	0.0	17.0
24/3/2009	19:45:00	5.394	0.298	233.97	23.0	37.0	0.0	17.0
24/3/2009	19:46:00	5.128	0.302	234.45	21.8	37.0	0.0	16.0
24/3/2009	19:51:00	5.146	0.42	233.02	22.4	32.0	0.0	17.0
24/3/2009	19:52:00	5.232	0.404	232.89	22.6	37.0	0.0	17.0
24/3/2009	19:53:00	5.462	0.318	232.03	23.6	37.0	0.0	16.0
25/3/2009	06:33:00	5.38	0.102	242.24	22.2	0.0	2.0	16.0
25/3/2009	06:34:00	5.566	0.114	242.18	23.0	0.0	1.0	0.0
25/3/2009	13:30:00	5.034	0.122	240.86	20.8	0.0	75.0	0.0
25/3/2009	20:18:00	5.296	0.228	234.65	22.6	37.0	0.0	17.0
25/3/2009	20:19:00	6.584	0.408	232.45	28.4	37.0	0.0	17.0
25/3/2009	20:20:00	6.144	0.376	232.97	26.6	31.0	0.0	16.0
25/3/2009	20:21:00	5.456	0.236	234.39	23.4	34.0	0.0	17.0
25/3/2009	20:22:00	5.062	0.17	234.49	21.6	37.0	0.0	17.0
25/3/2009	20:23:00	5.096	0.172	235.46	21.6	37.0	0.0	17.0
25/3/2009	20:24:00	5.074	0.13	235.66	21.4	37.0	0.0	17.0
25/3/2009	20:25:00	5.06	0.076	236.33	21.4	37.0	0.0	17.0
25/3/2009	20:26:00	5.054	0.076	236.16	21.4	37.0	0.0	17.0
25/3/2009	20:32:00	5.642	0.43	236.08	24.0	37.0	0.0	0.0
27/3/2009	07:56:00	5.226	0.14	236.34	22.0	37.0	2.0	18.0
27/3/2009	20:41:00	5.222	0.85	237.74	22.2	0.0	0.0	18.0
28/3/2009	12:14:00	5.482	0.738	239.29	23.2	39.0	0.0	17.0
28/3/2009	12:15:00	5.654	0.74	239.11	23.8	39.0	0.0	18.0
28/3/2009	12:16:00	5.28	0.676	239.72	22.4	39.0	0.0	18.0
28/3/2009	12:17:00	5.57	0.682	239.0	23.4	39.0	0.0	17.0
28/3/2009	12:19:00	5.022	0.594	238.46	21.4	38.0	0.0	17.0
28/3/2009	18:31:00	6.856	0.568	235.54	29.2	71.0	0.0	17.0
28/3/2009	18:32:00	5.344	0.586	236.65	23.2	53.0	0.0	17.0
28/3/2009	18:35:00	5.176	0.582	236.02	22.6	42.0	0.0	17.0
28/3/2009	18:36:00	6.79	0.558	234.31	29.0	74.0	0.0	17.0
28/3/2009	18:37:00	6.714	0.562	234.99	28.6	73.0	0.0	17.0
28/3/2009	18:38:00	5.696	0.522	236.25	24.6	59.0	0.0	17.0
28/3/2009	18:50:00	6.358	0.46	233.97	27.4	67.0	0.0	17.0
28/3/2009	18:51:00	5.266	0.48	236.14	22.8	55.0	0.0	17.0
28/3/2009	18:55:00	6.594	0.46	234.55	28.2	73.0	0.0	17.0
28/3/2009	18:56:00	6.484	0.464	235.04	27.6	74.0	0.0	17.0
28/3/2009	23:39:00	5.006	0.072	240.46	20.8	39.0	0.0	18.0
28/3/2009	23:40:00	5.004	0.072	240.43	20.8	38.0	0.0	18.0
28/3/2009	23:41:00	5.014	0.074	240.65	20.8	38.0	0.0	17.0
28/3/2009	23:42:00	5.026	0.076	241.09	20.8	39.0	0.0	18.0
29/3/2009	08:42:00	5.15	0.052	239.75	21.6	0.0	0.0	0.0
29/3/2009	14:33:00	5.036	0.192	241.51	20.8	38.0	18.0	18.0
29/3/2009	14:34:00	5.37	0.12	241.73	22.4	39.0	27.0	18.0
29/3/2009	14:37:00	5.512	0.09	240.32	23.0	38.0	28.0	17.0
29/3/2009	14:40:00	5.486	0.164	240.88	22.8	38.0	27.0	18.0
29/3/2009	15:55:00	5.014	0.086	237.62	21.0	37.0	0.0	17.0
29/3/2009	15:56:00	5.014	0.084	237.56	21.0	38.0	0.0	18.0
29/3/2009	15:57:00	5.024	0.086	237.94	21.0	37.0	0.0	17.0
29/3/2009	15:58:00	5.022	0.086	238.18	21.0	38.0	0.0	17.0
29/3/2009	21:08:00	5.172	0.058	238.96	21.6	0.0	36.0	19.0
29/3/2009	21:09:00	5.104	0.0	238.99	21.2	0.0	37.0	18.0
29/3/2009	21:12:00	5.07	0.05	237.3	21.2	0.0	36.0	18.0
29/3/2009	21:13:00	5.066	0.0	237.01	21.2	0.0	36.0	17.0
31/3/2009	06:34:00	6.328	0.21	236.69	26.8	0.0	1.0	17.0
31/3/2009	06:35:00	6.574	0.2	235.72	28.0	0.0	2.0	17.0
31/3/2009	06:36:00	5.654	0.274	237.11	23.8	0.0	1.0	4.0
31/3/2009	06:37:00	5.314	0.21	237.58	22.4	0.0	1.0	0.0
31/3/2009	13:37:00	5.008	0.504	239.3	21.2	39.0	0.0	17.0
31/3/2009	20:30:00	6.004	0.258	235.47	25.6	0.0	37.0	17.0
31/3/2009	20:31:00	5.108	0.224	236.44	21.8	0.0	28.0	17.0
31/3/2009	20:32:00	7.096	0.204	232.88	30.4	0.0	68.0	16.0
31/3/2009	20:33:00	7.06	0.19	232.85	30.2	0.0	71.0	17.0
31/3/2009	20:34:00	6.682	0.148	232.77	28.6	0.0	70.0	17.0
31/3/2009	20:35:00	6.524	0.134	233.93	27.8	0.0	71.0	16.0
31/3/2009	20:36:00	6.522	0.13	233.23	27.8	0.0	71.0	17.0
31/3/2009	20:37:00	6.454	0.0	233.61	27.6	0.0	71.0	17.0
31/3/2009	20:38:00	6.444	0.0	233.25	27.6	0.0	71.0	17.0
31/3/2009	20:39:00	6.506	0.0	234.28	27.6	0.0	71.0	16.0
31/3/2009	20:40:00	6.552	0.0	234.97	27.8	0.0	72.0	17.0
31/3/2009	20:41:00	6.534	0.0	234.79	27.8	0.0	72.0	17.0
31/3/2009	20:42:00	6.158	0.0	236.02	26.2	0.0	67.0	17.0
3/4/2009	14:24:00	5.736	0.508	241.39	24.0	0.0	0.0	18.0
4/4/2009	15:30:00	5.124	0.296	239.03	21.6	40.0	0.0	17.0
5/4/2009	11:41:00	5.344	0.394	235.78	23.2	38.0	0.0	17.0
5/4/2009	11:45:00	6.162	0.254	235.11	26.2	37.0	0.0	17.0
5/4/2009	11:46:00	6.182	0.252	235.66	26.2	38.0	0.0	17.0
5/4/2009	11:47:00	6.19	0.252	235.84	26.2	38.0	0.0	17.0
5/4/2009	11:48:00	5.824	0.252	235.69	24.8	33.0	0.0	17.0
5/4/2009	12:18:00	6.286	0.502	237.58	26.6	38.0	2.0	17.0
5/4/2009	12:19:00	6.478	0.502	237.88	27.2	38.0	1.0	17.0
5/4/2009	12:20:00	6.502	0.458	237.98	27.4	39.0	2.0	18.0
5/4/2009	12:21:00	6.458	0.44	237.06	27.2	38.0	1.0	17.0
5/4/2009	12:22:00	6.428	0.436	236.55	27.2	38.0	1.0	17.0
7/4/2009	06:35:00	5.044	0.0	238.27	21.2	0.0	0.0	0.0
7/4/2009	06:37:00	5.59	0.0	237.65	23.6	0.0	0.0	0.0
7/4/2009	21:08:00	5.088	0.138	238.81	21.2	38.0	0.0	26.0
7/4/2009	21:15:00	5.654	0.0	239.15	23.8	38.0	0.0	17.0
7/4/2009	21:16:00	5.506	0.084	238.67	23.2	38.0	0.0	19.0
7/4/2009	21:17:00	5.762	0.088	237.79	24.4	37.0	0.0	26.0
7/4/2009	22:35:00	5.078	0.32	239.63	21.2	38.0	0.0	10.0
8/4/2009	21:08:00	5.318	0.342	239.0	22.2	39.0	0.0	18.0
8/4/2009	21:09:00	5.242	0.288	238.2	22.0	38.0	0.0	18.0
8/4/2009	21:10:00	5.234	0.296	238.48	22.0	37.0	0.0	18.0
9/4/2009	06:35:00	5.442	0.054	238.85	22.8	0.0	0.0	18.0
9/4/2009	06:36:00	6.308	0.06	237.99	26.4	0.0	0.0	19.0
9/4/2009	19:31:00	5.756	0.768	238.02	24.4	38.0	0.0	18.0
9/4/2009	19:32:00	5.874	0.73	238.15	24.8	39.0	0.0	18.0
9/4/2009	19:33:00	5.21	0.598	238.93	22.2	39.0	0.0	18.0
9/4/2009	19:38:00	5.22	0.616	238.17	22.2	38.0	0.0	18.0
9/4/2009	21:08:00	5.076	0.15	238.87	21.2	38.0	0.0	24.0
9/4/2009	21:09:00	5.26	0.182	238.68	22.0	37.0	0.0	28.0
9/4/2009	21:10:00	5.392	0.304	238.84	22.6	38.0	0.0	29.0
9/4/2009	21:11:00	5.416	0.316	239.08	22.6	38.0	0.0	28.0
9/4/2009	21:12:00	5.414	0.316	239.18	22.6	38.0	0.0	29.0
9/4/2009	21:13:00	5.132	0.264	239.78	21.4	38.0	0.0	25.0
9/4/2009	21:19:00	5.098	0.202	239.9	21.2	38.0	0.0	19.0
9/4/2009	21:29:00	5.868	0.196	237.62	24.8	37.0	0.0	17.0
9/4/2009	21:30:00	5.192	0.238	238.55	22.2	29.0	0.0	18.0
9/4/2009	21:38:00	5.786	0.08	238.32	24.2	0.0	0.0	18.0
9/4/2009	21:39:00	5.764	0.078	237.81	24.2	0.0	0.0	18.0
10/4/2009	07:50:00	5.314	0.178	237.75	22.2	35.0	0.0	18.0
10/4/2009	19:13:00	5.014	0.046	238.73	21.0	0.0	74.0	1.0
11/4/2009	07:41:00	5.422	0.0	237.11	23.0	0.0	0.0	18.0
11/4/2009	11:05:00	5.83	0.244	233.71	24.8	0.0	72.0	17.0
11/4/2009	11:06:00	5.766	0.188	233.57	24.6	0.0	71.0	17.0
11/4/2009	11:07:00	5.816	0.156	234.03	24.8	0.0	71.0	18.0
11/4/2009	11:08:00	5.798	0.172	233.7	24.8	0.0	71.0	17.0
11/4/2009	11:09:00	5.826	0.158	234.62	24.8	0.0	71.0	18.0
11/4/2009	11:10:00	5.834	0.174	234.38	24.8	0.0	72.0	17.0
11/4/2009	11:11:00	5.874	0.164	235.34	24.8	0.0	72.0	18.0
11/4/2009	11:12:00	5.83	0.178	234.35	24.8	0.0	72.0	17.0
11/4/2009	11:13:00	5.822	0.162	234.55	24.8	0.0	71.0	18.0
11/4/2009	11:14:00	5.918	0.186	236.23	25.0	0.0	73.0	17.0
11/4/2009	11:15:00	5.964	0.172	236.3	25.2	0.0	73.0	18.0
11/4/2009	11:16:00	6.418	0.22	236.59	27.2	0.0	73.0	18.0
11/4/2009	11:17:00	5.156	0.2	236.69	22.4	0.0	53.0	18.0
11/4/2009	19:14:00	5.702	0.518	234.94	24.2	36.0	0.0	29.0
11/4/2009	19:15:00	5.628	0.512	233.9	24.0	38.0	0.0	28.0
11/4/2009	19:16:00	5.264	0.458	234.52	22.4	37.0	0.0	23.0
11/4/2009	19:21:00	5.004	0.42	234.81	21.4	38.0	0.0	17.0
11/4/2009	19:22:00	5.002	0.412	234.79	21.2	37.0	0.0	18.0
11/4/2009	19:23:00	5.024	0.416	235.03	21.4	37.0	0.0	17.0
11/4/2009	19:24:00	5.03	0.414	235.89	21.4	38.0	0.0	18.0
11/4/2009	19:25:00	5.07	0.42	236.35	21.4	38.0	1.0	18.0
11/4/2009	19:26:00	5.062	0.412	236.17	21.4	38.0	0.0	17.0
11/4/2009	19:27:00	5.06	0.416	236.21	21.4	38.0	0.0	18.0
11/4/2009	19:28:00	5.044	0.412	236.23	21.4	38.0	0.0	18.0
11/4/2009	19:33:00	5.004	0.29	236.86	21.0	38.0	0.0	17.0
11/4/2009	19:38:00	5.006	0.29	237.24	21.0	39.0	0.0	18.0
11/4/2009	19:42:00	5.024	0.294	237.69	21.0	39.0	0.0	18.0
11/4/2009	19:48:00	5.026	0.47	235.4	21.4	38.0	0.0	18.0
11/4/2009	20:18:00	5.314	0.454	236.63	22.4	37.0	1.0	18.0
11/4/2009	20:19:00	5.31	0.45	236.59	22.4	39.0	2.0	18.0
11/4/2009	20:20:00	5.31	0.446	237.06	22.4	39.0	1.0	18.0
11/4/2009	20:21:00	5.326	0.45	236.94	22.4	40.0	2.0	18.0
11/4/2009	20:25:00	5.352	0.512	236.43	22.6	39.0	2.0	23.0
11/4/2009	20:26:00	5.584	0.548	236.12	23.6	39.0	1.0	27.0
11/4/2009	20:27:00	5.63	0.552	236.15	23.8	39.0	2.0	28.0
11/4/2009	20:31:00	5.004	0.428	236.15	21.2	39.0	2.0	18.0
11/4/2009	20:38:00	5.35	0.41	235.57	23.0	42.0	1.0	18.0
11/4/2009	20:39:00	5.126	0.304	235.56	21.8	38.0	0.0	17.0
11/4/2009	20:40:00	6.938	0.282	233.41	29.8	68.0	1.0	18.0
11/4/2009	20:41:00	6.872	0.278	233.43	29.4	73.0	0.0	17.0
11/4/2009	20:42:00	5.828	0.292	234.39	25.2	57.0	0.0	18.0
11/4/2009	20:46:00	6.718	0.404	233.93	28.8	66.0	1.0	18.0
11/4/2009	20:47:00	6.968	0.4	233.59	29.8	73.0	0.0	17.0
11/4/2009	20:48:00	6.908	0.328	233.86	29.6	72.0	0.0	18.0
11/4/2009	21:58:00	5.208	0.21	236.89	22.0	37.0	2.0	18.0
11/4/2009	21:59:00	5.242	0.242	236.53	22.2	37.0	1.0	18.0
11/4/2009	22:00:00	5.188	0.246	236.59	21.8	37.0	2.0	17.0
11/4/2009	22:02:00	5.03	0.254	237.44	21.2	38.0	1.0	18.0
11/4/2009	22:03:00	5.014	0.252	237.74	21.0	37.0	2.0	18.0
11/4/2009	22:04:00	5.102	0.254	237.12	21.4	37.0	1.0	18.0
11/4/2009	22:05:00	5.434	0.34	237.16	22.8	37.0	2.0	18.0
11/4/2009	22:06:00	5.3	0.322	237.5	22.2	37.0	1.0	18.0
12/4/2009	07:13:00	5.374	0.174	236.1	22.8	0.0	2.0	1.0
12/4/2009	07:15:00	5.098	0.184	236.57	21.6	0.0	1.0	0.0
12/4/2009	20:17:00	5.284	0.314	236.06	22.6	38.0	0.0	28.0
12/4/2009	20:18:00	5.2	0.284	235.87	22.2	37.0	0.0	29.0
12/4/2009	20:19:00	5.908	0.288	234.68	25.8	53.0	0.0	28.0
12/4/2009	20:20:00	6.866	0.276	234.26	29.2	79.0	0.0	23.0
12/4/2009	20:21:00	6.54	0.23	234.53	27.8	79.0	0.0	18.0
12/4/2009	20:22:00	6.536	0.228	234.43	27.8	79.0	0.0	17.0
12/4/2009	20:23:00	6.524	0.226	234.26	27.8	79.0	0.0	18.0
12/4/2009	20:24:00	6.534	0.228	234.53	27.8	79.0	0.0	17.0
12/4/2009	20:25:00	6.796	0.312	234.63	29.0	79.0	0.0	18.0
12/4/2009	20:26:00	6.428	0.394	234.97	27.6	73.0	0.0	17.0
12/4/2009	20:30:00	6.262	0.208	234.07	27.0	70.0	0.0	18.0
12/4/2009	20:31:00	7.308	0.196	232.91	31.4	78.0	0.0	17.0
12/4/2009	20:32:00	6.952	0.296	232.54	30.0	67.0	0.0	17.0
12/4/2009	20:33:00	5.88	0.346	233.85	25.2	43.0	0.0	17.0
12/4/2009	20:34:00	5.862	0.234	233.4	25.0	44.0	0.0	18.0
12/4/2009	20:35:00	5.7	0.24	233.94	24.4	44.0	0.0	17.0
12/4/2009	20:36:00	5.686	0.274	233.95	24.2	44.0	0.0	18.0
12/4/2009	20:37:00	5.816	0.36	233.94	24.8	43.0	0.0	17.0
12/4/2009	20:38:00	5.858	0.246	234.4	25.0	44.0	0.0	17.0
12/4/2009	20:39:00	5.94	0.376	234.5	25.2	44.0	0.0	18.0
12/4/2009	20:40:00	5.974	0.422	234.55	25.4	45.0	0.0	17.0
12/4/2009	20:41:00	5.964	0.402	234.52	25.4	44.0	0.0	18.0
12/4/2009	20:42:00	6.594	0.242	233.81	28.4	54.0	0.0	17.0
12/4/2009	20:43:00	7.912	0.228	232.23	34.0	78.0	0.0	17.0
12/4/2009	20:44:00	7.96	0.322	231.46	34.4	77.0	0.0	17.0
12/4/2009	20:45:00	7.972	0.344	231.55	34.4	77.0	0.0	17.0
12/4/2009	20:46:00	7.94	0.342	231.13	34.4	76.0	0.0	17.0
12/4/2009	20:47:00	7.9	0.338	230.46	34.2	77.0	0.0	17.0
12/4/2009	20:48:00	7.91	0.34	230.74	34.2	76.0	0.0	17.0
12/4/2009	20:49:00	7.926	0.342	231.02	34.2	76.0	0.0	17.0
12/4/2009	20:50:00	7.906	0.34	230.79	34.2	77.0	0.0	17.0
12/4/2009	20:51:00	6.292	0.356	232.46	27.2	51.0	0.0	17.0
12/4/2009	20:52:00	5.96	0.358	232.67	25.6	43.0	0.0	17.0
12/4/2009	20:53:00	5.968	0.362	232.61	25.6	43.0	0.0	18.0
12/4/2009	20:54:00	5.956	0.36	232.55	25.6	44.0	0.0	17.0
12/4/2009	20:55:00	5.95	0.358	232.47	25.6	43.0	0.0	17.0
12/4/2009	20:56:00	5.948	0.358	232.53	25.6	43.0	0.0	17.0
12/4/2009	20:57:00	5.922	0.324	232.44	25.4	43.0	0.0	17.0
12/4/2009	20:58:00	5.85	0.234	232.28	25.2	44.0	0.0	18.0
12/4/2009	20:59:00	5.874	0.236	232.49	25.2	43.0	0.0	17.0
12/4/2009	21:00:00	5.858	0.236	232.49	25.2	43.0	0.0	17.0
12/4/2009	21:01:00	5.84	0.234	231.98	25.2	43.0	0.0	17.0
12/4/2009	21:02:00	5.848	0.258	232.29	25.2	43.0	0.0	17.0
12/4/2009	21:03:00	5.82	0.258	232.32	25.0	43.0	0.0	17.0
12/4/2009	21:04:00	5.886	0.254	232.4	25.2	43.0	0.0	18.0
12/4/2009	21:05:00	5.942	0.35	231.94	25.6	43.0	1.0	17.0
12/4/2009	21:06:00	5.946	0.348	232.23	25.6	43.0	1.0	17.0
12/4/2009	21:07:00	5.952	0.346	232.52	25.6	44.0	2.0	17.0
12/4/2009	21:08:00	5.96	0.348	232.7	25.6	43.0	2.0	17.0
12/4/2009	21:09:00	5.946	0.344	232.41	25.6	43.0	1.0	17.0
12/4/2009	21:10:00	5.912	0.342	231.71	25.4	43.0	2.0	17.0
12/4/2009	21:11:00	5.94	0.36	232.33	25.6	44.0	1.0	18.0
12/4/2009	21:12:00	5.992	0.474	232.08	25.8	42.0	2.0	17.0
12/4/2009	21:13:00	6.034	0.456	231.62	26.0	43.0	1.0	17.0
12/4/2009	21:14:00	5.902	0.346	231.48	25.4	43.0	1.0	17.0
12/4/2009	21:15:00	6.004	0.428	231.99	25.8	43.0	2.0	17.0
12/4/2009	21:16:00	5.988	0.4	232.14	25.8	43.0	1.0	17.0
12/4/2009	21:17:00	5.996	0.374	232.93	25.8	43.0	2.0	17.0
12/4/2009	21:18:00	5.95	0.37	232.08	25.6	43.0	1.0	17.0
12/4/2009	21:19:00	6.01	0.372	232.77	25.8	44.0	1.0	18.0
12/4/2009	21:20:00	6.048	0.47	232.65	26.0	43.0	2.0	17.0
12/4/2009	21:21:00	6.028	0.5	232.79	26.0	43.0	1.0	17.0
12/4/2009	21:22:00	5.996	0.386	233.34	25.6	43.0	1.0	17.0
12/4/2009	21:23:00	6.006	0.382	233.37	25.8	44.0	2.0	18.0
12/4/2009	21:24:00	6.044	0.384	234.21	25.8	44.0	1.0	17.0
12/4/2009	21:25:00	6.032	0.38	234.18	25.8	44.0	1.0	18.0
12/4/2009	21:26:00	6.04	0.382	234.28	25.8	44.0	2.0	17.0
12/4/2009	21:27:00	6.032	0.38	234.21	25.8	43.0	1.0	17.0
12/4/2009	21:28:00	6.008	0.35	234.08	25.6	44.0	1.0	18.0
12/4/2009	21:29:00	5.922	0.26	233.69	25.2	44.0	2.0	17.0
12/4/2009	21:30:00	5.892	0.288	233.61	25.2	43.0	1.0	18.0
12/4/2009	21:31:00	5.928	0.268	234.32	25.2	44.0	1.0	17.0
12/4/2009	21:32:00	6.814	0.254	233.22	29.4	56.0	1.0	17.0
12/4/2009	21:33:00	7.454	0.244	232.93	32.0	78.0	2.0	10.0
12/4/2009	21:34:00	6.984	0.246	233.29	29.8	78.0	1.0	1.0
12/4/2009	21:35:00	7.05	0.28	233.2	30.2	78.0	1.0	0.0
12/4/2009	21:36:00	7.068	0.282	232.75	30.4	78.0	1.0	1.0
12/4/2009	21:37:00	7.01	0.25	233.35	30.0	78.0	2.0	1.0
12/4/2009	21:38:00	6.988	0.248	233.56	29.8	78.0	1.0	0.0
12/4/2009	21:39:00	6.924	0.25	233.54	29.6	79.0	1.0	1.0
12/4/2009	21:45:00	5.026	0.228	235.61	21.2	37.0	2.0	1.0
13/4/2009	06:55:00	5.228	0.216	235.93	22.2	0.0	0.0	1.0
13/4/2009	06:56:00	5.08	0.188	235.69	21.6	0.0	0.0	0.0
13/4/2009	08:29:00	6.216	0.206	233.05	26.6	0.0	35.0	17.0
13/4/2009	08:30:00	6.272	0.22	232.35	27.0	0.0	34.0	17.0
13/4/2009	08:31:00	6.128	0.144	232.48	26.2	0.0	35.0	17.0
13/4/2009	20:29:00	5.31	0.0	237.1	22.6	37.0	0.0	18.0
13/4/2009	20:30:00	5.258	0.0	236.46	22.2	38.0	0.0	18.0
13/4/2009	20:46:00	5.45	0.088	236.48	23.2	1.0	64.0	0.0
13/4/2009	20:47:00	5.95	0.088	236.3	25.2	1.0	73.0	1.0
13/4/2009	20:48:00	5.93	0.09	236.01	25.0	2.0	72.0	0.0
13/4/2009	20:49:00	5.926	0.082	235.61	25.0	1.0	72.0	1.0
13/4/2009	20:50:00	5.956	0.098	235.52	25.2	1.0	72.0	1.0
13/4/2009	20:51:00	6.03	0.176	235.67	25.6	1.0	72.0	0.0
13/4/2009	20:52:00	6.028	0.18	235.8	25.4	1.0	72.0	1.0
13/4/2009	20:53:00	6.03	0.178	235.76	25.6	1.0	73.0	1.0
13/4/2009	20:54:00	5.826	0.188	235.84	24.6	2.0	72.0	0.0
13/4/2009	20:55:00	5.808	0.186	235.94	24.6	1.0	73.0	1.0
13/4/2009	20:56:00	5.45	0.194	236.58	23.2	1.0	68.0	0.0
13/4/2009	20:58:00	5.724	0.178	237.45	24.2	1.0	68.0	1.0
14/4/2009	06:51:00	5.126	0.0	236.42	21.8	0.0	0.0	17.0
14/4/2009	19:18:00	5.93	0.104	236.49	25.0	37.0	37.0	18.0
14/4/2009	19:19:00	5.982	0.148	236.25	25.2	38.0	37.0	18.0
14/4/2009	19:20:00	5.966	0.162	235.96	25.2	38.0	37.0	17.0
14/4/2009	19:21:00	5.996	0.162	236.53	25.2	38.0	37.0	18.0
14/4/2009	19:22:00	6.082	0.234	236.54	25.6	38.0	37.0	18.0
14/4/2009	19:23:00	6.072	0.264	236.1	25.6	37.0	37.0	18.0
14/4/2009	19:24:00	6.254	0.442	235.46	26.6	38.0	37.0	17.0
14/4/2009	19:25:00	6.242	0.434	235.27	26.6	37.0	37.0	18.0
14/4/2009	19:26:00	5.696	0.436	236.28	24.4	38.0	29.0	18.0
14/4/2009	19:28:00	5.59	0.43	236.18	24.0	37.0	24.0	17.0
16/4/2009	21:44:00	6.188	0.09	236.83	26.0	38.0	0.0	18.0
16/4/2009	21:45:00	5.936	0.1	235.44	25.2	37.0	0.0	18.0
16/4/2009	21:46:00	5.62	0.134	234.14	24.0	36.0	0.0	20.0
16/4/2009	21:47:00	5.808	0.192	233.96	24.8	37.0	0.0	27.0
16/4/2009	21:48:00	5.57	0.198	234.48	23.6	36.0	0.0	28.0
16/4/2009	21:49:00	5.508	0.2	234.54	23.4	37.0	0.0	28.0
16/4/2009	21:50:00	5.504	0.198	234.22	23.4	36.0	0.0	28.0
16/4/2009	21:51:00	5.504	0.196	234.2	23.4	37.0	0.0	28.0
17/4/2009	06:46:00	6.106	0.214	237.87	25.6	0.0	1.0	0.0
17/4/2009	06:47:00	6.138	0.212	237.62	25.8	0.0	2.0	1.0
17/4/2009	06:48:00	7.142	0.216	236.62	30.2	0.0	1.0	0.0
17/4/2009	06:49:00	5.672	0.216	238.54	24.4	0.0	1.0	1.0
17/4/2009	20:40:00	5.48	0.224	237.93	23.2	0.0	37.0	18.0
17/4/2009	20:41:00	6.614	0.228	236.25	28.4	0.0	55.0	18.0
17/4/2009	20:42:00	7.454	0.234	235.93	31.6	0.0	72.0	18.0
17/4/2009	20:43:00	7.074	0.204	236.55	29.8	0.0	73.0	17.0
17/4/2009	20:44:00	6.79	0.21	237.03	28.6	0.0	72.0	18.0
17/4/2009	20:45:00	6.752	0.166	237.29	28.4	0.0	73.0	18.0
17/4/2009	20:46:00	6.978	0.236	236.67	29.4	0.0	73.0	18.0
17/4/2009	20:47:00	7.198	0.314	236.36	30.4	0.0	72.0	18.0
17/4/2009	20:48:00	7.01	0.152	235.94	29.6	0.0	73.0	17.0
17/4/2009	20:49:00	6.998	0.148	236.1	29.6	0.0	72.0	18.0
17/4/2009	20:50:00	6.96	0.15	235.4	29.4	0.0	72.0	18.0
17/4/2009	20:51:00	6.96	0.146	235.46	29.4	0.0	72.0	17.0
17/4/2009	20:52:00	6.914	0.092	235.26	29.4	0.0	72.0	18.0
17/4/2009	20:53:00	5.012	0.058	236.67	21.2	0.0	43.0	18.0
17/4/2009	20:54:00	6.156	0.054	234.94	26.4	0.0	58.0	17.0
17/4/2009	20:55:00	5.286	0.0	235.71	22.8	0.0	48.0	18.0
17/4/2009	21:00:00	5.426	0.056	236.53	22.8	0.0	37.0	28.0
17/4/2009	21:03:00	5.344	0.084	236.37	22.6	0.0	36.0	29.0
17/4/2009	23:05:00	5.466	0.366	240.49	23.2	0.0	61.0	12.0
17/4/2009	23:06:00	5.304	0.216	240.04	22.2	0.0	66.0	6.0
17/4/2009	23:07:00	5.388	0.08	239.06	22.4	0.0	75.0	0.0
17/4/2009	23:08:00	5.204	0.0	239.54	21.6	0.0	74.0	1.0
17/4/2009	23:09:00	5.214	0.0	239.68	21.6	0.0	75.0	1.0
17/4/2009	23:10:00	5.252	0.0	239.78	21.8	0.0	75.0	0.0
17/4/2009	23:11:00	5.266	0.0	239.83	21.8	0.0	75.0	1.0
17/4/2009	23:12:00	5.246	0.0	240.08	21.8	0.0	75.0	1.0
17/4/2009	23:13:00	5.188	0.0	239.8	21.6	0.0	75.0	0.0
17/4/2009	23:14:00	5.15	0.0	239.13	21.4	0.0	74.0	1.0
17/4/2009	23:15:00	5.156	0.0	239.02	21.4	0.0	75.0	0.0
18/4/2009	07:42:00	5.15	0.25	237.35	22.2	0.0	37.0	1.0
18/4/2009	07:43:00	5.628	0.278	236.99	24.2	0.0	28.0	0.0
18/4/2009	07:44:00	6.32	0.28	236.34	26.8	0.0	37.0	1.0
19/4/2009	20:23:00	5.378	0.106	236.35	23.2	38.0	0.0	1.0
19/4/2009	20:24:00	6.322	0.114	235.31	26.8	37.0	0.0	1.0
19/4/2009	21:27:00	5.346	0.094	237.3	22.4	38.0	0.0	18.0
19/4/2009	21:28:00	5.52	0.092	237.28	23.2	37.0	0.0	18.0
19/4/2009	21:29:00	5.536	0.092	237.55	23.2	38.0	0.0	18.0
19/4/2009	21:30:00	5.61	0.194	237.78	23.6	37.0	0.0	18.0
19/4/2009	21:31:00	5.626	0.21	237.74	23.6	37.0	1.0	17.0
19/4/2009	21:32:00	5.61	0.21	237.65	23.6	38.0	2.0	18.0
19/4/2009	21:33:00	5.588	0.21	237.15	23.6	37.0	1.0	18.0
19/4/2009	21:34:00	5.576	0.21	236.98	23.4	37.0	2.0	18.0
19/4/2009	21:35:00	5.57	0.208	236.9	23.4	37.0	1.0	18.0
19/4/2009	21:36:00	5.24	0.212	237.33	22.2	34.0	1.0	18.0
20/4/2009	06:33:00	5.132	0.262	238.19	22.6	0.0	1.0	18.0
20/4/2009	06:34:00	5.922	0.27	237.72	25.0	0.0	2.0	18.0
20/4/2009	06:35:00	6.042	0.254	237.55	25.4	0.0	1.0	18.0
20/4/2009	06:36:00	5.216	0.262	238.5	22.6	0.0	1.0	18.0
21/4/2009	06:35:00	6.074	0.0	236.08	25.8	0.0	0.0	18.0
21/4/2009	06:36:00	6.72	0.0	235.23	28.6	1.0	0.0	18.0
23/4/2009	21:09:00	5.436	0.134	233.76	23.2	37.0	0.0	18.0
23/4/2009	21:10:00	5.428	0.136	233.8	23.2	37.0	0.0	17.0
23/4/2009	21:11:00	5.434	0.138	234.12	23.2	36.0	0.0	17.0
23/4/2009	21:12:00	5.45	0.14	234.68	23.2	37.0	0.0	18.0
23/4/2009	21:13:00	5.136	0.142	234.66	21.8	36.0	0.0	17.0
23/4/2009	21:14:00	5.234	0.154	234.27	22.2	37.0	0.0	18.0
23/4/2009	21:15:00	5.12	0.146	235.04	21.8	36.0	0.0	17.0
23/4/2009	21:16:00	5.716	0.0	234.8	24.4	37.0	0.0	18.0
23/4/2009	21:17:00	5.662	0.048	234.62	24.2	36.0	0.0	17.0
23/4/2009	21:18:00	5.618	0.054	234.71	24.0	37.0	0.0	18.0
25/4/2009	10:20:00	5.656	0.1	233.16	24.2	0.0	70.0	18.0
25/4/2009	10:21:00	5.644	0.094	233.15	24.2	0.0	71.0	17.0
25/4/2009	10:22:00	5.568	0.0	233.36	23.8	0.0	71.0	17.0
25/4/2009	10:23:00	5.578	0.0	233.43	23.8	0.0	71.0	18.0
25/4/2009	10:24:00	5.552	0.0	232.71	23.8	0.0	71.0	17.0
25/4/2009	10:25:00	5.614	0.0	234.17	23.8	0.0	71.0	17.0
25/4/2009	10:26:00	5.626	0.0	234.4	24.0	0.0	71.0	18.0
25/4/2009	10:27:00	5.618	0.0	234.3	23.8	0.0	72.0	17.0
25/4/2009	21:59:00	5.384	0.456	236.62	22.8	38.0	1.0	19.0
25/4/2009	22:00:00	5.388	0.458	237.19	22.8	37.0	2.0	19.0
25/4/2009	22:01:00	5.386	0.456	237.07	22.8	37.0	1.0	18.0
25/4/2009	22:02:00	5.338	0.454	236.72	22.6	37.0	1.0	18.0
25/4/2009	22:03:00	5.32	0.452	236.36	22.4	37.0	2.0	18.0
25/4/2009	22:04:00	5.354	0.45	236.3	22.6	37.0	1.0	18.0
25/4/2009	22:05:00	5.36	0.372	237.0	22.6	37.0	2.0	18.0
25/4/2009	22:06:00	6.12	0.364	236.47	26.0	37.0	1.0	17.0
26/4/2009	12:29:00	6.214	0.382	235.55	26.8	38.0	0.0	18.0
26/4/2009	12:30:00	6.754	0.388	235.78	28.6	37.0	0.0	17.0
26/4/2009	12:42:00	5.258	0.496	235.49	22.6	38.0	0.0	18.0
26/4/2009	13:19:00	5.24	0.556	236.62	22.4	38.0	0.0	18.0
26/4/2009	16:35:00	5.11	0.24	237.8	21.6	38.0	38.0	1.0
26/4/2009	16:36:00	7.016	0.214	236.38	29.6	37.0	71.0	0.0
26/4/2009	16:37:00	6.552	0.242	237.14	27.8	37.0	66.0	1.0
26/4/2009	16:38:00	7.01	0.216	236.75	29.6	37.0	69.0	1.0
26/4/2009	16:39:00	5.18	0.256	238.84	21.8	37.0	42.0	0.0
27/4/2009	06:49:00	5.098	0.144	238.53	21.8	0.0	0.0	18.0
27/4/2009	06:50:00	5.716	0.132	237.41	24.2	0.0	0.0	18.0
27/4/2009	06:51:00	6.02	0.144	237.39	25.4	0.0	0.0	18.0
28/4/2009	19:56:00	6.092	0.342	236.17	25.8	38.0	0.0	0.0
28/4/2009	19:57:00	6.134	0.372	236.16	26.0	37.0	0.0	1.0
29/4/2009	06:50:00	5.594	0.092	240.08	23.2	0.0	0.0	18.0
2/5/2009	11:51:00	5.726	0.39	234.12	24.4	38.0	0.0	28.0
3/5/2009	12:01:00	5.592	0.342	237.95	24.8	32.0	0.0	0.0
3/5/2009	12:02:00	5.808	0.164	237.25	24.4	51.0	0.0	1.0
3/5/2009	12:04:00	6.298	0.512	236.88	26.6	51.0	0.0	0.0
3/5/2009	12:05:00	6.244	0.542	236.85	27.0	48.0	0.0	1.0
3/5/2009	20:26:00	5.69	0.06	236.61	24.2	1.0	0.0	18.0
3/5/2009	20:27:00	5.976	0.06	236.24	25.2	1.0	0.0	17.0
3/5/2009	20:28:00	7.592	0.05	234.88	32.4	1.0	31.0	18.0
3/5/2009	20:29:00	7.856	0.128	234.02	33.6	2.0	34.0	21.0
3/5/2009	20:30:00	5.606	0.188	237.34	23.8	1.0	29.0	28.0
3/5/2009	20:31:00	5.756	0.294	237.08	24.4	1.0	36.0	28.0
3/5/2009	20:32:00	5.426	0.312	236.75	23.2	1.0	27.0	28.0
3/5/2009	20:33:00	5.828	0.366	236.77	24.6	1.0	36.0	28.0
3/5/2009	20:34:00	5.576	0.324	237.08	23.4	1.0	35.0	29.0
3/5/2009	20:35:00	5.254	0.236	237.6	22.2	4.0	37.0	18.0
3/5/2009	20:36:00	7.156	0.192	235.57	30.4	37.0	35.0	18.0
3/5/2009	20:37:00	7.206	0.196	235.29	30.6	37.0	35.0	17.0
3/5/2009	20:38:00	7.244	0.176	234.6	30.8	37.0	35.0	18.0
3/5/2009	20:39:00	7.388	0.19	234.46	31.4	36.0	36.0	17.0
3/5/2009	20:40:00	7.352	0.172	234.41	31.2	37.0	35.0	18.0
3/5/2009	20:41:00	7.288	0.188	233.59	31.2	36.0	35.0	17.0
3/5/2009	20:42:00	7.42	0.168	233.5	31.8	36.0	34.0	17.0
3/5/2009	20:43:00	7.652	0.184	233.94	32.6	36.0	35.0	18.0
3/5/2009	20:44:00	7.756	0.168	234.67	33.0	37.0	36.0	17.0
3/5/2009	20:45:00	7.792	0.186	235.0	33.2	37.0	35.0	18.0
3/5/2009	20:46:00	7.78	0.17	235.0	33.0	36.0	35.0	17.0
3/5/2009	20:47:00	7.81	0.152	235.57	33.2	37.0	36.0	18.0
3/5/2009	20:48:00	6.58	0.058	237.6	28.0	18.0	36.0	18.0
3/5/2009	20:49:00	5.68	0.0	238.38	23.8	1.0	37.0	18.0
3/5/2009	20:50:00	5.7	0.08	238.32	23.8	1.0	37.0	18.0
3/5/2009	20:51:00	5.178	0.106	238.96	21.8	1.0	33.0	18.0
3/5/2009	20:53:00	5.566	0.098	238.71	23.2	1.0	38.0	19.0
3/5/2009	20:54:00	5.564	0.078	238.81	23.2	1.0	38.0	18.0
3/5/2009	20:56:00	5.004	0.082	238.65	21.0	1.0	28.0	18.0
3/5/2009	20:57:00	5.51	0.096	238.15	23.0	1.0	37.0	18.0
3/5/2009	21:00:00	5.226	0.082	238.46	22.0	1.0	37.0	18.0
3/5/2009	21:02:00	5.144	0.076	237.32	21.6	1.0	34.0	17.0
3/5/2009	21:04:00	5.284	0.074	237.34	22.2	2.0	36.0	18.0
3/5/2009	21:06:00	5.054	0.078	237.99	21.2	1.0	33.0	18.0
4/5/2009	07:30:00	5.192	0.0	236.13	22.2	0.0	1.0	18.0
