10/5/2009	16:01:00	5.002	0.088	238.46	21.0	1.0	74.0	1.0
10/5/2009	16:02:00	5.03	0.104	239.51	21.0	1.0	74.0	1.0
10/5/2009	16:03:00	5.04	0.124	239.62	21.0	1.0	75.0	0.0
10/5/2009	16:04:00	5.01	0.104	238.96	20.8	1.0	73.0	1.0
10/5/2009	16:05:00	5.032	0.12	239.1	21.0	1.0	75.0	1.0
10/5/2009	16:06:00	5.028	0.1	239.39	21.0	2.0	74.0	0.0
10/5/2009	16:07:00	5.056	0.12	239.63	21.0	1.0	75.0	1.0
10/5/2009	16:08:00	5.02	0.108	239.31	21.0	1.0	74.0	0.0
10/5/2009	16:09:00	5.026	0.158	239.78	20.8	1.0	75.0	1.0
10/5/2009	16:27:00	5.278	0.292	238.39	22.2	37.0	41.0	1.0
10/5/2009	16:30:00	5.318	0.172	240.39	22.0	38.0	43.0	1.0
10/5/2009	16:52:00	5.018	0.208	237.79	21.0	0.0	75.0	1.0
10/5/2009	16:58:00	5.018	0.14	238.21	21.0	0.0	74.0	1.0
10/5/2009	16:59:00	5.02	0.156	238.17	21.0	0.0	75.0	0.0
10/5/2009	19:30:00	5.39	0.452	233.54	23.6	36.0	26.0	1.0
10/5/2009	19:35:00	5.344	0.392	232.62	23.2	37.0	33.0	1.0
10/5/2009	19:36:00	6.012	0.514	231.9	26.2	36.0	27.0	1.0
10/5/2009	19:37:00	5.348	0.57	233.74	23.0	37.0	20.0	0.0
10/5/2009	19:38:00	5.134	0.428	234.21	22.0	38.0	36.0	1.0
10/5/2009	19:41:00	5.08	0.55	233.93	22.0	37.0	25.0	1.0
10/5/2009	19:42:00	5.986	0.586	233.96	25.8	37.0	24.0	0.0
10/5/2009	19:43:00	5.918	0.594	234.38	25.4	38.0	25.0	1.0
10/5/2009	19:44:00	5.934	0.58	235.13	25.4	37.0	23.0	0.0
10/5/2009	21:03:00	5.492	0.178	236.96	23.2	37.0	3.0	18.0
10/5/2009	21:04:00	5.474	0.16	236.58	23.2	37.0	4.0	18.0
10/5/2009	21:05:00	5.126	0.142	236.57	21.8	37.0	2.0	18.0
10/5/2009	21:06:00	5.312	0.12	236.33	22.6	38.0	0.0	17.0
10/5/2009	21:07:00	5.422	0.13	235.98	23.0	36.0	0.0	18.0
10/5/2009	21:08:00	5.384	0.128	235.99	22.8	37.0	0.0	18.0
10/5/2009	21:09:00	5.414	0.132	236.01	23.0	37.0	1.0	17.0
10/5/2009	21:10:00	5.39	0.11	236.37	22.8	37.0	0.0	18.0
10/5/2009	21:11:00	5.338	0.0	236.35	22.6	37.0	0.0	18.0
10/5/2009	21:12:00	5.278	0.0	236.36	22.4	37.0	0.0	18.0
11/5/2009	06:41:00	5.33	0.08	234.29	22.8	0.0	0.0	13.0
12/5/2009	06:00:00	5.582	0.066	238.1	23.4	0.0	0.0	18.0
12/5/2009	06:01:00	5.58	0.066	238.22	23.4	0.0	0.0	18.0
12/5/2009	06:02:00	6.34	0.056	237.36	26.8	0.0	0.0	18.0
13/5/2009	21:21:00	5.006	0.132	237.4	21.2	37.0	0.0	1.0
13/5/2009	21:22:00	5.408	0.206	237.14	23.0	38.0	0.0	1.0
13/5/2009	21:23:00	5.378	0.22	237.25	22.8	37.0	0.0	0.0
13/5/2009	21:24:00	5.344	0.222	237.27	22.6	37.0	0.0	1.0
14/5/2009	20:46:00	5.042	0.07	236.2	21.2	0.0	36.0	18.0
14/5/2009	20:50:00	7.396	0.056	232.5	31.8	0.0	67.0	17.0
14/5/2009	20:51:00	7.05	0.074	233.25	30.2	0.0	71.0	17.0
14/5/2009	20:52:00	6.766	0.054	233.33	29.0	0.0	71.0	18.0
14/5/2009	20:53:00	6.434	0.054	233.61	27.4	0.0	71.0	17.0
14/5/2009	20:54:00	6.502	0.0	235.88	27.4	0.0	73.0	18.0
14/5/2009	20:55:00	6.566	0.0	236.24	27.8	0.0	72.0	17.0
14/5/2009	20:56:00	6.622	0.05	234.8	28.2	0.0	72.0	18.0
14/5/2009	20:57:00	6.692	0.11	235.73	28.4	0.0	73.0	18.0
14/5/2009	20:58:00	6.7	0.1	236.06	28.4	0.0	72.0	17.0
14/5/2009	20:59:00	6.722	0.118	236.15	28.4	0.0	73.0	18.0
14/5/2009	21:00:00	5.762	0.1	236.93	24.6	0.0	59.0	18.0
15/5/2009	06:36:00	5.256	0.088	236.57	22.2	0.0	0.0	17.0
15/5/2009	06:37:00	5.174	0.066	237.34	21.8	0.0	0.0	18.0
16/5/2009	11:44:00	5.618	0.188	231.86	24.2	0.0	70.0	14.0
16/5/2009	11:45:00	5.8	0.174	232.29	24.8	0.0	71.0	18.0
16/5/2009	11:46:00	5.966	0.182	231.56	25.8	0.0	70.0	17.0
16/5/2009	11:47:00	6.732	0.162	229.93	29.2	0.0	69.0	17.0
16/5/2009	11:48:00	6.208	0.176	230.38	27.0	0.0	70.0	17.0
16/5/2009	11:49:00	5.626	0.17	231.23	24.2	0.0	70.0	17.0
16/5/2009	11:50:00	5.616	0.178	230.89	24.2	0.0	69.0	17.0
16/5/2009	14:27:00	5.908	0.16	234.74	25.0	37.0	35.0	17.0
16/5/2009	14:28:00	5.894	0.13	234.79	25.0	36.0	35.0	18.0
16/5/2009	14:29:00	5.688	0.0	235.4	24.2	37.0	34.0	17.0
16/5/2009	14:31:00	6.338	0.128	234.17	27.0	37.0	34.0	26.0
16/5/2009	14:32:00	6.24	0.138	234.34	26.6	36.0	34.0	28.0
16/5/2009	14:33:00	5.356	0.196	235.32	22.8	37.0	17.0	28.0
16/5/2009	14:34:00	6.498	0.246	234.17	27.6	36.0	35.0	28.0
16/5/2009	14:35:00	5.894	0.256	235.01	25.2	37.0	27.0	29.0
16/5/2009	14:36:00	5.58	0.214	235.48	23.6	36.0	24.0	24.0
16/5/2009	14:37:00	5.774	0.148	234.91	24.6	37.0	36.0	18.0
16/5/2009	20:38:00	5.142	0.314	237.03	21.6	0.0	1.0	1.0
16/5/2009	20:39:00	5.16	0.316	237.55	21.6	0.0	2.0	1.0
17/5/2009	10:09:00	5.28	0.164	233.96	22.8	34.0	27.0	14.0
17/5/2009	10:10:00	5.96	0.166	233.08	25.4	36.0	35.0	18.0
17/5/2009	10:11:00	5.942	0.164	233.0	25.4	37.0	34.0	17.0
17/5/2009	10:12:00	5.962	0.168	233.64	25.4	36.0	35.0	18.0
17/5/2009	10:13:00	5.946	0.162	233.45	25.4	36.0	35.0	17.0
17/5/2009	10:14:00	5.936	0.166	233.26	25.4	36.0	35.0	18.0
17/5/2009	10:15:00	5.822	0.16	232.4	25.0	36.0	34.0	17.0
17/5/2009	10:16:00	5.818	0.166	232.48	25.0	36.0	35.0	17.0
17/5/2009	10:17:00	5.836	0.166	233.3	25.0	36.0	34.0	18.0
17/5/2009	10:18:00	5.758	0.084	233.36	24.6	36.0	35.0	17.0
17/5/2009	10:19:00	5.814	0.0	233.47	24.8	36.0	35.0	17.0
17/5/2009	10:20:00	5.656	0.0	233.42	24.2	36.0	35.0	18.0
17/5/2009	10:27:00	6.54	0.38	231.42	29.2	28.0	28.0	26.0
17/5/2009	10:28:00	6.306	0.386	231.71	27.4	35.0	28.0	27.0
17/5/2009	10:29:00	5.538	0.386	232.33	23.8	36.0	19.0	27.0
17/5/2009	10:30:00	6.106	0.39	231.86	26.4	36.0	30.0	28.0
17/5/2009	10:31:00	5.574	0.49	231.83	24.2	35.0	17.0	28.0
17/5/2009	10:32:00	6.02	0.376	231.39	26.2	36.0	30.0	22.0
18/5/2009	20:51:00	5.016	0.346	235.29	21.6	38.0	0.0	18.0
19/5/2009	19:57:00	5.458	0.576	236.7	23.2	38.0	1.0	18.0
19/5/2009	19:58:00	5.442	0.6	236.1	23.2	38.0	2.0	18.0
19/5/2009	19:59:00	5.052	0.528	236.14	21.6	38.0	1.0	18.0
20/5/2009	07:27:00	5.39	0.0	235.51	23.0	0.0	1.0	17.0
21/5/2009	11:48:00	5.178	0.25	239.1	21.6	39.0	0.0	18.0
21/5/2009	12:00:00	5.622	0.0	236.35	23.8	34.0	0.0	18.0
21/5/2009	12:01:00	5.66	0.0	235.82	24.0	38.0	0.0	18.0
21/5/2009	12:02:00	5.652	0.0	235.68	23.8	37.0	0.0	17.0
21/5/2009	12:03:00	5.658	0.0	235.73	24.0	38.0	0.0	18.0
21/5/2009	12:04:00	5.728	0.0	236.29	24.2	38.0	0.0	18.0
21/5/2009	12:05:00	5.744	0.0	236.52	24.2	38.0	0.0	18.0
21/5/2009	12:06:00	5.736	0.0	236.38	24.2	38.0	0.0	17.0
21/5/2009	12:07:00	5.132	0.0	236.76	22.0	29.0	0.0	18.0
24/5/2009	18:45:00	5.078	0.418	235.49	21.6	0.0	0.0	18.0
24/5/2009	18:47:00	5.066	0.42	235.79	21.6	0.0	0.0	18.0
24/5/2009	18:48:00	5.046	0.406	235.54	21.4	0.0	0.0	18.0
24/5/2009	18:49:00	5.058	0.414	236.22	21.4	0.0	0.0	18.0
24/5/2009	18:50:00	5.026	0.392	235.51	21.4	0.0	0.0	17.0
27/5/2009	21:14:00	5.272	0.0	226.21	23.4	34.0	0.0	16.0
27/5/2009	21:15:00	5.324	0.0	225.4	23.6	34.0	0.0	16.0
27/5/2009	21:16:00	5.044	0.1	225.11	22.4	34.0	0.0	16.0
27/5/2009	21:24:00	5.07	0.0	226.87	22.2	35.0	0.0	16.0
30/5/2009	22:41:00	6.24	0.262	235.0	26.6	2.0	0.0	29.0
30/5/2009	22:42:00	5.986	0.27	235.14	25.6	1.0	0.0	26.0
30/5/2009	22:43:00	5.226	0.192	236.17	22.0	1.0	0.0	17.0
1/6/2009	12:20:00	5.322	0.562	236.91	22.6	38.0	0.0	18.0
1/6/2009	12:21:00	5.284	0.52	236.57	22.4	38.0	0.0	18.0
1/6/2009	20:52:00	5.096	0.182	239.02	21.2	37.0	0.0	29.0
1/6/2009	20:53:00	5.106	0.18	238.83	21.4	38.0	0.0	28.0
1/6/2009	20:54:00	5.15	0.184	239.27	21.4	38.0	0.0	30.0
1/6/2009	20:55:00	5.16	0.186	239.47	21.4	38.0	0.0	30.0
1/6/2009	20:56:00	5.16	0.184	239.41	21.4	38.0	0.0	29.0
6/6/2009	07:25:00	5.168	0.0	234.11	22.0	0.0	0.0	17.0
6/6/2009	07:26:00	5.208	0.0	235.42	22.0	0.0	0.0	18.0
6/6/2009	19:56:00	5.618	0.418	235.31	24.0	38.0	30.0	18.0
6/6/2009	19:57:00	5.794	0.4	235.2	24.8	38.0	36.0	17.0
6/6/2009	19:58:00	5.128	0.408	235.98	21.8	37.0	24.0	18.0
6/6/2009	19:59:00	5.85	0.322	234.81	24.8	38.0	37.0	18.0
6/6/2009	20:01:00	5.51	0.324	235.31	23.4	38.0	30.0	18.0
6/6/2009	20:02:00	5.15	0.35	236.22	22.0	38.0	26.0	18.0
6/6/2009	20:03:00	5.304	0.328	236.06	22.6	37.0	26.0	17.0
6/6/2009	20:04:00	5.576	0.342	235.84	23.8	38.0	33.0	18.0
6/6/2009	20:06:00	6.282	0.442	235.21	26.8	37.0	34.0	28.0
6/6/2009	20:07:00	5.304	0.33	236.41	22.4	38.0	18.0	29.0
6/6/2009	20:08:00	5.442	0.33	236.17	24.0	29.0	31.0	29.0
7/6/2009	13:23:00	5.216	0.296	236.64	22.0	38.0	36.0	1.0
7/6/2009	13:24:00	5.942	0.318	235.66	26.8	37.0	27.0	3.0
7/6/2009	13:25:00	8.76	0.372	232.52	37.6	37.0	34.0	18.0
7/6/2009	13:26:00	7.282	0.51	234.13	31.4	12.0	36.0	18.0
7/6/2009	13:27:00	5.408	0.552	236.73	23.6	2.0	37.0	18.0
7/6/2009	13:30:00	5.556	0.546	236.01	24.0	26.0	37.0	18.0
7/6/2009	13:31:00	6.172	0.542	235.45	26.2	37.0	37.0	18.0
7/6/2009	13:32:00	6.164	0.538	235.32	26.2	37.0	37.0	17.0
7/6/2009	13:33:00	6.022	0.542	235.55	25.6	37.0	37.0	18.0
7/6/2009	13:38:00	6.276	0.66	235.3	26.8	37.0	37.0	18.0
7/6/2009	13:39:00	6.272	0.666	235.56	26.6	37.0	37.0	17.0
7/6/2009	13:40:00	5.626	0.67	236.35	24.2	28.0	37.0	18.0
8/6/2009	06:47:00	5.106	0.08	236.43	21.6	0.0	0.0	18.0
10/6/2009	06:54:00	5.322	0.074	238.26	22.4	0.0	0.0	18.0
10/6/2009	13:23:00	5.012	0.066	237.28	21.0	0.0	75.0	0.0
10/6/2009	13:24:00	5.03	0.052	238.0	21.0	0.0	75.0	1.0
10/6/2009	13:25:00	5.018	0.068	237.5	21.0	0.0	74.0	0.0
16/6/2009	18:24:00	6.432	0.088	234.56	27.4	0.0	37.0	18.0
16/6/2009	18:25:00	6.866	0.088	234.55	29.4	0.0	36.0	17.0
16/6/2009	18:26:00	6.17	0.088	235.05	26.2	0.0	37.0	18.0
16/6/2009	18:39:00	5.276	0.664	235.47	22.6	37.0	1.0	17.0
17/6/2009	06:25:00	5.432	0.108	237.05	22.8	0.0	0.0	18.0
17/6/2009	06:26:00	5.234	0.06	237.23	22.0	0.0	0.0	18.0
17/6/2009	06:27:00	5.208	0.0	237.15	22.0	0.0	0.0	18.0
20/6/2009	07:14:00	5.022	0.42	238.31	21.2	0.0	2.0	25.0
20/6/2009	10:25:00	5.282	0.326	237.29	22.4	0.0	68.0	11.0
20/6/2009	10:26:00	5.5	0.34	236.36	23.2	0.0	72.0	11.0
26/6/2009	23:35:00	6.216	0.132	234.96	26.4	37.0	1.0	1.0
26/6/2009	23:36:00	5.558	0.138	236.62	24.2	30.0	2.0	0.0
27/6/2009	13:40:00	5.076	0.224	239.09	21.8	26.0	37.0	1.0
30/6/2009	06:50:00	5.222	0.236	238.19	22.0	0.0	0.0	30.0
2/7/2009	06:16:00	5.174	0.066	237.7	21.8	0.0	0.0	18.0
2/7/2009	06:17:00	5.166	0.064	237.52	21.6	0.0	0.0	18.0
4/7/2009	22:30:00	5.052	0.414	233.74	21.6	36.0	1.0	29.0
4/7/2009	22:31:00	5.14	0.442	236.05	21.8	37.0	1.0	30.0
4/7/2009	22:32:00	5.156	0.448	236.54	21.8	37.0	1.0	30.0
4/7/2009	22:33:00	5.148	0.442	236.52	21.8	37.0	1.0	29.0
4/7/2009	22:34:00	5.104	0.432	236.32	21.6	37.0	1.0	30.0
6/7/2009	06:52:00	5.13	0.24	239.02	21.6	0.0	1.0	30.0
7/7/2009	06:45:00	5.072	0.108	237.47	21.2	0.0	1.0	18.0
7/7/2009	20:33:00	5.182	0.484	238.38	22.0	38.0	31.0	0.0
7/7/2009	20:34:00	5.158	0.332	236.9	21.8	37.0	38.0	1.0
7/7/2009	20:36:00	5.398	0.254	237.01	22.8	37.0	38.0	1.0
7/7/2009	20:37:00	5.324	0.214	237.18	23.4	37.0	40.0	1.0
7/7/2009	20:38:00	5.262	0.22	237.56	22.2	6.0	75.0	0.0
7/7/2009	20:39:00	5.056	0.196	237.58	21.2	1.0	74.0	1.0
7/7/2009	20:40:00	5.084	0.158	237.69	21.4	2.0	74.0	1.0
7/7/2009	20:41:00	5.128	0.098	238.29	21.4	1.0	74.0	0.0
7/7/2009	20:42:00	5.11	0.116	237.71	21.4	1.0	75.0	1.0
8/7/2009	08:19:00	5.672	0.088	234.77	24.2	0.0	69.0	18.0
8/7/2009	08:20:00	5.858	0.1	235.17	24.8	0.0	72.0	17.0
8/7/2009	08:21:00	5.862	0.09	235.33	24.8	0.0	73.0	18.0
8/7/2009	08:22:00	5.854	0.096	234.93	24.8	0.0	73.0	17.0
8/7/2009	08:23:00	5.908	0.144	234.86	25.0	0.0	72.0	18.0
8/7/2009	08:24:00	5.928	0.216	234.29	25.2	0.0	73.0	17.0
9/7/2009	07:06:00	5.164	0.05	238.67	21.6	0.0	0.0	19.0
9/7/2009	07:07:00	5.484	0.062	238.32	23.6	0.0	0.0	18.0
28/7/2009	12:33:00	5.34	0.58	236.7	22.6	0.0	38.0	18.0
31/7/2009	17:39:00	5.444	0.0	233.28	23.2	0.0	71.0	17.0
31/7/2009	17:41:00	5.468	0.0	233.91	23.2	0.0	71.0	17.0
31/7/2009	17:43:00	5.428	0.0	233.19	23.2	0.0	71.0	18.0
31/7/2009	19:26:00	5.128	0.124	235.16	21.8	37.0	28.0	18.0
9/8/2009	18:29:00	5.384	0.388	237.92	22.6	37.0	38.0	0.0
9/8/2009	18:33:00	5.312	0.386	237.67	22.4	1.0	71.0	1.0
9/8/2009	18:34:00	5.408	0.406	237.86	22.8	1.0	74.0	0.0
9/8/2009	18:35:00	5.404	0.39	238.19	22.6	1.0	74.0	1.0
9/8/2009	18:36:00	5.446	0.408	238.73	22.8	1.0	75.0	1.0
10/8/2009	22:41:00	5.26	0.426	236.41	22.2	0.0	36.0	18.0
10/8/2009	22:42:00	5.324	0.444	236.41	22.6	0.0	36.0	18.0
10/8/2009	22:43:00	5.344	0.424	236.37	22.6	0.0	35.0	17.0
11/8/2009	07:17:00	5.06	0.234	234.74	21.6	0.0	2.0	18.0
13/8/2009	19:59:00	5.058	0.306	237.02	21.6	0.0	38.0	18.0
13/8/2009	20:00:00	6.706	0.296	235.81	29.0	32.0	37.0	18.0
13/8/2009	20:01:00	6.084	0.152	236.61	25.6	38.0	37.0	18.0
13/8/2009	20:02:00	6.152	0.25	236.48	26.0	38.0	37.0	18.0
13/8/2009	20:03:00	6.176	0.276	236.52	26.0	38.0	38.0	17.0
13/8/2009	20:04:00	6.194	0.274	236.72	26.2	38.0	37.0	18.0
13/8/2009	20:05:00	6.568	0.268	236.13	27.8	38.0	38.0	18.0
13/8/2009	20:06:00	6.622	0.262	235.82	28.4	37.0	25.0	18.0
13/8/2009	20:08:00	6.818	0.268	236.74	29.0	38.0	32.0	17.0
13/8/2009	20:13:00	5.578	0.536	237.33	23.6	38.0	1.0	18.0
13/8/2009	20:14:00	5.378	0.492	238.03	22.8	39.0	2.0	18.0
13/8/2009	20:46:00	5.12	0.26	235.21	21.8	0.0	73.0	0.0
13/8/2009	20:47:00	5.532	0.304	234.66	23.6	1.0	73.0	1.0
13/8/2009	20:48:00	5.336	0.26	234.89	22.8	0.0	73.0	0.0
13/8/2009	20:51:00	5.038	0.266	235.12	21.4	0.0	74.0	0.0
13/8/2009	20:52:00	5.844	0.252	233.9	25.0	1.0	72.0	1.0
13/8/2009	20:53:00	5.554	0.384	234.36	23.8	0.0	72.0	1.0
15/8/2009	17:04:00	5.516	0.628	235.02	23.6	38.0	0.0	29.0
15/8/2009	17:06:00	5.176	0.638	235.74	22.4	2.0	33.0	29.0
18/8/2009	13:17:00	5.102	0.25	236.63	21.4	37.0	39.0	1.0
18/8/2009	21:11:00	5.116	0.164	236.1	21.6	38.0	0.0	28.0
18/8/2009	21:12:00	5.522	0.178	235.86	23.4	38.0	0.0	29.0
18/8/2009	21:13:00	5.698	0.284	235.3	24.2	37.0	1.0	30.0
18/8/2009	21:19:00	5.05	0.166	236.12	21.4	37.0	2.0	17.0
21/8/2009	20:39:00	5.912	0.394	236.19	25.0	74.0	1.0	18.0
21/8/2009	20:40:00	5.274	0.402	236.69	22.6	65.0	1.0	18.0
21/8/2009	20:44:00	5.85	0.382	235.11	24.8	74.0	1.0	17.0
21/8/2009	20:45:00	5.834	0.38	234.95	24.8	74.0	2.0	18.0
21/8/2009	20:46:00	5.8	0.376	234.33	24.8	73.0	1.0	17.0
21/8/2009	20:47:00	5.804	0.378	234.38	24.8	73.0	1.0	18.0
21/8/2009	20:48:00	5.804	0.376	234.5	24.8	73.0	1.0	17.0
22/8/2009	13:11:00	5.898	0.344	235.62	25.0	37.0	37.0	18.0
22/8/2009	13:12:00	5.898	0.35	236.27	25.0	37.0	37.0	17.0
22/8/2009	13:13:00	5.88	0.348	236.03	24.8	36.0	37.0	18.0
22/8/2009	18:08:00	5.086	0.86	236.86	21.8	38.0	1.0	31.0
22/8/2009	18:24:00	5.27	0.906	236.71	22.8	38.0	1.0	17.0
22/8/2009	19:08:00	6.07	0.644	237.02	26.0	38.0	16.0	30.0
22/8/2009	19:09:00	7.696	0.618	235.25	33.0	37.0	37.0	29.0
22/8/2009	19:10:00	6.884	0.538	236.15	29.6	38.0	38.0	21.0
22/8/2009	19:11:00	6.922	0.51	236.13	29.6	37.0	37.0	18.0
22/8/2009	19:12:00	5.736	0.528	237.78	25.0	38.0	19.0	18.0
26/8/2009	20:37:00	6.95	0.342	235.67	29.4	38.0	38.0	18.0
26/8/2009	20:38:00	7.056	0.308	236.35	29.8	38.0	39.0	18.0
26/8/2009	20:39:00	6.266	0.276	237.32	26.8	38.0	26.0	19.0
26/8/2009	20:55:00	5.006	0.378	237.5	21.0	38.0	3.0	18.0
26/8/2009	21:01:00	5.298	0.612	236.59	22.4	37.0	6.0	18.0
26/8/2009	21:02:00	5.53	0.674	236.14	23.6	38.0	3.0	24.0
26/8/2009	21:06:00	5.656	0.54	236.09	24.0	38.0	2.0	29.0
26/8/2009	21:07:00	5.46	0.498	236.28	23.2	38.0	1.0	27.0
30/8/2009	15:31:00	6.178	0.412	235.22	26.2	74.0	0.0	18.0
30/8/2009	15:32:00	6.138	0.342	236.13	26.0	75.0	0.0	18.0
30/8/2009	15:33:00	6.412	0.402	236.16	27.2	74.0	0.0	22.0
30/8/2009	15:34:00	6.832	0.74	235.43	29.2	74.0	0.0	28.0
30/8/2009	15:35:00	6.79	0.468	235.76	28.8	74.0	0.0	29.0
30/8/2009	15:36:00	6.786	0.46	235.2	28.8	73.0	0.0	29.0
30/8/2009	15:37:00	6.93	0.638	234.5	29.6	73.0	0.0	29.0
30/8/2009	15:38:00	6.832	0.614	234.36	29.2	73.0	0.0	28.0
30/8/2009	15:39:00	6.242	0.51	234.84	26.6	73.0	0.0	18.0
5/9/2009	11:50:00	5.844	0.286	233.76	25.0	73.0	0.0	17.0
5/9/2009	11:51:00	5.824	0.284	233.51	24.8	73.0	0.0	17.0
5/9/2009	11:52:00	5.806	0.284	233.17	24.8	72.0	0.0	18.0
5/9/2009	11:53:00	5.806	0.284	233.24	24.8	73.0	0.0	17.0
5/9/2009	11:54:00	5.706	0.288	234.12	24.4	72.0	0.0	17.0
5/9/2009	11:58:00	5.862	0.402	232.56	25.2	72.0	0.0	18.0
5/9/2009	11:59:00	5.854	0.402	232.56	25.2	72.0	0.0	17.0
5/9/2009	12:00:00	5.84	0.4	232.29	25.2	72.0	0.0	17.0
5/9/2009	14:28:00	5.06	0.542	234.26	21.6	36.0	0.0	18.0
7/9/2009	06:59:00	5.354	0.364	236.65	22.8	0.0	2.0	29.0
7/9/2009	19:54:00	5.33	0.47	239.35	22.4	52.0	0.0	0.0
7/9/2009	19:59:00	5.39	0.466	240.03	22.6	52.0	0.0	0.0
7/9/2009	20:58:00	5.188	0.21	234.85	22.0	37.0	1.0	17.0
7/9/2009	20:59:00	5.476	0.196	234.91	23.2	36.0	1.0	18.0
7/9/2009	21:00:00	5.504	0.198	235.76	23.2	37.0	1.0	17.0
7/9/2009	21:01:00	5.508	0.2	235.92	23.2	37.0	1.0	18.0
7/9/2009	21:02:00	5.528	0.202	236.42	23.4	37.0	2.0	18.0
7/9/2009	21:03:00	5.742	0.196	236.02	24.2	37.0	1.0	17.0
7/9/2009	21:04:00	5.404	0.184	236.33	22.8	37.0	1.0	18.0
7/9/2009	21:05:00	5.616	0.19	235.72	23.8	37.0	1.0	18.0
7/9/2009	21:06:00	6.746	0.388	234.69	29.0	37.0	1.0	17.0
7/9/2009	21:07:00	6.37	0.196	234.64	27.4	36.0	1.0	18.0
7/9/2009	21:08:00	5.192	0.07	235.95	22.2	30.0	2.0	17.0
10/9/2009	21:45:00	5.298	0.336	236.5	22.4	37.0	1.0	10.0
10/9/2009	21:46:00	5.39	0.346	235.86	22.8	37.0	2.0	11.0
12/9/2009	15:57:00	5.076	0.224	238.3	21.2	38.0	38.0	0.0
12/9/2009	15:58:00	5.11	0.222	237.94	21.4	37.0	38.0	1.0
12/9/2009	15:59:00	5.114	0.226	238.28	21.4	38.0	38.0	1.0
12/9/2009	16:00:00	5.112	0.226	238.19	21.4	37.0	37.0	0.0
12/9/2009	16:01:00	5.112	0.226	238.13	21.4	38.0	38.0	1.0
12/9/2009	16:02:00	5.136	0.224	238.19	21.4	37.0	38.0	0.0
12/9/2009	16:03:00	5.118	0.224	237.9	21.4	37.0	38.0	1.0
12/9/2009	16:04:00	5.062	0.182	238.61	21.2	38.0	38.0	1.0
12/9/2009	19:25:00	5.254	0.79	236.11	22.4	38.0	0.0	18.0
12/9/2009	21:19:00	5.26	0.422	237.39	22.2	44.0	0.0	18.0
12/9/2009	21:20:00	5.254	0.416	237.26	22.2	44.0	0.0	18.0
12/9/2009	21:21:00	5.232	0.41	236.7	22.0	43.0	0.0	17.0
12/9/2009	21:22:00	5.222	0.406	236.57	22.0	44.0	0.0	18.0
12/9/2009	21:23:00	5.216	0.402	236.53	22.0	44.0	0.0	18.0
12/9/2009	21:24:00	5.216	0.4	236.56	22.0	43.0	0.0	18.0
12/9/2009	21:25:00	5.2	0.396	236.18	22.0	44.0	0.0	17.0
12/9/2009	21:26:00	5.198	0.396	236.22	22.0	43.0	0.0	18.0
12/9/2009	21:27:00	5.194	0.384	236.34	22.0	44.0	0.0	18.0
12/9/2009	21:28:00	5.124	0.268	236.69	21.6	44.0	0.0	18.0
12/9/2009	21:29:00	5.06	0.262	235.11	21.4	43.0	0.0	17.0
12/9/2009	21:30:00	5.074	0.264	235.51	21.4	43.0	0.0	18.0
12/9/2009	21:31:00	5.07	0.262	235.39	21.4	43.0	0.0	17.0
12/9/2009	21:32:00	5.086	0.262	235.67	21.6	43.0	0.0	18.0
12/9/2009	21:33:00	5.068	0.262	235.4	21.4	43.0	0.0	18.0
12/9/2009	21:34:00	5.072	0.262	235.45	21.4	44.0	0.0	17.0
12/9/2009	21:35:00	5.108	0.266	236.46	21.6	43.0	0.0	18.0
12/9/2009	21:36:00	5.104	0.264	236.53	21.6	44.0	0.0	18.0
12/9/2009	21:37:00	5.078	0.262	236.27	21.4	43.0	0.0	17.0
12/9/2009	21:38:00	5.158	0.34	236.34	21.8	44.0	0.0	18.0
12/9/2009	21:39:00	5.182	0.388	236.22	22.0	44.0	0.0	18.0
12/9/2009	21:40:00	5.194	0.39	236.6	22.0	43.0	0.0	18.0
12/9/2009	21:41:00	5.18	0.388	236.35	21.8	44.0	0.0	17.0
12/9/2009	21:42:00	5.17	0.388	236.38	21.8	43.0	0.0	18.0
12/9/2009	21:43:00	5.148	0.386	235.92	21.8	44.0	0.0	18.0
12/9/2009	21:44:00	5.11	0.382	234.98	21.8	43.0	0.0	17.0
12/9/2009	21:45:00	5.118	0.382	235.19	21.8	43.0	0.0	18.0
12/9/2009	21:46:00	5.118	0.382	235.25	21.8	43.0	0.0	17.0
12/9/2009	21:47:00	5.118	0.382	235.23	21.8	43.0	0.0	18.0
12/9/2009	21:48:00	5.128	0.384	235.48	21.8	43.0	0.0	18.0
12/9/2009	21:49:00	5.132	0.384	235.62	21.8	43.0	0.0	17.0
12/9/2009	21:50:00	5.136	0.384	235.72	21.8	43.0	0.0	18.0
12/9/2009	21:51:00	5.132	0.384	235.63	21.8	43.0	0.0	17.0
12/9/2009	21:52:00	5.126	0.384	235.53	21.8	43.0	0.0	18.0
12/9/2009	22:41:00	5.372	0.502	236.61	22.8	44.0	2.0	18.0
12/9/2009	22:42:00	5.262	0.502	236.82	22.2	43.0	1.0	19.0
12/9/2009	22:43:00	5.238	0.502	236.3	22.2	44.0	1.0	18.0
12/9/2009	22:47:00	5.08	0.262	236.72	21.4	43.0	0.0	18.0
12/9/2009	22:48:00	5.08	0.262	236.69	21.4	44.0	0.0	18.0
12/9/2009	22:49:00	5.074	0.262	236.54	21.4	43.0	0.0	18.0
12/9/2009	22:50:00	5.076	0.262	236.65	21.4	44.0	0.0	17.0
12/9/2009	22:51:00	5.072	0.262	236.55	21.4	43.0	0.0	18.0
12/9/2009	22:52:00	5.06	0.26	236.2	21.4	44.0	0.0	18.0
12/9/2009	22:53:00	5.062	0.262	236.28	21.4	43.0	0.0	18.0
12/9/2009	22:54:00	5.046	0.26	235.92	21.4	43.0	0.0	17.0
12/9/2009	22:55:00	5.044	0.26	235.86	21.4	44.0	0.0	18.0
12/9/2009	22:56:00	5.13	0.366	235.51	21.8	43.0	0.0	18.0
12/9/2009	22:57:00	5.124	0.384	235.32	21.8	43.0	0.0	17.0
12/9/2009	22:58:00	5.116	0.384	235.32	21.8	43.0	0.0	18.0
12/9/2009	22:59:00	5.11	0.384	235.18	21.6	43.0	0.0	17.0
12/9/2009	23:02:00	5.15	0.388	236.36	21.8	43.0	0.0	18.0
12/9/2009	23:03:00	5.148	0.388	236.25	21.8	44.0	0.0	18.0
12/9/2009	23:04:00	5.14	0.388	236.08	21.8	43.0	0.0	17.0
12/9/2009	23:05:00	5.558	0.476	235.54	23.6	43.0	0.0	25.0
12/9/2009	23:06:00	5.758	0.512	235.42	24.4	43.0	0.0	28.0
12/9/2009	23:07:00	5.742	0.51	235.17	24.4	43.0	0.0	29.0
12/9/2009	23:08:00	5.708	0.51	235.77	24.2	43.0	0.0	29.0
13/9/2009	21:01:00	5.894	0.16	236.77	24.8	1.0	0.0	18.0
13/9/2009	21:02:00	5.656	0.16	236.11	23.8	1.0	0.0	18.0
13/9/2009	21:03:00	5.672	0.164	236.64	23.8	1.0	0.0	18.0
13/9/2009	22:09:00	5.804	0.0	233.75	24.8	36.0	0.0	18.0
13/9/2009	22:10:00	5.816	0.0	234.0	24.8	36.0	0.0	17.0
13/9/2009	22:11:00	5.748	0.0	233.54	24.6	36.0	0.0	17.0
14/9/2009	11:31:00	6.386	0.408	235.48	27.4	37.0	1.0	17.0
14/9/2009	11:32:00	7.344	0.51	234.41	31.6	37.0	2.0	18.0
14/9/2009	11:33:00	6.312	0.544	235.45	28.2	38.0	1.0	17.0
14/9/2009	11:42:00	5.066	0.682	238.07	21.6	39.0	1.0	18.0
14/9/2009	18:54:00	5.036	0.61	236.6	21.6	52.0	1.0	0.0
14/9/2009	21:09:00	5.442	0.58	234.96	24.0	33.0	1.0	1.0
14/9/2009	21:10:00	6.262	0.542	234.41	26.8	50.0	1.0	1.0
14/9/2009	21:11:00	5.922	0.458	234.96	25.4	51.0	1.0	0.0
14/9/2009	21:14:00	5.558	0.372	235.36	23.8	51.0	1.0	0.0
15/9/2009	20:22:00	6.06	0.398	234.29	25.8	35.0	2.0	28.0
15/9/2009	20:23:00	6.058	0.392	235.53	25.8	37.0	1.0	29.0
15/9/2009	20:24:00	5.36	0.158	236.1	22.6	37.0	2.0	18.0
15/9/2009	20:25:00	5.324	0.062	237.11	22.4	38.0	1.0	18.0
15/9/2009	20:26:00	5.402	0.062	237.23	22.6	37.0	1.0	18.0
15/9/2009	20:27:00	5.398	0.066	237.75	22.6	38.0	2.0	18.0
15/9/2009	20:28:00	5.334	0.064	237.56	22.4	37.0	1.0	17.0
15/9/2009	20:29:00	5.324	0.062	237.31	22.4	37.0	2.0	18.0
15/9/2009	20:30:00	5.308	0.062	236.98	22.4	38.0	1.0	18.0
15/9/2009	20:31:00	5.304	0.06	237.01	22.2	37.0	1.0	18.0
15/9/2009	21:39:00	5.084	0.196	238.22	21.4	38.0	0.0	9.0
15/9/2009	21:40:00	5.164	0.208	236.34	21.8	37.0	0.0	11.0
15/9/2009	21:41:00	5.216	0.212	236.99	22.0	37.0	0.0	11.0
15/9/2009	21:42:00	5.196	0.132	237.92	21.8	37.0	0.0	12.0
15/9/2009	21:43:00	5.046	0.064	238.68	21.2	38.0	0.0	10.0
16/9/2009	12:18:00	5.192	0.13	235.62	22.2	0.0	62.0	18.0
16/9/2009	12:19:00	5.67	0.106	235.55	24.0	0.0	73.0	18.0
16/9/2009	12:20:00	5.696	0.126	235.91	24.0	0.0	72.0	17.0
16/9/2009	12:42:00	5.212	0.52	235.64	22.2	0.0	38.0	17.0
18/9/2009	20:54:00	6.526	0.208	234.91	27.8	37.0	1.0	28.0
18/9/2009	20:55:00	6.83	0.274	235.35	29.0	37.0	1.0	28.0
18/9/2009	20:56:00	6.826	0.268	234.89	29.0	37.0	1.0	29.0
18/9/2009	20:57:00	6.718	0.268	235.58	28.4	36.0	2.0	29.0
18/9/2009	20:58:00	5.882	0.14	235.34	25.0	37.0	1.0	18.0
18/9/2009	20:59:00	5.866	0.14	235.47	24.8	37.0	1.0	17.0
18/9/2009	21:00:00	5.88	0.148	236.17	24.8	37.0	1.0	18.0
18/9/2009	21:01:00	5.608	0.152	237.18	23.6	37.0	1.0	18.0
18/9/2009	21:02:00	5.56	0.152	236.73	23.4	37.0	1.0	18.0
18/9/2009	21:03:00	5.582	0.152	236.73	23.6	37.0	2.0	17.0
19/9/2009	13:40:00	5.154	0.206	236.31	22.2	2.0	62.0	18.0
19/9/2009	13:41:00	5.764	0.19	235.55	24.4	1.0	71.0	17.0
19/9/2009	13:42:00	5.762	0.226	235.37	24.4	1.0	72.0	18.0
19/9/2009	13:43:00	5.7	0.218	235.35	24.2	0.0	71.0	18.0
19/9/2009	13:44:00	5.802	0.224	236.27	24.4	2.0	73.0	17.0
19/9/2009	13:45:00	6.652	0.188	234.78	28.6	15.0	71.0	18.0
19/9/2009	13:46:00	7.804	0.188	233.57	33.4	36.0	71.0	17.0
19/9/2009	13:47:00	7.826	0.176	234.22	33.4	37.0	71.0	18.0
19/9/2009	13:48:00	7.812	0.19	233.92	33.4	36.0	72.0	17.0
19/9/2009	13:49:00	7.76	0.17	233.26	33.2	37.0	70.0	17.0
19/9/2009	13:50:00	6.0	0.202	235.13	25.6	36.0	43.0	18.0
19/9/2009	13:51:00	5.754	0.186	235.55	24.4	37.0	36.0	17.0
19/9/2009	13:52:00	5.416	0.226	235.3	23.0	37.0	32.0	18.0
19/9/2009	13:54:00	5.02	0.138	234.2	21.6	36.0	27.0	17.0
19/9/2009	21:49:00	5.03	0.248	237.52	21.2	37.0	2.0	12.0
20/9/2009	01:06:00	5.628	0.198	238.12	23.6	38.0	0.0	26.0
20/9/2009	01:07:00	5.77	0.22	237.56	24.2	37.0	0.0	30.0
20/9/2009	01:08:00	6.754	0.48	236.33	28.8	37.0	0.0	30.0
20/9/2009	01:09:00	6.542	0.394	236.39	27.8	37.0	0.0	20.0
20/9/2009	01:10:00	5.934	0.366	237.16	25.2	37.0	0.0	18.0
20/9/2009	01:11:00	6.038	0.388	236.91	25.6	37.0	0.0	18.0
20/9/2009	01:12:00	5.252	0.422	236.93	22.6	19.0	0.0	18.0
21/9/2009	20:07:00	5.436	0.292	237.41	22.8	38.0	0.0	29.0
21/9/2009	20:08:00	5.53	0.386	237.29	23.2	37.0	0.0	28.0
21/9/2009	20:09:00	5.564	0.41	237.32	23.4	37.0	2.0	30.0
21/9/2009	20:10:00	5.59	0.42	238.03	23.4	38.0	1.0	30.0
21/9/2009	20:11:00	5.242	0.346	238.14	22.0	37.0	2.0	24.0
23/9/2009	21:56:00	5.008	0.334	235.62	21.6	30.0	1.0	18.0
23/9/2009	21:57:00	5.544	0.326	235.04	23.6	37.0	1.0	17.0
23/9/2009	21:58:00	5.562	0.328	235.63	23.6	37.0	2.0	18.0
23/9/2009	21:59:00	5.56	0.328	235.66	23.6	36.0	1.0	18.0
23/9/2009	22:00:00	5.574	0.332	236.16	23.6	37.0	1.0	17.0
23/9/2009	22:01:00	5.392	0.334	236.56	22.8	37.0	1.0	18.0
23/9/2009	22:02:00	5.308	0.334	236.51	22.4	37.0	1.0	18.0
23/9/2009	22:03:00	5.228	0.352	236.02	22.2	37.0	2.0	18.0
24/9/2009	20:12:00	5.636	0.064	235.86	23.8	37.0	0.0	17.0
24/9/2009	20:13:00	5.644	0.0	235.32	24.0	37.0	0.0	18.0
24/9/2009	20:14:00	5.72	0.06	235.56	24.2	36.0	0.0	18.0
24/9/2009	20:15:00	5.794	0.058	235.63	24.6	37.0	0.0	17.0
24/9/2009	20:16:00	5.752	0.062	236.31	24.2	37.0	0.0	18.0
24/9/2009	20:17:00	5.73	0.062	236.24	24.2	37.0	0.0	18.0
24/9/2009	20:18:00	5.71	0.062	235.76	24.2	37.0	0.0	17.0
24/9/2009	20:19:00	5.694	0.064	235.65	24.0	37.0	0.0	18.0
24/9/2009	20:20:00	5.698	0.064	235.79	24.0	37.0	0.0	18.0
24/9/2009	20:21:00	5.71	0.064	236.09	24.2	37.0	0.0	17.0
24/9/2009	20:22:00	5.25	0.07	236.06	22.4	30.0	0.0	18.0
27/9/2009	20:28:00	5.604	0.638	234.64	24.0	0.0	35.0	0.0
27/9/2009	20:29:00	5.258	0.602	235.57	22.6	0.0	32.0	1.0
27/9/2009	21:22:00	5.284	0.19	237.39	22.2	2.0	0.0	18.0
27/9/2009	21:23:00	5.298	0.222	237.52	22.2	1.0	0.0	18.0
1/10/2009	21:27:00	5.29	0.356	236.09	22.4	35.0	0.0	17.0
1/10/2009	21:28:00	5.406	0.394	236.35	22.8	37.0	0.0	18.0
1/10/2009	21:29:00	5.376	0.304	237.04	22.6	38.0	0.0	18.0
1/10/2009	21:30:00	5.378	0.304	237.23	22.6	37.0	0.0	18.0
1/10/2009	21:31:00	5.38	0.31	237.33	22.6	37.0	0.0	18.0
1/10/2009	21:32:00	5.372	0.32	237.3	22.6	38.0	0.0	17.0
1/10/2009	21:33:00	5.142	0.052	237.67	21.6	37.0	0.0	18.0
1/10/2009	21:34:00	5.098	0.0	237.69	21.4	38.0	0.0	18.0
1/10/2009	21:35:00	5.104	0.0	237.92	21.4	37.0	0.0	18.0
1/10/2009	21:36:00	5.118	0.0	238.39	21.4	38.0	0.0	18.0
3/10/2009	17:23:00	5.594	0.314	235.5	24.0	26.0	37.0	18.0
4/10/2009	13:51:00	5.422	0.346	236.25	23.2	29.0	37.0	18.0
4/10/2009	13:52:00	6.332	0.454	235.0	27.0	37.0	36.0	27.0
4/10/2009	13:53:00	6.242	0.338	234.14	26.6	36.0	36.0	28.0
4/10/2009	13:54:00	6.202	0.308	232.79	26.6	37.0	36.0	28.0
4/10/2009	13:55:00	6.174	0.318	231.66	26.6	35.0	35.0	28.0
4/10/2009	13:56:00	6.002	0.27	231.54	25.8	36.0	36.0	27.0
4/10/2009	13:57:00	5.556	0.202	232.87	23.8	36.0	36.0	17.0
4/10/2009	13:58:00	5.54	0.184	232.65	23.8	36.0	35.0	17.0
4/10/2009	13:59:00	5.514	0.198	231.98	23.6	36.0	36.0	17.0
4/10/2009	14:00:00	5.492	0.18	231.61	23.6	35.0	35.0	17.0
4/10/2009	14:01:00	5.062	0.202	232.37	21.8	36.0	29.0	17.0
4/10/2009	20:21:00	5.108	0.116	232.3	22.0	36.0	0.0	17.0
4/10/2009	20:22:00	5.148	0.116	232.34	22.0	36.0	0.0	17.0
4/10/2009	20:23:00	5.298	0.114	232.64	22.6	36.0	0.0	17.0
4/10/2009	20:24:00	5.346	0.116	232.85	22.8	36.0	0.0	17.0
4/10/2009	20:25:00	5.302	0.118	233.36	22.6	36.0	0.0	18.0
4/10/2009	20:26:00	5.282	0.116	233.35	22.6	36.0	0.0	17.0
6/10/2009	06:49:00	5.036	0.124	234.72	21.6	0.0	0.0	18.0
7/10/2009	08:20:00	5.682	0.202	234.69	24.2	0.0	0.0	29.0
7/10/2009	19:36:00	5.242	0.284	232.75	22.6	0.0	35.0	1.0
7/10/2009	19:38:00	5.002	0.218	232.9	21.6	0.0	31.0	0.0
7/10/2009	20:00:00	5.058	0.232	233.38	21.8	36.0	26.0	1.0
7/10/2009	20:14:00	5.306	0.182	236.64	22.4	37.0	2.0	18.0
7/10/2009	20:15:00	5.754	0.332	236.41	24.4	37.0	1.0	17.0
7/10/2009	20:16:00	6.284	0.308	235.89	26.8	37.0	2.0	18.0
7/10/2009	20:17:00	5.736	0.306	237.11	24.2	37.0	1.0	18.0
7/10/2009	20:18:00	5.14	0.282	237.56	21.6	37.0	2.0	18.0
7/10/2009	20:19:00	5.266	0.252	237.64	22.2	37.0	1.0	18.0
8/10/2009	06:58:00	5.026	0.156	237.2	21.2	0.0	0.0	18.0
10/10/2009	15:00:00	5.412	0.534	234.68	24.0	49.0	0.0	28.0
10/10/2009	15:01:00	6.658	0.564	232.86	28.6	73.0	0.0	29.0
10/10/2009	15:02:00	5.814	0.52	233.3	25.4	59.0	0.0	28.0
10/10/2009	19:30:00	5.388	0.41	231.53	23.2	36.0	0.0	17.0
10/10/2009	19:31:00	5.386	0.408	231.5	23.2	37.0	0.0	18.0
10/10/2009	19:32:00	5.572	0.398	229.81	24.2	35.0	0.0	17.0
10/10/2009	19:33:00	5.642	0.398	230.74	24.4	36.0	0.0	17.0
10/10/2009	19:38:00	5.03	0.316	231.39	22.0	25.0	0.0	18.0
10/10/2009	21:06:00	5.02	0.23	235.46	21.4	37.0	2.0	24.0
10/10/2009	21:07:00	5.176	0.276	235.19	22.0	37.0	1.0	29.0
10/10/2009	22:18:00	5.09	0.092	237.76	21.4	37.0	0.0	18.0
10/10/2009	22:19:00	5.292	0.096	237.42	22.2	38.0	0.0	18.0
10/10/2009	22:20:00	5.462	0.096	237.74	23.0	37.0	0.0	18.0
10/10/2009	22:21:00	5.112	0.098	238.46	21.4	37.0	0.0	18.0
11/10/2009	09:42:00	5.108	0.09	239.02	21.2	0.0	39.0	18.0
11/10/2009	09:43:00	5.114	0.088	239.23	21.2	0.0	38.0	18.0
11/10/2009	10:51:00	5.276	0.196	234.18	22.8	0.0	64.0	18.0
11/10/2009	10:52:00	5.71	0.2	233.18	24.4	0.0	72.0	17.0
11/10/2009	10:53:00	5.708	0.196	233.31	24.4	0.0	72.0	17.0
11/10/2009	10:54:00	5.716	0.202	233.57	24.4	0.0	72.0	17.0
11/10/2009	10:55:00	5.752	0.198	234.39	24.4	0.0	73.0	18.0
11/10/2009	10:56:00	5.726	0.196	233.48	24.4	0.0	72.0	17.0
11/10/2009	10:57:00	5.7	0.188	233.06	24.4	0.0	72.0	17.0
11/10/2009	10:58:00	5.7	0.17	233.43	24.4	0.0	73.0	18.0
11/10/2009	10:59:00	5.674	0.07	234.45	24.2	0.0	73.0	17.0
11/10/2009	11:00:00	5.478	0.122	235.48	23.4	0.0	70.0	18.0
11/10/2009	11:20:00	5.798	0.592	236.0	24.8	39.0	28.0	18.0
11/10/2009	11:21:00	6.492	0.556	234.92	27.6	37.0	41.0	18.0
11/10/2009	11:22:00	5.524	0.588	235.62	23.6	37.0	25.0	17.0
11/10/2009	11:23:00	5.914	0.524	234.34	25.4	38.0	31.0	18.0
11/10/2009	11:24:00	5.722	0.406	234.08	24.6	37.0	31.0	17.0
11/10/2009	11:25:00	5.224	0.4	235.05	22.2	37.0	20.0	18.0
11/10/2009	11:26:00	6.1	0.4	233.59	26.0	37.0	36.0	17.0
11/10/2009	11:27:00	5.406	0.394	234.62	23.2	37.0	25.0	17.0
11/10/2009	11:28:00	5.544	0.41	234.46	23.8	37.0	26.0	18.0
11/10/2009	11:29:00	5.646	0.396	235.17	24.2	38.0	28.0	18.0
11/10/2009	11:30:00	5.366	0.418	235.46	22.8	37.0	22.0	17.0
11/10/2009	11:31:00	5.404	0.396	235.22	23.0	38.0	25.0	18.0
11/10/2009	11:32:00	5.556	0.406	234.22	23.8	37.0	26.0	17.0
11/10/2009	11:33:00	5.29	0.388	233.94	23.0	35.0	27.0	17.0
11/10/2009	11:38:00	5.524	0.406	234.39	23.6	37.0	25.0	18.0
11/10/2009	12:21:00	5.288	0.586	235.29	22.8	38.0	0.0	28.0
11/10/2009	12:22:00	5.738	0.622	234.71	24.8	37.0	0.0	29.0
11/10/2009	12:23:00	5.73	0.622	234.79	24.6	37.0	0.0	29.0
11/10/2009	12:24:00	5.48	0.516	234.82	23.6	38.0	0.0	22.0
11/10/2009	13:31:00	5.074	0.222	237.97	21.6	38.0	20.0	18.0
11/10/2009	13:34:00	5.858	0.196	236.98	24.6	1.0	72.0	18.0
11/10/2009	13:35:00	5.378	0.256	236.32	23.0	1.0	65.0	17.0
11/10/2009	13:36:00	5.95	0.338	237.37	25.0	1.0	74.0	18.0
11/10/2009	13:37:00	5.888	0.36	236.83	24.8	1.0	73.0	18.0
11/10/2009	13:38:00	5.228	0.358	237.35	22.4	1.0	64.0	18.0
11/10/2009	13:43:00	5.898	0.362	236.56	24.8	37.0	38.0	18.0
11/10/2009	13:44:00	5.792	0.324	235.8	24.6	37.0	37.0	18.0
11/10/2009	13:48:00	5.796	0.344	235.01	24.8	37.0	27.0	29.0
11/10/2009	13:49:00	5.722	0.354	233.89	24.6	36.0	25.0	29.0
11/10/2009	13:50:00	6.152	0.288	232.74	26.4	36.0	37.0	26.0
11/10/2009	13:52:00	5.468	0.184	234.85	23.4	36.0	32.0	18.0
11/10/2009	13:53:00	5.216	0.176	234.25	22.4	37.0	29.0	17.0
11/10/2009	19:13:00	5.482	0.41	235.74	23.2	37.0	35.0	0.0
11/10/2009	19:14:00	5.182	0.386	235.3	22.0	38.0	35.0	1.0
11/10/2009	19:15:00	5.352	0.278	234.88	22.8	37.0	35.0	0.0
11/10/2009	19:16:00	5.872	0.3	234.27	25.0	37.0	35.0	1.0
11/10/2009	19:17:00	5.936	0.282	234.36	25.2	37.0	35.0	1.0
11/10/2009	19:18:00	5.828	0.334	234.85	24.8	38.0	35.0	2.0
11/10/2009	19:19:00	6.302	0.418	234.22	26.8	37.0	35.0	11.0
11/10/2009	19:20:00	6.35	0.436	234.5	27.0	37.0	35.0	11.0
11/10/2009	19:21:00	6.324	0.408	233.46	27.0	37.0	34.0	12.0
11/10/2009	19:26:00	5.602	0.38	234.26	24.0	33.0	35.0	1.0
11/10/2009	19:28:00	5.056	0.402	234.77	21.8	29.0	31.0	1.0
11/10/2009	19:33:00	5.366	0.616	233.57	23.0	37.0	35.0	1.0
11/10/2009	22:22:00	5.6	0.08	236.3	23.6	0.0	0.0	18.0
14/10/2009	06:56:00	5.246	0.214	234.8	22.4	0.0	0.0	18.0
14/10/2009	06:57:00	5.24	0.092	234.65	22.4	0.0	0.0	17.0
15/10/2009	19:30:00	5.246	0.57	230.84	22.8	36.0	0.0	1.0
15/10/2009	20:35:00	5.266	0.08	236.49	22.2	37.0	1.0	18.0
15/10/2009	20:36:00	5.224	0.0	236.53	22.0	38.0	1.0	18.0
15/10/2009	20:37:00	5.156	0.0	235.85	21.8	37.0	0.0	17.0
15/10/2009	20:38:00	5.172	0.0	236.21	21.8	37.0	0.0	18.0
15/10/2009	20:39:00	5.156	0.0	236.74	21.8	37.0	0.0	18.0
15/10/2009	20:40:00	5.15	0.0	236.17	21.8	37.0	0.0	18.0
15/10/2009	20:41:00	5.194	0.092	235.87	22.0	37.0	0.0	17.0
15/10/2009	20:42:00	5.146	0.09	234.63	21.8	37.0	0.0	18.0
15/10/2009	20:43:00	5.164	0.09	235.32	21.8	36.0	0.0	17.0
15/10/2009	20:44:00	5.154	0.09	235.21	21.8	37.0	0.0	18.0
16/10/2009	08:44:00	5.082	0.212	235.72	21.4	0.0	0.0	28.0
17/10/2009	14:31:00	5.374	0.44	235.32	22.8	38.0	34.0	1.0
17/10/2009	14:34:00	5.006	0.442	234.48	21.6	32.0	35.0	1.0
17/10/2009	14:37:00	5.568	0.558	234.63	24.0	2.0	63.0	11.0
17/10/2009	14:38:00	6.084	0.568	234.55	26.0	1.0	72.0	11.0
17/10/2009	14:39:00	7.364	0.546	233.49	31.8	22.0	70.0	12.0
17/10/2009	14:40:00	8.126	0.456	233.53	34.8	37.0	71.0	11.0
17/10/2009	14:41:00	7.436	0.454	234.36	32.0	28.0	71.0	12.0
17/10/2009	14:42:00	5.622	0.404	236.86	23.8	2.0	73.0	6.0
17/10/2009	14:43:00	5.23	0.208	237.06	22.0	1.0	73.0	1.0
17/10/2009	14:44:00	5.224	0.202	237.08	22.0	1.0	73.0	1.0
17/10/2009	14:45:00	5.08	0.102	235.23	21.6	0.0	72.0	0.0
17/10/2009	14:47:00	5.102	0.096	233.22	22.2	0.0	58.0	15.0
17/10/2009	14:49:00	5.23	0.096	234.24	22.6	0.0	56.0	18.0
17/10/2009	16:06:00	6.236	0.434	236.8	26.4	38.0	36.0	18.0
17/10/2009	16:07:00	5.648	0.458	237.25	24.2	30.0	35.0	18.0
17/10/2009	16:12:00	5.738	0.43	237.69	24.4	28.0	35.0	18.0
17/10/2009	16:13:00	6.202	0.444	236.62	26.2	38.0	36.0	18.0
17/10/2009	16:14:00	5.23	0.4	237.68	22.4	23.0	36.0	18.0
17/10/2009	16:19:00	5.772	0.276	237.92	24.4	31.0	36.0	18.0
17/10/2009	16:20:00	6.028	0.206	239.01	25.2	38.0	35.0	19.0
17/10/2009	16:26:00	5.524	0.202	237.26	23.4	36.0	28.0	18.0
17/10/2009	16:27:00	5.422	0.22	237.33	22.8	38.0	21.0	18.0
17/10/2009	16:30:00	5.268	0.212	239.17	22.0	38.0	23.0	19.0
17/10/2009	16:31:00	6.014	0.218	238.24	25.2	39.0	36.0	18.0
17/10/2009	16:32:00	5.126	0.3	238.56	21.6	38.0	21.0	18.0
17/10/2009	16:36:00	5.676	0.336	237.5	24.0	38.0	28.0	18.0
17/10/2009	16:37:00	5.294	0.352	237.83	22.4	38.0	21.0	18.0
17/10/2009	16:38:00	6.092	0.328	236.86	25.6	38.0	36.0	18.0
17/10/2009	16:39:00	5.118	0.35	237.64	21.6	39.0	20.0	18.0
17/10/2009	16:40:00	5.8	0.494	236.13	24.6	37.0	30.0	18.0
17/10/2009	16:45:00	6.144	0.6	235.38	26.2	37.0	36.0	17.0
17/10/2009	16:46:00	5.1	0.616	237.37	21.6	38.0	16.0	18.0
17/10/2009	16:47:00	5.612	0.618	237.04	24.2	33.0	32.0	18.0
17/10/2009	16:49:00	5.778	0.584	236.7	24.8	31.0	34.0	18.0
17/10/2009	16:50:00	5.078	0.508	237.74	21.4	38.0	18.0	18.0
17/10/2009	16:51:00	5.85	0.518	236.7	24.8	39.0	29.0	18.0
17/10/2009	16:52:00	5.078	0.51	237.13	21.4	39.0	17.0	18.0
17/10/2009	16:53:00	5.882	0.374	236.11	25.0	39.0	32.0	17.0
17/10/2009	16:55:00	5.392	0.344	237.13	23.2	38.0	27.0	18.0
17/10/2009	17:01:00	5.464	0.594	233.89	23.8	39.0	24.0	17.0
17/10/2009	17:12:00	5.452	0.704	232.54	24.2	52.0	5.0	17.0
17/10/2009	17:13:00	6.284	0.65	232.56	27.0	72.0	1.0	18.0
17/10/2009	17:14:00	6.296	0.654	232.55	27.2	72.0	2.0	17.0
17/10/2009	17:15:00	6.276	0.65	232.56	27.0	72.0	2.0	17.0
17/10/2009	17:16:00	6.3	0.654	232.62	27.2	73.0	1.0	17.0
17/10/2009	17:17:00	6.244	0.644	232.01	27.0	71.0	2.0	17.0
17/10/2009	17:21:00	5.688	0.524	231.72	24.8	63.0	1.0	17.0
17/10/2009	17:22:00	5.27	0.53	231.93	23.2	58.0	2.0	17.0
17/10/2009	21:04:00	5.244	0.142	237.48	22.0	39.0	1.0	18.0
17/10/2009	21:05:00	5.242	0.226	237.07	22.0	38.0	2.0	18.0
17/10/2009	21:06:00	5.304	0.304	237.14	22.4	38.0	1.0	17.0
17/10/2009	21:07:00	5.402	0.412	237.15	22.8	38.0	1.0	18.0
17/10/2009	21:08:00	5.4	0.406	237.19	22.8	38.0	1.0	18.0
17/10/2009	21:09:00	5.376	0.4	236.69	22.6	38.0	1.0	18.0
17/10/2009	21:10:00	5.38	0.396	236.83	22.6	38.0	1.0	18.0
17/10/2009	21:11:00	5.412	0.428	236.68	22.8	38.0	2.0	18.0
17/10/2009	21:12:00	5.524	0.516	236.63	23.4	38.0	1.0	17.0
17/10/2009	21:13:00	5.556	0.512	236.61	23.6	38.0	1.0	18.0
17/10/2009	21:14:00	5.794	0.506	236.13	24.6	38.0	1.0	18.0
17/10/2009	21:15:00	5.774	0.502	235.86	24.4	38.0	1.0	18.0
17/10/2009	21:16:00	5.572	0.612	236.13	23.6	38.0	1.0	17.0
17/10/2009	21:17:00	5.388	0.508	237.02	22.8	38.0	2.0	18.0
17/10/2009	21:18:00	5.384	0.508	237.18	22.8	38.0	1.0	18.0
17/10/2009	21:19:00	5.844	0.518	236.86	24.6	38.0	1.0	18.0
17/10/2009	21:20:00	5.684	0.526	237.65	24.0	36.0	1.0	18.0
20/10/2009	19:26:00	5.028	0.314	237.55	21.2	38.0	0.0	1.0
20/10/2009	19:27:00	5.032	0.316	238.34	21.0	37.0	0.0	1.0
20/10/2009	19:28:00	5.022	0.314	238.14	21.0	38.0	0.0	0.0
20/10/2009	19:29:00	5.076	0.28	237.38	21.4	37.0	0.0	1.0
20/10/2009	19:30:00	5.124	0.26	237.14	21.6	38.0	0.0	1.0
21/10/2009	13:50:00	5.17	0.15	237.64	21.8	0.0	31.0	1.0
21/10/2009	17:39:00	5.006	0.274	238.74	21.0	0.0	31.0	29.0
22/10/2009	06:43:00	5.146	0.066	240.35	21.6	0.0	0.0	18.0
23/10/2009	15:00:00	6.524	0.254	236.36	27.6	39.0	0.0	18.0
23/10/2009	15:01:00	6.5	0.256	236.01	27.4	39.0	0.0	17.0
23/10/2009	15:02:00	6.514	0.252	236.35	27.4	39.0	0.0	18.0
23/10/2009	15:03:00	5.466	0.3	237.61	23.6	39.0	0.0	18.0
23/10/2009	15:10:00	6.186	0.402	237.28	26.0	73.0	0.0	18.0
23/10/2009	15:11:00	6.228	0.4	237.1	26.2	75.0	0.0	18.0
23/10/2009	15:12:00	5.938	0.34	236.64	25.2	72.0	0.0	18.0
23/10/2009	15:15:00	7.024	0.342	236.02	30.0	43.0	0.0	18.0
23/10/2009	15:16:00	8.708	0.32	234.91	37.0	74.0	0.0	17.0
23/10/2009	15:17:00	8.126	0.344	235.69	34.8	74.0	0.0	22.0
23/10/2009	15:18:00	6.736	0.416	236.97	28.4	75.0	0.0	27.0
23/10/2009	15:19:00	5.522	0.632	238.23	23.6	42.0	0.0	29.0
23/10/2009	15:20:00	5.376	0.694	238.31	23.0	39.0	0.0	28.0
23/10/2009	15:22:00	5.496	0.398	238.67	23.4	62.0	1.0	18.0
23/10/2009	15:56:00	5.194	0.626	241.23	23.4	30.0	1.0	19.0
23/10/2009	15:57:00	5.468	0.496	240.68	23.2	40.0	1.0	18.0
23/10/2009	16:29:00	6.056	0.25	239.06	25.2	76.0	0.0	18.0
23/10/2009	16:30:00	5.932	0.254	239.48	24.8	75.0	0.0	18.0
23/10/2009	16:35:00	5.168	0.25	238.01	22.2	60.0	0.0	18.0
23/10/2009	16:36:00	5.882	0.14	237.03	24.8	75.0	0.0	18.0
23/10/2009	16:37:00	5.386	0.118	237.97	22.8	68.0	0.0	18.0
24/10/2009	12:22:00	5.378	0.656	234.31	23.2	37.0	1.0	17.0
24/10/2009	12:23:00	5.426	0.628	233.42	23.6	37.0	1.0	17.0
24/10/2009	12:51:00	5.438	0.508	236.29	23.0	38.0	0.0	18.0
24/10/2009	12:52:00	5.416	0.486	236.72	23.0	38.0	0.0	18.0
24/10/2009	12:53:00	5.388	0.46	237.0	22.8	38.0	0.0	18.0
24/10/2009	12:57:00	5.038	0.436	238.83	21.2	38.0	0.0	18.0
24/10/2009	12:58:00	5.38	0.378	238.14	22.6	38.0	0.0	18.0
24/10/2009	18:17:00	5.696	0.136	231.87	24.4	37.0	0.0	17.0
24/10/2009	18:18:00	5.664	0.134	231.41	24.4	36.0	0.0	18.0
24/10/2009	18:19:00	5.656	0.132	231.39	24.4	36.0	0.0	17.0
24/10/2009	18:20:00	5.66	0.132	231.71	24.4	37.0	0.0	17.0
24/10/2009	18:21:00	5.69	0.134	232.49	24.4	36.0	0.0	17.0
24/10/2009	18:22:00	5.69	0.134	232.59	24.4	37.0	0.0	18.0
24/10/2009	18:23:00	5.628	0.132	232.28	24.2	36.0	0.0	17.0
24/10/2009	18:24:00	5.592	0.13	231.76	24.0	37.0	0.0	17.0
24/10/2009	18:25:00	5.752	0.248	231.63	24.8	36.0	0.0	17.0
24/10/2009	18:26:00	5.752	0.25	231.93	24.8	36.0	0.0	17.0
24/10/2009	18:27:00	5.726	0.248	231.46	24.6	37.0	0.0	17.0
24/10/2009	18:28:00	5.014	0.254	232.02	22.0	25.0	0.0	17.0
24/10/2009	18:32:00	5.35	0.256	232.87	23.2	28.0	0.0	17.0
24/10/2009	18:33:00	5.71	0.248	231.42	24.6	36.0	0.0	17.0
24/10/2009	18:34:00	5.67	0.244	230.51	24.6	36.0	0.0	17.0
24/10/2009	18:35:00	5.646	0.242	229.94	24.4	36.0	0.0	17.0
24/10/2009	18:36:00	5.626	0.24	229.52	24.4	36.0	0.0	17.0
24/10/2009	18:41:00	5.728	0.248	231.92	24.6	37.0	0.0	17.0
24/10/2009	18:42:00	5.726	0.248	231.82	24.6	36.0	0.0	17.0
24/10/2009	18:47:00	5.642	0.126	231.89	24.2	36.0	0.0	17.0
24/10/2009	18:48:00	5.648	0.126	231.8	24.2	37.0	0.0	17.0
24/10/2009	18:52:00	5.732	0.264	233.38	24.8	25.0	0.0	27.0
24/10/2009	18:53:00	5.162	0.238	233.07	22.6	19.0	0.0	28.0
24/10/2009	20:39:00	5.094	0.0	234.33	21.6	38.0	0.0	18.0
24/10/2009	20:40:00	5.084	0.0	234.7	21.6	37.0	0.0	17.0
24/10/2009	20:41:00	5.09	0.0	234.78	21.6	37.0	0.0	18.0
24/10/2009	20:42:00	5.108	0.0	235.68	21.6	38.0	0.0	17.0
24/10/2009	20:43:00	5.156	0.084	235.57	21.8	37.0	0.0	18.0
24/10/2009	20:44:00	5.116	0.086	235.79	21.6	38.0	0.0	18.0
24/10/2009	20:45:00	5.406	0.172	235.51	22.8	38.0	0.0	17.0
24/10/2009	20:46:00	5.272	0.204	234.08	22.4	37.0	0.0	18.0
24/10/2009	20:47:00	5.004	0.206	233.19	21.4	36.0	0.0	17.0
24/10/2009	20:49:00	5.25	0.2	232.64	22.4	37.0	0.0	17.0
25/10/2009	11:25:00	5.13	0.0	236.09	22.0	0.0	64.0	18.0
25/10/2009	11:26:00	5.604	0.0	235.11	23.8	0.0	71.0	17.0
25/10/2009	11:27:00	5.636	0.0	235.99	23.8	0.0	72.0	18.0
25/10/2009	11:28:00	5.642	0.0	235.95	23.8	0.0	72.0	18.0
25/10/2009	11:29:00	5.63	0.0	235.96	23.8	0.0	72.0	17.0
25/10/2009	11:30:00	5.638	0.0	235.71	23.8	0.0	72.0	18.0
25/10/2009	11:31:00	5.648	0.0	235.87	23.8	0.0	72.0	18.0
25/10/2009	11:32:00	5.674	0.0	236.22	24.0	0.0	73.0	17.0
25/10/2009	11:33:00	5.634	0.046	235.57	23.8	0.0	72.0	18.0
25/10/2009	11:34:00	5.6	0.0	234.55	23.8	0.0	72.0	17.0
25/10/2009	11:35:00	5.602	0.05	234.84	23.8	0.0	71.0	18.0
25/10/2009	11:36:00	5.432	0.0	235.32	23.0	0.0	70.0	18.0
25/10/2009	12:31:00	6.34	0.244	233.4	27.2	0.0	71.0	27.0
25/10/2009	12:32:00	6.382	0.248	233.67	27.2	0.0	70.0	28.0
25/10/2009	12:33:00	6.444	0.274	233.75	27.6	0.0	71.0	28.0
25/10/2009	12:34:00	6.528	0.362	234.58	27.8	0.0	72.0	29.0
25/10/2009	12:35:00	6.586	0.33	234.63	28.0	0.0	71.0	29.0
25/10/2009	12:36:00	6.224	0.258	235.16	26.4	0.0	72.0	22.0
25/10/2009	12:37:00	5.94	0.178	234.75	25.2	0.0	72.0	18.0
25/10/2009	12:38:00	6.036	0.144	234.33	25.6	0.0	71.0	17.0
25/10/2009	12:39:00	5.264	0.236	235.31	22.8	0.0	60.0	18.0
25/10/2009	18:02:00	5.152	0.232	235.66	21.8	37.0	1.0	18.0
25/10/2009	18:03:00	5.156	0.234	235.85	21.8	37.0	2.0	17.0
25/10/2009	18:04:00	5.156	0.234	235.94	21.8	37.0	1.0	18.0
25/10/2009	18:05:00	5.13	0.232	235.43	21.8	36.0	1.0	17.0
25/10/2009	18:06:00	5.118	0.23	235.12	21.8	37.0	2.0	18.0
25/10/2009	18:07:00	5.112	0.212	235.26	21.6	37.0	1.0	18.0
25/10/2009	18:08:00	5.064	0.142	234.74	21.6	36.0	1.0	17.0
25/10/2009	18:09:00	5.266	0.248	234.25	22.4	36.0	1.0	20.0
25/10/2009	18:10:00	5.624	0.326	233.18	24.0	36.0	2.0	28.0
25/10/2009	18:11:00	5.674	0.332	233.86	24.2	36.0	1.0	28.0
25/10/2009	18:12:00	5.634	0.32	232.34	24.2	36.0	1.0	28.0
25/10/2009	18:13:00	5.662	0.338	231.75	24.4	35.0	1.0	27.0
25/10/2009	18:14:00	6.0	0.512	231.56	26.0	35.0	2.0	29.0
25/10/2009	22:05:00	5.328	0.0	231.85	22.8	0.0	0.0	17.0
25/10/2009	22:06:00	5.326	0.0	231.79	22.8	0.0	0.0	18.0
25/10/2009	22:07:00	5.16	0.0	232.45	22.4	0.0	0.0	17.0
27/10/2009	20:20:00	5.014	0.22	235.9	21.2	0.0	0.0	12.0
28/10/2009	21:33:00	5.054	0.206	233.86	21.8	36.0	1.0	17.0
28/10/2009	21:34:00	5.218	0.2	234.05	22.4	37.0	2.0	18.0
29/10/2009	13:13:00	5.232	0.396	237.23	22.0	0.0	72.0	7.0
29/10/2009	15:00:00	5.97	0.0	238.05	25.0	0.0	38.0	18.0
29/10/2009	15:01:00	5.994	0.0	238.66	25.0	0.0	38.0	18.0
29/10/2009	15:02:00	6.004	0.0	238.92	25.0	0.0	38.0	18.0
29/10/2009	15:03:00	6.032	0.166	237.41	25.4	0.0	38.0	18.0
29/10/2009	15:04:00	6.026	0.188	236.94	25.4	0.0	38.0	17.0
29/10/2009	15:05:00	5.202	0.19	237.36	22.4	0.0	25.0	18.0
29/10/2009	17:26:00	5.094	0.246	236.11	22.2	0.0	0.0	1.0
29/10/2009	17:27:00	5.88	0.216	235.04	25.0	0.0	0.0	1.0
29/10/2009	17:28:00	5.85	0.212	235.0	24.8	0.0	0.0	0.0
29/10/2009	19:51:00	5.254	0.184	234.32	22.6	0.0	34.0	18.0
29/10/2009	19:55:00	5.032	0.41	235.64	21.4	0.0	35.0	18.0
29/10/2009	19:56:00	5.02	0.416	235.06	21.4	0.0	35.0	17.0
29/10/2009	19:59:00	5.02	0.384	235.44	21.2	0.0	35.0	18.0
30/10/2009	16:07:00	5.022	0.67	239.65	21.0	0.0	36.0	19.0
30/10/2009	16:35:00	5.068	0.302	237.96	22.2	26.0	28.0	18.0
30/10/2009	16:36:00	5.288	0.41	237.53	22.4	38.0	22.0	18.0
30/10/2009	16:37:00	5.902	0.402	236.37	25.0	38.0	27.0	18.0
30/10/2009	16:38:00	5.294	0.398	237.22	22.2	38.0	16.0	18.0
30/10/2009	16:39:00	5.978	0.394	237.09	25.2	38.0	28.0	17.0
30/10/2009	16:40:00	5.33	0.39	238.46	22.4	39.0	16.0	18.0
31/10/2009	12:17:00	5.812	0.228	234.24	24.8	38.0	35.0	17.0
31/10/2009	12:18:00	5.81	0.208	235.09	24.6	37.0	35.0	18.0
31/10/2009	12:19:00	5.826	0.224	235.54	24.6	38.0	35.0	17.0
31/10/2009	12:20:00	5.938	0.304	236.16	25.2	38.0	35.0	18.0
31/10/2009	12:21:00	5.944	0.348	235.84	25.2	37.0	35.0	18.0
31/10/2009	12:22:00	5.872	0.322	234.53	25.0	38.0	35.0	17.0
31/10/2009	12:23:00	5.874	0.338	234.4	25.0	37.0	34.0	17.0
31/10/2009	12:24:00	5.938	0.428	234.06	25.4	37.0	36.0	18.0
31/10/2009	12:25:00	5.948	0.448	234.45	25.4	37.0	37.0	17.0
31/10/2009	12:26:00	5.99	0.434	235.58	25.4	38.0	36.0	18.0
31/10/2009	12:27:00	6.052	0.508	235.41	25.8	37.0	36.0	18.0
31/10/2009	12:28:00	6.05	0.528	235.27	25.8	37.0	37.0	17.0
31/10/2009	12:29:00	5.63	0.552	235.72	24.2	32.0	36.0	18.0
31/10/2009	12:34:00	5.08	0.422	238.42	21.4	39.0	20.0	18.0
31/10/2009	12:35:00	6.064	0.426	237.49	25.6	38.0	37.0	18.0
31/10/2009	12:41:00	6.056	0.42	237.41	25.4	39.0	37.0	18.0
1/11/2009	22:14:00	5.078	0.182	238.3	21.2	37.0	1.0	16.0
1/11/2009	22:15:00	5.216	0.186	239.6	21.6	38.0	2.0	19.0
1/11/2009	22:16:00	5.168	0.182	238.81	21.6	38.0	1.0	19.0
1/11/2009	22:17:00	5.174	0.186	239.38	21.6	38.0	1.0	18.0
1/11/2009	22:18:00	5.15	0.184	238.92	21.4	37.0	1.0	19.0
1/11/2009	22:19:00	5.15	0.184	238.88	21.4	38.0	2.0	18.0
1/11/2009	22:20:00	5.138	0.182	238.54	21.4	37.0	1.0	18.0
1/11/2009	22:21:00	5.122	0.18	238.28	21.4	38.0	1.0	18.0
1/11/2009	22:22:00	5.074	0.164	237.61	21.2	37.0	1.0	18.0
1/11/2009	22:23:00	5.01	0.05	238.14	21.0	37.0	1.0	18.0
3/11/2009	10:32:00	5.156	0.456	233.76	22.0	36.0	1.0	27.0
3/11/2009	10:33:00	5.222	0.518	233.75	22.4	37.0	2.0	27.0
3/11/2009	10:34:00	5.3	0.576	234.2	22.6	36.0	2.0	28.0
3/11/2009	10:35:00	5.288	0.572	233.86	22.6	36.0	3.0	28.0
3/11/2009	10:36:00	5.256	0.57	235.21	22.4	37.0	2.0	27.0
3/11/2009	13:29:00	5.064	0.222	238.93	21.8	0.0	54.0	18.0
3/11/2009	13:30:00	6.722	0.172	236.73	28.4	0.0	74.0	18.0
3/11/2009	13:31:00	6.186	0.18	237.67	26.4	0.0	65.0	18.0
3/11/2009	13:32:00	6.938	0.202	237.31	29.2	0.0	73.0	17.0
3/11/2009	13:33:00	6.218	0.164	236.17	26.4	0.0	73.0	18.0
3/11/2009	13:34:00	5.91	0.166	236.73	24.8	0.0	73.0	18.0
3/11/2009	13:35:00	5.958	0.166	237.82	25.0	0.0	73.0	18.0
3/11/2009	19:53:00	6.776	0.346	231.08	29.4	34.0	0.0	17.0
3/11/2009	19:54:00	6.714	0.346	231.92	29.0	37.0	0.0	18.0
3/11/2009	19:55:00	6.748	0.252	231.79	29.0	36.0	0.0	17.0
3/11/2009	19:56:00	6.776	0.252	232.16	29.2	37.0	0.0	17.0
3/11/2009	19:57:00	6.766	0.252	231.81	29.2	36.0	1.0	17.0
3/11/2009	19:58:00	6.778	0.302	231.32	29.2	36.0	1.0	17.0
3/11/2009	19:59:00	6.81	0.358	231.09	29.4	36.0	1.0	17.0
3/11/2009	20:00:00	6.76	0.356	232.03	29.2	37.0	2.0	17.0
3/11/2009	20:01:00	6.162	0.352	232.94	26.4	36.0	2.0	17.0
3/11/2009	20:02:00	5.672	0.332	233.52	24.2	37.0	1.0	18.0
3/11/2009	20:03:00	5.858	0.33	233.06	25.0	37.0	2.0	17.0
3/11/2009	20:04:00	5.848	0.328	233.34	25.0	37.0	1.0	17.0
3/11/2009	20:05:00	5.844	0.276	233.82	25.0	37.0	2.0	18.0
3/11/2009	20:06:00	5.772	0.202	233.71	24.6	37.0	1.0	17.0
3/11/2009	20:07:00	5.77	0.206	233.24	24.6	37.0	2.0	17.0
3/11/2009	20:08:00	5.754	0.2	233.25	24.6	37.0	2.0	17.0
3/11/2009	20:09:00	5.714	0.2	231.82	24.6	36.0	1.0	18.0
3/11/2009	20:10:00	5.672	0.194	231.34	24.4	36.0	2.0	17.0
3/11/2009	20:11:00	5.714	0.2	231.96	24.6	37.0	1.0	17.0
3/11/2009	20:12:00	5.704	0.196	232.05	24.6	36.0	2.0	17.0
3/11/2009	20:13:00	5.722	0.2	232.07	24.6	36.0	1.0	17.0
3/11/2009	20:17:00	5.752	0.384	232.48	24.8	36.0	1.0	17.0
3/11/2009	20:18:00	5.82	0.246	232.2	25.0	37.0	1.0	17.0
3/11/2009	20:19:00	6.358	0.298	231.48	27.6	36.0	13.0	17.0
3/11/2009	20:20:00	6.164	0.292	232.03	26.8	14.0	35.0	17.0
3/11/2009	20:21:00	5.014	0.304	232.59	21.8	1.0	27.0	17.0
3/11/2009	20:22:00	5.452	0.3	231.89	23.4	1.0	35.0	17.0
3/11/2009	20:23:00	5.884	0.278	231.56	26.0	15.0	27.0	17.0
3/11/2009	20:24:00	5.82	0.34	231.53	25.2	1.0	35.0	17.0
3/11/2009	20:25:00	5.776	0.386	232.05	24.8	0.0	36.0	18.0
3/11/2009	20:26:00	5.474	0.37	232.17	23.6	1.0	35.0	17.0
3/11/2009	20:27:00	5.374	0.392	232.59	23.0	0.0	35.0	17.0
3/11/2009	20:28:00	5.306	0.372	232.16	22.8	0.0	35.0	17.0
3/11/2009	20:29:00	5.254	0.388	231.7	22.6	1.0	35.0	17.0
3/11/2009	20:30:00	5.166	0.37	231.79	22.2	0.0	35.0	17.0
3/11/2009	20:31:00	5.132	0.386	232.62	22.0	1.0	36.0	17.0
3/11/2009	20:32:00	5.354	0.562	232.52	23.4	0.0	35.0	18.0
3/11/2009	20:33:00	5.916	0.618	232.36	25.8	0.0	35.0	17.0
3/11/2009	20:34:00	5.08	0.468	233.52	21.8	1.0	36.0	17.0
3/11/2009	20:35:00	5.072	0.486	233.84	21.8	0.0	36.0	17.0
4/11/2009	19:15:00	5.97	0.072	236.66	25.2	0.0	74.0	18.0
4/11/2009	19:16:00	5.954	0.092	236.45	25.0	0.0	73.0	18.0
4/11/2009	19:17:00	5.854	0.074	236.95	24.6	0.0	74.0	18.0
4/11/2009	19:18:00	5.772	0.108	235.6	24.4	0.0	72.0	17.0
4/11/2009	19:19:00	5.754	0.166	234.56	24.4	0.0	72.0	18.0
4/11/2009	19:20:00	5.788	0.182	234.93	24.6	0.0	73.0	17.0
4/11/2009	19:21:00	5.832	0.166	236.0	24.6	0.0	73.0	18.0
4/11/2009	19:22:00	5.856	0.186	236.41	24.6	0.0	73.0	18.0
4/11/2009	19:23:00	5.804	0.164	235.46	24.6	0.0	73.0	17.0
4/11/2009	19:24:00	5.006	0.192	236.72	21.2	0.0	60.0	18.0
5/11/2009	20:42:00	5.1	0.184	233.04	22.4	24.0	2.0	17.0
5/11/2009	20:43:00	5.268	0.158	233.85	22.4	37.0	1.0	17.0
5/11/2009	20:47:00	5.052	0.286	233.95	21.6	37.0	1.0	17.0
5/11/2009	20:48:00	5.068	0.288	234.49	21.6	36.0	2.0	18.0
5/11/2009	20:49:00	5.024	0.196	234.97	21.4	37.0	0.0	17.0
5/11/2009	20:50:00	5.004	0.174	234.72	21.2	37.0	0.0	18.0
5/11/2009	20:51:00	5.022	0.182	234.32	21.4	36.0	0.0	17.0
5/11/2009	20:52:00	5.096	0.198	234.9	21.6	37.0	0.0	18.0
5/11/2009	20:53:00	5.114	0.2	235.59	21.6	36.0	0.0	17.0
8/11/2009	09:28:00	5.018	0.07	235.81	21.2	37.0	0.0	17.0
8/11/2009	11:49:00	5.15	0.0	238.91	21.4	39.0	0.0	18.0
8/11/2009	11:50:00	5.078	0.0	237.94	21.2	38.0	0.0	19.0
8/11/2009	11:51:00	5.014	0.0	236.63	21.2	38.0	0.0	18.0
8/11/2009	11:52:00	5.004	0.0	236.23	21.2	38.0	0.0	18.0
8/11/2009	11:53:00	5.028	0.0	237.07	21.2	38.0	0.0	18.0
8/11/2009	12:06:00	5.456	0.412	237.4	23.0	38.0	0.0	27.0
8/11/2009	12:07:00	5.348	0.406	236.97	22.6	38.0	0.0	28.0
8/11/2009	12:13:00	5.114	0.26	238.48	21.4	38.0	0.0	18.0
8/11/2009	12:14:00	5.152	0.264	239.42	21.4	39.0	0.0	19.0
8/11/2009	12:18:00	5.048	0.13	239.23	21.0	38.0	0.0	18.0
8/11/2009	12:31:00	5.028	0.232	237.39	21.2	39.0	0.0	17.0
8/11/2009	12:37:00	5.06	0.342	237.26	21.4	38.0	0.0	18.0
8/11/2009	12:38:00	5.764	0.534	235.12	24.6	37.0	0.0	18.0
8/11/2009	12:39:00	5.962	0.564	235.49	25.4	38.0	0.0	17.0
8/11/2009	12:40:00	6.23	0.564	236.03	26.4	37.0	0.0	18.0
8/11/2009	12:41:00	5.854	0.544	235.82	24.8	38.0	0.0	18.0
8/11/2009	12:42:00	5.55	0.458	235.37	23.8	35.0	0.0	17.0
8/11/2009	12:48:00	5.354	0.224	238.68	22.6	39.0	0.0	18.0
8/11/2009	12:49:00	5.052	0.148	238.59	21.2	38.0	0.0	18.0
8/11/2009	13:03:00	5.002	0.128	240.4	20.8	39.0	0.0	19.0
8/11/2009	13:07:00	5.772	0.622	243.13	24.0	33.0	2.0	19.0
8/11/2009	13:08:00	5.94	0.61	241.04	24.8	40.0	1.0	18.0
8/11/2009	13:09:00	6.024	0.606	240.47	25.4	37.0	1.0	19.0
8/11/2009	13:13:00	6.042	0.616	242.09	25.0	40.0	1.0	18.0
8/11/2009	13:14:00	5.168	0.428	242.46	21.4	40.0	1.0	19.0
8/11/2009	14:24:00	5.228	0.324	244.12	21.8	39.0	0.0	19.0
8/11/2009	14:25:00	5.056	0.26	244.92	20.8	40.0	0.0	19.0
8/11/2009	19:09:00	5.04	0.388	241.47	20.8	0.0	39.0	19.0
8/11/2009	19:10:00	5.026	0.384	241.13	20.8	0.0	39.0	18.0
8/11/2009	19:11:00	5.002	0.382	240.36	20.8	0.0	38.0	19.0
8/11/2009	20:33:00	5.396	0.234	239.64	22.6	0.0	36.0	18.0
8/11/2009	20:46:00	5.428	0.244	238.33	22.8	0.0	37.0	18.0
8/11/2009	20:47:00	5.334	0.264	238.08	22.4	0.0	33.0	18.0
8/11/2009	20:49:00	5.378	0.262	237.87	22.6	0.0	37.0	18.0
9/11/2009	07:39:00	5.818	0.0	239.19	24.4	0.0	0.0	18.0
9/11/2009	07:40:00	5.212	0.0	239.7	22.2	0.0	0.0	18.0
9/11/2009	20:15:00	5.13	0.18	239.42	21.4	38.0	0.0	18.0
9/11/2009	20:16:00	5.084	0.176	238.68	21.2	38.0	0.0	18.0
9/11/2009	20:17:00	5.082	0.178	238.89	21.2	38.0	0.0	19.0
9/11/2009	20:18:00	5.04	0.174	238.0	21.2	38.0	0.0	18.0
9/11/2009	20:19:00	5.016	0.172	237.55	21.0	37.0	0.0	18.0
10/11/2009	20:04:00	5.146	0.632	239.0	21.8	39.0	0.0	1.0
10/11/2009	20:05:00	5.452	0.64	238.13	23.2	38.0	0.0	1.0
11/11/2009	17:18:00	5.494	0.068	231.5	24.0	0.0	58.0	17.0
11/11/2009	17:19:00	6.174	0.194	230.49	26.8	0.0	69.0	17.0
11/11/2009	17:20:00	6.232	0.286	230.03	27.0	0.0	70.0	16.0
11/11/2009	17:21:00	6.248	0.3	230.41	27.0	0.0	71.0	17.0
11/11/2009	17:22:00	6.682	0.386	229.52	29.0	0.0	69.0	25.0
11/11/2009	17:23:00	6.776	0.412	229.37	29.6	0.0	70.0	26.0
11/11/2009	17:24:00	6.86	0.408	230.71	29.6	0.0	71.0	27.0
11/11/2009	17:25:00	6.91	0.43	231.31	29.8	0.0	71.0	28.0
11/11/2009	17:44:00	6.11	0.166	230.05	26.6	37.0	31.0	17.0
11/11/2009	17:45:00	5.5	0.188	230.37	23.8	36.0	20.0	17.0
11/11/2009	17:46:00	6.004	0.16	228.66	26.2	35.0	31.0	16.0
11/11/2009	17:47:00	5.486	0.186	230.17	23.8	36.0	20.0	17.0
11/11/2009	17:48:00	6.032	0.17	231.5	26.0	36.0	29.0	17.0
11/11/2009	17:49:00	5.646	0.188	231.42	24.4	36.0	22.0	17.0
11/11/2009	17:50:00	5.942	0.172	232.24	25.6	37.0	28.0	17.0
11/11/2009	17:51:00	5.834	0.19	232.96	25.0	36.0	24.0	18.0
11/11/2009	17:52:00	5.608	0.168	232.76	24.2	37.0	22.0	17.0
11/11/2009	17:53:00	6.34	0.294	231.12	27.6	36.0	28.0	17.0
11/11/2009	17:54:00	5.256	0.284	231.84	22.6	37.0	9.0	17.0
11/11/2009	17:55:00	5.52	0.296	231.35	23.8	36.0	12.0	17.0
11/11/2009	17:56:00	5.824	0.28	232.21	25.2	36.0	17.0	17.0
11/11/2009	17:57:00	6.294	0.304	232.18	27.2	37.0	37.0	7.0
11/11/2009	18:01:00	6.192	0.454	234.63	26.4	37.0	38.0	1.0
11/11/2009	18:06:00	5.622	0.394	235.83	24.0	38.0	28.0	1.0
11/11/2009	18:07:00	5.36	0.288	235.4	23.0	37.0	24.0	1.0
12/11/2009	19:05:00	5.83	0.532	234.94	24.8	38.0	1.0	17.0
12/11/2009	19:06:00	5.722	0.528	234.79	24.4	37.0	1.0	18.0
12/11/2009	19:07:00	5.724	0.526	235.05	24.4	38.0	1.0	17.0
12/11/2009	19:08:00	5.702	0.522	234.63	24.4	37.0	1.0	18.0
12/11/2009	19:09:00	5.632	0.414	234.54	24.0	37.0	1.0	17.0
12/11/2009	19:10:00	5.594	0.4	233.95	23.8	37.0	0.0	18.0
12/11/2009	19:11:00	5.594	0.398	234.04	23.8	37.0	0.0	17.0
12/11/2009	19:12:00	5.59	0.394	233.97	23.8	37.0	0.0	18.0
12/11/2009	19:13:00	5.412	0.38	233.68	23.2	37.0	0.0	17.0
12/11/2009	19:14:00	5.416	0.37	232.68	23.2	37.0	0.0	17.0
12/11/2009	19:15:00	5.556	0.366	232.4	23.8	37.0	0.0	17.0
12/11/2009	19:16:00	5.57	0.366	232.81	23.8	36.0	0.0	18.0
12/11/2009	19:17:00	5.566	0.366	232.65	23.8	37.0	0.0	17.0
12/11/2009	19:18:00	5.346	0.4	233.02	23.2	32.0	0.0	17.0
12/11/2009	19:23:00	5.402	0.22	234.14	23.0	37.0	0.0	17.0
14/11/2009	17:25:00	5.664	0.294	234.3	24.2	37.0	2.0	18.0
14/11/2009	17:26:00	5.408	0.24	234.3	23.2	34.0	1.0	17.0
14/11/2009	19:44:00	5.046	0.46	240.18	21.2	0.0	34.0	18.0
14/11/2009	22:03:00	5.498	0.338	236.47	23.2	35.0	1.0	28.0
14/11/2009	22:04:00	5.418	0.33	236.36	22.8	37.0	2.0	27.0
14/11/2009	23:41:00	5.048	0.064	237.04	21.2	0.0	0.0	18.0
14/11/2009	23:42:00	5.796	0.136	235.71	24.6	0.0	0.0	18.0
14/11/2009	23:43:00	6.038	0.252	235.58	25.6	0.0	0.0	17.0
15/11/2009	00:13:00	5.578	0.278	236.25	23.6	0.0	1.0	26.0
15/11/2009	00:14:00	5.134	0.174	236.91	21.6	0.0	0.0	17.0
15/11/2009	17:38:00	6.664	0.632	231.2	29.0	0.0	34.0	17.0
15/11/2009	17:39:00	6.13	0.6	231.45	26.8	0.0	27.0	17.0
15/11/2009	17:40:00	6.342	0.536	230.65	27.6	0.0	34.0	17.0
15/11/2009	17:42:00	6.396	0.428	229.7	28.0	0.0	61.0	17.0
15/11/2009	17:43:00	7.694	0.438	228.65	33.8	0.0	68.0	17.0
15/11/2009	17:44:00	8.676	0.378	227.5	38.2	0.0	67.0	16.0
15/11/2009	17:45:00	8.726	0.378	227.04	38.4	0.0	67.0	16.0
15/11/2009	17:46:00	8.574	0.324	226.36	37.8	0.0	67.0	17.0
15/11/2009	17:47:00	7.986	0.326	225.81	35.4	0.0	66.0	16.0
15/11/2009	17:48:00	7.35	0.382	227.51	32.2	0.0	67.0	16.0
15/11/2009	17:49:00	7.406	0.476	227.38	32.6	0.0	68.0	17.0
15/11/2009	17:50:00	7.376	0.462	228.13	32.4	0.0	67.0	16.0
15/11/2009	17:51:00	7.382	0.566	228.03	32.4	0.0	68.0	17.0
15/11/2009	17:52:00	6.666	0.484	230.07	29.2	0.0	60.0	17.0
15/11/2009	17:53:00	5.27	0.51	230.99	22.8	0.0	35.0	17.0
15/11/2009	17:54:00	6.952	0.47	228.98	30.4	0.0	65.0	17.0
15/11/2009	17:55:00	5.24	0.542	230.91	22.8	0.0	34.0	16.0
15/11/2009	17:56:00	5.272	0.538	231.35	22.8	0.0	35.0	17.0
15/11/2009	17:57:00	5.28	0.54	231.04	22.8	0.0	34.0	17.0
15/11/2009	17:58:00	5.296	0.5	230.85	23.0	0.0	35.0	17.0
15/11/2009	18:25:00	5.032	0.474	232.83	21.6	0.0	29.0	18.0
15/11/2009	18:26:00	6.488	0.544	230.19	28.2	0.0	31.0	17.0
15/11/2009	18:27:00	5.02	0.558	231.73	21.8	0.0	10.0	18.0
15/11/2009	18:29:00	5.504	0.502	231.64	24.0	0.0	19.0	17.0
15/11/2009	18:30:00	5.936	0.382	230.94	25.8	0.0	27.0	17.0
15/11/2009	18:41:00	5.446	0.244	230.39	23.8	0.0	34.0	17.0
15/11/2009	18:42:00	5.546	0.216	230.91	24.4	0.0	45.0	17.0
15/11/2009	18:43:00	6.94	0.382	230.43	30.0	0.0	69.0	17.0
15/11/2009	18:44:00	6.45	0.378	230.68	28.2	0.0	60.0	17.0
15/11/2009	18:45:00	6.894	0.356	230.12	30.0	0.0	68.0	16.0
15/11/2009	18:46:00	6.926	0.37	230.64	30.0	0.0	69.0	17.0
15/11/2009	18:47:00	6.994	0.362	231.38	30.2	0.0	68.0	17.0
15/11/2009	18:48:00	6.164	0.382	232.35	27.0	0.0	55.0	17.0
15/11/2009	18:49:00	5.35	0.382	233.57	23.2	0.0	40.0	18.0
15/11/2009	18:50:00	6.434	0.378	232.12	28.0	0.0	61.0	17.0
16/11/2009	08:12:00	6.548	0.0	233.91	28.0	36.0	0.0	18.0
16/11/2009	08:13:00	7.116	0.0	233.31	30.4	37.0	0.0	17.0
16/11/2009	08:14:00	6.91	0.0	232.99	29.6	36.0	0.0	17.0
16/11/2009	08:15:00	7.104	0.0	233.03	30.6	36.0	0.0	23.0
18/11/2009	10:45:00	5.404	0.0	236.06	23.2	37.0	47.0	1.0
18/11/2009	10:46:00	6.732	0.0	234.95	28.6	36.0	72.0	0.0
18/11/2009	10:47:00	6.662	0.0	234.22	28.4	37.0	70.0	1.0
18/11/2009	10:48:00	6.906	0.046	234.17	29.4	36.0	71.0	4.0
18/11/2009	10:49:00	7.78	0.102	233.86	33.2	36.0	71.0	10.0
18/11/2009	10:50:00	7.666	0.134	234.1	32.8	36.0	70.0	11.0
18/11/2009	10:51:00	7.38	0.11	233.79	31.6	36.0	71.0	11.0
18/11/2009	10:52:00	7.834	0.144	233.58	33.6	36.0	70.0	11.0
18/11/2009	10:53:00	7.62	0.084	234.17	32.6	37.0	71.0	8.0
18/11/2009	10:54:00	6.096	0.0	236.15	26.2	36.0	60.0	1.0
18/11/2009	12:40:00	5.592	0.598	240.38	23.4	39.0	4.0	20.0
18/11/2009	15:53:00	5.336	0.23	238.33	23.2	32.0	21.0	18.0
18/11/2009	15:54:00	6.402	0.216	237.97	26.8	38.0	36.0	18.0
18/11/2009	15:55:00	6.72	0.2	237.86	29.2	37.0	42.0	18.0
18/11/2009	15:56:00	8.432	0.196	236.58	35.6	37.0	71.0	17.0
18/11/2009	15:57:00	7.916	0.19	236.51	33.6	37.0	63.0	18.0
18/11/2009	15:58:00	8.328	0.188	235.21	35.4	37.0	71.0	18.0
18/11/2009	15:59:00	8.368	0.194	235.87	35.4	36.0	71.0	17.0
18/11/2009	16:00:00	8.34	0.19	235.38	35.4	37.0	71.0	18.0
18/11/2009	16:01:00	7.934	0.194	235.97	33.8	37.0	66.0	18.0
18/11/2009	16:02:00	6.25	0.162	237.15	26.2	37.0	36.0	17.0
18/11/2009	16:03:00	7.756	0.086	234.7	33.2	36.0	61.0	18.0
18/11/2009	16:04:00	6.126	0.048	235.63	26.0	37.0	38.0	18.0
18/11/2009	16:05:00	6.058	0.0	236.26	25.6	36.0	35.0	17.0
18/11/2009	17:22:00	5.058	0.0	235.51	21.4	0.0	32.0	18.0
18/11/2009	17:24:00	6.784	0.0	233.71	29.0	0.0	64.0	17.0
18/11/2009	17:25:00	6.592	0.062	235.12	28.0	0.0	70.0	18.0
18/11/2009	17:26:00	6.334	0.046	235.43	27.0	0.0	64.0	17.0
18/11/2009	17:27:00	6.692	0.066	235.38	28.4	0.0	70.0	18.0
18/11/2009	17:28:00	6.686	0.048	235.55	28.2	0.0	71.0	18.0
18/11/2009	17:29:00	5.702	0.076	236.99	24.4	0.0	56.0	17.0
18/11/2009	17:31:00	6.402	0.064	235.36	27.2	0.0	66.0	18.0
18/11/2009	17:35:00	5.222	0.236	235.9	22.0	0.0	36.0	28.0
18/11/2009	19:28:00	5.152	0.452	238.14	21.6	0.0	36.0	12.0
18/11/2009	19:30:00	5.156	0.448	238.17	21.6	0.0	36.0	11.0
18/11/2009	19:52:00	5.49	0.656	239.18	23.0	0.0	16.0	18.0
18/11/2009	19:53:00	6.014	0.594	237.74	25.6	0.0	30.0	19.0
18/11/2009	21:01:00	6.06	0.092	237.91	25.4	0.0	0.0	18.0
18/11/2009	21:02:00	6.27	0.112	237.04	26.6	0.0	0.0	17.0
20/11/2009	18:55:00	6.326	0.144	233.88	27.0	0.0	0.0	18.0
20/11/2009	18:56:00	6.408	0.218	234.25	27.2	0.0	0.0	18.0
20/11/2009	18:57:00	6.136	0.214	234.81	26.2	0.0	0.0	18.0
20/11/2009	20:28:00	5.018	0.0	233.83	21.4	36.0	0.0	18.0
20/11/2009	20:29:00	5.082	0.0	235.47	21.4	37.0	0.0	17.0
20/11/2009	20:30:00	5.114	0.0	236.51	21.6	37.0	0.0	18.0
20/11/2009	20:31:00	5.106	0.0	236.41	21.6	38.0	0.0	18.0
20/11/2009	20:32:00	5.088	0.0	235.96	21.4	37.0	0.0	17.0
20/11/2009	20:33:00	5.108	0.0	236.54	21.6	37.0	0.0	18.0
20/11/2009	20:34:00	5.1	0.0	236.33	21.4	37.0	0.0	18.0
20/11/2009	20:35:00	5.092	0.0	235.87	21.4	37.0	0.0	18.0
20/11/2009	20:36:00	5.24	0.0	236.5	22.0	37.0	0.0	17.0
20/11/2009	20:37:00	5.262	0.0	237.06	22.2	37.0	0.0	18.0
21/11/2009	17:07:00	5.048	0.504	232.95	21.6	37.0	1.0	17.0
21/11/2009	17:19:00	5.046	0.292	231.04	21.8	37.0	0.0	17.0
21/11/2009	17:26:00	5.034	0.324	230.48	21.8	36.0	0.0	17.0
21/11/2009	17:29:00	5.518	0.282	231.37	23.8	36.0	0.0	17.0
21/11/2009	17:35:00	5.744	0.322	233.05	24.6	35.0	0.0	17.0
21/11/2009	17:36:00	6.936	0.306	231.52	30.2	56.0	0.0	18.0
21/11/2009	17:37:00	7.768	0.296	230.96	33.6	72.0	0.0	17.0
21/11/2009	17:38:00	8.018	0.294	230.97	34.6	71.0	0.0	17.0
21/11/2009	17:39:00	6.39	0.3	232.25	27.6	40.0	0.0	17.0
21/11/2009	17:40:00	6.09	0.372	232.77	26.2	37.0	0.0	17.0
21/11/2009	17:41:00	5.806	0.278	233.22	24.8	37.0	0.0	17.0
21/11/2009	17:42:00	5.644	0.252	233.9	24.0	37.0	0.0	18.0
21/11/2009	17:43:00	5.65	0.25	233.87	24.0	36.0	0.0	17.0
21/11/2009	17:44:00	5.644	0.25	233.85	24.0	37.0	0.0	18.0
21/11/2009	17:45:00	5.602	0.246	232.82	24.0	37.0	0.0	17.0
21/11/2009	17:46:00	5.414	0.25	232.92	23.2	35.0	0.0	17.0
21/11/2009	17:51:00	5.328	0.454	233.26	22.8	37.0	0.0	17.0
21/11/2009	17:56:00	5.858	0.436	234.26	25.0	37.0	0.0	18.0
21/11/2009	17:57:00	5.908	0.436	233.99	25.2	37.0	0.0	17.0
21/11/2009	17:58:00	5.906	0.436	233.73	25.2	37.0	0.0	18.0
21/11/2009	17:59:00	5.908	0.436	233.8	25.2	36.0	0.0	17.0
21/11/2009	18:00:00	5.756	0.486	233.77	24.6	37.0	0.0	17.0
21/11/2009	18:01:00	5.668	0.502	234.11	24.2	37.0	0.0	18.0
21/11/2009	18:02:00	5.572	0.428	234.61	23.8	36.0	0.0	17.0
21/11/2009	18:03:00	5.496	0.334	234.52	23.4	37.0	0.0	18.0
21/11/2009	18:04:00	5.546	0.33	233.98	23.6	37.0	0.0	17.0
21/11/2009	18:21:00	5.508	0.352	235.02	23.4	35.0	0.0	17.0
21/11/2009	18:22:00	5.192	0.296	235.31	22.0	37.0	0.0	18.0
21/11/2009	18:23:00	5.158	0.286	235.54	21.8	38.0	0.0	18.0
21/11/2009	18:24:00	5.146	0.284	235.33	21.8	37.0	0.0	17.0
21/11/2009	18:25:00	5.17	0.284	235.79	21.8	38.0	0.0	18.0
21/11/2009	18:26:00	5.16	0.284	235.49	21.8	37.0	0.0	18.0
21/11/2009	18:27:00	5.17	0.278	234.32	22.0	38.0	0.0	17.0
21/11/2009	18:28:00	5.208	0.284	233.51	22.2	36.0	0.0	17.0
21/11/2009	18:29:00	5.188	0.288	233.83	22.2	37.0	0.0	18.0
21/11/2009	18:30:00	5.096	0.292	234.46	21.6	37.0	0.0	17.0
21/11/2009	18:31:00	5.1	0.292	234.51	21.6	38.0	0.0	18.0
21/11/2009	18:32:00	5.114	0.292	234.92	21.8	37.0	0.0	17.0
21/11/2009	18:33:00	5.116	0.292	235.01	21.8	37.0	0.0	18.0
21/11/2009	18:51:00	5.154	0.222	233.71	22.0	0.0	35.0	17.0
21/11/2009	18:53:00	5.004	0.23	235.15	21.2	0.0	33.0	18.0
21/11/2009	18:56:00	5.134	0.36	234.92	21.8	1.0	36.0	17.0
21/11/2009	18:57:00	5.132	0.342	235.02	21.8	0.0	36.0	18.0
21/11/2009	18:58:00	5.144	0.36	235.03	21.8	1.0	36.0	17.0
21/11/2009	18:59:00	5.094	0.308	234.58	21.6	0.0	36.0	18.0
21/11/2009	19:00:00	5.114	0.316	234.86	21.8	0.0	36.0	17.0
21/11/2009	19:01:00	5.234	0.288	235.09	22.2	0.0	36.0	18.0
21/11/2009	19:02:00	5.622	0.302	234.76	23.8	0.0	37.0	17.0
21/11/2009	19:03:00	5.6	0.282	234.48	23.8	0.0	35.0	18.0
21/11/2009	19:04:00	5.644	0.3	234.55	24.0	0.0	37.0	17.0
21/11/2009	19:05:00	5.556	0.282	234.48	23.6	0.0	36.0	18.0
21/11/2009	19:06:00	5.16	0.304	234.45	22.0	0.0	31.0	17.0
21/11/2009	19:08:00	5.474	0.296	233.77	23.4	0.0	36.0	17.0
21/11/2009	19:09:00	5.466	0.278	233.79	23.4	0.0	36.0	18.0
21/11/2009	19:12:00	5.444	0.182	235.2	23.0	0.0	36.0	17.0
21/11/2009	22:07:00	5.15	0.046	237.24	21.6	38.0	1.0	18.0
21/11/2009	22:08:00	5.162	0.0	237.34	21.6	37.0	0.0	18.0
21/11/2009	22:09:00	5.152	0.0	237.63	21.6	38.0	0.0	18.0
21/11/2009	22:10:00	5.168	0.0	237.8	21.6	37.0	0.0	17.0
21/11/2009	22:11:00	5.12	0.0	236.86	21.6	38.0	0.0	18.0
21/11/2009	22:12:00	5.128	0.0	236.89	21.6	37.0	1.0	18.0
21/11/2009	22:25:00	5.186	0.056	237.87	21.8	37.0	0.0	18.0
21/11/2009	22:30:00	5.248	0.058	238.25	22.0	37.0	0.0	18.0
21/11/2009	22:31:00	5.222	0.052	237.92	21.8	38.0	0.0	18.0
21/11/2009	22:32:00	5.204	0.058	238.26	21.8	38.0	1.0	18.0
21/11/2009	22:33:00	5.172	0.054	238.02	21.6	37.0	0.0	18.0
21/11/2009	22:34:00	5.178	0.058	237.94	21.6	37.0	0.0	18.0
22/11/2009	00:04:00	5.322	0.194	237.4	22.4	37.0	0.0	27.0
22/11/2009	00:16:00	5.17	0.0	237.77	21.6	37.0	1.0	18.0
22/11/2009	19:14:00	5.846	0.488	234.33	25.0	38.0	0.0	27.0
22/11/2009	19:15:00	5.872	0.482	234.44	25.0	37.0	0.0	28.0
22/11/2009	19:16:00	5.938	0.484	234.61	25.4	37.0	0.0	28.0
22/11/2009	19:17:00	5.88	0.472	234.5	25.0	37.0	0.0	28.0
22/11/2009	19:18:00	5.372	0.348	236.04	22.8	38.0	0.0	19.0
22/11/2009	19:19:00	5.286	0.328	235.51	22.4	38.0	0.0	18.0
22/11/2009	19:20:00	5.302	0.328	235.98	22.4	37.0	0.0	17.0
22/11/2009	19:21:00	5.34	0.336	236.34	22.6	38.0	0.0	18.0
22/11/2009	19:22:00	5.39	0.42	235.66	22.8	38.0	0.0	18.0
22/11/2009	19:23:00	5.342	0.376	235.69	22.6	37.0	0.0	18.0
22/11/2009	19:24:00	5.304	0.292	236.19	22.4	38.0	0.0	17.0
22/11/2009	19:25:00	5.326	0.292	236.77	22.4	38.0	0.0	18.0
22/11/2009	19:26:00	5.314	0.288	236.4	22.4	38.0	0.0	18.0
22/11/2009	19:27:00	5.36	0.242	237.09	22.6	38.0	0.0	18.0
22/11/2009	19:28:00	5.368	0.242	237.33	22.6	38.0	0.0	18.0
22/11/2009	19:32:00	5.286	0.216	235.27	22.4	37.0	0.0	18.0
22/11/2009	19:33:00	5.248	0.216	235.53	22.2	38.0	0.0	18.0
22/11/2009	20:18:00	5.678	0.224	234.99	24.2	45.0	0.0	17.0
22/11/2009	20:19:00	5.676	0.182	235.69	24.0	44.0	0.0	18.0
22/11/2009	20:20:00	5.702	0.182	236.13	24.0	44.0	0.0	17.0
22/11/2009	20:21:00	5.674	0.18	235.43	24.0	45.0	0.0	18.0
22/11/2009	20:22:00	5.636	0.178	234.56	24.0	44.0	0.0	18.0
22/11/2009	20:23:00	5.584	0.124	234.2	23.8	43.0	0.0	17.0
22/11/2009	20:24:00	5.724	0.196	233.79	24.4	44.0	0.0	17.0
22/11/2009	20:25:00	5.614	0.202	233.78	24.0	44.0	0.0	18.0
22/11/2009	20:26:00	5.618	0.202	233.98	24.0	43.0	0.0	17.0
22/11/2009	20:27:00	5.622	0.206	234.11	24.0	44.0	0.0	17.0
22/11/2009	20:28:00	5.66	0.208	235.08	24.0	44.0	0.0	18.0
22/11/2009	20:29:00	5.674	0.206	235.49	24.0	45.0	0.0	18.0
22/11/2009	20:30:00	5.69	0.206	235.78	24.0	44.0	0.0	17.0
22/11/2009	20:31:00	5.66	0.204	235.13	24.0	44.0	0.0	18.0
22/11/2009	20:32:00	5.642	0.204	234.64	24.0	44.0	0.0	17.0
22/11/2009	20:33:00	5.654	0.224	235.02	24.0	44.0	0.0	18.0
22/11/2009	20:34:00	5.69	0.232	235.39	24.2	44.0	0.0	18.0
22/11/2009	20:35:00	5.744	0.214	235.17	24.4	44.0	0.0	17.0
22/11/2009	20:36:00	6.788	0.202	234.45	29.2	61.0	0.0	18.0
22/11/2009	20:37:00	7.786	0.192	233.73	33.2	78.0	0.0	17.0
22/11/2009	20:38:00	7.748	0.19	233.21	33.2	79.0	0.0	17.0
22/11/2009	20:39:00	7.72	0.188	232.83	33.0	78.0	0.0	17.0
22/11/2009	20:40:00	7.708	0.188	232.75	33.0	77.0	0.0	18.0
22/11/2009	20:41:00	7.696	0.188	232.55	33.0	78.0	0.0	17.0
22/11/2009	20:42:00	7.694	0.188	232.63	33.0	78.0	0.0	17.0
22/11/2009	20:43:00	7.742	0.19	233.32	33.2	78.0	0.0	17.0
22/11/2009	20:44:00	7.84	0.188	233.62	33.4	78.0	0.0	18.0
22/11/2009	20:45:00	7.626	0.168	232.26	32.8	77.0	0.0	17.0
22/11/2009	20:46:00	7.226	0.1	232.49	31.2	77.0	0.0	17.0
22/11/2009	20:47:00	5.31	0.18	235.28	22.4	44.0	1.0	18.0
22/11/2009	20:48:00	5.292	0.178	234.95	22.4	44.0	1.0	17.0
22/11/2009	20:49:00	5.336	0.182	235.76	22.6	44.0	2.0	18.0
22/11/2009	20:50:00	5.388	0.184	237.05	22.6	45.0	1.0	18.0
22/11/2009	20:51:00	5.354	0.182	236.23	22.6	45.0	1.0	17.0
22/11/2009	20:52:00	5.314	0.18	235.31	22.6	44.0	2.0	18.0
22/11/2009	20:53:00	5.34	0.186	235.58	22.6	44.0	1.0	18.0
22/11/2009	20:54:00	5.354	0.188	236.05	22.6	45.0	2.0	17.0
22/11/2009	20:55:00	5.374	0.188	236.38	22.6	44.0	1.0	18.0
22/11/2009	20:56:00	5.32	0.204	236.31	22.4	45.0	1.0	18.0
22/11/2009	20:57:00	5.606	0.238	236.14	23.6	44.0	2.0	18.0
22/11/2009	20:58:00	5.726	0.236	235.2	24.2	45.0	1.0	17.0
22/11/2009	20:59:00	5.624	0.29	235.03	23.8	44.0	2.0	18.0
22/11/2009	21:00:00	5.64	0.338	235.01	24.0	44.0	1.0	17.0
22/11/2009	21:01:00	5.824	0.338	234.42	24.8	44.0	1.0	18.0
22/11/2009	21:02:00	5.902	0.338	234.69	25.0	44.0	2.0	17.0
22/11/2009	21:03:00	5.952	0.336	234.53	25.4	43.0	1.0	18.0
22/11/2009	21:04:00	5.918	0.374	233.51	25.4	44.0	1.0	17.0
22/11/2009	21:05:00	5.834	0.456	233.3	25.0	43.0	1.0	17.0
22/11/2009	21:06:00	5.82	0.456	233.16	25.0	44.0	2.0	18.0
22/11/2009	21:07:00	5.832	0.462	233.52	25.0	43.0	1.0	17.0
22/11/2009	21:08:00	5.922	0.46	233.63	25.4	44.0	1.0	17.0
22/11/2009	21:09:00	5.91	0.462	233.83	25.2	44.0	1.0	18.0
22/11/2009	21:10:00	5.99	0.468	235.01	25.4	44.0	2.0	17.0
22/11/2009	21:11:00	5.962	0.464	234.46	25.4	44.0	1.0	18.0
22/11/2009	21:12:00	5.94	0.462	233.98	25.4	43.0	1.0	17.0
22/11/2009	21:13:00	5.94	0.462	234.09	25.4	44.0	1.0	17.0
22/11/2009	21:14:00	6.196	0.478	234.54	26.4	44.0	1.0	21.0
22/11/2009	21:15:00	6.51	0.486	234.22	27.8	44.0	0.0	27.0
22/11/2009	21:16:00	6.584	0.498	235.28	28.0	44.0	0.0	28.0
22/11/2009	21:17:00	6.598	0.494	234.99	28.0	44.0	0.0	28.0
22/11/2009	21:18:00	6.576	0.488	234.33	28.0	44.0	0.0	28.0
22/11/2009	21:19:00	6.536	0.478	234.48	27.8	44.0	0.0	28.0
22/11/2009	21:20:00	6.31	0.348	234.5	27.0	44.0	0.0	17.0
22/11/2009	21:21:00	7.124	0.34	233.27	30.4	43.0	0.0	17.0
22/11/2009	21:22:00	7.092	0.248	233.73	30.2	44.0	0.0	18.0
22/11/2009	21:23:00	6.92	0.248	234.29	29.6	43.0	0.0	17.0
22/11/2009	21:24:00	5.892	0.254	234.97	25.0	45.0	0.0	18.0
22/11/2009	21:25:00	5.73	0.256	234.99	24.4	44.0	0.0	17.0
22/11/2009	21:26:00	5.638	0.176	235.14	23.8	44.0	0.0	18.0
22/11/2009	21:27:00	5.636	0.134	235.86	23.8	44.0	0.0	18.0
22/11/2009	21:28:00	5.622	0.134	235.49	23.8	44.0	0.0	17.0
22/11/2009	21:29:00	5.658	0.14	236.23	23.8	45.0	0.0	18.0
22/11/2009	21:30:00	5.676	0.146	236.55	24.0	45.0	0.0	18.0
22/11/2009	21:31:00	5.752	0.332	236.07	24.4	44.0	0.0	17.0
22/11/2009	21:32:00	5.794	0.318	236.33	24.4	45.0	0.0	18.0
24/11/2009	19:29:00	6.734	0.0	234.44	28.8	0.0	63.0	14.0
24/11/2009	19:30:00	7.568	0.156	233.45	32.4	0.0	70.0	18.0
24/11/2009	19:31:00	7.65	0.186	233.17	32.8	0.0	70.0	17.0
24/11/2009	19:32:00	7.606	0.172	232.56	32.6	0.0	70.0	18.0
24/11/2009	19:33:00	8.392	0.216	232.9	36.2	10.0	70.0	17.0
24/11/2009	19:34:00	9.718	0.256	231.89	41.8	37.0	70.0	17.0
24/11/2009	19:35:00	9.714	0.358	231.41	42.0	36.0	69.0	18.0
24/11/2009	19:36:00	9.726	0.37	231.63	42.0	36.0	70.0	17.0
24/11/2009	19:37:00	9.732	0.378	231.54	42.0	36.0	69.0	17.0
24/11/2009	19:38:00	9.726	0.364	231.61	42.0	36.0	70.0	17.0
24/11/2009	19:39:00	9.708	0.372	231.37	42.0	37.0	69.0	17.0
24/11/2009	19:40:00	8.422	0.376	234.06	36.2	37.0	48.0	17.0
24/11/2009	19:41:00	9.042	0.378	233.28	39.0	36.0	55.0	18.0
24/11/2009	19:42:00	8.12	0.48	233.89	35.0	37.0	48.0	17.0
24/11/2009	19:43:00	6.288	0.554	235.47	26.8	38.0	18.0	18.0
24/11/2009	19:44:00	7.08	0.532	234.18	30.2	37.0	31.0	17.0
24/11/2009	19:45:00	6.294	0.402	235.17	27.0	13.0	36.0	18.0
24/11/2009	19:48:00	5.114	0.37	234.55	21.8	0.0	36.0	18.0
24/11/2009	20:36:00	5.168	0.082	234.7	22.0	0.0	35.0	1.0
24/11/2009	20:58:00	5.546	0.192	238.74	23.6	25.0	35.0	1.0
24/11/2009	20:59:00	5.282	0.214	239.66	22.0	39.0	18.0	1.0
24/11/2009	21:00:00	6.372	0.18	238.36	26.6	37.0	36.0	0.0
24/11/2009	21:01:00	5.192	0.204	237.69	21.8	38.0	19.0	1.0
24/11/2009	21:02:00	6.104	0.174	236.81	25.8	37.0	32.0	1.0
24/11/2009	21:03:00	5.442	0.172	238.3	22.8	38.0	23.0	0.0
24/11/2009	21:04:00	5.784	0.052	237.54	24.4	37.0	29.0	1.0
24/11/2009	21:05:00	5.54	0.074	238.07	23.4	38.0	26.0	0.0
24/11/2009	21:06:00	5.578	0.054	237.72	23.6	37.0	25.0	1.0
24/11/2009	21:07:00	5.642	0.064	236.26	24.0	37.0	29.0	1.0
24/11/2009	21:08:00	5.33	0.052	235.65	22.6	36.0	22.0	0.0
24/11/2009	21:11:00	6.768	0.056	234.86	28.8	1.0	35.0	0.0
25/11/2009	13:23:00	5.628	0.078	235.1	23.8	0.0	72.0	17.0
25/11/2009	13:24:00	5.632	0.082	235.18	23.8	0.0	71.0	18.0
25/11/2009	13:25:00	5.628	0.078	235.27	23.8	0.0	71.0	17.0
25/11/2009	13:26:00	5.634	0.078	235.01	23.8	0.0	72.0	18.0
25/11/2009	13:27:00	5.638	0.074	235.22	23.8	0.0	71.0	17.0
25/11/2009	13:28:00	5.65	0.08	235.51	24.0	0.0	72.0	18.0
25/11/2009	13:29:00	5.69	0.076	236.53	24.0	0.0	72.0	18.0
25/11/2009	13:30:00	5.688	0.086	236.9	24.0	0.0	72.0	18.0
25/11/2009	19:29:00	5.008	0.0	237.0	21.0	37.0	0.0	18.0
25/11/2009	19:30:00	5.436	0.0	236.61	22.8	38.0	0.0	18.0
25/11/2009	19:31:00	5.452	0.0	236.79	23.0	37.0	0.0	17.0
25/11/2009	19:32:00	5.49	0.056	236.54	23.2	37.0	0.0	18.0
25/11/2009	19:33:00	5.544	0.144	235.95	23.4	37.0	1.0	18.0
25/11/2009	19:38:00	5.604	0.204	237.02	23.6	38.0	0.0	18.0
25/11/2009	19:39:00	5.612	0.204	237.09	23.6	37.0	0.0	18.0
25/11/2009	19:43:00	5.21	0.31	236.83	22.0	37.0	2.0	18.0
25/11/2009	19:44:00	5.164	0.304	237.24	21.8	37.0	1.0	18.0
26/11/2009	20:08:00	5.038	0.33	237.32	21.4	39.0	0.0	0.0
26/11/2009	20:10:00	5.11	0.458	235.57	21.8	38.0	0.0	1.0
26/11/2009	20:11:00	5.616	0.404	234.64	24.2	37.0	0.0	0.0
26/11/2009	20:12:00	5.964	0.452	234.78	25.4	38.0	0.0	1.0
26/11/2009	20:13:00	5.434	0.384	236.2	23.2	37.0	0.0	0.0
26/11/2009	20:14:00	5.704	0.43	235.64	24.4	38.0	0.0	1.0
26/11/2009	20:29:00	5.062	0.276	234.44	21.6	37.0	0.0	17.0
26/11/2009	20:30:00	5.072	0.276	234.68	21.6	37.0	0.0	18.0
26/11/2009	20:35:00	5.072	0.274	234.81	21.6	37.0	0.0	17.0
26/11/2009	20:36:00	5.084	0.274	235.14	21.6	37.0	0.0	18.0
26/11/2009	20:37:00	5.258	0.278	235.41	22.2	38.0	0.0	17.0
26/11/2009	20:42:00	5.068	0.184	236.3	21.4	37.0	0.0	18.0
26/11/2009	20:43:00	5.048	0.182	235.8	21.4	38.0	0.0	17.0
26/11/2009	20:48:00	5.122	0.308	235.17	21.8	37.0	0.0	17.0
26/11/2009	21:01:00	5.268	0.0	236.17	22.2	38.0	0.0	18.0
28/11/2009	18:51:00	5.69	0.094	234.97	24.2	36.0	0.0	18.0
28/11/2009	18:52:00	5.834	0.098	234.5	25.0	37.0	0.0	17.0
29/11/2009	11:24:00	5.236	0.196	239.55	23.2	0.0	53.0	18.0
29/11/2009	11:25:00	6.326	0.21	238.06	26.4	0.0	73.0	18.0
29/11/2009	11:26:00	6.296	0.192	237.87	26.4	0.0	73.0	18.0
29/11/2009	11:27:00	6.294	0.206	237.71	26.4	0.0	72.0	18.0
29/11/2009	11:28:00	6.388	0.3	238.03	26.8	0.0	75.0	18.0
29/11/2009	11:29:00	6.382	0.328	238.18	26.8	0.0	75.0	18.0
29/11/2009	11:30:00	6.402	0.312	238.79	26.8	0.0	74.0	18.0
29/11/2009	11:31:00	6.436	0.334	239.36	26.8	0.0	76.0	18.0
29/11/2009	11:32:00	6.404	0.314	238.94	26.8	0.0	74.0	18.0
29/11/2009	11:33:00	5.31	0.338	239.02	23.0	0.0	59.0	18.0
2/12/2009	14:48:00	5.168	0.122	242.45	21.2	2.0	75.0	1.0
2/12/2009	14:49:00	5.032	0.0	243.16	20.6	1.0	76.0	1.0
2/12/2009	14:50:00	5.036	0.0	243.19	20.6	1.0	75.0	0.0
2/12/2009	14:51:00	5.026	0.0	243.29	20.6	1.0	75.0	1.0
2/12/2009	15:12:00	5.022	0.444	242.89	20.8	39.0	36.0	1.0
2/12/2009	15:14:00	5.066	0.474	242.04	21.0	39.0	37.0	0.0
2/12/2009	17:36:00	6.044	0.112	235.16	25.6	0.0	72.0	0.0
2/12/2009	17:37:00	6.032	0.094	235.2	25.6	0.0	72.0	1.0
2/12/2009	17:38:00	5.932	0.128	234.49	25.2	0.0	71.0	0.0
2/12/2009	17:40:00	5.944	0.104	234.24	25.4	0.0	71.0	1.0
2/12/2009	17:41:00	5.54	0.09	234.77	23.6	0.0	66.0	0.0
2/12/2009	17:42:00	5.026	0.112	235.2	21.4	0.0	57.0	1.0
2/12/2009	17:43:00	5.6	0.09	235.06	23.8	0.0	67.0	1.0
2/12/2009	20:42:00	5.084	0.0	234.08	21.8	0.0	0.0	17.0
2/12/2009	20:43:00	5.29	0.0	233.68	22.6	0.0	0.0	17.0
3/12/2009	08:31:00	5.486	0.164	238.31	23.0	38.0	0.0	18.0
5/12/2009	17:18:00	5.156	0.54	234.31	22.0	37.0	0.0	18.0
5/12/2009	17:19:00	5.148	0.54	234.34	22.0	36.0	0.0	17.0
5/12/2009	17:20:00	5.13	0.538	233.89	22.0	36.0	0.0	18.0
5/12/2009	19:41:00	5.014	0.298	233.28	21.4	37.0	0.0	17.0
5/12/2009	19:42:00	5.022	0.296	233.57	21.4	37.0	0.0	17.0
5/12/2009	20:05:00	5.116	0.378	230.58	22.2	36.0	1.0	17.0
5/12/2009	20:06:00	5.034	0.384	230.88	21.8	36.0	1.0	17.0
5/12/2009	20:07:00	5.046	0.382	231.29	21.8	36.0	1.0	17.0
5/12/2009	20:08:00	5.202	0.382	231.63	22.4	36.0	2.0	17.0
5/12/2009	20:09:00	5.2	0.382	231.86	22.4	36.0	1.0	17.0
5/12/2009	20:10:00	5.214	0.384	232.3	22.4	37.0	1.0	17.0
5/12/2009	20:11:00	5.198	0.382	231.95	22.4	36.0	2.0	17.0
5/12/2009	20:12:00	5.196	0.412	231.86	22.4	37.0	1.0	17.0
5/12/2009	20:13:00	5.076	0.35	232.49	21.8	36.0	1.0	18.0
5/12/2009	23:14:00	6.01	0.196	238.41	25.2	1.0	0.0	18.0
5/12/2009	23:15:00	5.784	0.214	238.05	24.4	2.0	0.0	18.0
5/12/2009	23:16:00	5.844	0.166	237.47	24.6	1.0	0.0	18.0
6/12/2009	11:40:00	5.096	0.412	238.26	21.8	39.0	9.0	18.0
6/12/2009	11:41:00	6.53	0.38	237.01	27.6	39.0	36.0	18.0
6/12/2009	11:42:00	6.296	0.382	237.27	27.0	40.0	31.0	17.0
6/12/2009	11:43:00	8.216	0.354	234.41	35.0	38.0	72.0	18.0
6/12/2009	11:44:00	7.778	0.35	235.16	33.2	39.0	63.0	17.0
6/12/2009	11:45:00	8.298	0.33	235.3	35.2	38.0	71.0	18.0
6/12/2009	11:46:00	8.288	0.344	235.07	35.2	39.0	72.0	18.0
6/12/2009	11:47:00	8.244	0.322	234.54	35.0	38.0	71.0	17.0
6/12/2009	11:48:00	8.214	0.338	233.93	35.0	38.0	71.0	18.0
6/12/2009	11:49:00	8.258	0.322	234.14	35.2	39.0	71.0	17.0
6/12/2009	11:50:00	8.494	0.334	234.43	36.2	38.0	72.0	17.0
6/12/2009	11:51:00	8.282	0.322	234.52	35.2	38.0	71.0	18.0
6/12/2009	11:52:00	8.28	0.344	233.27	35.4	38.0	71.0	17.0
6/12/2009	11:53:00	8.088	0.326	232.98	34.8	38.0	68.0	17.0
6/12/2009	11:54:00	5.524	0.378	236.07	23.6	10.0	54.0	18.0
6/12/2009	11:55:00	6.244	0.386	236.14	26.4	2.0	71.0	18.0
6/12/2009	11:56:00	5.276	0.394	237.24	22.8	2.0	58.0	18.0
6/12/2009	11:58:00	7.952	0.294	234.68	34.0	73.0	31.0	17.0
6/12/2009	11:59:00	7.354	0.27	235.58	31.2	75.0	19.0	18.0
6/12/2009	12:00:00	7.916	0.294	235.07	33.6	73.0	31.0	17.0
6/12/2009	12:01:00	5.25	0.298	238.24	22.0	41.0	19.0	18.0
6/12/2009	12:02:00	5.806	0.35	237.02	24.6	38.0	29.0	18.0
6/12/2009	12:03:00	6.122	0.39	236.32	26.6	48.0	21.0	18.0
6/12/2009	12:04:00	7.788	0.394	234.97	33.2	74.0	28.0	18.0
6/12/2009	12:05:00	6.472	0.38	234.83	27.8	59.0	23.0	17.0
6/12/2009	12:06:00	5.508	0.376	235.83	23.4	37.0	28.0	18.0
6/12/2009	12:07:00	5.42	0.342	236.78	23.0	38.0	22.0	18.0
6/12/2009	12:08:00	5.212	0.29	236.42	22.2	37.0	21.0	17.0
6/12/2009	14:49:00	5.474	0.54	239.21	23.0	0.0	35.0	28.0
6/12/2009	14:51:00	5.05	0.536	238.86	21.4	0.0	29.0	29.0
6/12/2009	18:51:00	5.01	0.43	237.04	21.6	27.0	0.0	18.0
6/12/2009	18:52:00	5.288	0.39	236.74	22.4	38.0	0.0	18.0
6/12/2009	18:53:00	5.612	0.474	237.13	23.6	38.0	0.0	18.0
6/12/2009	18:54:00	5.636	0.558	237.53	23.8	39.0	0.0	17.0
6/12/2009	18:55:00	5.588	0.582	236.71	23.6	37.0	2.0	18.0
6/12/2009	18:56:00	5.554	0.49	236.9	23.4	38.0	1.0	18.0
6/12/2009	18:57:00	5.546	0.476	237.06	23.4	39.0	1.0	18.0
6/12/2009	18:58:00	5.534	0.472	236.77	23.4	37.0	2.0	18.0
6/12/2009	18:59:00	5.54	0.47	236.89	23.4	38.0	1.0	18.0
6/12/2009	19:00:00	5.524	0.466	236.69	23.4	38.0	2.0	17.0
6/12/2009	19:01:00	6.07	0.562	235.36	26.0	38.0	1.0	18.0
6/12/2009	19:02:00	6.14	0.546	235.06	26.4	37.0	1.0	18.0
6/12/2009	19:07:00	5.55	0.574	235.07	23.6	38.0	1.0	18.0
6/12/2009	19:08:00	5.564	0.574	235.36	23.6	37.0	2.0	17.0
6/12/2009	19:09:00	5.594	0.58	236.21	23.8	38.0	1.0	18.0
6/12/2009	19:10:00	5.104	0.588	237.35	22.0	31.0	1.0	18.0
6/12/2009	19:17:00	5.65	0.514	236.74	24.0	38.0	1.0	18.0
6/12/2009	19:18:00	5.572	0.506	235.09	23.8	37.0	1.0	18.0
7/12/2009	09:10:00	5.038	0.206	237.33	21.2	38.0	0.0	18.0
7/12/2009	09:11:00	5.014	0.204	237.28	21.0	37.0	0.0	18.0
7/12/2009	09:12:00	5.006	0.202	237.07	21.0	37.0	0.0	18.0
8/12/2009	20:03:00	5.95	0.444	239.51	24.8	38.0	2.0	18.0
8/12/2009	21:28:00	5.394	0.304	234.92	23.2	37.0	0.0	17.0
8/12/2009	21:29:00	5.862	0.362	234.92	25.2	36.0	0.0	18.0
8/12/2009	21:30:00	6.022	0.334	234.68	25.6	37.0	0.0	17.0
8/12/2009	21:31:00	5.064	0.214	235.25	21.8	36.0	0.0	18.0
9/12/2009	07:45:00	5.09	0.24	236.57	21.6	0.0	1.0	18.0
10/12/2009	19:58:00	5.42	0.358	238.44	22.8	39.0	0.0	1.0
10/12/2009	19:59:00	5.346	0.36	239.14	22.4	38.0	0.0	1.0
10/12/2009	20:00:00	5.46	0.362	239.87	22.8	39.0	0.0	0.0
10/12/2009	20:01:00	5.662	0.496	239.95	23.6	39.0	0.0	1.0
10/12/2009	20:02:00	5.066	0.376	240.37	21.0	39.0	0.0	1.0
10/12/2009	21:20:00	5.028	0.234	233.83	21.4	36.0	0.0	18.0
10/12/2009	21:21:00	5.002	0.232	233.43	21.4	37.0	0.0	17.0
10/12/2009	21:22:00	5.088	0.33	233.52	21.8	36.0	0.0	17.0
10/12/2009	21:23:00	5.08	0.332	233.85	21.6	36.0	0.0	18.0
10/12/2009	21:24:00	5.098	0.334	234.33	21.8	37.0	0.0	17.0
10/12/2009	21:25:00	5.118	0.338	235.01	21.8	36.0	0.0	18.0
10/12/2009	21:26:00	5.11	0.338	234.92	21.8	37.0	0.0	17.0
10/12/2009	21:27:00	5.092	0.334	234.51	21.6	36.0	0.0	18.0
10/12/2009	21:37:00	5.044	0.216	235.66	21.4	37.0	0.0	18.0
11/12/2009	18:53:00	5.57	0.972	239.04	23.6	39.0	2.0	1.0
11/12/2009	18:54:00	5.6	0.942	239.6	23.6	39.0	1.0	0.0
11/12/2009	18:55:00	5.562	0.91	240.16	23.4	39.0	1.0	1.0
11/12/2009	18:56:00	5.482	0.85	239.29	23.2	38.0	1.0	1.0
12/12/2009	16:56:00	6.148	0.574	238.22	26.0	0.0	64.0	1.0
12/12/2009	16:57:00	6.46	0.704	237.12	27.4	0.0	72.0	1.0
12/12/2009	16:58:00	6.034	0.684	237.35	25.8	0.0	63.0	0.0
12/12/2009	16:59:00	6.474	0.704	236.59	27.4	0.0	72.0	1.0
12/12/2009	17:00:00	6.422	0.678	235.71	27.4	0.0	71.0	1.0
12/12/2009	17:01:00	6.148	0.704	236.38	26.4	0.0	67.0	0.0
12/12/2009	17:03:00	6.438	0.692	235.81	27.4	0.0	72.0	0.0
12/12/2009	17:06:00	5.15	0.694	237.69	21.8	0.0	33.0	19.0
12/12/2009	17:08:00	5.26	0.474	238.27	22.0	0.0	36.0	18.0
12/12/2009	17:10:00	5.212	0.478	239.06	21.8	0.0	33.0	18.0
12/12/2009	17:12:00	5.238	0.518	237.97	22.2	0.0	32.0	19.0
12/12/2009	17:14:00	5.058	0.488	239.01	21.2	0.0	32.0	18.0
12/12/2009	17:16:00	5.062	0.468	238.13	21.4	0.0	31.0	18.0
12/12/2009	19:41:00	5.002	0.442	242.06	20.8	1.0	36.0	19.0
12/12/2009	19:59:00	5.428	0.324	241.16	22.8	1.0	27.0	18.0
12/12/2009	20:00:00	5.296	0.312	241.13	22.4	0.0	24.0	18.0
12/12/2009	20:03:00	5.828	0.068	240.85	24.2	39.0	19.0	18.0
12/12/2009	20:04:00	6.712	0.076	239.88	28.0	38.0	37.0	19.0
12/12/2009	20:05:00	5.652	0.068	240.5	23.4	38.0	17.0	18.0
12/12/2009	20:06:00	6.332	0.076	239.31	26.4	38.0	30.0	18.0
12/12/2009	20:08:00	5.538	0.09	240.9	23.0	38.0	15.0	18.0
12/12/2009	20:09:00	6.39	0.0	240.56	26.6	39.0	29.0	18.0
12/12/2009	20:10:00	5.642	0.0	241.38	23.6	38.0	18.0	19.0
12/12/2009	20:11:00	5.04	0.0	242.56	20.8	39.0	6.0	19.0
12/12/2009	20:12:00	5.718	0.0	242.04	23.6	38.0	17.0	18.0
12/12/2009	20:13:00	6.788	0.058	241.18	28.0	39.0	36.0	19.0
12/12/2009	20:14:00	5.214	0.0	242.42	21.4	38.0	8.0	18.0
12/12/2009	20:15:00	5.394	0.0	242.65	22.2	39.0	10.0	19.0
14/12/2009	18:33:00	5.466	0.322	241.4	22.6	0.0	41.0	19.0
14/12/2009	18:34:00	5.516	0.324	241.46	22.8	0.0	40.0	18.0
14/12/2009	18:35:00	5.542	0.324	241.18	23.0	0.0	40.0	19.0
14/12/2009	18:36:00	5.55	0.374	241.06	23.0	0.0	40.0	18.0
14/12/2009	18:37:00	5.458	0.304	240.12	22.6	0.0	39.0	18.0
14/12/2009	18:38:00	5.464	0.302	240.04	22.8	0.0	39.0	19.0
14/12/2009	18:39:00	5.466	0.3	239.78	22.8	0.0	39.0	18.0
14/12/2009	18:40:00	5.48	0.302	240.33	22.8	0.0	39.0	18.0
14/12/2009	18:41:00	5.47	0.3	240.1	22.8	0.0	39.0	19.0
14/12/2009	18:42:00	6.008	0.442	238.3	25.4	0.0	38.0	18.0
14/12/2009	18:43:00	6.69	0.596	237.58	28.2	0.0	39.0	18.0
14/12/2009	18:44:00	6.642	0.54	237.37	28.0	0.0	38.0	18.0
14/12/2009	18:45:00	5.14	0.344	239.49	22.0	0.0	33.0	18.0
14/12/2009	21:34:00	5.276	0.268	239.19	22.2	2.0	37.0	18.0
14/12/2009	21:35:00	6.186	0.266	239.21	25.8	39.0	18.0	19.0
14/12/2009	21:36:00	6.974	0.316	238.23	29.4	37.0	31.0	18.0
14/12/2009	21:37:00	6.18	0.4	238.69	25.8	38.0	17.0	18.0
14/12/2009	21:38:00	6.832	0.356	238.11	28.8	38.0	29.0	18.0
14/12/2009	21:39:00	5.418	0.296	240.3	22.6	38.0	4.0	18.0
14/12/2009	21:40:00	6.012	0.282	239.79	25.0	38.0	14.0	18.0
14/12/2009	21:41:00	6.92	0.292	239.28	29.0	38.0	29.0	19.0
14/12/2009	21:42:00	6.236	0.21	240.15	26.2	38.0	20.0	18.0
14/12/2009	21:43:00	5.15	0.174	241.8	21.2	39.0	5.0	18.0
14/12/2009	21:44:00	5.69	0.156	241.04	23.6	38.0	16.0	19.0
14/12/2009	21:45:00	6.814	0.15	239.57	28.4	38.0	35.0	18.0
14/12/2009	21:46:00	5.794	0.148	239.99	24.2	38.0	20.0	18.0
14/12/2009	21:47:00	5.088	0.166	241.01	21.4	18.0	28.0	19.0
15/12/2009	21:05:00	5.03	0.102	243.1	20.6	39.0	0.0	19.0
15/12/2009	21:06:00	5.132	0.162	243.97	21.0	39.0	0.0	19.0
15/12/2009	21:07:00	5.124	0.16	243.69	21.0	40.0	0.0	19.0
15/12/2009	21:08:00	5.092	0.16	243.19	20.8	39.0	0.0	19.0
15/12/2009	21:09:00	5.106	0.16	243.47	21.0	39.0	0.0	19.0
15/12/2009	21:10:00	5.128	0.162	244.09	21.0	39.0	0.0	18.0
15/12/2009	21:11:00	5.128	0.158	243.71	21.0	39.0	0.0	19.0
15/12/2009	21:12:00	5.124	0.158	243.9	21.0	40.0	0.0	19.0
15/12/2009	21:13:00	5.12	0.16	243.97	21.0	39.0	0.0	19.0
15/12/2009	21:14:00	5.024	0.158	242.88	20.6	39.0	0.0	19.0
19/12/2009	13:03:00	5.656	0.0	240.19	23.6	39.0	24.0	18.0
19/12/2009	13:04:00	5.538	0.0	240.76	23.2	38.0	28.0	18.0
19/12/2009	13:07:00	5.698	0.0	240.53	23.6	38.0	31.0	18.0
20/12/2009	08:33:00	5.688	0.362	242.25	23.6	39.0	1.0	17.0
21/12/2009	19:25:00	5.136	0.358	238.31	21.8	39.0	0.0	0.0
21/12/2009	19:26:00	6.236	0.55	236.77	26.4	38.0	0.0	0.0
21/12/2009	19:27:00	5.454	0.438	237.37	23.2	38.0	0.0	0.0
21/12/2009	19:28:00	6.07	0.566	236.84	25.8	38.0	0.0	0.0
21/12/2009	19:29:00	6.122	0.628	237.94	25.8	38.0	0.0	0.0
21/12/2009	19:30:00	6.1	0.592	239.28	25.6	39.0	0.0	0.0
21/12/2009	19:31:00	6.106	0.614	239.33	25.6	39.0	0.0	0.0
21/12/2009	19:37:00	5.318	0.64	240.76	22.4	39.0	2.0	0.0
21/12/2009	19:38:00	5.68	0.668	239.84	23.8	39.0	1.0	0.0
21/12/2009	20:08:00	5.066	0.29	240.81	21.0	40.0	0.0	14.0
21/12/2009	20:09:00	5.662	0.466	240.93	23.6	39.0	0.0	18.0
21/12/2009	20:14:00	6.092	0.444	239.5	25.4	40.0	0.0	18.0
21/12/2009	20:15:00	6.108	0.426	239.72	25.4	40.0	0.0	18.0
21/12/2009	20:16:00	5.036	0.424	241.5	21.2	14.0	0.0	18.0
21/12/2009	20:19:00	5.704	0.416	241.55	23.6	40.0	0.0	18.0
21/12/2009	20:20:00	5.772	0.416	241.84	23.8	41.0	0.0	18.0
21/12/2009	20:33:00	5.978	0.296	242.82	25.0	57.0	0.0	18.0
21/12/2009	20:34:00	7.2	0.276	241.28	29.8	77.0	0.0	18.0
21/12/2009	20:35:00	5.08	0.296	243.14	21.0	44.0	0.0	18.0
21/12/2009	20:36:00	5.004	0.3	243.93	20.4	41.0	0.0	18.0
21/12/2009	20:38:00	5.646	0.28	243.11	23.8	53.0	0.0	19.0
21/12/2009	20:39:00	7.106	0.242	242.33	29.2	78.0	0.0	18.0
21/12/2009	20:40:00	6.948	0.24	242.06	28.6	78.0	0.0	18.0
21/12/2009	20:41:00	5.596	0.26	242.84	23.4	56.0	0.0	18.0
21/12/2009	20:44:00	5.778	0.254	239.76	24.6	57.0	0.0	18.0
21/12/2009	20:45:00	6.83	0.246	238.94	28.6	76.0	0.0	18.0
21/12/2009	20:46:00	6.868	0.248	239.55	28.6	76.0	0.0	17.0
21/12/2009	20:47:00	5.054	0.268	241.97	21.6	48.0	0.0	18.0
21/12/2009	21:58:00	5.02	0.2	241.37	20.8	38.0	0.0	18.0
21/12/2009	22:00:00	5.012	0.2	241.61	20.6	38.0	0.0	18.0
23/12/2009	09:52:00	5.276	0.162	241.1	21.8	38.0	1.0	18.0
23/12/2009	09:53:00	5.15	0.062	241.38	21.4	38.0	1.0	18.0
23/12/2009	09:54:00	5.088	0.056	241.12	21.0	39.0	1.0	17.0
24/12/2009	15:08:00	5.02	0.268	244.63	20.4	0.0	40.0	28.0
24/12/2009	15:50:00	5.494	0.318	246.79	22.2	0.0	38.0	20.0
24/12/2009	15:52:00	5.278	0.132	247.57	21.2	0.0	39.0	20.0
24/12/2009	15:53:00	5.198	0.142	247.15	21.0	0.0	37.0	19.0
24/12/2009	15:54:00	7.516	0.116	245.06	30.6	0.0	76.0	19.0
24/12/2009	15:55:00	7.57	0.14	245.74	30.8	0.0	77.0	19.0
24/12/2009	15:56:00	6.99	0.126	246.34	28.4	0.0	68.0	20.0
24/12/2009	15:57:00	6.722	0.144	245.15	27.4	0.0	63.0	19.0
24/12/2009	15:58:00	7.242	0.114	243.41	29.8	0.0	73.0	18.0
24/12/2009	15:59:00	6.296	0.14	244.41	25.6	0.0	57.0	19.0
24/12/2009	16:00:00	7.034	0.112	243.59	29.0	0.0	70.0	19.0
24/12/2009	16:01:00	5.574	0.188	245.44	22.6	0.0	44.0	19.0
24/12/2009	16:02:00	6.308	0.252	246.15	25.6	0.0	56.0	20.0
24/12/2009	16:03:00	7.214	0.26	244.81	29.6	0.0	71.0	19.0
24/12/2009	16:04:00	6.27	0.258	246.48	25.6	0.0	58.0	19.0
24/12/2009	16:05:00	5.938	0.286	247.35	24.0	0.0	49.0	19.0
24/12/2009	16:06:00	6.27	0.254	246.35	25.4	0.0	57.0	20.0
24/12/2009	16:17:00	5.038	0.554	247.22	20.6	0.0	32.0	19.0
24/12/2009	16:20:00	5.182	0.528	246.57	21.2	0.0	34.0	19.0
24/12/2009	16:27:00	5.034	0.632	246.27	20.8	0.0	33.0	19.0
24/12/2009	16:43:00	5.06	0.284	244.28	20.8	0.0	30.0	19.0
24/12/2009	16:46:00	5.028	0.274	244.67	20.6	0.0	29.0	19.0
24/12/2009	16:53:00	5.442	0.48	243.78	22.6	0.0	29.0	29.0
24/12/2009	16:55:00	5.262	0.618	244.24	21.6	0.0	17.0	29.0
24/12/2009	17:02:00	5.26	0.252	240.24	21.8	0.0	38.0	18.0
24/12/2009	17:03:00	5.234	0.242	239.87	21.8	0.0	38.0	19.0
24/12/2009	17:04:00	5.258	0.252	240.45	21.8	0.0	37.0	18.0
24/12/2009	17:05:00	5.26	0.246	240.7	21.8	0.0	38.0	18.0
24/12/2009	17:06:00	5.264	0.258	240.85	21.8	0.0	38.0	19.0
24/12/2009	17:07:00	5.3	0.244	240.53	22.0	0.0	38.0	18.0
24/12/2009	17:08:00	5.49	0.202	239.52	22.8	0.0	37.0	19.0
24/12/2009	17:09:00	5.354	0.0	238.64	22.4	0.0	36.0	18.0
24/12/2009	17:10:00	5.18	0.096	238.74	21.6	0.0	36.0	18.0
24/12/2009	17:12:00	5.124	0.102	240.04	21.4	0.0	33.0	18.0
24/12/2009	17:41:00	5.05	0.128	242.44	20.8	0.0	38.0	18.0
24/12/2009	17:45:00	6.656	0.11	240.63	27.8	0.0	65.0	19.0
24/12/2009	17:46:00	7.126	0.108	240.41	29.6	0.0	75.0	18.0
24/12/2009	17:47:00	6.978	0.11	240.82	28.8	0.0	74.0	19.0
24/12/2009	17:48:00	6.93	0.046	240.58	28.8	0.0	75.0	18.0
24/12/2009	17:49:00	6.902	0.0	240.83	28.6	0.0	75.0	18.0
24/12/2009	17:50:00	7.066	0.0	241.01	29.2	0.0	75.0	19.0
24/12/2009	17:51:00	7.336	0.116	240.81	30.4	0.0	75.0	18.0
24/12/2009	17:52:00	7.164	0.0	241.98	29.6	0.0	75.0	19.0
24/12/2009	17:53:00	6.688	0.0	242.97	27.8	0.0	64.0	19.0
24/12/2009	17:54:00	5.224	0.0	245.24	21.2	0.0	39.0	19.0
24/12/2009	17:55:00	6.938	0.0	242.79	28.6	0.0	70.0	18.0
24/12/2009	17:56:00	5.044	0.0	243.93	20.6	0.0	39.0	19.0
24/12/2009	17:57:00	5.04	0.046	244.08	20.6	0.0	38.0	19.0
24/12/2009	17:58:00	5.022	0.0	243.66	20.6	0.0	38.0	19.0
24/12/2009	17:59:00	5.084	0.0	244.42	20.8	0.0	39.0	19.0
24/12/2009	18:00:00	5.116	0.0	244.92	20.8	0.0	39.0	19.0
24/12/2009	18:03:00	5.15	0.156	244.19	21.0	0.0	39.0	19.0
24/12/2009	18:08:00	5.368	0.086	243.9	22.0	0.0	39.0	19.0
24/12/2009	18:14:00	5.088	0.312	243.13	21.0	0.0	41.0	19.0
24/12/2009	18:16:00	5.028	0.206	244.67	20.6	0.0	36.0	19.0
24/12/2009	18:43:00	5.346	0.296	243.86	21.8	41.0	1.0	19.0
24/12/2009	18:44:00	5.332	0.298	243.32	21.8	40.0	2.0	19.0
24/12/2009	18:45:00	5.384	0.356	243.09	22.2	40.0	2.0	18.0
24/12/2009	18:46:00	5.422	0.328	243.56	22.2	40.0	1.0	19.0
24/12/2009	18:47:00	5.126	0.292	243.72	21.0	40.0	2.0	19.0
24/12/2009	18:48:00	5.176	0.296	244.01	21.2	41.0	2.0	19.0
24/12/2009	18:49:00	5.186	0.304	242.2	21.4	39.0	1.0	19.0
24/12/2009	18:50:00	5.324	0.34	242.16	22.0	40.0	2.0	18.0
24/12/2009	18:51:00	5.364	0.366	242.75	22.0	40.0	1.0	19.0
24/12/2009	18:52:00	5.46	0.492	243.54	22.4	40.0	2.0	19.0
24/12/2009	18:53:00	5.682	0.484	244.4	23.2	40.0	2.0	19.0
24/12/2009	18:54:00	5.774	0.48	243.08	23.8	40.0	1.0	19.0
24/12/2009	18:55:00	5.794	0.474	243.27	23.8	40.0	2.0	18.0
24/12/2009	18:56:00	5.844	0.474	242.59	24.0	40.0	2.0	19.0
24/12/2009	18:58:00	5.774	0.474	242.36	23.8	40.0	1.0	19.0
24/12/2009	18:59:00	5.798	0.476	243.64	23.8	40.0	2.0	18.0
24/12/2009	19:00:00	5.692	0.514	243.52	23.4	40.0	1.0	19.0
24/12/2009	19:05:00	5.594	0.522	243.18	23.0	40.0	2.0	18.0
24/12/2009	19:06:00	5.666	0.532	244.29	23.2	41.0	1.0	19.0
24/12/2009	19:11:00	5.71	0.384	243.44	23.4	40.0	1.0	19.0
24/12/2009	19:12:00	5.588	0.38	243.25	23.0	40.0	2.0	19.0
24/12/2009	19:13:00	5.666	0.344	243.46	23.2	40.0	1.0	19.0
24/12/2009	19:14:00	5.46	0.28	244.09	22.4	40.0	1.0	19.0
24/12/2009	19:15:00	5.302	0.282	243.48	21.8	40.0	2.0	19.0
24/12/2009	19:16:00	5.14	0.286	244.82	21.0	41.0	1.0	19.0
24/12/2009	19:28:00	5.07	0.274	242.78	20.8	40.0	1.0	19.0
24/12/2009	19:29:00	5.34	0.278	243.1	22.0	40.0	1.0	19.0
24/12/2009	19:30:00	5.462	0.222	243.64	22.4	40.0	1.0	18.0
24/12/2009	19:40:00	5.02	0.356	245.15	20.4	41.0	2.0	20.0
24/12/2009	19:41:00	5.084	0.366	244.8	20.8	41.0	3.0	19.0
24/12/2009	19:42:00	5.072	0.38	244.14	20.8	41.0	4.0	18.0
24/12/2009	19:43:00	5.056	0.36	244.05	20.6	40.0	3.0	19.0
24/12/2009	19:44:00	5.046	0.374	243.48	20.6	41.0	4.0	19.0
24/12/2009	19:45:00	7.332	0.326	241.58	30.4	74.0	3.0	19.0
24/12/2009	19:46:00	5.264	0.388	244.41	21.6	41.0	4.0	19.0
24/12/2009	19:47:00	5.012	0.33	241.75	20.6	41.0	3.0	18.0
24/12/2009	19:54:00	6.856	0.252	241.6	28.4	73.0	0.0	18.0
24/12/2009	19:55:00	7.07	0.244	241.98	29.2	78.0	0.0	19.0
24/12/2009	19:56:00	5.44	0.288	243.14	22.6	52.0	0.0	18.0
24/12/2009	20:00:00	7.022	0.242	241.1	29.0	78.0	0.0	19.0
24/12/2009	20:01:00	6.96	0.234	240.28	28.8	76.0	0.0	18.0
24/12/2009	20:02:00	7.03	0.242	241.07	29.0	78.0	0.0	19.0
24/12/2009	20:03:00	5.606	0.256	242.51	23.4	55.0	0.0	18.0
24/12/2009	20:05:00	5.35	0.248	240.19	22.6	48.0	0.0	18.0
24/12/2009	20:06:00	6.814	0.144	238.67	28.4	76.0	0.0	19.0
24/12/2009	20:07:00	6.458	0.136	239.92	27.0	70.0	0.0	18.0
24/12/2009	20:30:00	5.878	0.118	240.68	24.4	39.0	0.0	18.0
24/12/2009	20:31:00	5.312	0.122	238.71	22.2	38.0	0.0	18.0
24/12/2009	20:32:00	5.912	0.114	238.76	24.6	39.0	0.0	18.0
24/12/2009	20:33:00	5.578	0.122	239.14	23.4	39.0	0.0	19.0
24/12/2009	20:34:00	5.716	0.118	238.53	24.0	38.0	0.0	18.0
24/12/2009	20:35:00	6.374	0.102	236.97	26.8	38.0	0.0	18.0
24/12/2009	20:49:00	6.674	0.612	239.45	28.0	40.0	0.0	18.0
24/12/2009	20:50:00	6.458	0.63	240.22	27.2	37.0	0.0	19.0
24/12/2009	20:52:00	5.492	0.326	240.5	23.0	39.0	0.0	19.0
24/12/2009	20:53:00	6.352	0.462	238.96	26.6	39.0	0.0	18.0
24/12/2009	20:54:00	6.176	0.448	239.52	26.0	38.0	0.0	18.0
24/12/2009	20:55:00	5.836	0.378	239.96	24.6	39.0	0.0	18.0
24/12/2009	20:56:00	6.446	0.442	239.86	27.0	38.0	1.0	19.0
24/12/2009	20:57:00	6.368	0.36	240.38	26.6	39.0	0.0	18.0
24/12/2009	20:58:00	5.924	0.274	240.1	24.8	38.0	0.0	18.0
24/12/2009	22:00:00	5.516	0.0	241.19	22.8	0.0	0.0	18.0
24/12/2009	22:01:00	5.456	0.0	240.49	22.6	0.0	0.0	18.0
24/12/2009	22:02:00	5.538	0.0	241.69	22.8	0.0	0.0	19.0
24/12/2009	22:59:00	5.818	0.072	239.9	24.4	33.0	0.0	18.0
24/12/2009	23:00:00	6.406	0.072	240.43	26.6	38.0	1.0	18.0
24/12/2009	23:01:00	6.514	0.068	239.83	27.0	39.0	0.0	19.0
24/12/2009	23:02:00	6.546	0.074	240.41	27.2	38.0	0.0	18.0
24/12/2009	23:03:00	6.196	0.074	240.92	25.6	38.0	0.0	18.0
24/12/2009	23:04:00	5.524	0.084	240.57	22.8	39.0	0.0	19.0
24/12/2009	23:05:00	5.482	0.118	240.23	22.8	38.0	0.0	18.0
24/12/2009	23:06:00	5.712	0.226	239.91	23.8	38.0	1.0	18.0
24/12/2009	23:07:00	5.714	0.226	239.41	23.8	38.0	0.0	19.0
24/12/2009	23:08:00	5.48	0.218	239.11	22.8	38.0	0.0	18.0
24/12/2009	23:13:00	5.302	0.226	238.92	22.2	34.0	0.0	18.0
24/12/2009	23:14:00	5.308	0.204	235.13	22.6	37.0	0.0	18.0
24/12/2009	23:18:00	5.394	0.31	237.29	22.6	36.0	0.0	18.0
24/12/2009	23:19:00	5.406	0.314	237.35	22.8	37.0	1.0	18.0
24/12/2009	23:20:00	5.386	0.308	237.22	22.6	37.0	0.0	18.0
24/12/2009	23:21:00	5.38	0.312	236.8	22.6	38.0	0.0	18.0
24/12/2009	23:22:00	5.35	0.306	236.67	22.6	37.0	0.0	17.0
24/12/2009	23:23:00	5.364	0.312	236.56	22.6	37.0	0.0	18.0
24/12/2009	23:24:00	5.374	0.31	237.41	22.6	37.0	0.0	18.0
24/12/2009	23:25:00	5.262	0.316	237.69	22.2	36.0	1.0	18.0
25/12/2009	09:44:00	5.354	0.12	239.68	22.6	0.0	65.0	18.0
25/12/2009	09:45:00	5.862	0.106	239.54	24.4	0.0	74.0	19.0
25/12/2009	09:46:00	5.372	0.122	240.3	22.6	0.0	66.0	18.0
25/12/2009	09:47:00	5.844	0.106	239.46	24.4	0.0	73.0	18.0
25/12/2009	09:48:00	5.86	0.124	239.69	24.4	0.0	74.0	18.0
25/12/2009	09:49:00	5.878	0.11	239.99	24.4	0.0	74.0	19.0
25/12/2009	09:51:00	5.454	0.208	240.61	23.0	0.0	63.0	19.0
25/12/2009	17:39:00	5.438	0.412	239.92	22.6	0.0	2.0	18.0
26/12/2009	11:11:00	5.786	0.272	235.66	24.8	37.0	24.0	28.0
26/12/2009	11:12:00	6.446	0.25	235.16	27.4	36.0	32.0	27.0
26/12/2009	11:13:00	5.772	0.278	236.18	24.4	37.0	19.0	28.0
26/12/2009	11:14:00	6.34	0.15	235.76	26.8	37.0	37.0	20.0
26/12/2009	11:15:00	5.304	0.224	235.81	22.4	37.0	20.0	18.0
26/12/2009	11:16:00	5.99	0.198	234.81	25.6	36.0	31.0	17.0
26/12/2009	12:49:00	5.062	0.14	236.73	21.4	0.0	38.0	18.0
26/12/2009	19:46:00	5.176	0.0	235.61	21.8	0.0	0.0	17.0
26/12/2009	19:47:00	5.13	0.0	235.57	21.6	0.0	0.0	18.0
26/12/2009	19:48:00	5.004	0.0	236.22	21.2	0.0	0.0	18.0
27/12/2009	19:12:00	5.002	0.076	235.37	21.2	37.0	0.0	18.0
27/12/2009	19:13:00	5.016	0.072	234.2	21.4	36.0	0.0	17.0
27/12/2009	20:26:00	6.412	0.426	233.66	27.4	73.0	0.0	1.0
27/12/2009	20:27:00	6.278	0.344	232.73	27.0	72.0	0.0	1.0
27/12/2009	20:28:00	6.296	0.34	232.69	27.0	72.0	0.0	0.0
27/12/2009	20:29:00	6.27	0.338	232.63	27.0	73.0	0.0	1.0
27/12/2009	20:30:00	6.144	0.338	232.79	26.4	72.0	0.0	0.0
27/12/2009	20:31:00	6.464	0.338	232.98	27.8	72.0	0.0	1.0
27/12/2009	20:32:00	6.454	0.336	232.89	27.6	73.0	0.0	1.0
27/12/2009	20:33:00	6.286	0.336	232.97	27.0	72.0	0.0	0.0
27/12/2009	20:34:00	6.26	0.338	233.76	26.8	73.0	0.0	1.0
27/12/2009	20:35:00	6.324	0.378	234.16	27.0	73.0	0.0	1.0
27/12/2009	20:36:00	6.342	0.434	234.12	27.0	73.0	0.0	0.0
27/12/2009	20:37:00	6.326	0.432	234.03	27.0	73.0	0.0	1.0
27/12/2009	20:38:00	6.314	0.43	233.69	27.0	72.0	0.0	0.0
27/12/2009	20:39:00	6.328	0.432	234.11	27.0	73.0	0.0	1.0
27/12/2009	21:11:00	6.382	0.648	234.53	27.4	37.0	1.0	1.0
27/12/2009	21:12:00	6.332	0.588	234.43	27.2	37.0	2.0	0.0
29/12/2009	14:38:00	5.064	0.338	243.9	20.8	40.0	0.0	19.0
29/12/2009	14:39:00	5.078	0.332	243.43	20.8	40.0	0.0	18.0
29/12/2009	14:40:00	5.026	0.324	242.02	20.8	39.0	0.0	19.0
29/12/2009	14:41:00	5.056	0.324	242.76	20.8	40.0	0.0	19.0
29/12/2009	14:42:00	5.05	0.34	242.75	20.8	40.0	0.0	18.0
29/12/2009	14:44:00	5.216	0.3	243.44	21.4	41.0	0.0	19.0
29/12/2009	15:10:00	5.056	0.056	244.57	20.6	40.0	0.0	19.0
30/12/2009	09:08:00	5.19	0.062	234.54	22.0	1.0	37.0	18.0
30/12/2009	12:12:00	5.166	0.37	235.44	22.0	38.0	0.0	27.0
30/12/2009	12:55:00	6.438	0.24	236.81	27.2	75.0	0.0	18.0
30/12/2009	12:56:00	6.382	0.24	236.35	27.0	74.0	0.0	17.0
30/12/2009	12:57:00	6.198	0.24	236.41	26.2	73.0	0.0	18.0
30/12/2009	13:10:00	5.276	0.508	237.67	22.6	56.0	2.0	18.0
30/12/2009	13:11:00	5.35	0.494	236.96	23.0	60.0	1.0	17.0
30/12/2009	13:20:00	6.016	0.608	236.43	25.6	37.0	2.0	28.0
30/12/2009	13:21:00	5.964	0.556	236.17	25.4	38.0	1.0	27.0
30/12/2009	19:25:00	5.634	0.46	238.22	24.0	0.0	65.0	0.0
30/12/2009	19:26:00	6.154	0.484	237.53	26.0	0.0	74.0	1.0
30/12/2009	19:27:00	6.116	0.488	236.56	25.8	0.0	72.0	1.0
30/12/2009	19:28:00	6.092	0.462	236.31	25.8	0.0	73.0	0.0
30/12/2009	19:29:00	6.1	0.478	236.38	25.8	0.0	72.0	1.0
30/12/2009	19:30:00	6.144	0.462	237.45	25.8	0.0	73.0	0.0
30/12/2009	19:31:00	6.158	0.474	237.35	26.0	0.0	74.0	1.0
30/12/2009	19:32:00	6.28	0.462	237.47	26.4	0.0	73.0	1.0
30/12/2009	19:33:00	6.848	0.608	237.44	28.8	0.0	73.0	0.0
30/12/2009	19:34:00	7.014	0.588	238.0	29.4	0.0	74.0	1.0
30/12/2009	19:35:00	6.746	0.432	238.14	28.4	0.0	74.0	1.0
30/12/2009	19:36:00	6.682	0.41	237.84	28.0	0.0	73.0	0.0
30/12/2009	19:37:00	6.696	0.42	237.59	28.2	0.0	73.0	1.0
30/12/2009	19:38:00	5.266	0.488	239.32	22.4	0.0	49.0	0.0
30/12/2009	19:40:00	5.672	0.52	238.96	24.2	0.0	55.0	1.0
30/12/2009	19:43:00	5.068	0.612	239.9	21.4	0.0	39.0	1.0
30/12/2009	20:31:00	5.426	0.216	234.96	23.0	0.0	37.0	18.0
30/12/2009	20:33:00	5.156	0.12	235.29	21.8	1.0	36.0	17.0
30/12/2009	20:34:00	5.684	0.092	235.2	24.6	16.0	28.0	18.0
30/12/2009	20:35:00	7.46	0.06	233.61	31.8	37.0	36.0	17.0
30/12/2009	20:36:00	7.802	0.128	233.24	33.6	36.0	36.0	18.0
30/12/2009	20:37:00	7.838	0.196	233.94	33.6	37.0	36.0	17.0
30/12/2009	20:38:00	7.46	0.094	234.16	32.0	34.0	36.0	18.0
30/12/2009	20:39:00	7.472	0.084	233.56	32.0	36.0	36.0	17.0
30/12/2009	20:40:00	6.938	0.11	234.05	29.6	37.0	37.0	17.0
30/12/2009	20:41:00	7.064	0.146	233.84	30.2	36.0	36.0	18.0
30/12/2009	20:42:00	7.066	0.116	234.24	30.0	36.0	35.0	17.0
30/12/2009	20:43:00	7.01	0.0	234.15	29.8	37.0	35.0	18.0
30/12/2009	20:44:00	7.012	0.048	234.19	29.8	36.0	36.0	17.0
30/12/2009	20:45:00	5.82	0.062	235.36	25.0	17.0	35.0	18.0
30/12/2009	20:48:00	5.574	0.078	235.92	24.2	13.0	36.0	18.0
30/12/2009	20:49:00	7.84	0.258	233.24	33.6	36.0	35.0	22.0
30/12/2009	20:50:00	7.356	0.326	233.94	31.6	29.0	35.0	27.0
30/12/2009	20:51:00	5.658	0.378	235.76	24.0	1.0	34.0	28.0
30/12/2009	20:53:00	6.668	0.332	234.42	28.8	14.0	34.0	28.0
30/12/2009	20:54:00	7.038	0.324	234.51	30.0	37.0	18.0	28.0
30/12/2009	20:55:00	7.274	0.172	234.36	31.0	36.0	30.0	18.0
30/12/2009	20:56:00	7.5	0.174	233.43	32.0	36.0	35.0	17.0
30/12/2009	20:57:00	7.122	0.172	233.69	30.4	36.0	30.0	17.0
30/12/2009	20:58:00	6.606	0.182	234.6	28.2	37.0	18.0	18.0
30/12/2009	20:59:00	7.21	0.172	234.42	30.8	36.0	31.0	17.0
30/12/2009	21:00:00	6.566	0.18	234.5	28.0	36.0	18.0	18.0
30/12/2009	21:01:00	7.036	0.168	234.82	30.0	35.0	35.0	17.0
30/12/2009	21:04:00	5.102	0.188	236.93	21.4	1.0	36.0	18.0
2/1/2010	18:00:00	6.098	0.578	237.12	26.0	38.0	0.0	18.0
2/1/2010	18:01:00	6.226	0.578	237.42	26.4	38.0	0.0	18.0
2/1/2010	18:02:00	5.828	0.476	237.0	24.8	37.0	0.0	17.0
2/1/2010	18:03:00	5.842	0.45	237.29	24.8	37.0	0.0	18.0
2/1/2010	18:04:00	6.236	0.536	236.52	26.6	37.0	0.0	18.0
2/1/2010	18:05:00	5.392	0.378	236.88	22.8	38.0	0.0	18.0
2/1/2010	18:06:00	5.444	0.378	236.85	23.0	37.0	0.0	18.0
2/1/2010	18:07:00	5.402	0.374	235.78	22.8	37.0	0.0	18.0
2/1/2010	18:08:00	5.436	0.378	236.57	23.0	37.0	0.0	17.0
2/1/2010	18:09:00	5.168	0.386	236.85	22.0	34.0	0.0	18.0
3/1/2010	10:24:00	5.444	0.094	239.25	22.6	38.0	3.0	18.0
3/1/2010	10:25:00	5.456	0.098	238.96	22.8	38.0	3.0	19.0
3/1/2010	10:26:00	5.48	0.1	239.52	22.8	38.0	3.0	18.0
3/1/2010	10:27:00	5.04	0.126	241.27	21.0	38.0	2.0	18.0
3/1/2010	11:48:00	6.382	0.364	239.5	26.6	77.0	0.0	18.0
3/1/2010	11:49:00	6.322	0.358	239.16	26.4	77.0	0.0	18.0
3/1/2010	11:50:00	6.304	0.354	238.92	26.4	75.0	0.0	18.0
3/1/2010	11:51:00	6.264	0.346	238.07	26.2	76.0	0.0	18.0
3/1/2010	11:52:00	6.304	0.348	239.05	26.4	76.0	0.0	18.0
3/1/2010	11:53:00	6.29	0.234	240.33	26.2	76.0	0.0	19.0
3/1/2010	12:21:00	5.198	0.554	239.42	22.2	38.0	0.0	18.0
3/1/2010	12:22:00	5.464	0.542	238.29	23.2	39.0	0.0	18.0
3/1/2010	13:55:00	5.142	0.222	235.69	21.8	0.0	74.0	1.0
3/1/2010	13:56:00	5.156	0.244	235.98	21.8	0.0	74.0	0.0
3/1/2010	13:57:00	5.11	0.218	235.19	21.6	0.0	73.0	1.0
3/1/2010	13:58:00	5.16	0.244	236.36	21.8	0.0	74.0	1.0
3/1/2010	13:59:00	5.152	0.218	236.01	21.8	0.0	74.0	0.0
3/1/2010	14:00:00	5.174	0.24	236.34	21.8	0.0	74.0	1.0
3/1/2010	14:01:00	5.238	0.234	238.44	22.0	0.0	75.0	0.0
3/1/2010	14:02:00	5.22	0.248	237.74	22.0	0.0	75.0	1.0
3/1/2010	14:03:00	5.184	0.226	237.31	21.8	0.0	74.0	1.0
3/1/2010	14:04:00	5.26	0.314	237.29	22.2	0.0	75.0	0.0
3/1/2010	14:05:00	5.246	0.324	237.02	22.2	0.0	74.0	1.0
3/1/2010	14:06:00	5.088	0.35	238.14	21.6	0.0	75.0	1.0
3/1/2010	19:36:00	5.48	0.714	238.22	23.4	0.0	29.0	1.0
3/1/2010	19:43:00	5.054	0.438	238.79	21.4	0.0	36.0	19.0
3/1/2010	19:56:00	5.018	0.094	241.27	20.8	0.0	37.0	19.0
3/1/2010	19:57:00	5.06	0.11	241.72	20.8	0.0	37.0	18.0
3/1/2010	19:58:00	5.01	0.088	240.58	20.8	0.0	37.0	19.0
3/1/2010	20:04:00	5.112	0.106	238.9	21.6	1.0	32.0	18.0
3/1/2010	20:05:00	5.502	0.132	239.6	23.2	1.0	36.0	18.0
3/1/2010	20:29:00	5.008	0.0	240.4	20.8	38.0	0.0	19.0
5/1/2010	17:26:00	5.362	0.09	237.88	22.4	0.0	0.0	18.0
5/1/2010	17:27:00	5.544	0.092	237.15	23.2	0.0	0.0	18.0
6/1/2010	20:29:00	5.264	0.0	238.08	22.0	38.0	0.0	18.0
6/1/2010	20:30:00	5.27	0.0	238.91	22.0	38.0	0.0	18.0
6/1/2010	20:31:00	5.284	0.0	239.23	22.0	38.0	1.0	18.0
6/1/2010	20:32:00	5.304	0.0	239.71	22.0	38.0	0.0	18.0
6/1/2010	20:33:00	5.272	0.0	239.37	22.0	38.0	0.0	19.0
6/1/2010	20:34:00	5.288	0.0	239.55	22.0	39.0	0.0	18.0
6/1/2010	20:35:00	5.276	0.0	239.65	22.0	37.0	0.0	18.0
6/1/2010	20:36:00	5.302	0.0	239.77	22.0	39.0	0.0	18.0
6/1/2010	20:37:00	5.262	0.0	239.42	22.0	38.0	1.0	19.0
6/1/2010	20:38:00	5.25	0.0	239.13	21.8	37.0	0.0	18.0
8/1/2010	06:46:00	5.364	0.052	244.5	22.0	0.0	0.0	19.0
8/1/2010	06:47:00	5.454	0.0	243.93	22.4	0.0	0.0	19.0
9/1/2010	14:31:00	5.074	0.12	239.58	21.2	1.0	77.0	1.0
9/1/2010	14:32:00	5.27	0.128	239.7	22.0	1.0	76.0	1.0
9/1/2010	14:33:00	5.044	0.162	239.72	21.0	1.0	76.0	0.0
9/1/2010	14:34:00	6.498	0.582	237.96	27.4	2.0	75.0	1.0
9/1/2010	14:35:00	6.038	0.478	238.5	25.6	0.0	76.0	0.0
9/1/2010	14:36:00	5.626	0.388	239.24	23.8	1.0	76.0	1.0
9/1/2010	14:37:00	6.44	0.3	238.22	27.2	17.0	75.0	1.0
9/1/2010	14:38:00	7.03	0.244	237.7	29.6	37.0	75.0	0.0
9/1/2010	14:39:00	5.116	0.256	240.31	21.2	38.0	39.0	1.0
9/1/2010	14:40:00	5.198	0.282	240.53	21.6	39.0	40.0	1.0
9/1/2010	14:41:00	5.858	0.288	239.33	24.8	38.0	51.0	0.0
9/1/2010	14:42:00	5.17	0.322	239.61	21.6	38.0	38.0	1.0
9/1/2010	14:43:00	5.404	0.3	239.65	22.4	38.0	39.0	1.0
9/1/2010	14:44:00	5.444	0.286	239.5	22.6	38.0	39.0	0.0
9/1/2010	14:45:00	5.444	0.266	238.96	22.8	38.0	39.0	1.0
9/1/2010	14:46:00	5.458	0.282	238.9	22.8	38.0	39.0	1.0
9/1/2010	14:47:00	5.452	0.276	239.14	22.8	38.0	40.0	0.0
9/1/2010	14:48:00	5.412	0.318	238.58	22.6	37.0	39.0	1.0
9/1/2010	14:49:00	5.342	0.294	237.6	22.4	38.0	38.0	0.0
9/1/2010	14:50:00	5.06	0.178	238.02	21.2	37.0	30.0	6.0
9/1/2010	14:51:00	5.564	0.128	237.59	23.4	37.0	24.0	19.0
9/1/2010	14:53:00	5.046	0.392	237.82	21.6	1.0	39.0	19.0
9/1/2010	17:43:00	5.554	0.338	237.59	24.0	23.0	36.0	1.0
9/1/2010	17:44:00	5.822	0.422	238.0	24.8	38.0	27.0	0.0
9/1/2010	17:45:00	6.128	0.284	237.71	25.8	39.0	36.0	1.0
9/1/2010	17:46:00	5.39	0.284	238.48	22.8	38.0	28.0	1.0
9/1/2010	17:47:00	5.888	0.276	238.17	24.6	39.0	36.0	0.0
9/1/2010	17:48:00	5.828	0.274	236.84	24.6	38.0	36.0	1.0
9/1/2010	17:49:00	5.802	0.258	236.49	24.4	37.0	36.0	1.0
9/1/2010	17:50:00	5.844	0.266	237.45	24.6	39.0	36.0	0.0
9/1/2010	17:51:00	5.872	0.258	238.1	24.6	38.0	36.0	1.0
9/1/2010	17:52:00	5.88	0.26	238.14	24.6	38.0	36.0	1.0
9/1/2010	17:53:00	5.874	0.252	238.14	24.6	39.0	36.0	0.0
9/1/2010	17:54:00	5.898	0.26	238.58	24.6	38.0	36.0	1.0
9/1/2010	17:55:00	5.884	0.252	238.37	24.6	39.0	37.0	0.0
9/1/2010	17:58:00	5.598	0.254	238.84	23.6	30.0	37.0	0.0
9/1/2010	17:59:00	5.86	0.244	237.84	24.6	38.0	36.0	1.0
9/1/2010	18:00:00	5.148	0.254	238.17	22.0	30.0	36.0	1.0
9/1/2010	18:05:00	5.914	0.24	237.39	25.0	32.0	36.0	1.0
9/1/2010	18:06:00	5.574	0.244	237.8	23.8	36.0	36.0	1.0
9/1/2010	18:15:00	5.186	0.696	237.4	22.0	1.0	38.0	0.0
9/1/2010	18:16:00	5.294	0.726	237.26	22.4	1.0	37.0	1.0
9/1/2010	18:17:00	5.244	0.732	237.5	22.6	12.0	24.0	1.0
9/1/2010	18:18:00	7.13	0.692	235.33	30.4	38.0	28.0	0.0
9/1/2010	18:19:00	7.268	0.698	235.36	31.0	37.0	37.0	1.0
9/1/2010	18:21:00	5.044	0.736	238.31	21.4	2.0	26.0	0.0
9/1/2010	18:22:00	5.604	0.718	237.88	23.6	1.0	38.0	1.0
9/1/2010	18:24:00	5.384	0.724	238.46	22.8	2.0	33.0	1.0
9/1/2010	18:25:00	5.27	0.688	238.31	22.4	1.0	36.0	1.0
9/1/2010	18:26:00	5.652	0.616	237.94	24.0	29.0	18.0	0.0
9/1/2010	18:27:00	8.154	0.596	236.02	34.6	38.0	35.0	12.0
9/1/2010	18:28:00	8.058	0.58	235.63	34.2	38.0	31.0	18.0
9/1/2010	18:29:00	7.412	0.476	236.44	31.4	37.0	21.0	19.0
9/1/2010	18:30:00	7.852	0.458	235.87	33.4	38.0	36.0	18.0
9/1/2010	18:31:00	6.458	0.464	237.53	27.4	37.0	18.0	18.0
9/1/2010	18:32:00	5.454	0.478	237.97	23.0	1.0	35.0	18.0
9/1/2010	19:14:00	6.794	0.292	234.89	29.0	31.0	0.0	17.0
9/1/2010	19:15:00	6.874	0.218	234.93	29.2	37.0	0.0	18.0
9/1/2010	19:16:00	6.93	0.226	235.79	29.4	38.0	0.0	18.0
9/1/2010	19:17:00	6.894	0.22	235.41	29.2	37.0	0.0	17.0
9/1/2010	19:18:00	6.918	0.222	235.47	29.4	38.0	1.0	18.0
9/1/2010	19:19:00	6.922	0.22	235.92	29.2	37.0	0.0	18.0
9/1/2010	19:20:00	6.962	0.226	236.33	29.4	38.0	0.0	17.0
9/1/2010	19:21:00	6.976	0.224	236.94	29.4	38.0	0.0	18.0
9/1/2010	19:22:00	6.97	0.226	236.46	29.4	38.0	0.0	18.0
9/1/2010	19:23:00	7.008	0.224	237.45	29.4	38.0	0.0	18.0
9/1/2010	19:24:00	6.962	0.224	236.4	29.4	38.0	0.0	18.0
9/1/2010	19:25:00	6.388	0.228	236.17	27.2	32.0	0.0	18.0
9/1/2010	19:29:00	5.31	0.238	237.25	22.8	6.0	0.0	18.0
9/1/2010	19:30:00	6.842	0.218	235.69	29.0	38.0	0.0	18.0
9/1/2010	19:31:00	6.268	0.214	236.99	26.6	33.0	1.0	18.0
10/1/2010	11:48:00	5.946	0.51	237.21	25.8	37.0	0.0	18.0
10/1/2010	11:49:00	7.35	0.462	236.13	31.2	37.0	0.0	18.0
10/1/2010	14:31:00	5.154	0.43	242.81	21.8	36.0	1.0	19.0
10/1/2010	14:35:00	5.254	0.566	242.68	22.2	33.0	1.0	19.0
10/1/2010	14:36:00	5.23	0.56	242.04	22.2	33.0	1.0	18.0
10/1/2010	14:37:00	5.224	0.56	241.95	22.0	33.0	1.0	19.0
10/1/2010	14:38:00	5.216	0.566	242.66	22.0	33.0	1.0	19.0
10/1/2010	14:39:00	5.188	0.56	241.98	22.0	33.0	2.0	18.0
10/1/2010	14:40:00	5.204	0.562	242.54	22.0	33.0	1.0	19.0
10/1/2010	14:41:00	5.21	0.562	242.7	22.0	33.0	1.0	19.0
10/1/2010	14:42:00	5.288	0.63	242.28	22.4	33.0	1.0	18.0
10/1/2010	14:43:00	5.296	0.664	242.5	22.4	32.0	1.0	19.0
10/1/2010	15:00:00	5.656	0.42	240.22	23.8	11.0	38.0	18.0
10/1/2010	15:01:00	5.06	0.436	241.14	21.6	11.0	29.0	18.0
10/1/2010	15:02:00	5.582	0.42	240.69	23.4	7.0	38.0	19.0
10/1/2010	15:03:00	5.136	0.432	240.28	21.8	8.0	29.0	18.0
10/1/2010	15:04:00	5.63	0.416	239.99	23.6	7.0	38.0	18.0
10/1/2010	15:05:00	5.812	0.468	240.25	24.4	8.0	38.0	19.0
10/1/2010	15:06:00	6.006	0.55	240.57	25.2	8.0	38.0	18.0
10/1/2010	15:07:00	5.986	0.566	240.12	25.2	9.0	37.0	19.0
10/1/2010	15:08:00	6.0	0.552	240.78	25.2	8.0	38.0	18.0
10/1/2010	15:09:00	6.012	0.568	240.31	25.2	8.0	38.0	18.0
10/1/2010	15:10:00	6.084	0.548	240.66	25.6	9.0	38.0	19.0
10/1/2010	15:11:00	6.138	0.566	240.43	25.8	10.0	38.0	18.0
10/1/2010	15:12:00	6.106	0.544	240.4	25.6	10.0	38.0	19.0
10/1/2010	15:13:00	6.0	0.562	240.3	25.2	9.0	38.0	18.0
10/1/2010	15:14:00	5.724	0.546	240.21	24.2	8.0	37.0	18.0
10/1/2010	15:15:00	5.738	0.56	239.53	24.2	9.0	38.0	19.0
10/1/2010	15:16:00	5.81	0.542	239.78	24.6	8.0	38.0	18.0
10/1/2010	15:17:00	5.81	0.562	240.28	24.4	9.0	38.0	18.0
10/1/2010	15:18:00	5.792	0.548	240.24	24.4	10.0	38.0	19.0
10/1/2010	15:19:00	5.836	0.566	240.51	24.6	10.0	38.0	18.0
10/1/2010	15:20:00	5.494	0.556	240.99	23.0	9.0	32.0	18.0
10/1/2010	15:22:00	5.91	0.55	240.39	24.8	9.0	38.0	18.0
10/1/2010	15:23:00	5.904	0.562	240.42	24.8	8.0	38.0	19.0
10/1/2010	15:24:00	5.782	0.548	240.3	24.4	10.0	38.0	18.0
10/1/2010	15:26:00	5.516	0.494	241.8	23.2	10.0	34.0	18.0
10/1/2010	15:27:00	5.554	0.44	241.66	23.2	9.0	38.0	19.0
10/1/2010	15:29:00	5.056	0.446	242.58	21.4	9.0	30.0	19.0
10/1/2010	15:31:00	5.058	0.512	243.03	21.2	8.0	29.0	19.0
10/1/2010	16:29:00	5.55	0.256	240.24	23.6	0.0	1.0	18.0
10/1/2010	16:30:00	6.018	0.176	240.09	25.0	0.0	2.0	19.0
10/1/2010	16:31:00	6.02	0.206	239.42	25.0	0.0	1.0	18.0
10/1/2010	16:53:00	5.156	0.206	237.84	21.6	38.0	1.0	18.0
10/1/2010	16:54:00	5.078	0.14	237.51	21.4	37.0	1.0	18.0
10/1/2010	16:55:00	5.064	0.078	238.0	21.2	38.0	2.0	18.0
10/1/2010	16:56:00	5.07	0.076	238.77	21.2	38.0	1.0	18.0
10/1/2010	16:57:00	5.13	0.084	239.88	21.4	38.0	1.0	18.0
10/1/2010	16:58:00	5.054	0.074	238.25	21.2	38.0	1.0	18.0
10/1/2010	16:59:00	5.062	0.08	238.14	21.2	37.0	2.0	18.0
10/1/2010	17:00:00	5.042	0.074	237.98	21.2	38.0	1.0	18.0
10/1/2010	17:01:00	5.05	0.078	237.87	21.2	37.0	1.0	18.0
10/1/2010	17:02:00	5.328	0.174	237.53	22.4	37.0	1.0	18.0
10/1/2010	17:03:00	5.322	0.22	237.88	22.4	38.0	2.0	18.0
10/1/2010	18:07:00	5.31	0.166	240.36	22.0	38.0	1.0	18.0
10/1/2010	18:08:00	5.294	0.162	240.51	22.0	38.0	0.0	18.0
10/1/2010	18:09:00	5.356	0.164	240.02	22.2	38.0	0.0	19.0
10/1/2010	18:10:00	5.372	0.158	239.79	22.4	38.0	0.0	18.0
10/1/2010	18:11:00	5.412	0.164	240.46	22.4	38.0	0.0	18.0
10/1/2010	18:12:00	5.322	0.06	240.5	22.0	38.0	0.0	19.0
10/1/2010	18:13:00	5.306	0.066	240.86	22.0	38.0	0.0	18.0
10/1/2010	18:14:00	5.236	0.062	241.34	21.6	39.0	0.0	19.0
10/1/2010	18:15:00	5.224	0.066	240.82	21.6	38.0	1.0	18.0
10/1/2010	18:16:00	5.222	0.066	240.78	21.6	38.0	0.0	19.0
10/1/2010	18:17:00	5.176	0.06	240.06	21.4	38.0	0.0	18.0
10/1/2010	18:18:00	5.178	0.062	239.65	21.6	38.0	0.0	18.0
10/1/2010	18:19:00	5.142	0.056	239.21	21.4	37.0	0.0	18.0
11/1/2010	20:36:00	5.284	0.06	240.78	21.8	38.0	0.0	18.0
11/1/2010	20:37:00	5.336	0.06	241.19	22.0	39.0	0.0	19.0
11/1/2010	20:38:00	5.342	0.06	241.05	22.0	38.0	0.0	18.0
11/1/2010	20:39:00	5.346	0.06	241.5	22.0	39.0	0.0	19.0
11/1/2010	20:40:00	5.342	0.06	241.47	22.0	38.0	0.0	18.0
11/1/2010	20:41:00	5.328	0.06	241.15	22.0	39.0	0.0	19.0
11/1/2010	20:42:00	5.312	0.058	240.87	22.0	38.0	0.0	18.0
11/1/2010	20:43:00	5.328	0.06	241.38	22.0	38.0	0.0	19.0
11/1/2010	20:44:00	5.36	0.064	242.26	22.0	39.0	0.0	18.0
12/1/2010	10:14:00	6.332	0.0	237.21	26.6	0.0	37.0	18.0
12/1/2010	10:15:00	6.46	0.0	237.76	27.0	0.0	37.0	18.0
12/1/2010	10:16:00	5.2	0.0	239.7	22.4	0.0	38.0	18.0
14/1/2010	19:37:00	5.338	0.372	240.2	22.4	50.0	1.0	9.0
14/1/2010	19:38:00	5.848	0.37	240.36	24.4	49.0	1.0	19.0
14/1/2010	19:39:00	5.886	0.386	241.54	24.4	50.0	2.0	19.0
15/1/2010	19:51:00	5.378	0.216	238.46	22.6	0.0	32.0	18.0
15/1/2010	19:52:00	5.54	0.216	238.46	23.2	0.0	38.0	19.0
15/1/2010	19:53:00	5.708	0.218	239.22	23.8	0.0	39.0	18.0
15/1/2010	19:54:00	5.39	0.18	240.56	22.4	0.0	38.0	18.0
15/1/2010	19:55:00	5.31	0.078	240.92	22.0	0.0	39.0	19.0
15/1/2010	19:56:00	5.31	0.076	240.9	22.0	0.0	39.0	18.0
15/1/2010	19:57:00	5.382	0.2	241.24	22.2	0.0	39.0	19.0
15/1/2010	19:58:00	5.346	0.076	241.83	22.0	0.0	39.0	18.0
15/1/2010	19:59:00	5.332	0.076	241.48	22.0	0.0	40.0	19.0
15/1/2010	20:00:00	5.294	0.074	240.61	22.0	0.0	39.0	18.0
15/1/2010	20:01:00	5.298	0.074	240.83	22.0	0.0	38.0	19.0
15/1/2010	20:02:00	5.3	0.074	240.86	22.0	0.0	39.0	18.0
15/1/2010	20:03:00	5.39	0.17	240.7	22.4	0.0	39.0	19.0
15/1/2010	20:04:00	5.496	0.314	241.16	22.8	0.0	39.0	18.0
15/1/2010	20:16:00	5.676	0.494	241.56	23.6	26.0	1.0	19.0
15/1/2010	20:17:00	5.652	0.468	242.38	23.4	29.0	0.0	18.0
15/1/2010	20:18:00	5.628	0.39	241.97	23.4	28.0	1.0	19.0
15/1/2010	20:19:00	5.564	0.36	242.87	23.0	28.0	1.0	19.0
15/1/2010	20:20:00	5.458	0.314	241.92	22.8	28.0	2.0	18.0
15/1/2010	20:21:00	5.428	0.252	242.54	22.6	29.0	1.0	19.0
15/1/2010	20:22:00	5.41	0.282	242.2	22.4	28.0	1.0	19.0
15/1/2010	20:23:00	5.592	0.316	241.78	23.2	28.0	4.0	18.0
15/1/2010	20:24:00	5.692	0.34	241.53	23.8	28.0	6.0	19.0
15/1/2010	20:25:00	5.646	0.332	240.7	23.6	28.0	6.0	18.0
15/1/2010	20:26:00	5.646	0.332	240.65	23.6	28.0	6.0	19.0
15/1/2010	20:27:00	5.536	0.32	240.33	23.2	28.0	5.0	18.0
15/1/2010	20:28:00	5.28	0.26	240.25	22.2	28.0	0.0	19.0
15/1/2010	20:45:00	6.212	0.296	238.69	26.2	8.0	36.0	19.0
15/1/2010	20:46:00	5.664	0.3	239.73	24.2	8.0	29.0	18.0
15/1/2010	20:47:00	6.378	0.36	238.9	27.0	9.0	37.0	18.0
15/1/2010	20:48:00	7.974	0.504	238.0	34.0	6.0	64.0	18.0
15/1/2010	20:49:00	9.098	0.49	236.35	38.6	18.0	73.0	18.0
15/1/2010	20:50:00	8.506	0.452	237.8	36.0	12.0	73.0	18.0
15/1/2010	20:51:00	7.95	0.32	238.4	33.4	10.0	74.0	18.0
15/1/2010	20:52:00	7.77	0.274	236.08	33.0	10.0	73.0	18.0
15/1/2010	20:53:00	7.824	0.332	235.85	33.4	9.0	73.0	17.0
15/1/2010	20:54:00	7.902	0.42	235.95	33.6	9.0	73.0	18.0
15/1/2010	20:55:00	7.86	0.446	235.61	33.6	9.0	74.0	18.0
15/1/2010	20:56:00	7.914	0.466	236.01	33.6	9.0	74.0	17.0
15/1/2010	20:57:00	6.422	0.462	237.35	28.0	10.0	52.0	18.0
15/1/2010	20:58:00	6.456	0.482	237.52	27.8	9.0	46.0	18.0
15/1/2010	20:59:00	7.36	0.458	237.62	31.4	10.0	67.0	18.0
15/1/2010	21:00:00	5.874	0.492	238.72	24.8	10.0	39.0	18.0
15/1/2010	21:01:00	5.716	0.468	238.91	24.2	9.0	38.0	18.0
15/1/2010	21:02:00	5.57	0.394	238.87	23.6	5.0	39.0	19.0
15/1/2010	21:03:00	5.99	0.368	237.99	25.4	14.0	39.0	18.0
15/1/2010	21:04:00	7.382	0.322	236.8	31.6	14.0	59.0	18.0
15/1/2010	21:05:00	6.046	0.24	238.79	25.6	11.0	46.0	18.0
15/1/2010	21:06:00	5.74	0.254	238.42	24.2	10.0	39.0	18.0
15/1/2010	21:07:00	5.712	0.246	238.84	24.2	10.0	38.0	18.0
15/1/2010	21:08:00	5.704	0.26	238.88	24.0	9.0	39.0	18.0
15/1/2010	21:09:00	5.724	0.246	238.96	24.2	10.0	39.0	18.0
15/1/2010	21:10:00	5.34	0.262	238.69	22.8	10.0	34.0	18.0
15/1/2010	21:12:00	5.402	0.254	237.67	22.8	5.0	39.0	18.0
15/1/2010	21:13:00	5.238	0.296	236.84	22.0	0.0	38.0	18.0
15/1/2010	21:16:00	5.564	0.384	237.72	23.4	0.0	38.0	18.0
15/1/2010	21:17:00	5.526	0.372	236.92	23.4	0.0	38.0	18.0
15/1/2010	21:19:00	5.334	0.378	237.66	22.6	1.0	33.0	18.0
15/1/2010	21:20:00	5.44	0.342	237.49	23.0	0.0	38.0	18.0
15/1/2010	21:22:00	5.622	0.25	238.61	23.6	0.0	35.0	18.0
15/1/2010	21:23:00	5.588	0.254	237.95	23.6	0.0	36.0	18.0
15/1/2010	21:24:00	5.438	0.276	237.48	23.0	2.0	19.0	18.0
15/1/2010	21:25:00	6.126	0.258	236.49	26.0	1.0	37.0	18.0
15/1/2010	21:26:00	5.122	0.256	237.68	21.6	2.0	26.0	18.0
15/1/2010	21:27:00	5.218	0.222	238.39	22.0	1.0	29.0	18.0
15/1/2010	21:28:00	5.116	0.204	238.69	21.6	1.0	34.0	18.0
15/1/2010	21:47:00	5.048	0.11	239.56	21.0	38.0	1.0	18.0
16/1/2010	07:43:00	5.412	0.0	239.72	22.8	0.0	0.0	19.0
16/1/2010	12:09:00	6.256	0.326	237.62	26.6	48.0	31.0	18.0
16/1/2010	12:10:00	5.794	0.328	238.18	24.4	49.0	19.0	18.0
16/1/2010	12:11:00	6.608	0.326	238.48	27.8	48.0	36.0	18.0
16/1/2010	12:12:00	5.506	0.328	239.28	23.2	49.0	15.0	19.0
16/1/2010	12:13:00	6.634	0.336	238.3	28.0	48.0	34.0	18.0
16/1/2010	12:17:00	5.126	0.394	239.64	21.8	26.0	33.0	18.0
16/1/2010	12:26:00	5.368	0.85	238.38	23.6	20.0	18.0	19.0
17/1/2010	20:29:00	5.098	0.138	236.41	21.4	37.0	0.0	18.0
17/1/2010	20:30:00	5.12	0.17	236.98	21.6	37.0	1.0	17.0
17/1/2010	21:41:00	5.008	0.238	237.36	21.0	37.0	0.0	18.0
17/1/2010	21:42:00	5.014	0.24	236.9	21.2	37.0	0.0	18.0
17/1/2010	21:43:00	5.09	0.242	237.7	21.4	37.0	0.0	18.0
17/1/2010	21:44:00	5.106	0.242	238.16	21.4	38.0	0.0	18.0
17/1/2010	21:45:00	5.096	0.242	237.91	21.4	37.0	0.0	18.0
17/1/2010	21:46:00	5.092	0.242	237.82	21.4	38.0	0.0	18.0
17/1/2010	21:47:00	5.022	0.242	237.93	21.0	37.0	0.0	18.0
19/1/2010	07:12:00	5.202	0.106	236.47	22.0	0.0	1.0	18.0
19/1/2010	07:13:00	5.122	0.0	235.6	21.6	0.0	1.0	17.0
19/1/2010	19:14:00	6.65	0.384	238.2	28.0	35.0	0.0	28.0
19/1/2010	19:15:00	6.508	0.28	237.57	27.6	43.0	0.0	24.0
19/1/2010	19:16:00	6.564	0.32	237.19	27.8	47.0	0.0	18.0
19/1/2010	19:17:00	6.674	0.31	237.45	28.2	47.0	0.0	18.0
19/1/2010	19:18:00	6.646	0.302	236.96	28.0	48.0	0.0	17.0
19/1/2010	19:19:00	6.604	0.312	236.26	28.0	47.0	0.0	18.0
19/1/2010	19:20:00	6.234	0.31	236.75	26.4	41.0	0.0	18.0
19/1/2010	19:23:00	6.036	0.302	237.73	25.6	38.0	0.0	18.0
19/1/2010	19:24:00	5.97	0.306	238.06	25.2	38.0	0.0	18.0
19/1/2010	19:25:00	5.2	0.386	239.22	22.4	25.0	0.0	18.0
19/1/2010	19:28:00	5.756	0.43	238.3	24.4	29.0	0.0	18.0
19/1/2010	19:29:00	5.412	0.434	238.8	23.2	26.0	0.0	18.0
19/1/2010	19:32:00	5.112	0.394	237.99	22.0	18.0	0.0	18.0
19/1/2010	19:34:00	5.044	0.404	238.86	21.6	20.0	0.0	18.0
19/1/2010	19:37:00	6.37	0.382	235.96	27.2	37.0	0.0	17.0
19/1/2010	19:38:00	6.47	0.382	236.13	27.4	45.0	0.0	18.0
19/1/2010	19:39:00	5.434	0.382	237.39	23.4	26.0	0.0	18.0
19/1/2010	19:40:00	5.356	0.39	237.31	23.0	19.0	0.0	18.0
19/1/2010	19:41:00	5.262	0.382	236.91	22.8	19.0	0.0	18.0
19/1/2010	19:42:00	5.25	0.532	236.47	22.8	20.0	0.0	18.0
19/1/2010	19:43:00	5.032	0.424	236.96	22.2	20.0	0.0	17.0
19/1/2010	21:21:00	5.382	0.086	237.95	22.6	0.0	38.0	18.0
19/1/2010	21:22:00	5.114	0.158	238.54	21.4	0.0	37.0	18.0
19/1/2010	21:23:00	5.17	0.152	237.91	21.6	0.0	38.0	18.0
19/1/2010	21:24:00	5.162	0.154	237.88	21.6	0.0	37.0	18.0
19/1/2010	21:25:00	5.134	0.152	237.26	21.6	0.0	38.0	18.0
19/1/2010	21:26:00	5.152	0.152	237.89	21.6	0.0	37.0	18.0
20/1/2010	06:53:00	5.45	0.476	237.29	23.4	0.0	0.0	27.0
20/1/2010	06:54:00	6.01	0.546	237.23	25.8	0.0	0.0	27.0
20/1/2010	07:15:00	5.12	0.266	238.07	22.0	0.0	0.0	18.0
20/1/2010	21:50:00	5.372	0.184	235.64	22.8	37.0	0.0	18.0
20/1/2010	21:51:00	5.044	0.196	236.01	21.4	38.0	0.0	17.0
20/1/2010	21:57:00	5.068	0.212	235.73	21.4	37.0	0.0	17.0
20/1/2010	21:58:00	5.036	0.214	236.2	21.2	37.0	0.0	18.0
21/1/2010	21:32:00	5.048	0.0	236.28	21.2	38.0	0.0	18.0
21/1/2010	21:33:00	5.042	0.0	235.88	21.4	37.0	0.0	17.0
21/1/2010	21:34:00	5.176	0.0	236.53	21.8	37.0	0.0	18.0
21/1/2010	21:35:00	5.348	0.0	236.2	22.6	37.0	0.0	18.0
22/1/2010	22:44:00	5.208	0.424	239.42	21.8	38.0	0.0	27.0
22/1/2010	22:45:00	5.198	0.414	238.45	21.8	38.0	0.0	27.0
22/1/2010	22:46:00	5.192	0.408	237.86	21.8	37.0	0.0	28.0
22/1/2010	22:47:00	5.206	0.408	237.81	21.8	37.0	0.0	28.0
22/1/2010	22:48:00	5.228	0.41	238.19	22.0	38.0	0.0	28.0
23/1/2010	11:18:00	5.056	0.262	235.47	21.6	47.0	0.0	18.0
23/1/2010	11:19:00	5.028	0.26	234.9	21.4	48.0	0.0	17.0
23/1/2010	11:20:00	5.054	0.262	235.77	21.4	47.0	0.0	18.0
23/1/2010	11:21:00	5.02	0.254	234.56	21.4	47.0	0.0	18.0
23/1/2010	11:22:00	5.116	0.256	235.05	21.8	47.0	0.0	17.0
23/1/2010	18:04:00	6.424	0.066	232.89	27.4	0.0	69.0	1.0
23/1/2010	18:05:00	6.142	0.134	232.44	26.6	0.0	65.0	0.0
23/1/2010	18:06:00	6.894	0.306	231.39	29.8	0.0	67.0	1.0
23/1/2010	18:07:00	6.508	0.22	232.8	28.0	0.0	64.0	1.0
23/1/2010	18:08:00	6.828	0.172	232.29	29.4	0.0	70.0	0.0
23/1/2010	18:09:00	6.92	0.21	232.68	29.6	0.0	71.0	1.0
23/1/2010	18:10:00	6.83	0.15	233.95	29.2	0.0	71.0	0.0
23/1/2010	18:11:00	7.042	0.256	233.86	30.0	0.0	71.0	1.0
23/1/2010	18:12:00	6.994	0.234	233.12	30.0	0.0	71.0	1.0
23/1/2010	18:13:00	7.008	0.252	233.27	30.0	0.0	70.0	0.0
23/1/2010	18:14:00	5.35	0.244	234.47	23.0	0.0	46.0	1.0
23/1/2010	18:15:00	6.078	0.256	233.63	26.4	0.0	52.0	0.0
23/1/2010	18:16:00	5.802	0.256	233.4	25.2	0.0	56.0	1.0
23/1/2010	18:18:00	5.318	0.286	233.28	22.8	0.0	35.0	8.0
23/1/2010	18:19:00	5.894	0.264	234.44	25.0	0.0	36.0	18.0
23/1/2010	18:20:00	5.858	0.242	233.81	25.0	0.0	36.0	18.0
23/1/2010	18:21:00	5.876	0.26	234.25	25.0	0.0	37.0	18.0
23/1/2010	18:22:00	5.812	0.238	233.06	24.8	0.0	36.0	18.0
23/1/2010	18:23:00	5.87	0.298	233.85	25.0	0.0	36.0	17.0
23/1/2010	18:24:00	5.79	0.28	233.07	24.8	0.0	36.0	18.0
23/1/2010	18:25:00	5.786	0.27	233.59	24.8	0.0	35.0	17.0
23/1/2010	18:26:00	5.814	0.268	232.99	25.0	0.0	36.0	17.0
23/1/2010	18:27:00	5.878	0.374	232.73	25.2	0.0	35.0	18.0
23/1/2010	18:28:00	5.96	0.354	233.27	25.6	0.0	36.0	17.0
23/1/2010	18:29:00	6.164	0.378	234.55	26.2	0.0	37.0	17.0
23/1/2010	18:30:00	6.166	0.432	234.18	26.4	0.0	36.0	20.0
23/1/2010	18:31:00	6.452	0.552	233.56	27.6	0.0	36.0	26.0
23/1/2010	18:32:00	6.694	0.566	233.15	28.8	0.0	39.0	27.0
23/1/2010	18:33:00	6.848	0.61	232.66	29.4	0.0	41.0	27.0
23/1/2010	18:34:00	6.238	0.602	233.61	26.8	0.0	35.0	28.0
23/1/2010	18:35:00	5.836	0.626	234.27	25.0	0.0	26.0	27.0
23/1/2010	18:36:00	5.59	0.558	235.3	24.0	0.0	40.0	24.0
23/1/2010	18:38:00	5.392	0.494	235.87	23.0	0.0	34.0	18.0
23/1/2010	18:41:00	5.35	0.506	234.91	22.8	0.0	35.0	17.0
23/1/2010	18:44:00	5.096	0.484	235.32	21.6	0.0	36.0	17.0
23/1/2010	19:48:00	5.03	0.146	235.42	21.2	43.0	2.0	17.0
23/1/2010	21:26:00	5.17	0.074	233.84	22.2	32.0	0.0	18.0
23/1/2010	21:27:00	5.29	0.08	234.76	22.6	37.0	1.0	17.0
23/1/2010	21:28:00	5.112	0.066	234.75	21.8	37.0	0.0	18.0
23/1/2010	21:29:00	5.006	0.07	235.76	21.2	37.0	0.0	17.0
23/1/2010	22:26:00	5.046	0.146	235.9	21.4	2.0	36.0	17.0
23/1/2010	22:42:00	5.45	0.09	235.82	23.4	20.0	36.0	18.0
23/1/2010	22:43:00	6.19	0.074	235.76	26.2	37.0	35.0	17.0
23/1/2010	22:44:00	6.12	0.078	234.19	26.0	37.0	35.0	18.0
23/1/2010	22:45:00	5.152	0.13	237.2	21.6	37.0	19.0	18.0
23/1/2010	22:46:00	6.094	0.212	235.91	25.8	36.0	30.0	18.0
23/1/2010	22:47:00	6.224	0.19	234.38	26.4	37.0	35.0	17.0
23/1/2010	22:48:00	6.186	0.176	233.94	26.4	36.0	35.0	17.0
23/1/2010	22:49:00	5.702	0.1	234.92	24.4	36.0	29.0	18.0
23/1/2010	22:50:00	5.328	0.116	235.42	22.6	37.0	20.0	18.0
23/1/2010	22:51:00	5.922	0.098	234.74	25.2	36.0	32.0	17.0
24/1/2010	11:52:00	6.658	0.356	236.8	28.8	57.0	0.0	18.0
24/1/2010	11:53:00	7.846	0.328	234.18	33.6	83.0	0.0	18.0
24/1/2010	11:54:00	7.92	0.332	235.45	33.6	84.0	0.0	17.0
24/1/2010	11:55:00	7.91	0.33	235.34	33.6	83.0	0.0	18.0
24/1/2010	11:56:00	7.898	0.336	235.39	33.6	83.0	0.0	18.0
24/1/2010	11:57:00	7.732	0.34	235.1	32.8	84.0	0.0	17.0
24/1/2010	11:58:00	7.252	0.334	236.52	30.8	75.0	0.0	18.0
24/1/2010	11:59:00	5.39	0.35	237.83	22.8	42.0	0.0	18.0
24/1/2010	12:00:00	5.562	0.342	237.38	23.8	51.0	0.0	18.0
24/1/2010	12:01:00	6.2	0.308	235.54	26.8	60.0	0.0	18.0
24/1/2010	12:02:00	8.814	0.302	233.54	37.8	78.0	23.0	17.0
24/1/2010	12:03:00	9.122	0.316	232.28	39.4	69.0	37.0	17.0
24/1/2010	12:04:00	8.298	0.334	235.1	35.6	55.0	36.0	18.0
24/1/2010	12:05:00	8.06	0.37	234.54	34.6	48.0	37.0	19.0
24/1/2010	12:06:00	8.828	0.456	232.15	38.4	55.0	37.0	26.0
24/1/2010	12:07:00	8.616	0.418	231.51	37.8	54.0	35.0	26.0
24/1/2010	12:08:00	7.11	0.334	232.87	30.8	27.0	37.0	27.0
24/1/2010	12:09:00	6.684	0.346	234.03	29.0	18.0	37.0	27.0
24/1/2010	12:10:00	6.414	0.36	235.12	27.6	14.0	37.0	28.0
24/1/2010	12:11:00	6.158	0.266	236.39	26.4	17.0	38.0	19.0
24/1/2010	12:12:00	6.246	0.102	236.43	26.8	21.0	37.0	18.0
24/1/2010	12:13:00	6.26	0.056	236.65	26.8	22.0	38.0	18.0
24/1/2010	12:14:00	6.004	0.09	234.76	26.0	18.0	37.0	18.0
24/1/2010	12:15:00	5.884	0.112	235.93	25.2	15.0	38.0	17.0
24/1/2010	12:16:00	5.364	0.102	235.85	23.0	7.0	37.0	18.0
24/1/2010	12:19:00	5.352	0.124	236.1	23.8	15.0	31.0	17.0
24/1/2010	13:40:00	5.6	0.334	239.61	23.6	26.0	38.0	19.0
24/1/2010	13:41:00	6.124	0.326	239.25	25.6	38.0	37.0	18.0
24/1/2010	13:42:00	6.06	0.318	238.01	25.4	38.0	38.0	18.0
24/1/2010	13:43:00	6.062	0.318	238.19	25.4	37.0	37.0	18.0
24/1/2010	13:44:00	6.016	0.314	237.18	25.4	38.0	37.0	18.0
24/1/2010	13:45:00	6.0	0.31	236.9	25.2	37.0	37.0	18.0
24/1/2010	13:46:00	6.056	0.32	238.15	25.4	37.0	38.0	18.0
24/1/2010	13:47:00	6.06	0.314	238.31	25.4	38.0	37.0	18.0
24/1/2010	13:48:00	6.032	0.224	239.01	25.2	37.0	38.0	18.0
24/1/2010	13:49:00	6.008	0.214	238.45	25.2	38.0	37.0	18.0
24/1/2010	13:50:00	5.234	0.23	238.56	22.2	27.0	38.0	18.0
25/1/2010	19:38:00	5.952	0.094	238.16	25.0	0.0	0.0	18.0
25/1/2010	19:39:00	5.94	0.09	238.12	24.8	0.0	0.0	18.0
25/1/2010	19:40:00	5.924	0.096	237.65	24.8	0.0	0.0	18.0
25/1/2010	19:41:00	5.468	0.118	237.77	23.4	0.0	0.0	18.0
25/1/2010	19:43:00	5.556	0.22	237.33	23.4	31.0	0.0	18.0
25/1/2010	19:44:00	5.48	0.218	237.01	23.0	37.0	0.0	18.0
25/1/2010	19:45:00	5.362	0.222	236.36	22.8	36.0	0.0	18.0
25/1/2010	19:46:00	5.506	0.218	237.77	23.0	38.0	0.0	17.0
25/1/2010	19:47:00	5.508	0.216	237.93	23.0	37.0	0.0	18.0
25/1/2010	19:48:00	5.506	0.216	237.99	23.0	38.0	0.0	18.0
25/1/2010	19:49:00	5.586	0.212	237.31	23.4	37.0	0.0	18.0
25/1/2010	19:50:00	5.656	0.214	238.44	23.6	38.0	0.0	18.0
25/1/2010	19:51:00	5.608	0.214	237.9	23.6	38.0	0.0	19.0
25/1/2010	19:52:00	5.578	0.212	237.27	23.4	37.0	0.0	17.0
25/1/2010	19:53:00	5.652	0.284	237.43	23.8	37.0	0.0	18.0
25/1/2010	19:54:00	5.698	0.316	238.67	23.8	38.0	0.0	18.0
25/1/2010	19:59:00	5.594	0.318	238.65	23.4	38.0	0.0	18.0
25/1/2010	20:03:00	5.18	0.49	238.97	22.2	18.0	0.0	28.0
25/1/2010	20:04:00	6.048	0.346	238.08	25.4	38.0	0.0	28.0
25/1/2010	20:05:00	5.714	0.356	239.04	23.8	38.0	0.0	28.0
25/1/2010	20:10:00	5.406	0.148	238.45	23.0	37.0	0.0	18.0
27/1/2010	07:44:00	5.428	0.0	236.84	23.0	37.0	0.0	18.0
27/1/2010	07:45:00	5.414	0.0	237.04	22.8	37.0	0.0	18.0
27/1/2010	17:26:00	6.76	0.102	234.21	28.8	0.0	72.0	18.0
27/1/2010	17:27:00	6.972	0.08	233.76	29.8	0.0	71.0	17.0
27/1/2010	17:28:00	7.014	0.1	234.43	29.8	0.0	72.0	18.0
27/1/2010	17:29:00	7.05	0.086	235.25	29.8	0.0	72.0	17.0
27/1/2010	17:30:00	7.032	0.098	234.39	30.0	0.0	72.0	18.0
27/1/2010	17:31:00	7.078	0.084	235.5	30.0	0.0	73.0	17.0
27/1/2010	17:32:00	7.028	0.098	234.44	29.8	0.0	72.0	18.0
27/1/2010	17:33:00	7.004	0.082	234.06	29.8	0.0	71.0	17.0
27/1/2010	17:34:00	7.054	0.1	234.26	30.0	0.0	72.0	18.0
27/1/2010	17:35:00	7.0	0.08	234.27	29.8	0.0	72.0	17.0
27/1/2010	17:36:00	6.976	0.096	233.78	29.8	0.0	71.0	17.0
27/1/2010	17:37:00	5.27	0.092	235.46	22.6	0.0	46.0	18.0
27/1/2010	19:32:00	5.418	0.528	237.6	23.0	0.0	1.0	18.0
27/1/2010	19:33:00	5.552	0.65	237.62	23.6	0.0	2.0	18.0
27/1/2010	19:34:00	5.498	0.63	236.54	23.4	0.0	2.0	18.0
27/1/2010	19:35:00	5.438	0.624	237.36	23.0	0.0	1.0	18.0
27/1/2010	19:36:00	5.382	0.598	237.46	22.8	0.0	2.0	18.0
27/1/2010	19:37:00	5.398	0.614	238.65	22.8	0.0	2.0	18.0
27/1/2010	20:16:00	5.482	0.346	236.09	23.2	0.0	1.0	18.0
27/1/2010	20:17:00	5.594	0.35	236.47	23.6	0.0	2.0	18.0
27/1/2010	21:15:00	5.508	0.0	233.43	23.6	1.0	1.0	17.0
27/1/2010	21:24:00	5.408	0.048	234.33	23.0	37.0	0.0	18.0
27/1/2010	21:25:00	5.324	0.054	233.32	22.8	36.0	0.0	17.0
27/1/2010	21:26:00	5.266	0.05	232.72	22.6	37.0	0.0	17.0
27/1/2010	21:27:00	5.39	0.052	234.01	23.0	36.0	0.0	18.0
27/1/2010	21:28:00	5.46	0.0	234.13	23.2	37.0	0.0	17.0
27/1/2010	21:29:00	5.168	0.05	234.77	22.0	36.0	1.0	18.0
27/1/2010	21:30:00	5.102	0.046	234.53	21.6	37.0	0.0	17.0
27/1/2010	21:31:00	5.044	0.0	234.57	21.4	36.0	0.0	18.0
27/1/2010	21:32:00	5.05	0.058	234.34	21.4	37.0	0.0	17.0
27/1/2010	21:33:00	5.082	0.052	235.02	21.6	37.0	0.0	18.0
27/1/2010	21:34:00	5.31	0.064	235.49	22.4	37.0	0.0	17.0
27/1/2010	21:35:00	5.268	0.056	235.56	22.4	36.0	1.0	18.0
27/1/2010	21:39:00	5.338	0.06	234.67	22.6	34.0	0.0	18.0
27/1/2010	21:40:00	5.302	0.068	234.95	22.4	37.0	0.0	17.0
27/1/2010	21:44:00	5.946	0.196	233.97	25.4	35.0	0.0	27.0
27/1/2010	21:45:00	5.906	0.184	233.2	25.2	36.0	0.0	26.0
27/1/2010	21:46:00	5.904	0.182	232.47	25.4	36.0	0.0	27.0
27/1/2010	21:47:00	5.914	0.18	234.01	25.2	36.0	0.0	27.0
27/1/2010	21:48:00	5.386	0.056	234.24	23.0	37.0	1.0	18.0
27/1/2010	21:49:00	5.392	0.054	234.91	22.8	36.0	0.0	18.0
27/1/2010	21:50:00	5.388	0.056	234.38	23.0	37.0	0.0	17.0
27/1/2010	21:51:00	5.392	0.056	235.17	22.8	36.0	0.0	18.0
28/1/2010	07:36:00	5.166	0.226	237.06	21.8	37.0	0.0	27.0
29/1/2010	07:27:00	5.146	0.06	237.78	21.6	37.0	0.0	18.0
29/1/2010	07:39:00	5.462	0.274	238.42	22.8	38.0	0.0	28.0
29/1/2010	08:03:00	5.324	0.0	238.82	22.2	1.0	38.0	18.0
29/1/2010	08:04:00	5.334	0.0	238.14	22.4	2.0	37.0	18.0
29/1/2010	08:05:00	5.428	0.0	238.89	22.6	1.0	39.0	18.0
29/1/2010	08:06:00	5.46	0.046	238.36	22.8	1.0	38.0	18.0
29/1/2010	08:07:00	5.328	0.046	238.16	22.2	1.0	37.0	18.0
29/1/2010	08:08:00	5.318	0.046	238.08	22.2	1.0	38.0	18.0
29/1/2010	08:09:00	5.426	0.0	240.58	22.4	2.0	39.0	19.0
29/1/2010	08:46:00	5.524	0.218	237.18	23.4	37.0	0.0	18.0
29/1/2010	08:47:00	5.904	0.322	235.24	25.0	36.0	0.0	18.0
29/1/2010	08:48:00	5.94	0.32	236.28	25.2	37.0	0.0	18.0
29/1/2010	08:49:00	5.928	0.316	236.16	25.0	37.0	0.0	17.0
29/1/2010	08:50:00	5.964	0.314	237.29	25.2	37.0	0.0	18.0
29/1/2010	08:51:00	5.952	0.316	236.85	25.2	37.0	0.0	18.0
29/1/2010	08:52:00	5.9	0.324	239.01	24.6	38.0	0.0	18.0
29/1/2010	08:53:00	5.84	0.32	238.17	24.6	37.0	0.0	18.0
29/1/2010	08:54:00	5.162	0.324	238.65	22.0	28.0	0.0	19.0
30/1/2010	08:53:00	6.656	0.224	232.74	28.8	0.0	59.0	18.0
30/1/2010	08:54:00	7.498	0.22	232.38	32.2	0.0	71.0	17.0
30/1/2010	08:55:00	6.99	0.226	232.47	30.2	0.0	62.0	17.0
30/1/2010	08:56:00	7.482	0.27	229.66	32.6	0.0	70.0	17.0
30/1/2010	08:57:00	7.638	0.418	230.32	33.2	0.0	69.0	17.0
30/1/2010	08:58:00	7.79	0.42	234.12	33.2	0.0	72.0	17.0
30/1/2010	08:59:00	7.796	0.428	235.02	33.2	0.0	73.0	18.0
30/1/2010	09:00:00	7.732	0.408	234.57	33.0	0.0	72.0	17.0
30/1/2010	09:01:00	7.5	0.414	234.59	32.0	0.0	71.0	18.0
30/1/2010	09:02:00	5.464	0.408	235.61	23.2	0.0	37.0	17.0
30/1/2010	09:03:00	6.652	0.394	235.37	28.6	0.0	59.0	18.0
30/1/2010	14:52:00	5.214	0.412	241.25	21.6	0.0	76.0	0.0
30/1/2010	14:53:00	5.244	0.426	241.92	21.6	0.0	77.0	1.0
30/1/2010	14:54:00	5.262	0.416	242.49	21.6	0.0	77.0	1.0
30/1/2010	14:55:00	5.274	0.424	242.3	21.8	0.0	77.0	0.0
30/1/2010	14:56:00	5.274	0.414	242.54	21.8	0.0	77.0	1.0
30/1/2010	14:57:00	5.27	0.426	242.22	21.8	0.0	77.0	1.0
30/1/2010	14:58:00	5.27	0.338	242.9	21.6	0.0	77.0	0.0
30/1/2010	14:59:00	5.12	0.236	241.21	21.2	0.0	77.0	1.0
30/1/2010	15:00:00	5.128	0.224	241.72	21.2	0.0	76.0	1.0
30/1/2010	17:13:00	5.324	0.358	239.24	22.8	52.0	0.0	18.0
30/1/2010	17:14:00	5.328	0.362	239.18	22.8	53.0	0.0	18.0
30/1/2010	17:15:00	5.348	0.348	238.96	22.8	55.0	0.0	18.0
30/1/2010	17:16:00	6.04	0.346	238.09	25.8	62.0	0.0	18.0
30/1/2010	17:17:00	5.75	0.352	238.59	24.6	60.0	0.0	18.0
30/1/2010	17:18:00	5.388	0.362	239.28	23.0	56.0	1.0	18.0
30/1/2010	17:19:00	5.446	0.356	238.99	23.2	53.0	0.0	19.0
30/1/2010	17:20:00	5.514	0.36	239.04	23.6	55.0	0.0	18.0
30/1/2010	17:21:00	5.454	0.354	239.02	23.4	55.0	0.0	18.0
30/1/2010	17:22:00	5.496	0.358	238.92	23.4	54.0	0.0	18.0
30/1/2010	17:23:00	5.466	0.352	238.57	23.4	53.0	0.0	18.0
30/1/2010	17:24:00	5.68	0.346	238.42	24.4	56.0	1.0	18.0
30/1/2010	17:25:00	5.1	0.36	239.23	22.2	51.0	0.0	18.0
30/1/2010	18:06:00	5.536	0.372	235.41	23.4	2.0	36.0	27.0
30/1/2010	18:08:00	5.764	0.45	235.18	24.6	1.0	36.0	27.0
30/1/2010	18:09:00	5.086	0.362	235.24	22.0	1.0	28.0	28.0
30/1/2010	18:11:00	6.476	0.194	232.93	27.8	2.0	68.0	17.0
30/1/2010	18:12:00	6.664	0.182	233.37	28.4	1.0	71.0	18.0
30/1/2010	18:13:00	6.684	0.196	233.66	28.6	1.0	71.0	17.0
30/1/2010	18:14:00	7.128	0.18	233.87	30.4	1.0	72.0	18.0
30/1/2010	18:15:00	6.998	0.194	233.66	29.8	1.0	72.0	17.0
30/1/2010	18:16:00	6.89	0.188	234.64	29.2	1.0	72.0	17.0
30/1/2010	18:17:00	6.834	0.228	233.69	29.2	1.0	71.0	18.0
30/1/2010	18:18:00	6.918	0.21	233.59	29.6	1.0	71.0	17.0
30/1/2010	18:19:00	6.976	0.212	232.13	30.0	0.0	71.0	17.0
30/1/2010	18:20:00	7.044	0.19	233.33	30.2	2.0	71.0	18.0
30/1/2010	18:21:00	6.86	0.202	234.07	29.2	1.0	72.0	17.0
30/1/2010	18:22:00	6.878	0.188	234.55	29.2	1.0	71.0	18.0
30/1/2010	18:23:00	5.576	0.202	234.75	24.0	2.0	53.0	17.0
30/1/2010	18:31:00	5.812	0.204	234.14	25.2	20.0	36.0	18.0
30/1/2010	18:32:00	6.0	0.198	234.54	25.6	36.0	26.0	17.0
30/1/2010	18:33:00	6.9	0.192	234.0	29.8	37.0	24.0	18.0
30/1/2010	18:34:00	8.006	0.18	233.22	34.2	36.0	36.0	17.0
30/1/2010	18:35:00	7.646	0.19	234.22	32.6	36.0	31.0	18.0
30/1/2010	18:36:00	7.148	0.206	234.09	30.6	36.0	19.0	17.0
30/1/2010	18:37:00	6.422	0.218	234.98	27.4	37.0	30.0	18.0
30/1/2010	18:38:00	5.942	0.242	235.19	25.2	37.0	21.0	17.0
30/1/2010	18:39:00	6.418	0.252	236.21	27.2	36.0	30.0	18.0
30/1/2010	18:40:00	6.072	0.32	236.28	25.8	37.0	22.0	18.0
30/1/2010	18:41:00	7.088	0.382	235.09	30.2	37.0	41.0	17.0
30/1/2010	18:42:00	6.814	0.378	235.08	29.0	36.0	38.0	18.0
30/1/2010	18:43:00	5.82	0.362	236.45	24.6	37.0	19.0	18.0
30/1/2010	18:44:00	6.84	0.308	234.56	29.2	37.0	37.0	17.0
30/1/2010	18:45:00	5.97	0.324	236.35	25.2	36.0	23.0	18.0
30/1/2010	20:16:00	5.478	0.612	237.24	24.0	0.0	15.0	18.0
30/1/2010	20:17:00	6.914	0.572	234.74	29.6	0.0	36.0	18.0
30/1/2010	20:18:00	5.154	0.388	237.77	22.4	0.0	29.0	18.0
30/1/2010	20:19:00	5.232	0.318	237.86	22.0	0.0	37.0	18.0
30/1/2010	20:21:00	5.17	0.322	238.41	21.6	0.0	37.0	18.0
2/2/2010	08:29:00	5.124	0.586	240.83	21.4	0.0	1.0	19.0
2/2/2010	19:50:00	5.112	0.448	236.12	21.8	0.0	0.0	18.0
3/2/2010	06:50:00	5.854	0.212	241.07	24.4	0.0	0.0	19.0
3/2/2010	06:52:00	5.19	0.254	240.48	21.8	0.0	0.0	19.0
3/2/2010	06:55:00	6.73	0.214	235.75	28.6	0.0	0.0	18.0
3/2/2010	06:56:00	5.604	0.218	236.93	24.4	0.0	0.0	18.0
3/2/2010	12:36:00	6.122	0.0	239.69	25.4	0.0	75.0	18.0
3/2/2010	12:37:00	6.106	0.0	239.86	25.4	0.0	75.0	19.0
3/2/2010	12:38:00	6.108	0.0	239.49	25.4	0.0	75.0	18.0
3/2/2010	12:39:00	6.072	0.0	238.81	25.4	0.0	74.0	18.0
3/2/2010	12:40:00	6.098	0.0	239.22	25.4	0.0	74.0	18.0
3/2/2010	12:41:00	6.108	0.0	239.73	25.4	0.0	75.0	18.0
3/2/2010	12:42:00	6.124	0.0	239.84	25.4	0.0	75.0	19.0
3/2/2010	12:43:00	6.092	0.0	239.41	25.4	0.0	74.0	18.0
3/2/2010	14:47:00	5.464	0.362	244.99	22.2	0.0	79.0	1.0
3/2/2010	14:48:00	6.444	0.21	243.71	26.4	0.0	77.0	18.0
3/2/2010	14:49:00	6.398	0.206	242.97	26.2	0.0	77.0	19.0
3/2/2010	14:50:00	6.382	0.2	243.13	26.2	0.0	77.0	19.0
3/2/2010	14:51:00	5.218	0.22	244.09	21.8	0.0	60.0	20.0
3/2/2010	14:52:00	5.178	0.21	244.57	21.6	0.0	55.0	19.0
3/2/2010	14:53:00	5.452	0.214	243.53	22.8	0.0	64.0	19.0
3/2/2010	19:23:00	5.1	0.33	236.29	21.6	0.0	38.0	17.0
3/2/2010	19:24:00	5.114	0.216	235.42	21.6	0.0	37.0	18.0
3/2/2010	21:31:00	5.144	0.11	236.22	22.2	2.0	29.0	18.0
3/2/2010	21:32:00	7.312	0.112	235.06	31.0	37.0	37.0	17.0
3/2/2010	21:33:00	7.368	0.126	235.38	31.2	37.0	36.0	18.0
3/2/2010	21:34:00	7.388	0.144	234.22	31.4	37.0	37.0	17.0
3/2/2010	21:35:00	7.348	0.108	233.23	31.4	36.0	36.0	18.0
3/2/2010	21:36:00	7.37	0.114	233.01	31.6	36.0	36.0	17.0
3/2/2010	21:37:00	7.322	0.096	232.5	31.4	36.0	35.0	17.0
3/2/2010	21:38:00	7.272	0.11	231.41	31.4	36.0	36.0	17.0
3/2/2010	21:39:00	7.214	0.094	231.25	31.2	35.0	35.0	17.0
3/2/2010	21:40:00	7.294	0.23	231.04	31.6	36.0	36.0	17.0
3/2/2010	21:41:00	6.958	0.206	230.94	30.0	35.0	35.0	17.0
3/2/2010	21:42:00	6.904	0.256	230.43	30.0	35.0	35.0	19.0
3/2/2010	21:43:00	7.302	0.312	229.47	31.8	35.0	35.0	26.0
3/2/2010	21:44:00	6.706	0.342	230.47	29.4	26.0	35.0	26.0
3/2/2010	21:45:00	5.5	0.346	232.27	23.6	1.0	36.0	27.0
3/2/2010	21:46:00	5.534	0.368	232.85	23.8	1.0	36.0	28.0
3/2/2010	21:47:00	5.542	0.352	233.11	23.8	1.0	36.0	27.0
3/2/2010	21:48:00	5.312	0.316	233.6	22.8	1.0	36.0	24.0
3/2/2010	21:52:00	5.016	0.322	231.77	21.6	1.0	36.0	18.0
3/2/2010	21:53:00	5.042	0.308	232.2	21.6	1.0	35.0	17.0
3/2/2010	21:54:00	5.1	0.32	231.49	22.0	1.0	36.0	17.0
4/2/2010	06:40:00	5.042	0.096	237.8	21.2	0.0	0.0	18.0
4/2/2010	06:41:00	5.136	0.088	238.86	21.4	0.0	0.0	18.0
4/2/2010	19:39:00	5.742	0.336	233.59	24.6	47.0	0.0	17.0
4/2/2010	19:40:00	5.65	0.336	234.31	24.2	46.0	0.0	18.0
4/2/2010	19:41:00	5.648	0.33	234.25	24.2	47.0	0.0	18.0
4/2/2010	19:42:00	5.694	0.326	234.12	24.4	47.0	0.0	17.0
4/2/2010	19:43:00	5.68	0.346	235.64	24.2	47.0	0.0	18.0
4/2/2010	19:44:00	5.852	0.332	232.95	25.4	41.0	0.0	17.0
4/2/2010	19:45:00	6.124	0.35	235.21	26.2	40.0	0.0	18.0
4/2/2010	19:46:00	5.646	0.344	234.34	24.4	36.0	0.0	17.0
4/2/2010	19:48:00	5.132	0.344	235.24	22.4	19.0	0.0	18.0
4/2/2010	19:49:00	5.57	0.342	235.24	24.0	29.0	0.0	17.0
4/2/2010	19:50:00	5.904	0.256	235.05	25.4	35.0	0.0	18.0
4/2/2010	19:51:00	5.254	0.244	235.96	22.8	24.0	0.0	18.0
4/2/2010	19:54:00	5.128	0.25	237.34	22.2	21.0	0.0	18.0
4/2/2010	19:55:00	5.168	0.248	237.45	22.2	20.0	0.0	18.0
4/2/2010	19:56:00	5.632	0.118	236.43	24.2	29.0	0.0	18.0
4/2/2010	19:58:00	5.368	0.116	236.3	23.2	30.0	0.0	17.0
4/2/2010	20:26:00	5.064	0.36	235.84	22.0	29.0	0.0	17.0
4/2/2010	20:27:00	5.228	0.356	234.92	22.4	35.0	0.0	18.0
4/2/2010	20:28:00	5.288	0.36	235.07	22.6	39.0	0.0	17.0
6/2/2010	15:08:00	5.85	0.33	238.21	25.0	29.0	35.0	18.0
6/2/2010	15:09:00	5.012	0.316	238.8	21.2	38.0	18.0	18.0
6/2/2010	15:16:00	5.082	0.552	240.63	21.2	39.0	4.0	28.0
6/2/2010	15:17:00	5.01	0.508	240.84	20.8	38.0	4.0	29.0
6/2/2010	16:28:00	5.028	0.62	240.32	21.2	38.0	1.0	18.0
6/2/2010	16:30:00	5.254	0.648	239.53	22.2	38.0	1.0	18.0
6/2/2010	16:31:00	5.028	0.642	239.9	21.2	38.0	1.0	18.0
6/2/2010	18:45:00	5.992	0.518	233.31	25.8	46.0	1.0	17.0
6/2/2010	18:46:00	6.016	0.58	232.49	26.0	47.0	2.0	17.0
6/2/2010	18:47:00	6.072	0.608	233.5	26.2	46.0	1.0	18.0
6/2/2010	18:48:00	6.014	0.598	232.58	26.0	46.0	1.0	17.0
6/2/2010	18:49:00	6.01	0.606	232.55	26.0	46.0	1.0	17.0
6/2/2010	18:50:00	6.144	0.802	233.18	26.6	47.0	1.0	17.0
6/2/2010	18:51:00	5.692	0.84	234.68	24.8	41.0	1.0	18.0
6/2/2010	18:53:00	6.746	0.776	232.77	29.6	51.0	1.0	17.0
6/2/2010	18:54:00	7.044	0.758	233.13	30.6	61.0	1.0	17.0
6/2/2010	18:55:00	7.3	0.676	233.19	31.6	65.0	1.0	17.0
6/2/2010	18:56:00	7.064	0.798	233.71	30.8	56.0	2.0	25.0
6/2/2010	18:57:00	7.194	0.704	232.79	31.4	54.0	1.0	27.0
6/2/2010	18:58:00	7.274	0.632	233.2	31.6	55.0	1.0	27.0
6/2/2010	18:59:00	7.25	0.624	232.6	31.6	55.0	1.0	27.0
6/2/2010	19:00:00	5.588	0.548	234.95	24.2	38.0	1.0	21.0
6/2/2010	19:07:00	6.02	0.196	232.91	26.2	49.0	1.0	18.0
6/2/2010	19:08:00	5.8	0.18	233.2	25.2	51.0	1.0	17.0
6/2/2010	19:12:00	5.886	0.224	233.31	25.6	49.0	1.0	17.0
6/2/2010	19:13:00	5.98	0.248	233.7	26.0	49.0	1.0	17.0
6/2/2010	19:14:00	6.078	0.248	233.74	26.4	50.0	1.0	18.0
6/2/2010	19:15:00	6.144	0.25	234.58	26.6	51.0	2.0	17.0
6/2/2010	19:16:00	5.962	0.24	233.96	25.8	48.0	1.0	18.0
6/2/2010	19:17:00	5.612	0.332	234.48	24.0	41.0	1.0	17.0
6/2/2010	19:18:00	5.526	0.374	234.2	23.6	37.0	1.0	18.0
6/2/2010	20:27:00	5.39	0.274	235.34	23.0	47.0	0.0	18.0
6/2/2010	21:02:00	5.694	0.244	238.18	24.0	49.0	0.0	18.0
6/2/2010	21:03:00	5.704	0.244	238.53	24.0	48.0	0.0	18.0
6/2/2010	21:04:00	5.598	0.246	239.1	23.6	49.0	0.0	18.0
6/2/2010	21:05:00	5.158	0.254	239.77	21.8	39.0	0.0	19.0
6/2/2010	23:05:00	5.968	0.0	239.8	25.0	1.0	0.0	18.0
6/2/2010	23:06:00	6.94	0.084	238.01	29.6	8.0	0.0	18.0
6/2/2010	23:07:00	7.416	0.064	237.86	31.4	38.0	0.0	18.0
6/2/2010	23:08:00	5.694	0.08	238.81	24.0	38.0	0.0	18.0
6/2/2010	23:09:00	5.962	0.084	238.34	25.0	38.0	0.0	18.0
6/2/2010	23:10:00	5.594	0.082	238.88	23.4	37.0	0.0	18.0
6/2/2010	23:11:00	5.75	0.074	238.53	24.2	38.0	0.0	18.0
6/2/2010	23:12:00	5.128	0.056	240.33	21.2	38.0	0.0	19.0
6/2/2010	23:13:00	5.15	0.054	239.58	21.4	38.0	0.0	18.0
6/2/2010	23:14:00	5.18	0.056	240.26	21.4	39.0	0.0	18.0
6/2/2010	23:15:00	5.168	0.056	239.84	21.4	38.0	0.0	18.0
6/2/2010	23:16:00	5.162	0.058	240.95	21.4	38.0	0.0	19.0
6/2/2010	23:21:00	5.106	0.056	238.1	21.4	38.0	0.0	18.0
6/2/2010	23:26:00	5.096	0.052	238.49	21.2	37.0	0.0	19.0
6/2/2010	23:27:00	5.058	0.05	237.61	21.2	38.0	0.0	17.0
6/2/2010	23:28:00	5.036	0.074	238.02	21.0	37.0	0.0	18.0
7/2/2010	14:54:00	5.136	0.11	245.08	20.8	0.0	79.0	1.0
7/2/2010	14:55:00	5.154	0.094	246.06	20.8	0.0	79.0	1.0
7/2/2010	14:56:00	5.16	0.114	246.09	20.8	0.0	79.0	0.0
7/2/2010	14:57:00	5.17	0.09	246.35	21.0	0.0	80.0	1.0
7/2/2010	14:58:00	5.12	0.104	244.75	20.8	0.0	79.0	1.0
7/2/2010	14:59:00	5.128	0.086	245.33	20.8	0.0	79.0	0.0
7/2/2010	15:00:00	5.108	0.112	244.52	20.8	0.0	79.0	1.0
7/2/2010	15:01:00	5.158	0.09	246.02	20.8	0.0	79.0	1.0
7/2/2010	15:02:00	5.18	0.098	245.7	21.0	0.0	80.0	0.0
7/2/2010	19:01:00	5.488	0.144	232.77	24.2	35.0	32.0	1.0
7/2/2010	19:02:00	5.856	0.332	232.3	26.4	30.0	31.0	1.0
7/2/2010	19:03:00	6.0	0.268	232.44	26.6	26.0	30.0	0.0
8/2/2010	22:43:00	5.048	0.258	238.01	21.2	37.0	0.0	28.0
8/2/2010	22:44:00	5.154	0.262	238.81	21.6	38.0	0.0	28.0
9/2/2010	06:43:00	5.348	0.354	239.46	22.6	0.0	0.0	1.0
9/2/2010	06:46:00	5.282	0.122	238.14	22.4	0.0	0.0	19.0
12/2/2010	11:42:00	5.294	0.182	239.56	22.4	0.0	0.0	19.0
12/2/2010	11:43:00	5.396	0.154	239.75	22.6	0.0	0.0	18.0
13/2/2010	12:23:00	5.798	0.276	237.51	24.4	48.0	37.0	1.0
13/2/2010	12:27:00	6.454	0.25	236.31	27.8	26.0	69.0	0.0
13/2/2010	12:28:00	6.874	0.266	236.23	29.4	30.0	73.0	1.0
13/2/2010	12:29:00	6.414	0.252	236.85	27.4	23.0	73.0	0.0
13/2/2010	12:30:00	5.668	0.31	235.97	24.2	9.0	73.0	1.0
13/2/2010	12:31:00	5.826	0.518	236.62	25.0	9.0	73.0	1.0
13/2/2010	12:32:00	6.856	0.386	236.35	29.2	16.0	73.0	12.0
13/2/2010	12:33:00	7.342	0.418	237.97	31.2	17.0	74.0	19.0
13/2/2010	12:34:00	7.098	0.342	237.18	30.2	15.0	73.0	18.0
13/2/2010	12:35:00	6.958	0.354	237.48	29.6	11.0	74.0	18.0
13/2/2010	12:36:00	7.416	0.326	237.16	31.6	20.0	74.0	18.0
13/2/2010	12:37:00	7.184	0.298	237.4	30.6	14.0	73.0	18.0
13/2/2010	12:38:00	7.054	0.276	237.31	30.0	10.0	74.0	18.0
13/2/2010	12:39:00	8.724	0.524	235.06	37.6	17.0	72.0	18.0
13/2/2010	12:40:00	8.116	0.536	236.19	34.8	8.0	70.0	18.0
13/2/2010	12:41:00	5.912	0.522	238.48	25.0	3.0	37.0	18.0
13/2/2010	12:42:00	6.888	0.458	238.07	29.2	24.0	38.0	18.0
13/2/2010	12:43:00	7.01	0.3	238.0	29.6	46.0	37.0	18.0
13/2/2010	12:44:00	7.11	0.334	239.36	29.8	48.0	37.0	18.0
13/2/2010	12:51:00	5.53	0.424	240.19	23.2	1.0	37.0	18.0
13/2/2010	12:59:00	5.366	0.272	240.42	22.6	0.0	43.0	18.0
13/2/2010	13:01:00	5.12	0.24	241.24	21.4	0.0	43.0	18.0
13/2/2010	14:12:00	5.624	0.394	239.17	23.4	0.0	36.0	19.0
13/2/2010	14:13:00	5.664	0.412	240.2	23.6	0.0	37.0	18.0
13/2/2010	14:14:00	5.688	0.408	240.92	23.6	0.0	37.0	18.0
13/2/2010	14:15:00	5.506	0.504	240.28	23.0	0.0	36.0	19.0
13/2/2010	14:17:00	5.776	0.54	241.16	24.0	0.0	38.0	19.0
13/2/2010	14:18:00	5.734	0.524	240.31	23.8	0.0	38.0	18.0
13/2/2010	14:19:00	5.13	0.488	241.08	21.4	0.0	30.0	19.0
13/2/2010	14:21:00	5.648	0.254	240.75	23.4	0.0	38.0	19.0
13/2/2010	14:22:00	5.25	0.246	242.02	21.8	0.0	34.0	18.0
13/2/2010	14:24:00	5.58	0.096	240.08	23.2	0.0	38.0	18.0
13/2/2010	14:27:00	5.53	0.106	241.33	22.8	0.0	39.0	19.0
13/2/2010	14:29:00	5.274	0.11	241.79	21.8	0.0	33.0	18.0
13/2/2010	14:34:00	5.138	0.112	242.66	21.2	0.0	32.0	18.0
13/2/2010	14:36:00	5.392	0.108	242.02	22.2	0.0	37.0	19.0
14/2/2010	17:36:00	5.37	0.0	234.74	23.0	0.0	0.0	18.0
15/2/2010	07:35:00	5.386	0.206	236.13	23.0	0.0	0.0	18.0
15/2/2010	19:11:00	6.156	0.356	239.14	25.8	47.0	0.0	18.0
15/2/2010	19:12:00	6.17	0.358	239.16	25.8	49.0	0.0	18.0
15/2/2010	19:13:00	6.174	0.354	239.58	25.8	49.0	0.0	18.0
15/2/2010	19:14:00	6.13	0.346	239.25	25.6	49.0	0.0	19.0
15/2/2010	19:15:00	6.092	0.282	239.04	25.6	48.0	0.0	18.0
15/2/2010	19:16:00	5.434	0.262	239.81	22.8	40.0	0.0	18.0
15/2/2010	20:13:00	5.648	0.05	238.15	23.8	47.0	0.0	18.0
15/2/2010	20:14:00	5.686	0.0	237.51	24.0	53.0	0.0	18.0
15/2/2010	20:15:00	5.638	0.0	235.96	24.0	53.0	0.0	17.0
15/2/2010	20:16:00	5.618	0.0	235.06	24.0	52.0	0.0	18.0
15/2/2010	20:17:00	5.618	0.0	235.04	24.0	52.0	0.0	17.0
15/2/2010	20:18:00	5.658	0.0	236.04	24.0	53.0	0.0	18.0
15/2/2010	20:19:00	5.676	0.0	236.46	24.0	53.0	0.0	18.0
15/2/2010	20:20:00	5.622	0.0	235.39	24.0	53.0	0.0	18.0
15/2/2010	20:21:00	5.652	0.0	236.07	24.0	52.0	0.0	17.0
15/2/2010	20:22:00	5.626	0.0	235.35	24.0	53.0	0.0	18.0
15/2/2010	20:23:00	5.654	0.0	236.13	24.0	53.0	0.0	18.0
15/2/2010	20:24:00	5.672	0.0	236.49	24.0	53.0	0.0	18.0
15/2/2010	20:25:00	5.636	0.0	235.77	24.0	52.0	0.0	17.0
15/2/2010	20:26:00	5.64	0.0	235.84	24.0	53.0	0.0	18.0
15/2/2010	20:27:00	5.99	0.052	235.74	25.4	52.0	0.0	18.0
15/2/2010	20:28:00	5.938	0.052	234.74	25.4	53.0	0.0	17.0
15/2/2010	20:29:00	5.92	0.052	234.46	25.2	52.0	0.0	18.0
15/2/2010	20:30:00	5.824	0.05	232.7	25.0	51.0	0.0	17.0
15/2/2010	20:31:00	5.508	0.0	233.05	23.6	51.0	0.0	17.0
15/2/2010	20:32:00	5.25	0.0	233.71	22.6	49.0	0.0	18.0
15/2/2010	20:35:00	5.028	0.158	234.04	21.6	42.0	0.0	17.0
15/2/2010	20:36:00	5.206	0.156	233.98	22.4	42.0	0.0	18.0
15/2/2010	20:37:00	5.188	0.158	234.8	22.4	40.0	0.0	17.0
15/2/2010	20:38:00	5.238	0.156	234.0	22.4	42.0	0.0	18.0
15/2/2010	20:39:00	5.124	0.15	233.64	21.8	42.0	0.0	17.0
15/2/2010	20:42:00	5.094	0.152	234.23	21.6	42.0	0.0	18.0
15/2/2010	20:43:00	5.122	0.152	234.97	21.8	43.0	0.0	17.0
15/2/2010	20:45:00	5.182	0.156	236.25	21.8	43.0	0.0	18.0
15/2/2010	20:46:00	5.204	0.168	236.3	22.0	43.0	0.0	18.0
15/2/2010	20:49:00	5.272	0.258	237.14	22.2	43.0	0.0	17.0
15/2/2010	20:52:00	5.212	0.162	237.3	21.8	44.0	0.0	18.0
15/2/2010	20:55:00	5.248	0.134	238.79	21.8	44.0	0.0	18.0
15/2/2010	20:58:00	5.198	0.132	237.67	21.8	43.0	0.0	18.0
15/2/2010	21:01:00	5.102	0.13	235.29	21.6	43.0	0.0	17.0
15/2/2010	21:02:00	5.036	0.132	236.0	21.4	43.0	0.0	18.0
15/2/2010	21:04:00	5.026	0.0	234.97	21.2	43.0	0.0	18.0
15/2/2010	21:05:00	5.03	0.0	235.17	21.2	43.0	0.0	17.0
15/2/2010	21:08:00	5.05	0.0	235.69	21.4	43.0	0.0	17.0
15/2/2010	21:11:00	5.092	0.0	236.29	21.4	43.0	0.0	17.0
15/2/2010	21:14:00	5.068	0.0	235.68	21.4	42.0	0.0	18.0
15/2/2010	21:17:00	5.118	0.0	236.94	21.6	43.0	0.0	17.0
15/2/2010	21:18:00	5.058	0.0	236.03	21.4	43.0	0.0	18.0
15/2/2010	21:20:00	5.194	0.146	235.98	22.0	43.0	0.0	18.0
15/2/2010	21:21:00	5.196	0.148	236.54	21.8	43.0	0.0	18.0
15/2/2010	21:23:00	5.182	0.148	236.09	21.8	43.0	0.0	18.0
15/2/2010	21:24:00	5.202	0.148	236.66	21.8	43.0	0.0	17.0
15/2/2010	21:26:00	5.24	0.146	237.31	22.0	44.0	0.0	18.0
16/2/2010	19:23:00	6.014	0.074	235.07	26.0	27.0	0.0	1.0
17/2/2010	09:37:00	5.286	0.0	236.42	22.2	37.0	0.0	18.0
17/2/2010	12:05:00	5.49	0.49	240.62	24.0	0.0	43.0	18.0
17/2/2010	12:06:00	7.33	0.472	238.39	30.8	0.0	76.0	18.0
17/2/2010	12:07:00	6.046	0.188	239.05	25.2	0.0	75.0	18.0
17/2/2010	12:08:00	6.022	0.202	238.38	25.2	0.0	76.0	19.0
17/2/2010	12:09:00	6.07	0.186	239.44	25.2	0.0	76.0	18.0
17/2/2010	12:10:00	6.102	0.2	239.88	25.4	0.0	76.0	18.0
17/2/2010	12:11:00	5.978	0.05	239.28	24.8	0.0	76.0	18.0
17/2/2010	12:12:00	6.0	0.07	239.61	25.0	0.0	77.0	18.0
17/2/2010	12:13:00	5.976	0.05	239.36	24.8	0.0	76.0	19.0
17/2/2010	12:14:00	5.976	0.07	239.2	24.8	0.0	76.0	18.0
17/2/2010	12:15:00	5.918	0.048	238.19	24.8	0.0	75.0	18.0
17/2/2010	12:16:00	5.922	0.066	238.04	24.8	0.0	75.0	18.0
17/2/2010	12:17:00	5.994	0.052	239.75	25.0	0.0	76.0	18.0
17/2/2010	14:49:00	5.06	0.092	243.22	20.8	0.0	76.0	1.0
17/2/2010	14:51:00	5.094	0.092	241.91	21.0	0.0	75.0	1.0
17/2/2010	14:52:00	5.096	0.084	242.17	21.0	0.0	76.0	1.0
17/2/2010	14:53:00	5.102	0.092	242.52	21.0	0.0	75.0	0.0
17/2/2010	14:54:00	5.13	0.084	243.26	21.0	0.0	76.0	1.0
17/2/2010	14:55:00	5.092	0.0	243.64	20.8	0.0	77.0	1.0
18/2/2010	06:50:00	5.154	0.084	237.12	21.8	0.0	1.0	18.0
19/2/2010	19:52:00	5.344	0.56	236.28	23.6	31.0	1.0	18.0
19/2/2010	21:37:00	5.544	0.0	235.03	23.6	0.0	0.0	17.0
20/2/2010	19:49:00	5.01	0.096	236.12	21.4	45.0	1.0	17.0
20/2/2010	19:50:00	5.288	0.106	236.79	22.4	47.0	2.0	18.0
20/2/2010	19:51:00	5.246	0.292	235.9	22.4	48.0	1.0	17.0
21/2/2010	11:06:00	5.848	0.278	237.86	25.0	27.0	35.0	18.0
21/2/2010	11:07:00	5.16	0.304	238.41	22.2	27.0	31.0	18.0
21/2/2010	11:08:00	5.522	0.268	237.27	23.8	27.0	34.0	18.0
21/2/2010	11:09:00	5.22	0.282	236.46	22.6	27.0	33.0	18.0
21/2/2010	11:10:00	5.354	0.26	236.8	23.2	27.0	31.0	18.0
21/2/2010	11:11:00	7.618	0.266	235.4	32.8	26.0	70.0	17.0
21/2/2010	11:12:00	7.66	0.246	235.41	32.8	27.0	72.0	18.0
21/2/2010	11:13:00	7.662	0.258	235.09	33.0	26.0	72.0	18.0
21/2/2010	11:14:00	7.662	0.238	235.14	33.0	27.0	72.0	17.0
21/2/2010	11:15:00	7.68	0.256	235.44	33.0	26.0	72.0	18.0
21/2/2010	11:16:00	7.772	0.242	237.17	33.2	27.0	74.0	18.0
21/2/2010	11:17:00	7.952	0.324	236.33	34.2	27.0	72.0	21.0
21/2/2010	11:18:00	8.188	0.308	236.44	35.0	27.0	73.0	27.0
21/2/2010	11:19:00	8.19	0.318	236.56	35.0	26.0	73.0	27.0
21/2/2010	11:20:00	8.38	0.288	235.71	35.8	27.0	72.0	27.0
21/2/2010	11:21:00	8.176	0.258	235.19	35.0	26.0	73.0	25.0
21/2/2010	11:22:00	7.794	0.134	235.85	33.4	27.0	72.0	18.0
21/2/2010	11:23:00	7.832	0.154	236.28	33.4	27.0	73.0	18.0
21/2/2010	11:24:00	7.974	0.256	237.2	34.0	27.0	73.0	18.0
21/2/2010	11:25:00	7.398	0.28	236.1	31.6	26.0	66.0	17.0
21/2/2010	11:26:00	5.81	0.272	237.38	25.0	27.0	37.0	18.0
21/2/2010	11:27:00	5.876	0.298	238.79	25.2	27.0	37.0	18.0
21/2/2010	11:28:00	5.818	0.272	237.52	25.0	27.0	38.0	18.0
21/2/2010	11:29:00	5.79	0.292	237.36	25.0	27.0	37.0	18.0
21/2/2010	11:30:00	5.776	0.272	237.28	24.8	27.0	36.0	18.0
21/2/2010	11:32:00	5.416	0.284	238.9	23.6	28.0	29.0	18.0
21/2/2010	11:33:00	5.832	0.296	238.17	25.0	27.0	37.0	18.0
21/2/2010	11:34:00	5.79	0.274	237.59	24.8	27.0	37.0	18.0
21/2/2010	11:36:00	5.364	0.278	238.2	23.4	27.0	28.0	18.0
21/2/2010	13:51:00	5.258	0.164	235.79	22.6	51.0	0.0	17.0
21/2/2010	13:52:00	5.208	0.158	234.92	22.4	53.0	1.0	18.0
21/2/2010	13:53:00	5.224	0.158	237.49	22.0	54.0	0.0	18.0
21/2/2010	13:54:00	5.138	0.18	236.89	22.0	55.0	0.0	18.0
21/2/2010	14:07:00	5.156	0.17	235.83	22.2	54.0	0.0	18.0
21/2/2010	14:08:00	5.56	0.146	235.35	24.0	56.0	0.0	18.0
21/2/2010	14:09:00	7.43	0.142	234.33	32.0	88.0	0.0	17.0
21/2/2010	14:10:00	7.164	0.056	233.91	30.6	88.0	0.0	18.0
21/2/2010	14:11:00	6.81	0.0	234.99	29.0	88.0	1.0	17.0
21/2/2010	14:12:00	6.212	0.0	236.64	26.4	77.0	0.0	18.0
21/2/2010	14:13:00	6.174	0.0	237.61	26.2	75.0	0.0	18.0
21/2/2010	14:14:00	6.448	0.0	238.4	27.2	80.0	0.0	18.0
21/2/2010	14:15:00	6.564	0.0	238.38	27.6	82.0	0.0	18.0
21/2/2010	14:16:00	6.516	0.0	238.65	27.4	80.0	0.0	18.0
21/2/2010	14:17:00	6.55	0.0	239.19	27.4	82.0	1.0	18.0
21/2/2010	14:18:00	6.514	0.0	238.79	27.2	81.0	0.0	19.0
21/2/2010	14:20:00	6.608	0.0	240.62	27.4	83.0	0.0	18.0
21/2/2010	14:21:00	6.566	0.0	239.52	27.4	81.0	0.0	19.0
21/2/2010	15:10:00	6.282	0.306	237.75	26.4	1.0	73.0	18.0
21/2/2010	15:11:00	5.752	0.286	237.51	24.4	2.0	65.0	18.0
21/2/2010	15:12:00	6.208	0.296	236.05	26.2	1.0	73.0	18.0
21/2/2010	15:13:00	6.224	0.298	236.62	26.2	2.0	72.0	18.0
21/2/2010	15:14:00	6.184	0.336	236.46	26.2	1.0	73.0	18.0
21/2/2010	15:15:00	6.21	0.312	237.09	26.2	1.0	73.0	17.0
21/2/2010	15:16:00	6.208	0.314	236.35	26.2	1.0	73.0	18.0
21/2/2010	15:17:00	6.24	0.288	236.62	26.4	2.0	73.0	18.0
21/2/2010	15:18:00	6.274	0.304	237.21	26.4	2.0	73.0	18.0
21/2/2010	15:19:00	6.282	0.286	237.86	26.4	1.0	73.0	18.0
21/2/2010	15:20:00	6.302	0.304	238.0	26.4	2.0	74.0	18.0
21/2/2010	15:21:00	6.316	0.29	238.49	26.4	1.0	74.0	18.0
21/2/2010	15:22:00	6.322	0.308	238.5	26.4	2.0	74.0	18.0
21/2/2010	15:23:00	6.334	0.292	238.95	26.4	2.0	74.0	18.0
21/2/2010	15:24:00	5.844	0.332	237.94	24.8	1.0	69.0	18.0
21/2/2010	15:26:00	5.95	0.334	238.66	25.2	1.0	69.0	19.0
21/2/2010	15:28:00	5.93	0.356	238.41	25.0	30.0	38.0	18.0
21/2/2010	15:29:00	6.228	0.322	237.89	26.2	38.0	36.0	18.0
21/2/2010	15:30:00	6.222	0.308	236.87	26.2	37.0	37.0	18.0
21/2/2010	15:31:00	6.24	0.286	236.78	26.4	38.0	38.0	18.0
21/2/2010	15:32:00	6.218	0.302	236.18	26.2	37.0	37.0	17.0
21/2/2010	15:33:00	5.442	0.306	236.6	23.0	37.0	25.0	18.0
21/2/2010	15:34:00	5.632	0.352	236.87	23.8	38.0	27.0	18.0
21/2/2010	15:35:00	6.142	0.324	235.67	26.0	37.0	36.0	18.0
21/2/2010	15:36:00	5.95	0.298	236.84	25.2	37.0	34.0	18.0
21/2/2010	15:38:00	6.008	0.076	235.58	25.4	37.0	37.0	18.0
21/2/2010	15:39:00	5.94	0.06	236.56	25.0	38.0	36.0	18.0
21/2/2010	15:41:00	5.954	0.086	235.73	25.2	37.0	35.0	17.0
21/2/2010	15:42:00	6.544	0.228	235.73	27.8	37.0	45.0	18.0
22/2/2010	06:42:00	5.172	0.14	238.04	21.8	0.0	36.0	18.0
22/2/2010	06:44:00	6.084	0.144	236.54	25.8	0.0	36.0	18.0
22/2/2010	06:45:00	5.376	0.154	237.66	23.2	0.0	28.0	18.0
22/2/2010	06:46:00	5.61	0.144	236.66	23.8	0.0	35.0	18.0
22/2/2010	06:47:00	5.79	0.148	237.03	24.6	0.0	36.0	18.0
22/2/2010	07:05:00	5.01	0.308	236.86	21.2	0.0	36.0	27.0
22/2/2010	07:06:00	5.058	0.312	236.54	21.4	0.0	36.0	27.0
22/2/2010	07:14:00	5.004	0.0	236.31	21.2	0.0	36.0	18.0
23/2/2010	18:57:00	5.242	0.618	238.28	22.4	0.0	38.0	1.0
23/2/2010	18:58:00	5.284	0.402	238.62	22.2	0.0	39.0	15.0
23/2/2010	18:59:00	5.42	0.398	238.8	22.6	0.0	38.0	19.0
23/2/2010	19:00:00	5.25	0.4	239.36	22.0	0.0	39.0	18.0
23/2/2010	19:01:00	5.44	0.394	238.39	22.8	0.0	39.0	19.0
23/2/2010	19:02:00	5.382	0.386	237.27	22.6	0.0	38.0	18.0
23/2/2010	19:03:00	5.396	0.386	237.35	22.8	0.0	38.0	18.0
23/2/2010	21:49:00	5.778	0.0	234.59	24.6	0.0	72.0	0.0
23/2/2010	21:50:00	5.282	0.0	236.6	22.6	0.0	59.0	1.0
23/2/2010	21:51:00	5.928	0.0	234.3	25.2	0.0	73.0	1.0
23/2/2010	21:52:00	5.864	0.0	233.32	25.0	0.0	72.0	0.0
23/2/2010	21:53:00	5.684	0.046	232.92	24.4	0.0	72.0	1.0
23/2/2010	21:54:00	6.134	0.0	231.97	26.4	0.0	71.0	7.0
23/2/2010	21:55:00	6.758	0.098	231.57	29.2	0.0	71.0	18.0
23/2/2010	21:56:00	6.628	0.102	232.12	28.4	0.0	72.0	18.0
23/2/2010	21:57:00	6.472	0.098	232.72	27.8	0.0	72.0	17.0
23/2/2010	21:58:00	6.498	0.074	233.24	27.8	0.0	72.0	18.0
23/2/2010	21:59:00	6.524	0.092	233.69	27.8	0.0	73.0	17.0
23/2/2010	22:00:00	6.54	0.076	234.41	27.8	0.0	72.0	18.0
23/2/2010	22:01:00	6.546	0.092	234.48	27.8	0.0	73.0	17.0
23/2/2010	22:02:00	6.502	0.072	233.81	27.8	0.0	73.0	18.0
23/2/2010	22:03:00	6.532	0.092	234.28	27.8	0.0	73.0	17.0
23/2/2010	22:04:00	6.492	0.072	233.7	27.6	0.0	72.0	18.0
23/2/2010	22:05:00	6.508	0.09	233.83	27.8	0.0	73.0	17.0
24/2/2010	08:09:00	5.002	0.0	235.43	21.6	22.0	35.0	17.0
24/2/2010	08:10:00	5.726	0.0	235.14	24.2	37.0	36.0	18.0
24/2/2010	08:11:00	5.678	0.0	234.17	24.2	37.0	35.0	17.0
24/2/2010	08:12:00	5.75	0.082	234.18	24.4	36.0	36.0	18.0
24/2/2010	08:13:00	5.738	0.11	234.06	24.4	37.0	36.0	17.0
24/2/2010	08:14:00	5.72	0.106	233.69	24.4	36.0	36.0	18.0
24/2/2010	08:16:00	6.104	0.252	233.73	26.2	36.0	32.0	27.0
24/2/2010	08:17:00	5.986	0.254	233.81	25.6	36.0	32.0	27.0
24/2/2010	08:18:00	5.396	0.316	234.51	23.0	36.0	18.0	28.0
24/2/2010	08:19:00	6.512	0.364	232.68	28.0	36.0	36.0	27.0
24/2/2010	08:20:00	5.308	0.284	235.5	22.6	37.0	21.0	21.0
24/2/2010	08:21:00	5.88	0.228	233.77	25.2	36.0	30.0	17.0
24/2/2010	08:22:00	5.54	0.232	233.63	23.8	36.0	27.0	17.0
26/2/2010	22:17:00	5.188	0.11	239.84	21.6	38.0	1.0	18.0
26/2/2010	22:18:00	5.138	0.106	238.6	21.4	38.0	2.0	18.0
26/2/2010	22:19:00	5.152	0.108	239.05	21.4	38.0	1.0	19.0
26/2/2010	22:20:00	5.168	0.11	239.41	21.6	37.0	1.0	18.0
26/2/2010	22:21:00	5.146	0.11	238.84	21.4	38.0	1.0	18.0
26/2/2010	22:22:00	5.118	0.108	238.26	21.4	37.0	1.0	18.0
26/2/2010	22:23:00	5.142	0.11	238.86	21.4	38.0	1.0	18.0
26/2/2010	22:24:00	5.132	0.106	238.41	21.4	37.0	1.0	18.0
26/2/2010	22:25:00	5.148	0.106	238.88	21.4	38.0	1.0	18.0
26/2/2010	22:26:00	5.066	0.114	239.81	21.0	38.0	2.0	19.0
7/3/2010	17:01:00	5.048	0.0	238.27	21.0	0.0	74.0	0.0
7/3/2010	17:04:00	5.036	0.0	237.02	21.2	0.0	73.0	1.0
7/3/2010	17:05:00	5.036	0.0	236.93	21.2	0.0	72.0	1.0
7/3/2010	17:06:00	5.004	0.0	236.13	21.2	0.0	72.0	0.0
7/3/2010	17:07:00	5.042	0.0	236.9	21.2	0.0	73.0	1.0
7/3/2010	17:08:00	5.032	0.0	236.57	21.2	0.0	72.0	1.0
7/3/2010	18:13:00	5.518	0.338	235.82	23.4	0.0	70.0	1.0
7/3/2010	18:14:00	5.538	0.334	235.02	23.6	0.0	72.0	0.0
7/3/2010	18:15:00	6.554	0.324	234.2	28.4	0.0	71.0	1.0
7/3/2010	18:16:00	7.14	0.248	233.37	30.8	0.0	58.0	1.0
7/3/2010	18:17:00	6.288	0.224	233.5	27.0	0.0	40.0	0.0
7/3/2010	18:18:00	5.77	0.23	234.71	25.0	0.0	71.0	1.0
7/3/2010	18:19:00	5.182	0.25	235.0	22.0	0.0	72.0	0.0
8/3/2010	07:53:00	5.62	0.16	240.83	23.6	0.0	62.0	19.0
8/3/2010	07:54:00	5.722	0.08	240.41	24.0	0.0	66.0	18.0
8/3/2010	07:55:00	6.262	0.086	240.66	26.0	0.0	76.0	18.0
8/3/2010	07:56:00	6.244	0.086	240.48	25.8	0.0	75.0	19.0
8/3/2010	07:57:00	6.12	0.094	240.26	25.4	0.0	75.0	18.0
8/3/2010	07:58:00	6.016	0.296	239.51	25.0	0.0	75.0	18.0
8/3/2010	07:59:00	6.026	0.238	239.52	25.0	0.0	75.0	19.0
8/3/2010	08:00:00	6.134	0.08	239.96	25.4	0.0	75.0	18.0
8/3/2010	08:01:00	5.978	0.0	240.27	24.8	0.0	75.0	18.0
8/3/2010	08:02:00	5.938	0.0	240.02	24.6	0.0	76.0	19.0
8/3/2010	08:03:00	6.02	0.0	241.05	24.8	0.0	75.0	18.0
8/3/2010	08:04:00	6.072	0.086	240.34	25.2	0.0	76.0	18.0
8/3/2010	08:05:00	6.018	0.116	238.93	25.2	0.0	74.0	19.0
8/3/2010	08:06:00	5.984	0.108	238.89	25.0	0.0	75.0	18.0
8/3/2010	08:07:00	5.058	0.116	239.5	21.6	0.0	60.0	18.0
8/3/2010	08:22:00	5.056	0.088	238.26	21.2	0.0	38.0	18.0
8/3/2010	08:57:00	5.292	0.0	237.92	22.6	1.0	63.0	18.0
8/3/2010	08:59:00	5.888	0.104	237.01	24.8	2.0	73.0	18.0
8/3/2010	09:00:00	5.398	0.118	237.83	23.0	1.0	64.0	18.0
8/3/2010	09:01:00	5.876	0.1	237.2	24.6	1.0	73.0	18.0
8/3/2010	09:02:00	5.398	0.112	237.74	23.0	1.0	65.0	18.0
8/3/2010	09:03:00	5.892	0.102	237.03	24.8	2.0	73.0	18.0
8/3/2010	09:04:00	5.976	0.23	237.22	25.2	1.0	74.0	18.0
8/3/2010	09:05:00	5.952	0.166	238.25	25.0	1.0	75.0	18.0
8/3/2010	09:06:00	5.858	0.132	237.98	24.6	0.0	75.0	18.0
8/3/2010	09:07:00	5.964	0.098	238.28	25.0	2.0	74.0	18.0
8/3/2010	09:08:00	7.08	0.1	237.09	30.2	16.0	75.0	18.0
8/3/2010	09:09:00	5.686	0.088	238.02	24.0	38.0	36.0	18.0
8/3/2010	09:10:00	6.682	0.102	237.87	28.2	38.0	48.0	18.0
8/3/2010	09:11:00	6.146	0.116	238.8	25.8	38.0	45.0	18.0
8/3/2010	09:12:00	5.298	0.166	240.23	22.2	38.0	28.0	18.0
8/3/2010	09:13:00	5.254	0.15	239.99	22.0	38.0	26.0	18.0
8/3/2010	09:14:00	5.922	0.116	238.41	24.8	38.0	38.0	18.0
8/3/2010	09:15:00	5.494	0.104	238.4	23.0	37.0	33.0	18.0
8/3/2010	09:16:00	5.086	0.25	238.24	21.4	38.0	22.0	19.0
8/3/2010	09:17:00	5.946	0.224	236.61	25.0	37.0	38.0	17.0
8/3/2010	09:18:00	5.246	0.278	236.08	22.4	37.0	28.0	18.0
8/3/2010	09:19:00	5.29	0.264	235.84	22.6	37.0	26.0	18.0
8/3/2010	09:20:00	5.906	0.23	234.36	25.2	36.0	37.0	17.0
8/3/2010	09:22:00	5.542	0.232	234.51	23.8	36.0	30.0	17.0
8/3/2010	11:59:00	5.718	0.288	242.07	24.4	63.0	0.0	19.0
8/3/2010	12:00:00	5.65	0.306	242.18	24.2	68.0	1.0	18.0
8/3/2010	12:04:00	5.958	0.304	241.74	25.0	71.0	0.0	19.0
8/3/2010	12:05:00	5.962	0.312	241.25	25.0	71.0	1.0	18.0
8/3/2010	12:06:00	6.038	0.306	242.05	25.4	72.0	0.0	19.0
8/3/2010	12:07:00	5.964	0.312	241.39	25.0	70.0	0.0	19.0
8/3/2010	12:08:00	6.472	0.456	240.36	27.2	70.0	0.0	18.0
8/3/2010	12:09:00	6.098	0.306	240.97	25.6	71.0	0.0	18.0
8/3/2010	12:10:00	5.844	0.296	240.15	24.8	69.0	0.0	19.0
8/3/2010	15:28:00	5.644	0.386	240.83	23.8	0.0	63.0	18.0
8/3/2010	15:29:00	6.262	0.396	240.06	26.0	0.0	77.0	18.0
8/3/2010	15:30:00	6.274	0.38	240.63	26.0	0.0	76.0	19.0
8/3/2010	15:31:00	6.232	0.336	240.04	26.0	0.0	76.0	18.0
8/3/2010	15:32:00	6.138	0.256	240.45	25.4	0.0	77.0	18.0
8/3/2010	15:33:00	6.066	0.214	240.82	25.2	0.0	77.0	19.0
8/3/2010	15:34:00	6.052	0.194	240.77	25.0	0.0	76.0	18.0
8/3/2010	15:35:00	6.102	0.218	241.65	25.2	0.0	77.0	19.0
8/3/2010	15:36:00	6.088	0.2	241.7	25.2	0.0	78.0	18.0
8/3/2010	15:37:00	6.082	0.22	241.11	25.2	0.0	76.0	19.0
8/3/2010	15:38:00	6.186	0.334	241.72	25.6	0.0	78.0	18.0
8/3/2010	15:39:00	5.278	0.362	242.55	22.2	0.0	64.0	19.0
11/3/2010	20:02:00	5.36	0.108	238.88	22.4	49.0	1.0	18.0
11/3/2010	20:03:00	5.33	0.102	237.57	22.4	48.0	1.0	18.0
11/3/2010	20:04:00	5.286	0.102	237.25	22.4	48.0	1.0	18.0
11/3/2010	20:05:00	5.704	0.096	236.97	24.0	48.0	1.0	18.0
11/3/2010	20:06:00	5.512	0.108	235.48	23.4	47.0	1.0	17.0
11/3/2010	20:07:00	5.264	0.118	236.73	22.2	47.0	1.0	18.0
11/3/2010	21:15:00	5.232	0.388	235.61	23.2	36.0	0.0	17.0
11/3/2010	21:16:00	5.164	0.36	236.64	21.8	37.0	0.0	18.0
11/3/2010	21:17:00	5.258	0.348	236.45	22.2	38.0	0.0	18.0
11/3/2010	21:18:00	5.252	0.354	237.25	22.2	38.0	0.0	18.0
11/3/2010	21:19:00	5.238	0.35	237.11	22.0	37.0	0.0	18.0
11/3/2010	21:20:00	5.206	0.346	236.38	22.0	37.0	0.0	17.0
11/3/2010	21:21:00	5.158	0.26	236.62	21.8	38.0	0.0	18.0
11/3/2010	21:22:00	5.144	0.222	237.19	21.6	37.0	0.0	18.0
11/3/2010	21:23:00	5.052	0.176	235.64	21.4	37.0	0.0	18.0
11/3/2010	21:25:00	5.048	0.118	236.64	21.2	37.0	0.0	18.0
11/3/2010	21:26:00	5.138	0.122	237.95	21.6	38.0	0.0	18.0
11/3/2010	21:31:00	5.202	0.128	238.75	21.8	38.0	0.0	18.0
11/3/2010	21:36:00	5.198	0.246	236.56	22.0	37.0	0.0	18.0
11/3/2010	21:37:00	5.196	0.246	236.5	22.0	37.0	0.0	18.0
11/3/2010	21:38:00	5.216	0.246	237.07	22.0	37.0	0.0	18.0
11/3/2010	21:39:00	5.226	0.248	237.44	22.0	38.0	0.0	18.0
11/3/2010	21:40:00	5.154	0.24	235.82	21.8	37.0	0.0	17.0
11/3/2010	21:41:00	5.156	0.194	236.73	21.8	37.0	0.0	18.0
11/3/2010	21:42:00	5.056	0.098	235.96	21.4	36.0	0.0	18.0
12/3/2010	08:31:00	5.26	0.084	237.73	22.0	38.0	0.0	18.0
12/3/2010	19:12:00	6.226	0.37	234.01	27.4	38.0	0.0	17.0
13/3/2010	10:54:00	5.26	0.324	239.69	22.6	58.0	0.0	19.0
13/3/2010	10:55:00	5.64	0.312	238.14	24.0	68.0	0.0	18.0
13/3/2010	10:56:00	5.16	0.318	239.02	21.8	60.0	0.0	18.0
13/3/2010	10:57:00	5.028	0.322	239.69	21.2	56.0	0.0	18.0
13/3/2010	14:16:00	6.21	0.21	241.11	25.6	39.0	40.0	19.0
13/3/2010	14:17:00	6.204	0.21	241.28	25.6	38.0	40.0	18.0
13/3/2010	14:18:00	6.152	0.206	240.36	25.6	39.0	40.0	18.0
13/3/2010	14:19:00	6.114	0.202	239.58	25.4	37.0	39.0	19.0
13/3/2010	14:20:00	6.116	0.202	239.61	25.4	38.0	40.0	18.0
13/3/2010	14:21:00	6.12	0.204	239.83	25.4	38.0	39.0	18.0
13/3/2010	14:22:00	6.122	0.202	239.82	25.4	38.0	40.0	18.0
13/3/2010	14:23:00	6.146	0.206	240.48	25.4	38.0	40.0	19.0
13/3/2010	14:24:00	6.184	0.21	241.39	25.6	39.0	40.0	18.0
13/3/2010	14:25:00	5.076	0.226	242.15	21.4	21.0	40.0	19.0
13/3/2010	17:16:00	5.458	0.134	239.22	22.8	0.0	38.0	1.0
13/3/2010	17:23:00	5.074	0.158	238.87	21.2	0.0	75.0	0.0
13/3/2010	17:24:00	5.11	0.144	239.59	21.2	0.0	74.0	1.0
13/3/2010	17:25:00	5.128	0.164	239.81	21.4	0.0	75.0	1.0
13/3/2010	17:26:00	5.098	0.142	239.43	21.2	0.0	75.0	0.0
13/3/2010	17:27:00	5.082	0.158	238.79	21.2	0.0	74.0	1.0
13/3/2010	17:28:00	5.082	0.14	239.03	21.2	0.0	74.0	0.0
13/3/2010	18:02:00	5.538	0.288	238.29	23.2	0.0	38.0	19.0
13/3/2010	18:03:00	5.444	0.298	238.23	22.8	0.0	38.0	18.0
13/3/2010	18:06:00	5.41	0.288	238.06	22.6	0.0	38.0	18.0
13/3/2010	18:07:00	5.42	0.296	238.25	22.6	0.0	38.0	18.0
13/3/2010	18:09:00	5.044	0.296	237.81	21.2	0.0	30.0	18.0
13/3/2010	18:10:00	5.402	0.278	237.62	22.6	0.0	38.0	18.0
13/3/2010	18:13:00	5.538	0.308	238.98	23.2	0.0	37.0	18.0
13/3/2010	18:15:00	5.784	0.452	239.48	24.2	0.0	36.0	28.0
13/3/2010	18:17:00	5.318	0.394	239.15	22.4	0.0	30.0	26.0
14/3/2010	21:37:00	5.318	0.086	237.06	23.0	1.0	0.0	17.0
14/3/2010	21:38:00	6.154	0.082	237.11	25.8	1.0	0.0	18.0
15/3/2010	19:16:00	5.444	0.514	236.39	23.4	34.0	0.0	1.0
15/3/2010	19:17:00	5.578	0.494	236.59	23.6	38.0	0.0	1.0
15/3/2010	19:18:00	5.56	0.456	236.33	23.6	37.0	0.0	0.0
15/3/2010	19:19:00	5.426	0.396	235.35	23.0	37.0	0.0	1.0
17/3/2010	12:31:00	5.092	0.36	237.67	21.6	0.0	37.0	18.0
17/3/2010	12:34:00	5.166	0.348	238.5	21.8	0.0	36.0	18.0
17/3/2010	12:35:00	5.08	0.374	238.55	21.4	0.0	36.0	18.0
17/3/2010	13:00:00	5.18	0.842	239.77	22.0	0.0	30.0	18.0
17/3/2010	13:01:00	5.504	0.804	239.62	23.2	0.0	39.0	19.0
18/3/2010	20:20:00	5.28	0.124	236.23	22.4	37.0	0.0	18.0
21/3/2010	20:52:00	5.336	0.326	234.32	22.8	0.0	36.0	18.0
21/3/2010	20:53:00	5.502	0.35	235.44	23.4	0.0	36.0	18.0
21/3/2010	20:54:00	5.362	0.332	236.02	22.6	0.0	37.0	18.0
21/3/2010	21:04:00	5.174	0.242	236.18	21.8	0.0	37.0	27.0
21/3/2010	21:05:00	5.198	0.26	235.7	22.0	0.0	37.0	27.0
21/3/2010	21:13:00	5.004	0.256	237.45	21.0	0.0	37.0	18.0
23/3/2010	15:09:00	5.308	0.254	238.99	22.2	64.0	2.0	18.0
23/3/2010	15:10:00	5.286	0.252	238.87	22.0	63.0	1.0	19.0
23/3/2010	15:11:00	5.258	0.25	238.61	22.0	63.0	1.0	18.0
23/3/2010	15:12:00	5.246	0.248	238.29	22.0	63.0	1.0	18.0
23/3/2010	15:13:00	5.204	0.26	237.1	22.0	62.0	2.0	18.0
24/3/2010	11:24:00	5.88	0.11	237.71	24.6	0.0	73.0	18.0
24/3/2010	11:25:00	5.358	0.122	238.22	22.8	0.0	69.0	18.0
24/3/2010	11:26:00	5.746	0.104	237.86	24.2	0.0	72.0	18.0
24/3/2010	11:27:00	5.864	0.206	237.33	24.6	0.0	75.0	18.0
24/3/2010	11:28:00	5.874	0.232	237.31	24.6	0.0	74.0	18.0
24/3/2010	11:29:00	5.888	0.252	237.52	24.8	0.0	74.0	18.0
24/3/2010	11:30:00	5.862	0.232	237.3	24.6	0.0	75.0	17.0
27/3/2010	18:32:00	5.382	0.406	235.34	23.2	0.0	47.0	18.0
27/3/2010	18:33:00	6.17	0.33	234.15	26.6	0.0	63.0	17.0
27/3/2010	18:34:00	6.618	0.27	234.15	28.2	0.0	71.0	18.0
27/3/2010	18:35:00	6.6	0.252	234.02	28.2	0.0	71.0	17.0
27/3/2010	18:36:00	6.678	0.27	234.21	28.4	0.0	72.0	17.0
27/3/2010	18:37:00	6.636	0.176	233.99	28.2	0.0	71.0	18.0
27/3/2010	18:38:00	6.558	0.094	233.23	28.0	0.0	71.0	17.0
27/3/2010	18:39:00	6.564	0.074	232.95	28.0	0.0	71.0	17.0
27/3/2010	18:40:00	6.554	0.09	232.59	28.0	0.0	71.0	18.0
27/3/2010	18:41:00	6.576	0.07	231.89	28.2	0.0	70.0	17.0
27/3/2010	18:42:00	6.73	0.176	231.96	29.0	0.0	70.0	22.0
27/3/2010	18:43:00	6.886	0.216	232.28	29.6	0.0	71.0	26.0
27/3/2010	18:44:00	6.896	0.23	231.87	29.6	0.0	70.0	27.0
27/3/2010	18:45:00	6.264	0.22	232.08	27.2	0.0	61.0	27.0
28/3/2010	10:50:00	5.894	0.398	238.53	24.8	0.0	69.0	18.0
28/3/2010	10:51:00	5.908	0.416	238.38	24.8	0.0	74.0	18.0
28/3/2010	10:52:00	5.67	0.398	238.17	24.0	0.0	66.0	18.0
28/3/2010	10:53:00	6.012	0.424	238.82	25.2	0.0	75.0	18.0
28/3/2010	10:54:00	5.99	0.398	238.75	25.0	0.0	75.0	19.0
28/3/2010	10:55:00	6.108	0.236	238.68	25.6	0.0	74.0	18.0
28/3/2010	10:56:00	6.152	0.21	238.48	25.8	0.0	75.0	18.0
28/3/2010	20:01:00	5.328	0.378	233.05	23.2	0.0	28.0	18.0
28/3/2010	20:59:00	5.188	0.362	236.49	22.0	38.0	29.0	1.0
28/3/2010	21:01:00	5.14	0.36	236.05	21.8	37.0	29.0	1.0
28/3/2010	22:17:00	5.068	0.304	237.17	21.4	37.0	1.0	18.0
28/3/2010	22:18:00	5.28	0.3	237.06	22.2	37.0	2.0	18.0
28/3/2010	22:19:00	5.348	0.296	237.04	22.6	38.0	1.0	18.0
28/3/2010	22:20:00	5.314	0.304	237.78	22.2	37.0	1.0	18.0
31/3/2010	12:54:00	5.696	0.0	234.91	24.2	0.0	72.0	18.0
31/3/2010	12:55:00	5.226	0.0	235.7	22.4	0.0	64.0	18.0
31/3/2010	12:56:00	5.758	0.0	235.84	24.4	0.0	73.0	17.0
31/3/2010	12:57:00	5.764	0.0	235.96	24.4	0.0	73.0	18.0
31/3/2010	12:58:00	5.838	0.056	236.12	24.6	0.0	72.0	18.0
31/3/2010	12:59:00	5.848	0.112	235.55	24.8	0.0	73.0	17.0
31/3/2010	13:00:00	5.68	0.108	234.72	24.2	0.0	72.0	18.0
1/4/2010	20:41:00	5.066	0.0	233.25	21.6	37.0	0.0	24.0
1/4/2010	20:42:00	5.008	0.0	232.95	21.4	36.0	0.0	27.0
1/4/2010	20:43:00	5.024	0.0	233.64	21.4	36.0	0.0	27.0
1/4/2010	20:44:00	5.032	0.0	233.59	21.4	36.0	0.0	28.0
5/4/2010	10:40:00	5.494	0.0	236.99	23.6	32.0	38.0	18.0
5/4/2010	10:41:00	5.324	0.0	236.46	22.6	31.0	38.0	17.0
5/4/2010	10:42:00	6.242	0.0	236.27	27.2	43.0	38.0	18.0
5/4/2010	10:43:00	7.15	0.0	235.9	30.4	60.0	38.0	18.0
5/4/2010	10:44:00	7.034	0.0	236.77	29.8	58.0	38.0	18.0
5/4/2010	10:45:00	6.932	0.0	236.9	29.4	56.0	38.0	18.0
5/4/2010	10:46:00	6.77	0.0	236.1	28.8	54.0	37.0	17.0
5/4/2010	10:47:00	5.838	0.066	237.34	24.6	38.0	38.0	18.0
5/4/2010	10:48:00	5.804	0.064	236.91	24.4	37.0	38.0	18.0
5/4/2010	10:49:00	5.796	0.064	236.92	24.4	38.0	38.0	18.0
5/4/2010	10:50:00	5.822	0.064	237.5	24.4	37.0	38.0	18.0
5/4/2010	10:51:00	5.818	0.064	237.52	24.4	38.0	38.0	18.0
5/4/2010	10:52:00	5.908	0.054	237.15	24.8	37.0	38.0	18.0
5/4/2010	10:53:00	5.556	0.064	237.35	23.6	37.0	35.0	17.0
6/4/2010	20:28:00	5.162	0.166	236.77	21.8	34.0	0.0	21.0
6/4/2010	20:29:00	5.552	0.258	236.11	23.4	37.0	0.0	27.0
6/4/2010	20:30:00	5.604	0.266	237.06	23.6	37.0	0.0	27.0
6/4/2010	20:31:00	5.578	0.258	235.87	23.6	37.0	0.0	28.0
6/4/2010	20:32:00	5.358	0.198	235.61	22.8	37.0	0.0	25.0
8/4/2010	20:00:00	5.982	0.348	236.67	25.8	37.0	0.0	18.0
8/4/2010	20:01:00	6.57	0.456	235.32	28.2	43.0	0.0	18.0
8/4/2010	20:02:00	6.446	0.448	234.8	27.6	43.0	0.0	17.0
10/4/2010	18:44:00	5.532	0.612	238.11	23.4	38.0	1.0	18.0
10/4/2010	18:45:00	5.076	0.426	238.34	21.6	37.0	2.0	18.0
11/4/2010	18:41:00	5.124	0.616	235.37	22.8	35.0	1.0	18.0
11/4/2010	20:34:00	6.234	0.174	235.02	26.6	53.0	0.0	18.0
11/4/2010	20:35:00	6.69	0.182	235.14	28.6	54.0	0.0	18.0
11/4/2010	20:36:00	6.014	0.178	235.09	25.6	53.0	0.0	17.0
11/4/2010	20:37:00	6.094	0.162	234.85	26.0	53.0	0.0	18.0
11/4/2010	20:38:00	6.08	0.16	234.85	26.0	53.0	0.0	17.0
11/4/2010	20:39:00	6.046	0.158	234.19	25.8	53.0	0.0	18.0
11/4/2010	20:40:00	6.112	0.166	235.36	26.0	54.0	0.0	17.0
11/4/2010	20:41:00	6.06	0.156	234.22	26.0	53.0	0.0	18.0
11/4/2010	20:42:00	6.042	0.158	234.46	25.8	53.0	0.0	17.0
11/4/2010	20:43:00	6.064	0.158	234.84	25.8	53.0	0.0	18.0
11/4/2010	20:44:00	6.094	0.158	235.41	26.0	54.0	0.0	17.0
11/4/2010	20:45:00	6.036	0.05	235.82	25.6	53.0	0.0	18.0
11/4/2010	20:46:00	6.02	0.064	236.06	25.6	54.0	0.0	18.0
11/4/2010	20:47:00	5.976	0.054	235.38	25.4	53.0	0.0	17.0
11/4/2010	20:48:00	6.008	0.06	234.52	25.6	53.0	0.0	18.0
11/4/2010	20:49:00	8.32	0.092	231.66	36.2	77.0	0.0	17.0
11/4/2010	20:50:00	7.946	0.0	231.85	34.4	86.0	0.0	17.0
11/4/2010	20:51:00	7.636	0.0	231.96	33.0	87.0	0.0	17.0
11/4/2010	20:52:00	7.674	0.0	232.66	33.0	86.0	0.0	17.0
11/4/2010	20:53:00	7.7	0.0	233.15	33.0	87.0	0.0	18.0
11/4/2010	20:54:00	7.672	0.0	233.65	32.8	87.0	0.0	17.0
11/4/2010	20:55:00	7.082	0.0	233.86	30.4	76.0	0.0	17.0
11/4/2010	20:56:00	6.856	0.0	233.46	29.4	73.0	0.0	18.0
11/4/2010	20:57:00	7.044	0.0	232.51	30.4	77.0	0.0	17.0
11/4/2010	20:58:00	7.13	0.0	232.3	30.8	77.0	0.0	17.0
11/4/2010	20:59:00	7.222	0.078	232.47	31.2	78.0	0.0	17.0
11/4/2010	21:00:00	7.182	0.11	232.43	30.8	77.0	0.0	17.0
11/4/2010	21:01:00	7.144	0.108	231.96	30.8	77.0	0.0	18.0
11/4/2010	21:02:00	6.206	0.118	233.36	27.6	65.0	0.0	17.0
11/4/2010	21:04:00	5.286	0.204	235.09	22.4	44.0	0.0	17.0
11/4/2010	21:05:00	5.266	0.222	234.6	22.4	43.0	0.0	18.0
11/4/2010	21:07:00	5.258	0.222	234.45	22.4	43.0	0.0	18.0
11/4/2010	21:08:00	5.262	0.224	234.8	22.4	44.0	0.0	17.0
11/4/2010	21:11:00	5.238	0.106	236.31	22.0	44.0	0.0	18.0
11/4/2010	21:12:00	5.202	0.102	235.55	22.0	44.0	0.0	17.0
11/4/2010	21:14:00	5.184	0.1	235.12	22.0	43.0	0.0	18.0
11/4/2010	21:15:00	5.18	0.098	235.0	22.0	44.0	0.0	17.0
11/4/2010	21:18:00	5.138	0.096	234.18	21.8	43.0	0.0	17.0
11/4/2010	21:21:00	5.06	0.0	233.81	21.6	43.0	0.0	17.0
11/4/2010	21:22:00	5.082	0.0	234.44	21.6	43.0	0.0	18.0
11/4/2010	21:24:00	5.222	0.092	235.61	22.0	44.0	0.0	17.0
11/4/2010	21:25:00	5.248	0.13	235.83	22.2	44.0	0.0	18.0
11/4/2010	21:27:00	5.032	0.134	236.17	21.4	38.0	0.0	18.0
11/4/2010	21:28:00	5.264	0.132	236.39	22.2	44.0	0.0	17.0
11/4/2010	21:31:00	5.278	0.134	236.96	22.2	45.0	0.0	18.0
11/4/2010	21:34:00	5.212	0.128	235.29	22.0	44.0	0.0	18.0
14/4/2010	13:21:00	5.34	0.184	238.17	22.4	0.0	74.0	6.0
14/4/2010	13:24:00	5.072	0.24	239.33	21.6	0.0	66.0	12.0
14/4/2010	14:34:00	5.028	0.07	240.98	20.8	0.0	75.0	1.0
14/4/2010	14:36:00	5.094	0.07	240.46	21.0	0.0	74.0	0.0
14/4/2010	14:38:00	5.184	0.166	240.72	21.4	0.0	75.0	1.0
14/4/2010	14:39:00	5.194	0.162	241.55	21.4	0.0	75.0	0.0
15/4/2010	21:10:00	5.44	0.264	236.66	23.0	37.0	1.0	17.0
15/4/2010	21:12:00	5.016	0.252	237.09	21.8	1.0	1.0	18.0
15/4/2010	21:13:00	5.544	0.224	235.55	23.4	1.0	1.0	18.0
15/4/2010	21:14:00	5.034	0.222	235.63	21.4	22.0	1.0	18.0
16/4/2010	09:07:00	5.01	0.0	235.52	21.2	37.0	1.0	17.0
16/4/2010	09:08:00	5.11	0.0	234.74	21.6	36.0	1.0	18.0
16/4/2010	09:09:00	5.106	0.0	234.74	21.6	37.0	1.0	17.0
17/4/2010	10:09:00	5.876	0.07	239.25	24.4	0.0	74.0	18.0
17/4/2010	10:10:00	5.334	0.082	238.75	22.6	0.0	65.0	18.0
17/4/2010	10:11:00	5.826	0.066	238.14	24.4	0.0	73.0	18.0
17/4/2010	10:12:00	5.918	0.08	238.46	24.8	0.0	74.0	18.0
17/4/2010	10:13:00	5.906	0.06	238.43	24.6	0.0	73.0	18.0
17/4/2010	10:14:00	5.92	0.076	238.49	24.8	0.0	73.0	19.0
19/4/2010	17:36:00	5.816	0.176	235.81	24.6	0.0	74.0	18.0
19/4/2010	17:37:00	5.334	0.186	236.52	22.8	0.0	65.0	18.0
19/4/2010	17:38:00	5.84	0.18	236.53	24.6	0.0	73.0	18.0
19/4/2010	17:39:00	5.816	0.188	235.96	24.6	0.0	73.0	17.0
19/4/2010	17:40:00	5.722	0.176	235.96	24.2	0.0	73.0	18.0
19/4/2010	17:42:00	5.34	0.098	236.9	22.8	0.0	64.0	18.0
19/4/2010	19:23:00	5.194	0.456	237.0	22.2	48.0	27.0	0.0
19/4/2010	19:24:00	5.192	0.414	237.42	22.0	48.0	25.0	1.0
19/4/2010	19:25:00	5.538	0.426	238.02	23.8	44.0	37.0	1.0
1/5/2010	12:14:00	5.038	0.194	234.38	21.6	0.0	36.0	17.0
1/5/2010	12:15:00	5.014	0.16	234.02	21.4	0.0	38.0	18.0
2/5/2010	12:24:00	5.068	0.368	235.29	22.2	0.0	54.0	17.0
2/5/2010	12:25:00	6.122	0.368	234.24	26.0	0.0	72.0	18.0
2/5/2010	12:26:00	6.178	0.368	235.31	26.2	0.0	73.0	17.0
2/5/2010	12:27:00	5.994	0.37	234.82	25.4	0.0	73.0	18.0
2/5/2010	12:28:00	5.966	0.408	234.9	25.4	0.0	72.0	17.0
2/5/2010	12:29:00	6.014	0.394	235.34	25.6	0.0	74.0	18.0
2/5/2010	12:30:00	6.016	0.378	235.44	25.6	0.0	73.0	18.0
2/5/2010	12:31:00	5.914	0.382	235.18	25.2	0.0	73.0	17.0
2/5/2010	12:32:00	5.894	0.374	234.96	25.0	0.0	73.0	18.0
2/5/2010	12:33:00	5.928	0.386	235.64	25.2	0.0	74.0	17.0
2/5/2010	12:43:00	5.542	0.76	236.39	23.6	0.0	38.0	17.0
2/5/2010	12:44:00	5.022	0.768	238.15	21.4	0.0	31.0	18.0
2/5/2010	12:46:00	5.482	0.74	237.15	23.2	0.0	38.0	18.0
2/5/2010	13:26:00	6.288	0.334	234.76	26.8	0.0	72.0	17.0
2/5/2010	13:27:00	5.834	0.314	235.09	25.2	0.0	64.0	18.0
2/5/2010	13:28:00	5.876	0.312	235.0	25.0	0.0	73.0	17.0
2/5/2010	13:29:00	5.862	0.296	234.96	24.8	0.0	73.0	18.0
2/5/2010	13:30:00	5.866	0.314	234.94	25.0	0.0	73.0	18.0
2/5/2010	13:31:00	5.89	0.294	235.4	25.0	0.0	73.0	17.0
2/5/2010	13:32:00	5.836	0.304	233.91	24.8	0.0	73.0	18.0
2/5/2010	13:33:00	5.846	0.288	234.37	24.8	0.0	72.0	17.0
2/5/2010	13:34:00	5.904	0.29	234.42	25.2	0.0	73.0	17.0
2/5/2010	13:35:00	5.886	0.266	233.84	25.2	0.0	73.0	18.0
2/5/2010	13:36:00	5.896	0.284	233.9	25.2	0.0	73.0	17.0
2/5/2010	13:37:00	5.878	0.266	233.76	25.0	0.0	72.0	18.0
2/5/2010	13:38:00	5.04	0.296	234.9	21.8	0.0	60.0	17.0
2/5/2010	13:40:00	5.116	0.178	236.77	22.0	0.0	60.0	18.0
2/5/2010	19:09:00	6.702	0.048	232.67	29.2	13.0	71.0	18.0
2/5/2010	19:10:00	7.33	0.0	232.51	31.6	27.0	72.0	17.0
2/5/2010	19:11:00	7.044	0.048	232.93	30.4	26.0	72.0	13.0
2/5/2010	19:12:00	6.334	0.0	234.24	27.2	25.0	72.0	1.0
2/5/2010	19:13:00	6.398	0.054	234.28	27.4	27.0	73.0	0.0
2/5/2010	19:14:00	6.392	0.0	233.99	27.4	26.0	72.0	1.0
2/5/2010	19:15:00	6.468	0.164	233.36	27.8	26.0	72.0	0.0
2/5/2010	19:16:00	6.422	0.17	232.55	27.6	26.0	72.0	1.0
2/5/2010	19:17:00	6.412	0.184	232.29	27.6	26.0	72.0	1.0
2/5/2010	19:18:00	6.266	0.166	232.63	27.0	24.0	71.0	0.0
2/5/2010	19:19:00	5.618	0.192	233.93	24.8	26.0	61.0	1.0
2/5/2010	20:54:00	5.526	0.464	236.03	23.4	2.0	35.0	28.0
2/5/2010	20:55:00	5.124	0.396	236.84	21.8	1.0	32.0	29.0
2/5/2010	20:56:00	5.15	0.208	236.76	21.8	1.0	33.0	23.0
5/5/2010	09:28:00	5.204	0.112	232.52	22.4	36.0	0.0	18.0
5/5/2010	09:29:00	5.178	0.11	232.1	22.2	36.0	0.0	17.0
5/5/2010	19:47:00	5.07	0.19	232.17	22.2	31.0	0.0	0.0
5/5/2010	21:11:00	5.028	0.0	230.41	21.8	35.0	0.0	17.0
5/5/2010	21:12:00	5.032	0.0	230.64	21.8	35.0	0.0	17.0
8/5/2010	10:06:00	5.016	0.33	238.53	21.6	52.0	0.0	18.0
8/5/2010	10:53:00	6.492	0.316	236.02	27.8	79.0	1.0	17.0
8/5/2010	10:54:00	6.44	0.33	235.53	27.4	80.0	2.0	18.0
8/5/2010	10:57:00	5.344	0.226	237.41	23.0	63.0	0.0	18.0
8/5/2010	10:58:00	5.322	0.226	237.19	22.8	62.0	0.0	18.0
8/5/2010	21:10:00	5.244	0.0	232.7	22.8	0.0	59.0	17.0
8/5/2010	21:11:00	5.778	0.0	232.59	24.8	0.0	70.0	17.0
8/5/2010	21:12:00	5.398	0.076	233.43	23.4	0.0	62.0	18.0
8/5/2010	21:13:00	5.896	0.118	232.72	25.2	0.0	70.0	17.0
8/5/2010	21:14:00	5.9	0.126	233.0	25.2	0.0	70.0	17.0
8/5/2010	21:15:00	5.898	0.12	232.97	25.2	0.0	70.0	17.0
8/5/2010	21:16:00	5.924	0.122	233.57	25.2	0.0	71.0	18.0
8/5/2010	21:17:00	5.852	0.12	234.04	25.0	0.0	71.0	17.0
9/5/2010	20:51:00	5.328	0.2	234.23	23.0	25.0	35.0	17.0
9/5/2010	20:52:00	5.46	0.2	235.31	23.2	37.0	28.0	18.0
9/5/2010	20:53:00	5.13	0.202	234.74	22.0	36.0	20.0	17.0
9/5/2010	20:54:00	6.012	0.292	234.59	25.6	37.0	37.0	18.0
9/5/2010	20:56:00	5.736	0.292	234.53	24.6	37.0	31.0	17.0
9/5/2010	20:57:00	6.066	0.284	233.51	26.0	36.0	36.0	17.0
9/5/2010	20:58:00	5.224	0.296	234.51	22.2	36.0	17.0	18.0
9/5/2010	20:59:00	5.978	0.284	233.12	25.6	36.0	33.0	17.0
9/5/2010	21:00:00	5.52	0.282	232.79	23.8	36.0	28.0	17.0
9/5/2010	21:01:00	5.524	0.29	233.41	23.8	36.0	22.0	18.0
9/5/2010	21:02:00	5.976	0.28	233.25	25.6	36.0	35.0	17.0
9/5/2010	21:09:00	5.4	0.29	233.46	23.2	36.0	24.0	17.0
9/5/2010	21:10:00	5.668	0.278	233.06	24.4	35.0	26.0	18.0
9/5/2010	21:11:00	5.728	0.284	232.94	24.6	36.0	26.0	17.0
9/5/2010	21:12:00	5.868	0.276	233.29	25.2	36.0	24.0	17.0
9/5/2010	21:13:00	5.824	0.296	233.35	25.0	36.0	26.0	17.0
9/5/2010	21:14:00	5.942	0.286	233.88	25.4	36.0	25.0	18.0
12/5/2010	07:37:00	5.15	0.142	233.64	22.0	36.0	0.0	17.0
12/5/2010	07:38:00	5.138	0.142	233.69	22.0	37.0	0.0	17.0
12/5/2010	14:23:00	5.398	0.218	239.98	23.4	0.0	52.0	29.0
12/5/2010	14:24:00	5.88	0.0	237.72	24.6	0.0	74.0	21.0
12/5/2010	14:25:00	5.68	0.0	236.76	24.0	0.0	73.0	18.0
12/5/2010	14:26:00	5.704	0.0	236.87	24.0	0.0	73.0	18.0
12/5/2010	14:27:00	5.714	0.0	237.33	24.0	0.0	73.0	17.0
12/5/2010	14:28:00	5.748	0.0	237.86	24.0	0.0	74.0	18.0
12/5/2010	17:08:00	5.89	0.298	237.0	24.8	0.0	73.0	18.0
12/5/2010	17:09:00	5.548	0.322	238.61	23.4	0.0	69.0	18.0
12/5/2010	17:10:00	5.778	0.288	237.46	24.4	0.0	70.0	18.0
12/5/2010	17:11:00	5.818	0.216	237.08	24.4	0.0	74.0	17.0
12/5/2010	17:12:00	5.834	0.202	237.83	24.4	0.0	74.0	18.0
15/5/2010	20:26:00	5.044	0.344	236.67	21.8	30.0	0.0	18.0
15/5/2010	21:12:00	5.772	0.34	231.04	25.2	44.0	0.0	17.0
15/5/2010	21:13:00	5.656	0.338	230.12	24.8	43.0	0.0	17.0
15/5/2010	21:14:00	5.62	0.338	229.73	24.6	43.0	0.0	17.0
15/5/2010	21:15:00	5.634	0.336	230.27	24.6	43.0	0.0	17.0
15/5/2010	21:16:00	5.634	0.326	230.67	24.6	42.0	0.0	17.0
15/5/2010	21:17:00	5.212	0.286	231.05	22.6	36.0	0.0	17.0
15/5/2010	21:18:00	5.194	0.284	230.55	22.4	35.0	0.0	17.0
15/5/2010	21:26:00	6.714	0.138	230.92	29.0	72.0	0.0	17.0
15/5/2010	21:27:00	6.368	0.184	232.78	27.6	70.0	0.0	17.0
15/5/2010	21:28:00	5.06	0.396	234.5	21.6	44.0	0.0	18.0
15/5/2010	21:29:00	5.1	0.458	234.17	21.8	44.0	0.0	17.0
15/5/2010	21:30:00	5.834	0.44	233.18	25.4	56.0	2.0	17.0
15/5/2010	23:30:00	5.412	0.358	237.38	22.8	38.0	0.0	18.0
15/5/2010	23:31:00	5.41	0.314	236.96	22.8	37.0	2.0	18.0
15/5/2010	23:32:00	5.428	0.318	236.91	22.8	37.0	1.0	17.0
15/5/2010	23:33:00	5.532	0.316	236.73	23.4	37.0	2.0	18.0
15/5/2010	23:34:00	5.724	0.326	236.85	24.2	37.0	1.0	18.0
15/5/2010	23:35:00	5.538	0.328	237.74	23.2	38.0	1.0	18.0
15/5/2010	23:36:00	5.448	0.332	238.31	22.8	37.0	2.0	18.0
15/5/2010	23:44:00	5.518	0.342	237.33	23.2	38.0	1.0	18.0
15/5/2010	23:45:00	5.228	0.342	237.66	22.2	34.0	1.0	18.0
15/5/2010	23:49:00	5.536	0.352	238.67	23.2	38.0	2.0	18.0
15/5/2010	23:50:00	5.516	0.34	238.44	23.0	37.0	1.0	18.0
15/5/2010	23:51:00	5.454	0.236	238.79	22.8	38.0	0.0	19.0
15/5/2010	23:52:00	5.468	0.238	238.82	22.8	37.0	0.0	18.0
15/5/2010	23:53:00	5.452	0.236	238.79	22.8	38.0	0.0	18.0
15/5/2010	23:54:00	5.478	0.234	239.22	22.8	38.0	0.0	18.0
16/5/2010	14:04:00	6.312	0.0	233.68	27.0	1.0	70.0	17.0
16/5/2010	14:05:00	6.316	0.0	234.62	26.8	1.0	71.0	18.0
16/5/2010	14:06:00	6.352	0.0	234.39	27.0	1.0	71.0	17.0
16/5/2010	14:07:00	6.982	0.062	234.21	30.0	10.0	71.0	18.0
16/5/2010	14:08:00	8.406	0.048	233.35	36.0	36.0	71.0	17.0
16/5/2010	14:09:00	8.404	0.046	233.51	36.0	37.0	71.0	17.0
16/5/2010	14:10:00	8.418	0.052	233.82	36.0	36.0	71.0	18.0
16/5/2010	14:11:00	8.344	0.0	233.59	35.6	36.0	71.0	17.0
16/5/2010	14:12:00	8.272	0.0	233.89	35.4	36.0	71.0	17.0
16/5/2010	14:13:00	6.318	0.0	235.71	26.8	37.0	37.0	18.0
16/5/2010	14:14:00	6.314	0.0	235.54	26.8	37.0	37.0	18.0
16/5/2010	14:15:00	6.302	0.0	235.89	26.6	37.0	36.0	17.0
16/5/2010	14:16:00	6.3	0.0	235.98	26.6	36.0	36.0	18.0
16/5/2010	14:17:00	6.286	0.0	236.12	26.6	37.0	36.0	18.0
16/5/2010	14:18:00	5.444	0.0	237.49	23.2	23.0	37.0	18.0
16/5/2010	19:12:00	5.83	0.382	237.18	25.0	32.0	37.0	18.0
16/5/2010	19:13:00	5.016	0.326	238.0	21.6	32.0	24.0	18.0
16/5/2010	19:14:00	5.122	0.332	237.12	22.2	32.0	25.0	17.0
16/5/2010	19:15:00	5.81	0.308	236.49	25.2	37.0	35.0	18.0
16/5/2010	19:17:00	5.578	0.276	236.69	24.0	31.0	33.0	18.0
16/5/2010	19:19:00	5.17	0.16	238.08	22.4	31.0	28.0	18.0
16/5/2010	19:20:00	5.046	0.146	238.21	21.8	31.0	26.0	18.0
16/5/2010	19:21:00	5.01	0.132	237.88	21.4	32.0	23.0	18.0
16/5/2010	19:22:00	5.128	0.146	238.43	22.2	32.0	28.0	18.0
16/5/2010	20:43:00	5.276	0.17	238.45	22.0	38.0	1.0	18.0
16/5/2010	20:44:00	5.242	0.164	237.88	22.0	37.0	1.0	18.0
16/5/2010	22:02:00	5.038	0.108	234.67	21.4	37.0	0.0	20.0
16/5/2010	22:03:00	5.36	0.202	234.71	22.8	36.0	0.0	27.0
16/5/2010	22:04:00	5.338	0.212	235.72	22.6	37.0	0.0	28.0
16/5/2010	22:05:00	5.36	0.216	235.84	22.6	36.0	0.0	28.0
16/5/2010	22:06:00	5.37	0.216	236.04	22.6	37.0	0.0	28.0
16/5/2010	22:07:00	5.442	0.218	236.48	23.0	36.0	0.0	29.0
19/5/2010	20:06:00	5.322	0.052	237.75	22.6	48.0	0.0	18.0
19/5/2010	20:08:00	5.126	0.078	237.46	21.8	48.0	0.0	18.0
22/5/2010	11:36:00	5.746	0.228	234.57	24.6	0.0	32.0	17.0
22/5/2010	11:37:00	5.846	0.22	234.79	25.0	0.0	30.0	18.0
22/5/2010	11:38:00	5.532	0.248	235.27	24.2	0.0	34.0	17.0
22/5/2010	11:42:00	6.04	0.236	234.33	25.8	0.0	35.0	17.0
22/5/2010	11:43:00	5.762	0.216	233.65	24.8	0.0	34.0	18.0
22/5/2010	11:57:00	5.212	0.448	234.04	22.8	0.0	36.0	17.0
22/5/2010	12:06:00	5.438	0.394	234.72	23.6	31.0	31.0	18.0
22/5/2010	12:07:00	5.598	0.374	234.69	24.0	31.0	36.0	17.0
22/5/2010	12:08:00	5.156	0.394	234.75	22.6	37.0	17.0	18.0
22/5/2010	12:09:00	6.566	0.36	233.07	28.4	30.0	34.0	17.0
22/5/2010	12:10:00	5.338	0.412	234.97	23.2	32.0	31.0	17.0
22/5/2010	12:12:00	5.522	0.404	234.19	24.2	31.0	35.0	17.0
22/5/2010	12:14:00	5.592	0.404	234.32	24.4	30.0	36.0	17.0
22/5/2010	12:15:00	6.474	0.372	232.99	28.4	31.0	17.0	18.0
22/5/2010	12:16:00	7.75	0.38	232.11	33.6	31.0	33.0	17.0
22/5/2010	12:17:00	5.404	0.44	235.13	24.4	25.0	21.0	17.0
22/5/2010	20:09:00	5.284	0.224	236.74	22.6	0.0	0.0	18.0
22/5/2010	20:10:00	7.362	0.128	235.22	31.6	0.0	0.0	17.0
22/5/2010	20:11:00	7.806	0.15	234.99	33.4	0.0	0.0	18.0
22/5/2010	20:12:00	5.51	0.0	237.03	23.8	0.0	0.0	18.0
24/5/2010	21:31:00	5.124	0.19	238.7	21.4	37.0	0.0	18.0
26/5/2010	19:12:00	5.384	0.198	232.73	23.4	0.0	61.0	0.0
26/5/2010	19:14:00	6.218	0.166	231.33	26.8	0.0	70.0	0.0
26/5/2010	19:15:00	6.462	0.246	231.48	28.0	0.0	71.0	6.0
26/5/2010	19:16:00	6.508	0.212	230.71	28.2	0.0	69.0	11.0
26/5/2010	19:17:00	6.252	0.198	231.69	27.0	0.0	70.0	11.0
26/5/2010	19:18:00	6.53	0.222	231.37	28.2	0.0	70.0	12.0
26/5/2010	19:19:00	5.358	0.312	232.17	23.0	0.0	70.0	12.0
29/5/2010	10:30:00	5.614	0.622	234.57	24.4	31.0	2.0	17.0
29/5/2010	12:34:00	5.008	0.462	236.56	21.8	32.0	1.0	17.0
30/5/2010	17:33:00	5.018	0.106	234.43	21.4	0.0	60.0	18.0
30/5/2010	17:35:00	5.122	0.098	233.65	22.0	0.0	62.0	17.0
30/5/2010	20:17:00	5.658	0.652	235.17	24.4	0.0	35.0	18.0
30/5/2010	20:18:00	5.084	0.67	236.37	21.8	0.0	25.0	17.0
3/6/2010	08:28:00	5.038	0.0	235.04	21.4	37.0	0.0	18.0
5/6/2010	23:17:00	5.326	0.176	235.97	22.4	79.0	0.0	1.0
5/6/2010	23:18:00	5.262	0.18	236.77	22.2	80.0	0.0	0.0
5/6/2010	23:20:00	5.216	0.182	237.1	22.0	80.0	0.0	0.0
5/6/2010	23:21:00	5.208	0.182	236.95	22.0	80.0	0.0	1.0
5/6/2010	23:23:00	5.246	0.186	237.92	22.0	80.0	0.0	0.0
5/6/2010	23:24:00	5.242	0.186	238.04	22.0	80.0	0.0	1.0
5/6/2010	23:26:00	5.216	0.182	237.4	21.8	79.0	0.0	0.0
11/6/2010	13:08:00	5.07	0.194	238.0	21.6	29.0	0.0	1.0
11/6/2010	13:09:00	5.15	0.178	238.21	21.8	32.0	0.0	0.0
13/6/2010	10:15:00	5.438	0.194	233.8	23.6	68.0	0.0	18.0
13/6/2010	10:16:00	5.41	0.194	234.12	23.4	67.0	0.0	17.0
13/6/2010	10:17:00	6.244	0.328	234.46	27.0	66.0	0.0	18.0
13/6/2010	10:18:00	5.83	0.264	235.41	25.0	68.0	0.0	17.0
13/6/2010	11:35:00	5.306	0.45	236.72	23.0	53.0	0.0	17.0
19/6/2010	21:40:00	6.22	0.214	235.46	26.4	37.0	37.0	18.0
19/6/2010	21:41:00	6.12	0.196	235.56	26.0	36.0	36.0	19.0
19/6/2010	21:42:00	6.116	0.214	235.57	25.8	37.0	37.0	18.0
19/6/2010	21:43:00	6.086	0.194	235.5	25.8	37.0	36.0	18.0
19/6/2010	21:44:00	6.058	0.208	234.84	25.8	36.0	36.0	17.0
19/6/2010	21:45:00	5.748	0.194	235.16	24.6	33.0	37.0	18.0
20/6/2010	18:44:00	5.84	0.132	236.82	24.6	0.0	73.0	18.0
20/6/2010	18:45:00	5.264	0.058	236.97	22.4	0.0	64.0	18.0
20/6/2010	18:46:00	5.664	0.0	237.01	23.8	0.0	73.0	18.0
20/6/2010	18:47:00	5.662	0.0	237.2	23.8	0.0	73.0	17.0
20/6/2010	18:48:00	5.654	0.0	236.83	23.8	0.0	73.0	18.0
20/6/2010	18:49:00	5.67	0.048	237.0	23.8	0.0	73.0	18.0
20/6/2010	18:50:00	5.702	0.0	237.38	24.0	0.0	73.0	18.0
20/6/2010	18:51:00	5.698	0.048	237.56	23.8	0.0	73.0	18.0
20/6/2010	18:52:00	5.694	0.0	237.27	24.0	0.0	74.0	18.0
20/6/2010	19:54:00	5.442	0.648	233.93	23.4	0.0	36.0	17.0
20/6/2010	19:55:00	5.406	0.54	235.04	23.0	0.0	36.0	18.0
20/6/2010	19:56:00	5.362	0.488	235.3	22.8	0.0	36.0	17.0
20/6/2010	19:59:00	5.278	0.468	236.08	22.4	0.0	36.0	18.0
21/6/2010	15:25:00	5.154	0.0	238.42	21.8	1.0	64.0	18.0
21/6/2010	15:26:00	5.608	0.0	237.16	23.6	0.0	72.0	18.0
21/6/2010	15:27:00	5.616	0.0	237.41	23.6	0.0	72.0	18.0
21/6/2010	15:28:00	5.458	0.0	236.83	23.0	0.0	71.0	17.0
21/6/2010	15:30:00	5.582	0.0	236.95	23.6	0.0	70.0	18.0
21/6/2010	18:46:00	5.162	0.0	237.4	22.0	27.0	36.0	18.0
21/6/2010	18:47:00	5.598	0.0	236.31	23.6	37.0	35.0	18.0
21/6/2010	18:50:00	5.566	0.204	236.44	24.0	33.0	33.0	17.0
21/6/2010	18:51:00	7.22	0.176	235.02	31.2	59.0	35.0	18.0
21/6/2010	18:52:00	6.878	0.202	235.05	30.0	67.0	25.0	18.0
21/6/2010	18:53:00	6.864	0.148	235.97	29.2	68.0	22.0	17.0
21/6/2010	18:54:00	7.508	0.186	234.71	32.2	67.0	35.0	18.0
21/6/2010	18:55:00	6.776	0.266	235.58	29.2	68.0	23.0	17.0
21/6/2010	18:56:00	7.068	0.298	234.98	30.2	67.0	25.0	18.0
21/6/2010	18:57:00	7.022	0.46	235.72	30.4	67.0	24.0	18.0
21/6/2010	18:58:00	6.596	0.462	236.33	28.4	60.0	24.0	17.0
21/6/2010	19:00:00	5.212	0.478	238.8	22.0	32.0	26.0	18.0
21/6/2010	19:01:00	5.074	0.48	238.06	22.0	42.0	17.0	18.0
21/6/2010	19:28:00	5.242	0.286	235.74	22.4	41.0	0.0	18.0
23/6/2010	20:56:00	5.096	0.476	236.92	21.8	53.0	1.0	18.0
23/6/2010	20:57:00	5.266	0.482	236.5	22.4	53.0	1.0	18.0
23/6/2010	20:58:00	5.154	0.476	236.63	22.2	53.0	2.0	18.0
23/6/2010	21:02:00	5.452	0.45	236.17	23.4	52.0	1.0	18.0
23/6/2010	21:03:00	5.06	0.442	236.38	21.6	53.0	2.0	18.0
23/6/2010	21:31:00	5.056	0.594	235.65	21.6	42.0	2.0	28.0
23/6/2010	21:32:00	5.064	0.592	235.43	21.6	43.0	1.0	28.0
23/6/2010	21:34:00	5.072	0.586	234.68	21.6	43.0	1.0	29.0
23/6/2010	21:35:00	5.066	0.584	234.63	21.6	42.0	1.0	29.0
29/6/2010	22:13:00	5.104	0.51	235.05	21.8	37.0	2.0	17.0
29/6/2010	22:14:00	5.01	0.508	234.74	21.4	36.0	1.0	18.0
29/6/2010	22:21:00	5.032	0.398	237.12	21.2	36.0	1.0	18.0
1/7/2010	00:03:00	5.404	0.472	234.75	23.4	31.0	0.0	30.0
1/7/2010	00:04:00	5.31	0.48	235.19	23.0	29.0	0.0	30.0
8/7/2010	20:45:00	5.126	0.404	235.21	21.8	37.0	2.0	29.0
13/7/2010	14:39:00	5.016	0.284	235.57	21.2	0.0	73.0	1.0
14/7/2010	22:36:00	5.016	0.358	236.25	21.8	21.0	0.0	29.0
14/7/2010	22:37:00	5.902	0.448	235.45	25.0	37.0	0.0	29.0
14/7/2010	22:38:00	5.892	0.45	235.47	25.0	37.0	2.0	30.0
14/7/2010	22:39:00	5.834	0.436	235.45	24.8	37.0	1.0	29.0
14/7/2010	22:40:00	5.044	0.268	236.18	21.4	37.0	1.0	18.0
